longitude,latitude,wind_direction
-79.0625,-4.1875,0.0
-79.0625,-4.0625,0.0
-79.0625,-3.9375,0.0
-79.0625,-3.8125,0.0
-79.0625,-3.6875,0.0
-79.0625,-3.5625,0.0
-79.0625,-3.4375,0.0
-79.0625,-3.3125,0.0
-79.0625,-3.1875,0.0
-79.0625,-3.0625,0.0
-79.0625,-2.9375,0.0
-79.0625,-2.8125,0.0
-79.0625,-2.6875,0.0
-79.0625,-2.5625,0.0
-79.0625,-2.4375,0.0
-79.0625,-2.3125,0.0
-79.0625,-2.1875,0.0
-79.0625,-2.0625,0.0
-79.0625,-1.9375,0.0
-79.0625,-1.8125,0.0
-79.0625,-1.6875,0.0
-79.0625,-1.5625,0.0
-79.0625,-1.4375,0.0
-79.0625,-1.3125,0.0
-79.0625,-1.1875,0.0
-79.0625,-1.0625,0.0
-79.0625,-0.9375,0.0
-79.0625,-0.8125,0.0
-79.0625,-0.6875,0.0
-79.0625,-0.5625,0.0
-79.0625,-0.4375,0.0
-79.0625,-0.3125,0.0
-79.0625,-0.1875,0.0
-79.0625,-0.0625,0.0
-79.0625,0.0625,0.0
-79.0625,0.1875,0.0
-79.0625,0.3125,0.0
-79.0625,0.4375,0.0
-79.0625,0.5625,0.0
-79.0625,0.6875,0.0
-79.0625,0.8125,0.0
-79.0625,0.9375,0.0
-79.0625,1.0625,0.0
-79.0625,1.1875,0.0
-79.0625,1.3125,0.0
-79.0625,1.4375,0.0
-79.0625,1.5625,0.0
-79.0625,1.6875,0.0
-79.0625,1.8125,0.0
-79.0625,1.9375,0.0
-79.0625,2.0625,0.0
-79.0625,2.1875,0.0
-79.0625,2.3125,0.0
-79.0625,2.4375,0.0
-79.0625,2.5625,0.0
-79.0625,2.6875,0.0
-79.0625,2.8125,0.0
-79.0625,2.9375,0.0
-79.0625,3.0625,0.0
-79.0625,3.1875,0.0
-79.0625,3.3125,0.0
-79.0625,3.4375,0.0
-79.0625,3.5625,0.0
-79.0625,3.6875,0.0
-79.0625,3.8125,0.0
-79.0625,3.9375,0.0
-79.0625,4.0625,0.0
-79.0625,4.1875,0.0
-79.0625,4.3125,0.0
-79.0625,4.4375,0.0
-79.0625,4.5625,0.0
-79.0625,4.6875,0.0
-79.0625,4.8125,0.0
-79.0625,4.9375,0.0
-79.0625,5.0625,0.0
-79.0625,5.1875,0.0
-79.0625,5.3125,0.0
-79.0625,5.4375,0.0
-79.0625,5.5625,0.0
-79.0625,5.6875,0.0
-79.0625,5.8125,0.0
-79.0625,5.9375,0.0
-79.0625,6.0625,0.0
-79.0625,6.1875,0.0
-79.0625,6.3125,0.0
-79.0625,6.4375,0.0
-79.0625,6.5625,0.0
-79.0625,6.6875,0.0
-79.0625,6.8125,0.0
-79.0625,6.9375,0.0
-79.0625,7.0625,0.0
-79.0625,7.1875,0.0
-79.0625,7.3125,0.0
-79.0625,7.4375,0.0
-79.0625,7.5625,0.0
-79.0625,7.6875,0.0
-79.0625,7.8125,0.0
-79.0625,7.9375,0.0
-79.0625,8.0625,0.0
-79.0625,8.1875,0.0
-79.0625,8.3125,0.0
-79.0625,8.4375,0.0
-79.0625,8.5625,0.0
-79.0625,8.6875,0.0
-79.0625,8.8125,0.0
-79.0625,8.9375,0.0
-79.0625,9.0625,0.0
-79.0625,9.1875,0.0
-79.0625,9.3125,0.0
-79.0625,9.4375,0.0
-79.0625,9.5625,0.0
-79.0625,9.6875,0.0
-79.0625,9.8125,0.0
-79.0625,9.9375,0.0
-79.0625,10.0625,0.0
-79.0625,10.1875,0.0
-79.0625,10.3125,0.0
-79.0625,10.4375,0.0
-79.0625,10.5625,0.0
-79.0625,10.6875,0.0
-79.0625,10.8125,0.0
-79.0625,10.9375,0.0
-79.0625,11.0625,0.0
-79.0625,11.1875,0.0
-79.0625,11.3125,0.0
-79.0625,11.4375,0.0
-79.0625,11.5625,0.0
-79.0625,11.6875,0.0
-79.0625,11.8125,0.0
-79.0625,11.9375,0.0
-79.0625,12.0625,0.0
-79.0625,12.1875,279.200012
-79.0625,12.3125,274.399994
-79.0625,12.4375,267.200012
-78.9375,-4.1875,0.0
-78.9375,-4.0625,0.0
-78.9375,-3.9375,0.0
-78.9375,-3.8125,0.0
-78.9375,-3.6875,0.0
-78.9375,-3.5625,0.0
-78.9375,-3.4375,0.0
-78.9375,-3.3125,0.0
-78.9375,-3.1875,0.0
-78.9375,-3.0625,0.0
-78.9375,-2.9375,0.0
-78.9375,-2.8125,0.0
-78.9375,-2.6875,0.0
-78.9375,-2.5625,0.0
-78.9375,-2.4375,0.0
-78.9375,-2.3125,0.0
-78.9375,-2.1875,0.0
-78.9375,-2.0625,0.0
-78.9375,-1.9375,0.0
-78.9375,-1.8125,0.0
-78.9375,-1.6875,0.0
-78.9375,-1.5625,0.0
-78.9375,-1.4375,0.0
-78.9375,-1.3125,0.0
-78.9375,-1.1875,0.0
-78.9375,-1.0625,0.0
-78.9375,-0.9375,0.0
-78.9375,-0.8125,0.0
-78.9375,-0.6875,0.0
-78.9375,-0.5625,0.0
-78.9375,-0.4375,0.0
-78.9375,-0.3125,0.0
-78.9375,-0.1875,0.0
-78.9375,-0.0625,0.0
-78.9375,0.0625,0.0
-78.9375,0.1875,0.0
-78.9375,0.3125,0.0
-78.9375,0.4375,0.0
-78.9375,0.5625,0.0
-78.9375,0.6875,0.0
-78.9375,0.8125,0.0
-78.9375,0.9375,0.0
-78.9375,1.0625,0.0
-78.9375,1.1875,0.0
-78.9375,1.3125,0.0
-78.9375,1.4375,0.0
-78.9375,1.5625,0.0
-78.9375,1.6875,0.0
-78.9375,1.8125,0.0
-78.9375,1.9375,0.0
-78.9375,2.0625,0.0
-78.9375,2.1875,0.0
-78.9375,2.3125,0.0
-78.9375,2.4375,0.0
-78.9375,2.5625,0.0
-78.9375,2.6875,0.0
-78.9375,2.8125,0.0
-78.9375,2.9375,0.0
-78.9375,3.0625,0.0
-78.9375,3.1875,0.0
-78.9375,3.3125,0.0
-78.9375,3.4375,0.0
-78.9375,3.5625,0.0
-78.9375,3.6875,0.0
-78.9375,3.8125,0.0
-78.9375,3.9375,0.0
-78.9375,4.0625,0.0
-78.9375,4.1875,0.0
-78.9375,4.3125,0.0
-78.9375,4.4375,0.0
-78.9375,4.5625,0.0
-78.9375,4.6875,0.0
-78.9375,4.8125,0.0
-78.9375,4.9375,0.0
-78.9375,5.0625,0.0
-78.9375,5.1875,0.0
-78.9375,5.3125,0.0
-78.9375,5.4375,0.0
-78.9375,5.5625,0.0
-78.9375,5.6875,0.0
-78.9375,5.8125,0.0
-78.9375,5.9375,0.0
-78.9375,6.0625,0.0
-78.9375,6.1875,0.0
-78.9375,6.3125,0.0
-78.9375,6.4375,0.0
-78.9375,6.5625,0.0
-78.9375,6.6875,0.0
-78.9375,6.8125,0.0
-78.9375,6.9375,0.0
-78.9375,7.0625,0.0
-78.9375,7.1875,0.0
-78.9375,7.3125,0.0
-78.9375,7.4375,0.0
-78.9375,7.5625,0.0
-78.9375,7.6875,0.0
-78.9375,7.8125,0.0
-78.9375,7.9375,0.0
-78.9375,8.0625,0.0
-78.9375,8.1875,0.0
-78.9375,8.3125,0.0
-78.9375,8.4375,0.0
-78.9375,8.5625,0.0
-78.9375,8.6875,0.0
-78.9375,8.8125,0.0
-78.9375,8.9375,0.0
-78.9375,9.0625,0.0
-78.9375,9.1875,0.0
-78.9375,9.3125,0.0
-78.9375,9.4375,0.0
-78.9375,9.5625,0.0
-78.9375,9.6875,0.0
-78.9375,9.8125,0.0
-78.9375,9.9375,0.0
-78.9375,10.0625,0.0
-78.9375,10.1875,0.0
-78.9375,10.3125,0.0
-78.9375,10.4375,0.0
-78.9375,10.5625,0.0
-78.9375,10.6875,0.0
-78.9375,10.8125,0.0
-78.9375,10.9375,0.0
-78.9375,11.0625,0.0
-78.9375,11.1875,0.0
-78.9375,11.3125,0.0
-78.9375,11.4375,0.0
-78.9375,11.5625,0.0
-78.9375,11.6875,0.0
-78.9375,11.8125,0.0
-78.9375,11.9375,0.0
-78.9375,12.0625,0.0
-78.9375,12.1875,0.0
-78.9375,12.3125,0.0
-78.9375,12.4375,0.0
-78.8125,-4.1875,0.0
-78.8125,-4.0625,0.0
-78.8125,-3.9375,0.0
-78.8125,-3.8125,0.0
-78.8125,-3.6875,0.0
-78.8125,-3.5625,0.0
-78.8125,-3.4375,0.0
-78.8125,-3.3125,0.0
-78.8125,-3.1875,0.0
-78.8125,-3.0625,0.0
-78.8125,-2.9375,0.0
-78.8125,-2.8125,0.0
-78.8125,-2.6875,0.0
-78.8125,-2.5625,0.0
-78.8125,-2.4375,0.0
-78.8125,-2.3125,0.0
-78.8125,-2.1875,0.0
-78.8125,-2.0625,0.0
-78.8125,-1.9375,0.0
-78.8125,-1.8125,0.0
-78.8125,-1.6875,0.0
-78.8125,-1.5625,0.0
-78.8125,-1.4375,0.0
-78.8125,-1.3125,0.0
-78.8125,-1.1875,0.0
-78.8125,-1.0625,0.0
-78.8125,-0.9375,0.0
-78.8125,-0.8125,0.0
-78.8125,-0.6875,0.0
-78.8125,-0.5625,0.0
-78.8125,-0.4375,0.0
-78.8125,-0.3125,0.0
-78.8125,-0.1875,0.0
-78.8125,-0.0625,0.0
-78.8125,0.0625,0.0
-78.8125,0.1875,0.0
-78.8125,0.3125,0.0
-78.8125,0.4375,0.0
-78.8125,0.5625,0.0
-78.8125,0.6875,0.0
-78.8125,0.8125,0.0
-78.8125,0.9375,0.0
-78.8125,1.0625,0.0
-78.8125,1.1875,0.0
-78.8125,1.3125,0.0
-78.8125,1.4375,0.0
-78.8125,1.5625,0.0
-78.8125,1.6875,0.0
-78.8125,1.8125,0.0
-78.8125,1.9375,0.0
-78.8125,2.0625,0.0
-78.8125,2.1875,0.0
-78.8125,2.3125,0.0
-78.8125,2.4375,0.0
-78.8125,2.5625,0.0
-78.8125,2.6875,0.0
-78.8125,2.8125,0.0
-78.8125,2.9375,0.0
-78.8125,3.0625,0.0
-78.8125,3.1875,0.0
-78.8125,3.3125,0.0
-78.8125,3.4375,0.0
-78.8125,3.5625,0.0
-78.8125,3.6875,0.0
-78.8125,3.8125,0.0
-78.8125,3.9375,0.0
-78.8125,4.0625,0.0
-78.8125,4.1875,0.0
-78.8125,4.3125,0.0
-78.8125,4.4375,0.0
-78.8125,4.5625,0.0
-78.8125,4.6875,0.0
-78.8125,4.8125,0.0
-78.8125,4.9375,0.0
-78.8125,5.0625,0.0
-78.8125,5.1875,0.0
-78.8125,5.3125,0.0
-78.8125,5.4375,0.0
-78.8125,5.5625,0.0
-78.8125,5.6875,0.0
-78.8125,5.8125,0.0
-78.8125,5.9375,0.0
-78.8125,6.0625,0.0
-78.8125,6.1875,0.0
-78.8125,6.3125,0.0
-78.8125,6.4375,0.0
-78.8125,6.5625,0.0
-78.8125,6.6875,0.0
-78.8125,6.8125,0.0
-78.8125,6.9375,0.0
-78.8125,7.0625,0.0
-78.8125,7.1875,0.0
-78.8125,7.3125,0.0
-78.8125,7.4375,0.0
-78.8125,7.5625,0.0
-78.8125,7.6875,0.0
-78.8125,7.8125,0.0
-78.8125,7.9375,0.0
-78.8125,8.0625,0.0
-78.8125,8.1875,0.0
-78.8125,8.3125,0.0
-78.8125,8.4375,0.0
-78.8125,8.5625,0.0
-78.8125,8.6875,0.0
-78.8125,8.8125,0.0
-78.8125,8.9375,0.0
-78.8125,9.0625,0.0
-78.8125,9.1875,0.0
-78.8125,9.3125,0.0
-78.8125,9.4375,0.0
-78.8125,9.5625,0.0
-78.8125,9.6875,0.0
-78.8125,9.8125,0.0
-78.8125,9.9375,0.0
-78.8125,10.0625,0.0
-78.8125,10.1875,0.0
-78.8125,10.3125,0.0
-78.8125,10.4375,0.0
-78.8125,10.5625,0.0
-78.8125,10.6875,0.0
-78.8125,10.8125,0.0
-78.8125,10.9375,0.0
-78.8125,11.0625,0.0
-78.8125,11.1875,0.0
-78.8125,11.3125,0.0
-78.8125,11.4375,0.0
-78.8125,11.5625,0.0
-78.8125,11.6875,0.0
-78.8125,11.8125,0.0
-78.8125,11.9375,0.0
-78.8125,12.0625,0.0
-78.8125,12.1875,0.0
-78.8125,12.3125,0.0
-78.8125,12.4375,0.0
-78.6875,-4.1875,0.0
-78.6875,-4.0625,0.0
-78.6875,-3.9375,0.0
-78.6875,-3.8125,0.0
-78.6875,-3.6875,0.0
-78.6875,-3.5625,0.0
-78.6875,-3.4375,0.0
-78.6875,-3.3125,0.0
-78.6875,-3.1875,0.0
-78.6875,-3.0625,0.0
-78.6875,-2.9375,0.0
-78.6875,-2.8125,0.0
-78.6875,-2.6875,0.0
-78.6875,-2.5625,0.0
-78.6875,-2.4375,0.0
-78.6875,-2.3125,0.0
-78.6875,-2.1875,0.0
-78.6875,-2.0625,0.0
-78.6875,-1.9375,0.0
-78.6875,-1.8125,0.0
-78.6875,-1.6875,0.0
-78.6875,-1.5625,0.0
-78.6875,-1.4375,0.0
-78.6875,-1.3125,0.0
-78.6875,-1.1875,0.0
-78.6875,-1.0625,0.0
-78.6875,-0.9375,0.0
-78.6875,-0.8125,0.0
-78.6875,-0.6875,0.0
-78.6875,-0.5625,0.0
-78.6875,-0.4375,0.0
-78.6875,-0.3125,0.0
-78.6875,-0.1875,0.0
-78.6875,-0.0625,0.0
-78.6875,0.0625,0.0
-78.6875,0.1875,0.0
-78.6875,0.3125,0.0
-78.6875,0.4375,0.0
-78.6875,0.5625,0.0
-78.6875,0.6875,0.0
-78.6875,0.8125,0.0
-78.6875,0.9375,0.0
-78.6875,1.0625,0.0
-78.6875,1.1875,0.0
-78.6875,1.3125,0.0
-78.6875,1.4375,0.0
-78.6875,1.5625,0.0
-78.6875,1.6875,0.0
-78.6875,1.8125,0.0
-78.6875,1.9375,0.0
-78.6875,2.0625,0.0
-78.6875,2.1875,0.0
-78.6875,2.3125,0.0
-78.6875,2.4375,0.0
-78.6875,2.5625,0.0
-78.6875,2.6875,0.0
-78.6875,2.8125,0.0
-78.6875,2.9375,0.0
-78.6875,3.0625,0.0
-78.6875,3.1875,0.0
-78.6875,3.3125,0.0
-78.6875,3.4375,0.0
-78.6875,3.5625,0.0
-78.6875,3.6875,0.0
-78.6875,3.8125,0.0
-78.6875,3.9375,0.0
-78.6875,4.0625,0.0
-78.6875,4.1875,0.0
-78.6875,4.3125,0.0
-78.6875,4.4375,0.0
-78.6875,4.5625,0.0
-78.6875,4.6875,0.0
-78.6875,4.8125,0.0
-78.6875,4.9375,0.0
-78.6875,5.0625,0.0
-78.6875,5.1875,0.0
-78.6875,5.3125,0.0
-78.6875,5.4375,0.0
-78.6875,5.5625,0.0
-78.6875,5.6875,0.0
-78.6875,5.8125,0.0
-78.6875,5.9375,0.0
-78.6875,6.0625,0.0
-78.6875,6.1875,0.0
-78.6875,6.3125,0.0
-78.6875,6.4375,0.0
-78.6875,6.5625,0.0
-78.6875,6.6875,0.0
-78.6875,6.8125,0.0
-78.6875,6.9375,0.0
-78.6875,7.0625,0.0
-78.6875,7.1875,0.0
-78.6875,7.3125,0.0
-78.6875,7.4375,0.0
-78.6875,7.5625,0.0
-78.6875,7.6875,0.0
-78.6875,7.8125,0.0
-78.6875,7.9375,0.0
-78.6875,8.0625,0.0
-78.6875,8.1875,0.0
-78.6875,8.3125,0.0
-78.6875,8.4375,0.0
-78.6875,8.5625,0.0
-78.6875,8.6875,0.0
-78.6875,8.8125,0.0
-78.6875,8.9375,0.0
-78.6875,9.0625,0.0
-78.6875,9.1875,0.0
-78.6875,9.3125,0.0
-78.6875,9.4375,0.0
-78.6875,9.5625,0.0
-78.6875,9.6875,0.0
-78.6875,9.8125,0.0
-78.6875,9.9375,0.0
-78.6875,10.0625,0.0
-78.6875,10.1875,0.0
-78.6875,10.3125,0.0
-78.6875,10.4375,0.0
-78.6875,10.5625,0.0
-78.6875,10.6875,0.0
-78.6875,10.8125,0.0
-78.6875,10.9375,0.0
-78.6875,11.0625,0.0
-78.6875,11.1875,0.0
-78.6875,11.3125,0.0
-78.6875,11.4375,0.0
-78.6875,11.5625,0.0
-78.6875,11.6875,0.0
-78.6875,11.8125,0.0
-78.6875,11.9375,0.0
-78.6875,12.0625,0.0
-78.6875,12.1875,0.0
-78.6875,12.3125,0.0
-78.6875,12.4375,0.0
-78.5625,-4.1875,0.0
-78.5625,-4.0625,0.0
-78.5625,-3.9375,0.0
-78.5625,-3.8125,0.0
-78.5625,-3.6875,0.0
-78.5625,-3.5625,0.0
-78.5625,-3.4375,0.0
-78.5625,-3.3125,0.0
-78.5625,-3.1875,0.0
-78.5625,-3.0625,0.0
-78.5625,-2.9375,0.0
-78.5625,-2.8125,0.0
-78.5625,-2.6875,0.0
-78.5625,-2.5625,0.0
-78.5625,-2.4375,0.0
-78.5625,-2.3125,0.0
-78.5625,-2.1875,0.0
-78.5625,-2.0625,0.0
-78.5625,-1.9375,0.0
-78.5625,-1.8125,0.0
-78.5625,-1.6875,0.0
-78.5625,-1.5625,0.0
-78.5625,-1.4375,0.0
-78.5625,-1.3125,0.0
-78.5625,-1.1875,0.0
-78.5625,-1.0625,0.0
-78.5625,-0.9375,0.0
-78.5625,-0.8125,0.0
-78.5625,-0.6875,0.0
-78.5625,-0.5625,0.0
-78.5625,-0.4375,0.0
-78.5625,-0.3125,0.0
-78.5625,-0.1875,0.0
-78.5625,-0.0625,0.0
-78.5625,0.0625,0.0
-78.5625,0.1875,0.0
-78.5625,0.3125,0.0
-78.5625,0.4375,0.0
-78.5625,0.5625,0.0
-78.5625,0.6875,0.0
-78.5625,0.8125,0.0
-78.5625,0.9375,0.0
-78.5625,1.0625,0.0
-78.5625,1.1875,0.0
-78.5625,1.3125,0.0
-78.5625,1.4375,0.0
-78.5625,1.5625,0.0
-78.5625,1.6875,0.0
-78.5625,1.8125,0.0
-78.5625,1.9375,0.0
-78.5625,2.0625,0.0
-78.5625,2.1875,0.0
-78.5625,2.3125,0.0
-78.5625,2.4375,0.0
-78.5625,2.5625,0.0
-78.5625,2.6875,0.0
-78.5625,2.8125,0.0
-78.5625,2.9375,0.0
-78.5625,3.0625,0.0
-78.5625,3.1875,0.0
-78.5625,3.3125,0.0
-78.5625,3.4375,0.0
-78.5625,3.5625,0.0
-78.5625,3.6875,0.0
-78.5625,3.8125,0.0
-78.5625,3.9375,0.0
-78.5625,4.0625,0.0
-78.5625,4.1875,0.0
-78.5625,4.3125,0.0
-78.5625,4.4375,0.0
-78.5625,4.5625,0.0
-78.5625,4.6875,0.0
-78.5625,4.8125,0.0
-78.5625,4.9375,0.0
-78.5625,5.0625,0.0
-78.5625,5.1875,0.0
-78.5625,5.3125,0.0
-78.5625,5.4375,0.0
-78.5625,5.5625,0.0
-78.5625,5.6875,0.0
-78.5625,5.8125,0.0
-78.5625,5.9375,0.0
-78.5625,6.0625,0.0
-78.5625,6.1875,0.0
-78.5625,6.3125,0.0
-78.5625,6.4375,0.0
-78.5625,6.5625,0.0
-78.5625,6.6875,0.0
-78.5625,6.8125,0.0
-78.5625,6.9375,0.0
-78.5625,7.0625,0.0
-78.5625,7.1875,0.0
-78.5625,7.3125,0.0
-78.5625,7.4375,0.0
-78.5625,7.5625,0.0
-78.5625,7.6875,0.0
-78.5625,7.8125,0.0
-78.5625,7.9375,0.0
-78.5625,8.0625,0.0
-78.5625,8.1875,0.0
-78.5625,8.3125,0.0
-78.5625,8.4375,0.0
-78.5625,8.5625,0.0
-78.5625,8.6875,0.0
-78.5625,8.8125,0.0
-78.5625,8.9375,0.0
-78.5625,9.0625,0.0
-78.5625,9.1875,0.0
-78.5625,9.3125,0.0
-78.5625,9.4375,0.0
-78.5625,9.5625,0.0
-78.5625,9.6875,0.0
-78.5625,9.8125,0.0
-78.5625,9.9375,0.0
-78.5625,10.0625,0.0
-78.5625,10.1875,0.0
-78.5625,10.3125,0.0
-78.5625,10.4375,0.0
-78.5625,10.5625,0.0
-78.5625,10.6875,0.0
-78.5625,10.8125,0.0
-78.5625,10.9375,0.0
-78.5625,11.0625,0.0
-78.5625,11.1875,0.0
-78.5625,11.3125,0.0
-78.5625,11.4375,0.0
-78.5625,11.5625,0.0
-78.5625,11.6875,0.0
-78.5625,11.8125,0.0
-78.5625,11.9375,0.0
-78.5625,12.0625,0.0
-78.5625,12.1875,0.0
-78.5625,12.3125,0.0
-78.5625,12.4375,0.0
-78.4375,-4.1875,0.0
-78.4375,-4.0625,0.0
-78.4375,-3.9375,0.0
-78.4375,-3.8125,0.0
-78.4375,-3.6875,0.0
-78.4375,-3.5625,0.0
-78.4375,-3.4375,0.0
-78.4375,-3.3125,0.0
-78.4375,-3.1875,0.0
-78.4375,-3.0625,0.0
-78.4375,-2.9375,0.0
-78.4375,-2.8125,0.0
-78.4375,-2.6875,0.0
-78.4375,-2.5625,0.0
-78.4375,-2.4375,0.0
-78.4375,-2.3125,0.0
-78.4375,-2.1875,0.0
-78.4375,-2.0625,0.0
-78.4375,-1.9375,0.0
-78.4375,-1.8125,0.0
-78.4375,-1.6875,0.0
-78.4375,-1.5625,0.0
-78.4375,-1.4375,0.0
-78.4375,-1.3125,0.0
-78.4375,-1.1875,0.0
-78.4375,-1.0625,0.0
-78.4375,-0.9375,0.0
-78.4375,-0.8125,0.0
-78.4375,-0.6875,0.0
-78.4375,-0.5625,0.0
-78.4375,-0.4375,0.0
-78.4375,-0.3125,0.0
-78.4375,-0.1875,0.0
-78.4375,-0.0625,0.0
-78.4375,0.0625,0.0
-78.4375,0.1875,0.0
-78.4375,0.3125,0.0
-78.4375,0.4375,0.0
-78.4375,0.5625,0.0
-78.4375,0.6875,0.0
-78.4375,0.8125,0.0
-78.4375,0.9375,0.0
-78.4375,1.0625,0.0
-78.4375,1.1875,0.0
-78.4375,1.3125,0.0
-78.4375,1.4375,0.0
-78.4375,1.5625,0.0
-78.4375,1.6875,0.0
-78.4375,1.8125,0.0
-78.4375,1.9375,0.0
-78.4375,2.0625,0.0
-78.4375,2.1875,0.0
-78.4375,2.3125,0.0
-78.4375,2.4375,0.0
-78.4375,2.5625,0.0
-78.4375,2.6875,0.0
-78.4375,2.8125,0.0
-78.4375,2.9375,0.0
-78.4375,3.0625,0.0
-78.4375,3.1875,0.0
-78.4375,3.3125,0.0
-78.4375,3.4375,0.0
-78.4375,3.5625,0.0
-78.4375,3.6875,0.0
-78.4375,3.8125,0.0
-78.4375,3.9375,0.0
-78.4375,4.0625,0.0
-78.4375,4.1875,0.0
-78.4375,4.3125,0.0
-78.4375,4.4375,0.0
-78.4375,4.5625,0.0
-78.4375,4.6875,0.0
-78.4375,4.8125,0.0
-78.4375,4.9375,0.0
-78.4375,5.0625,0.0
-78.4375,5.1875,0.0
-78.4375,5.3125,0.0
-78.4375,5.4375,0.0
-78.4375,5.5625,0.0
-78.4375,5.6875,0.0
-78.4375,5.8125,0.0
-78.4375,5.9375,0.0
-78.4375,6.0625,0.0
-78.4375,6.1875,0.0
-78.4375,6.3125,0.0
-78.4375,6.4375,0.0
-78.4375,6.5625,0.0
-78.4375,6.6875,0.0
-78.4375,6.8125,0.0
-78.4375,6.9375,0.0
-78.4375,7.0625,0.0
-78.4375,7.1875,0.0
-78.4375,7.3125,0.0
-78.4375,7.4375,0.0
-78.4375,7.5625,0.0
-78.4375,7.6875,0.0
-78.4375,7.8125,0.0
-78.4375,7.9375,0.0
-78.4375,8.0625,0.0
-78.4375,8.1875,0.0
-78.4375,8.3125,0.0
-78.4375,8.4375,0.0
-78.4375,8.5625,0.0
-78.4375,8.6875,0.0
-78.4375,8.8125,0.0
-78.4375,8.9375,0.0
-78.4375,9.0625,0.0
-78.4375,9.1875,0.0
-78.4375,9.3125,0.0
-78.4375,9.4375,0.0
-78.4375,9.5625,0.0
-78.4375,9.6875,0.0
-78.4375,9.8125,0.0
-78.4375,9.9375,0.0
-78.4375,10.0625,0.0
-78.4375,10.1875,0.0
-78.4375,10.3125,0.0
-78.4375,10.4375,0.0
-78.4375,10.5625,0.0
-78.4375,10.6875,0.0
-78.4375,10.8125,0.0
-78.4375,10.9375,0.0
-78.4375,11.0625,0.0
-78.4375,11.1875,0.0
-78.4375,11.3125,0.0
-78.4375,11.4375,0.0
-78.4375,11.5625,0.0
-78.4375,11.6875,0.0
-78.4375,11.8125,0.0
-78.4375,11.9375,0.0
-78.4375,12.0625,0.0
-78.4375,12.1875,0.0
-78.4375,12.3125,0.0
-78.4375,12.4375,0.0
-78.3125,-4.1875,0.0
-78.3125,-4.0625,0.0
-78.3125,-3.9375,0.0
-78.3125,-3.8125,0.0
-78.3125,-3.6875,0.0
-78.3125,-3.5625,0.0
-78.3125,-3.4375,0.0
-78.3125,-3.3125,0.0
-78.3125,-3.1875,0.0
-78.3125,-3.0625,0.0
-78.3125,-2.9375,0.0
-78.3125,-2.8125,0.0
-78.3125,-2.6875,0.0
-78.3125,-2.5625,0.0
-78.3125,-2.4375,0.0
-78.3125,-2.3125,0.0
-78.3125,-2.1875,0.0
-78.3125,-2.0625,0.0
-78.3125,-1.9375,0.0
-78.3125,-1.8125,0.0
-78.3125,-1.6875,0.0
-78.3125,-1.5625,0.0
-78.3125,-1.4375,0.0
-78.3125,-1.3125,0.0
-78.3125,-1.1875,0.0
-78.3125,-1.0625,0.0
-78.3125,-0.9375,0.0
-78.3125,-0.8125,0.0
-78.3125,-0.6875,0.0
-78.3125,-0.5625,0.0
-78.3125,-0.4375,0.0
-78.3125,-0.3125,0.0
-78.3125,-0.1875,0.0
-78.3125,-0.0625,0.0
-78.3125,0.0625,0.0
-78.3125,0.1875,0.0
-78.3125,0.3125,0.0
-78.3125,0.4375,0.0
-78.3125,0.5625,0.0
-78.3125,0.6875,0.0
-78.3125,0.8125,0.0
-78.3125,0.9375,0.0
-78.3125,1.0625,0.0
-78.3125,1.1875,0.0
-78.3125,1.3125,0.0
-78.3125,1.4375,0.0
-78.3125,1.5625,0.0
-78.3125,1.6875,0.0
-78.3125,1.8125,0.0
-78.3125,1.9375,0.0
-78.3125,2.0625,0.0
-78.3125,2.1875,0.0
-78.3125,2.3125,0.0
-78.3125,2.4375,0.0
-78.3125,2.5625,0.0
-78.3125,2.6875,0.0
-78.3125,2.8125,0.0
-78.3125,2.9375,0.0
-78.3125,3.0625,0.0
-78.3125,3.1875,0.0
-78.3125,3.3125,0.0
-78.3125,3.4375,0.0
-78.3125,3.5625,0.0
-78.3125,3.6875,0.0
-78.3125,3.8125,0.0
-78.3125,3.9375,0.0
-78.3125,4.0625,0.0
-78.3125,4.1875,0.0
-78.3125,4.3125,0.0
-78.3125,4.4375,0.0
-78.3125,4.5625,0.0
-78.3125,4.6875,0.0
-78.3125,4.8125,0.0
-78.3125,4.9375,0.0
-78.3125,5.0625,0.0
-78.3125,5.1875,0.0
-78.3125,5.3125,0.0
-78.3125,5.4375,0.0
-78.3125,5.5625,0.0
-78.3125,5.6875,0.0
-78.3125,5.8125,0.0
-78.3125,5.9375,0.0
-78.3125,6.0625,0.0
-78.3125,6.1875,0.0
-78.3125,6.3125,0.0
-78.3125,6.4375,0.0
-78.3125,6.5625,0.0
-78.3125,6.6875,0.0
-78.3125,6.8125,0.0
-78.3125,6.9375,0.0
-78.3125,7.0625,0.0
-78.3125,7.1875,0.0
-78.3125,7.3125,0.0
-78.3125,7.4375,0.0
-78.3125,7.5625,0.0
-78.3125,7.6875,0.0
-78.3125,7.8125,0.0
-78.3125,7.9375,0.0
-78.3125,8.0625,0.0
-78.3125,8.1875,0.0
-78.3125,8.3125,0.0
-78.3125,8.4375,0.0
-78.3125,8.5625,0.0
-78.3125,8.6875,0.0
-78.3125,8.8125,0.0
-78.3125,8.9375,0.0
-78.3125,9.0625,0.0
-78.3125,9.1875,0.0
-78.3125,9.3125,0.0
-78.3125,9.4375,0.0
-78.3125,9.5625,0.0
-78.3125,9.6875,0.0
-78.3125,9.8125,0.0
-78.3125,9.9375,0.0
-78.3125,10.0625,0.0
-78.3125,10.1875,0.0
-78.3125,10.3125,0.0
-78.3125,10.4375,0.0
-78.3125,10.5625,0.0
-78.3125,10.6875,0.0
-78.3125,10.8125,0.0
-78.3125,10.9375,0.0
-78.3125,11.0625,0.0
-78.3125,11.1875,0.0
-78.3125,11.3125,0.0
-78.3125,11.4375,0.0
-78.3125,11.5625,0.0
-78.3125,11.6875,0.0
-78.3125,11.8125,0.0
-78.3125,11.9375,0.0
-78.3125,12.0625,0.0
-78.3125,12.1875,0.0
-78.3125,12.3125,0.0
-78.3125,12.4375,0.0
-78.1875,-4.1875,0.0
-78.1875,-4.0625,0.0
-78.1875,-3.9375,0.0
-78.1875,-3.8125,0.0
-78.1875,-3.6875,0.0
-78.1875,-3.5625,0.0
-78.1875,-3.4375,0.0
-78.1875,-3.3125,0.0
-78.1875,-3.1875,0.0
-78.1875,-3.0625,0.0
-78.1875,-2.9375,0.0
-78.1875,-2.8125,0.0
-78.1875,-2.6875,0.0
-78.1875,-2.5625,0.0
-78.1875,-2.4375,0.0
-78.1875,-2.3125,0.0
-78.1875,-2.1875,0.0
-78.1875,-2.0625,0.0
-78.1875,-1.9375,0.0
-78.1875,-1.8125,0.0
-78.1875,-1.6875,0.0
-78.1875,-1.5625,0.0
-78.1875,-1.4375,0.0
-78.1875,-1.3125,0.0
-78.1875,-1.1875,0.0
-78.1875,-1.0625,0.0
-78.1875,-0.9375,0.0
-78.1875,-0.8125,0.0
-78.1875,-0.6875,0.0
-78.1875,-0.5625,0.0
-78.1875,-0.4375,0.0
-78.1875,-0.3125,0.0
-78.1875,-0.1875,0.0
-78.1875,-0.0625,0.0
-78.1875,0.0625,0.0
-78.1875,0.1875,0.0
-78.1875,0.3125,0.0
-78.1875,0.4375,0.0
-78.1875,0.5625,0.0
-78.1875,0.6875,0.0
-78.1875,0.8125,0.0
-78.1875,0.9375,0.0
-78.1875,1.0625,0.0
-78.1875,1.1875,0.0
-78.1875,1.3125,0.0
-78.1875,1.4375,0.0
-78.1875,1.5625,0.0
-78.1875,1.6875,0.0
-78.1875,1.8125,0.0
-78.1875,1.9375,0.0
-78.1875,2.0625,0.0
-78.1875,2.1875,0.0
-78.1875,2.3125,0.0
-78.1875,2.4375,0.0
-78.1875,2.5625,0.0
-78.1875,2.6875,0.0
-78.1875,2.8125,0.0
-78.1875,2.9375,0.0
-78.1875,3.0625,0.0
-78.1875,3.1875,0.0
-78.1875,3.3125,0.0
-78.1875,3.4375,0.0
-78.1875,3.5625,0.0
-78.1875,3.6875,0.0
-78.1875,3.8125,0.0
-78.1875,3.9375,0.0
-78.1875,4.0625,0.0
-78.1875,4.1875,0.0
-78.1875,4.3125,0.0
-78.1875,4.4375,0.0
-78.1875,4.5625,0.0
-78.1875,4.6875,0.0
-78.1875,4.8125,0.0
-78.1875,4.9375,0.0
-78.1875,5.0625,0.0
-78.1875,5.1875,0.0
-78.1875,5.3125,0.0
-78.1875,5.4375,0.0
-78.1875,5.5625,0.0
-78.1875,5.6875,0.0
-78.1875,5.8125,0.0
-78.1875,5.9375,0.0
-78.1875,6.0625,0.0
-78.1875,6.1875,0.0
-78.1875,6.3125,0.0
-78.1875,6.4375,0.0
-78.1875,6.5625,0.0
-78.1875,6.6875,0.0
-78.1875,6.8125,0.0
-78.1875,6.9375,0.0
-78.1875,7.0625,0.0
-78.1875,7.1875,0.0
-78.1875,7.3125,0.0
-78.1875,7.4375,0.0
-78.1875,7.5625,0.0
-78.1875,7.6875,0.0
-78.1875,7.8125,0.0
-78.1875,7.9375,0.0
-78.1875,8.0625,0.0
-78.1875,8.1875,0.0
-78.1875,8.3125,0.0
-78.1875,8.4375,0.0
-78.1875,8.5625,0.0
-78.1875,8.6875,0.0
-78.1875,8.8125,0.0
-78.1875,8.9375,0.0
-78.1875,9.0625,0.0
-78.1875,9.1875,0.0
-78.1875,9.3125,0.0
-78.1875,9.4375,0.0
-78.1875,9.5625,0.0
-78.1875,9.6875,0.0
-78.1875,9.8125,0.0
-78.1875,9.9375,0.0
-78.1875,10.0625,0.0
-78.1875,10.1875,0.0
-78.1875,10.3125,0.0
-78.1875,10.4375,0.0
-78.1875,10.5625,0.0
-78.1875,10.6875,0.0
-78.1875,10.8125,0.0
-78.1875,10.9375,0.0
-78.1875,11.0625,0.0
-78.1875,11.1875,0.0
-78.1875,11.3125,0.0
-78.1875,11.4375,0.0
-78.1875,11.5625,0.0
-78.1875,11.6875,0.0
-78.1875,11.8125,0.0
-78.1875,11.9375,0.0
-78.1875,12.0625,0.0
-78.1875,12.1875,0.0
-78.1875,12.3125,0.0
-78.1875,12.4375,0.0
-78.0625,-4.1875,0.0
-78.0625,-4.0625,0.0
-78.0625,-3.9375,0.0
-78.0625,-3.8125,0.0
-78.0625,-3.6875,0.0
-78.0625,-3.5625,0.0
-78.0625,-3.4375,0.0
-78.0625,-3.3125,0.0
-78.0625,-3.1875,0.0
-78.0625,-3.0625,0.0
-78.0625,-2.9375,0.0
-78.0625,-2.8125,0.0
-78.0625,-2.6875,0.0
-78.0625,-2.5625,0.0
-78.0625,-2.4375,0.0
-78.0625,-2.3125,0.0
-78.0625,-2.1875,0.0
-78.0625,-2.0625,0.0
-78.0625,-1.9375,0.0
-78.0625,-1.8125,0.0
-78.0625,-1.6875,0.0
-78.0625,-1.5625,0.0
-78.0625,-1.4375,0.0
-78.0625,-1.3125,0.0
-78.0625,-1.1875,0.0
-78.0625,-1.0625,0.0
-78.0625,-0.9375,0.0
-78.0625,-0.8125,0.0
-78.0625,-0.6875,0.0
-78.0625,-0.5625,0.0
-78.0625,-0.4375,0.0
-78.0625,-0.3125,0.0
-78.0625,-0.1875,0.0
-78.0625,-0.0625,0.0
-78.0625,0.0625,0.0
-78.0625,0.1875,0.0
-78.0625,0.3125,0.0
-78.0625,0.4375,0.0
-78.0625,0.5625,0.0
-78.0625,0.6875,0.0
-78.0625,0.8125,0.0
-78.0625,0.9375,0.0
-78.0625,1.0625,0.0
-78.0625,1.1875,0.0
-78.0625,1.3125,0.0
-78.0625,1.4375,0.0
-78.0625,1.5625,0.0
-78.0625,1.6875,0.0
-78.0625,1.8125,0.0
-78.0625,1.9375,0.0
-78.0625,2.0625,0.0
-78.0625,2.1875,0.0
-78.0625,2.3125,0.0
-78.0625,2.4375,0.0
-78.0625,2.5625,0.0
-78.0625,2.6875,0.0
-78.0625,2.8125,0.0
-78.0625,2.9375,0.0
-78.0625,3.0625,0.0
-78.0625,3.1875,0.0
-78.0625,3.3125,0.0
-78.0625,3.4375,0.0
-78.0625,3.5625,0.0
-78.0625,3.6875,0.0
-78.0625,3.8125,0.0
-78.0625,3.9375,0.0
-78.0625,4.0625,0.0
-78.0625,4.1875,0.0
-78.0625,4.3125,0.0
-78.0625,4.4375,0.0
-78.0625,4.5625,0.0
-78.0625,4.6875,0.0
-78.0625,4.8125,0.0
-78.0625,4.9375,0.0
-78.0625,5.0625,0.0
-78.0625,5.1875,0.0
-78.0625,5.3125,0.0
-78.0625,5.4375,0.0
-78.0625,5.5625,0.0
-78.0625,5.6875,0.0
-78.0625,5.8125,0.0
-78.0625,5.9375,0.0
-78.0625,6.0625,0.0
-78.0625,6.1875,0.0
-78.0625,6.3125,0.0
-78.0625,6.4375,0.0
-78.0625,6.5625,0.0
-78.0625,6.6875,0.0
-78.0625,6.8125,0.0
-78.0625,6.9375,0.0
-78.0625,7.0625,0.0
-78.0625,7.1875,0.0
-78.0625,7.3125,0.0
-78.0625,7.4375,0.0
-78.0625,7.5625,0.0
-78.0625,7.6875,0.0
-78.0625,7.8125,0.0
-78.0625,7.9375,0.0
-78.0625,8.0625,0.0
-78.0625,8.1875,0.0
-78.0625,8.3125,0.0
-78.0625,8.4375,0.0
-78.0625,8.5625,0.0
-78.0625,8.6875,0.0
-78.0625,8.8125,0.0
-78.0625,8.9375,0.0
-78.0625,9.0625,0.0
-78.0625,9.1875,0.0
-78.0625,9.3125,0.0
-78.0625,9.4375,0.0
-78.0625,9.5625,0.0
-78.0625,9.6875,0.0
-78.0625,9.8125,0.0
-78.0625,9.9375,0.0
-78.0625,10.0625,0.0
-78.0625,10.1875,0.0
-78.0625,10.3125,0.0
-78.0625,10.4375,0.0
-78.0625,10.5625,0.0
-78.0625,10.6875,0.0
-78.0625,10.8125,0.0
-78.0625,10.9375,0.0
-78.0625,11.0625,0.0
-78.0625,11.1875,0.0
-78.0625,11.3125,0.0
-78.0625,11.4375,0.0
-78.0625,11.5625,0.0
-78.0625,11.6875,0.0
-78.0625,11.8125,0.0
-78.0625,11.9375,0.0
-78.0625,12.0625,0.0
-78.0625,12.1875,0.0
-78.0625,12.3125,0.0
-78.0625,12.4375,0.0
-77.9375,-4.1875,0.0
-77.9375,-4.0625,0.0
-77.9375,-3.9375,0.0
-77.9375,-3.8125,0.0
-77.9375,-3.6875,0.0
-77.9375,-3.5625,0.0
-77.9375,-3.4375,0.0
-77.9375,-3.3125,0.0
-77.9375,-3.1875,0.0
-77.9375,-3.0625,0.0
-77.9375,-2.9375,0.0
-77.9375,-2.8125,0.0
-77.9375,-2.6875,0.0
-77.9375,-2.5625,0.0
-77.9375,-2.4375,0.0
-77.9375,-2.3125,0.0
-77.9375,-2.1875,0.0
-77.9375,-2.0625,0.0
-77.9375,-1.9375,0.0
-77.9375,-1.8125,0.0
-77.9375,-1.6875,0.0
-77.9375,-1.5625,0.0
-77.9375,-1.4375,0.0
-77.9375,-1.3125,0.0
-77.9375,-1.1875,0.0
-77.9375,-1.0625,0.0
-77.9375,-0.9375,0.0
-77.9375,-0.8125,0.0
-77.9375,-0.6875,0.0
-77.9375,-0.5625,0.0
-77.9375,-0.4375,0.0
-77.9375,-0.3125,0.0
-77.9375,-0.1875,0.0
-77.9375,-0.0625,0.0
-77.9375,0.0625,0.0
-77.9375,0.1875,0.0
-77.9375,0.3125,0.0
-77.9375,0.4375,0.0
-77.9375,0.5625,0.0
-77.9375,0.6875,0.0
-77.9375,0.8125,0.0
-77.9375,0.9375,0.0
-77.9375,1.0625,0.0
-77.9375,1.1875,0.0
-77.9375,1.3125,0.0
-77.9375,1.4375,0.0
-77.9375,1.5625,0.0
-77.9375,1.6875,0.0
-77.9375,1.8125,0.0
-77.9375,1.9375,0.0
-77.9375,2.0625,0.0
-77.9375,2.1875,0.0
-77.9375,2.3125,0.0
-77.9375,2.4375,0.0
-77.9375,2.5625,0.0
-77.9375,2.6875,0.0
-77.9375,2.8125,0.0
-77.9375,2.9375,0.0
-77.9375,3.0625,0.0
-77.9375,3.1875,0.0
-77.9375,3.3125,0.0
-77.9375,3.4375,0.0
-77.9375,3.5625,0.0
-77.9375,3.6875,0.0
-77.9375,3.8125,0.0
-77.9375,3.9375,0.0
-77.9375,4.0625,0.0
-77.9375,4.1875,0.0
-77.9375,4.3125,0.0
-77.9375,4.4375,0.0
-77.9375,4.5625,0.0
-77.9375,4.6875,0.0
-77.9375,4.8125,0.0
-77.9375,4.9375,0.0
-77.9375,5.0625,0.0
-77.9375,5.1875,0.0
-77.9375,5.3125,0.0
-77.9375,5.4375,0.0
-77.9375,5.5625,0.0
-77.9375,5.6875,0.0
-77.9375,5.8125,0.0
-77.9375,5.9375,0.0
-77.9375,6.0625,0.0
-77.9375,6.1875,0.0
-77.9375,6.3125,0.0
-77.9375,6.4375,0.0
-77.9375,6.5625,0.0
-77.9375,6.6875,0.0
-77.9375,6.8125,0.0
-77.9375,6.9375,0.0
-77.9375,7.0625,0.0
-77.9375,7.1875,0.0
-77.9375,7.3125,0.0
-77.9375,7.4375,0.0
-77.9375,7.5625,0.0
-77.9375,7.6875,0.0
-77.9375,7.8125,0.0
-77.9375,7.9375,0.0
-77.9375,8.0625,0.0
-77.9375,8.1875,0.0
-77.9375,8.3125,0.0
-77.9375,8.4375,0.0
-77.9375,8.5625,0.0
-77.9375,8.6875,0.0
-77.9375,8.8125,0.0
-77.9375,8.9375,0.0
-77.9375,9.0625,0.0
-77.9375,9.1875,0.0
-77.9375,9.3125,0.0
-77.9375,9.4375,0.0
-77.9375,9.5625,0.0
-77.9375,9.6875,0.0
-77.9375,9.8125,0.0
-77.9375,9.9375,0.0
-77.9375,10.0625,0.0
-77.9375,10.1875,0.0
-77.9375,10.3125,0.0
-77.9375,10.4375,0.0
-77.9375,10.5625,0.0
-77.9375,10.6875,0.0
-77.9375,10.8125,0.0
-77.9375,10.9375,0.0
-77.9375,11.0625,0.0
-77.9375,11.1875,0.0
-77.9375,11.3125,0.0
-77.9375,11.4375,0.0
-77.9375,11.5625,0.0
-77.9375,11.6875,0.0
-77.9375,11.8125,0.0
-77.9375,11.9375,0.0
-77.9375,12.0625,0.0
-77.9375,12.1875,0.0
-77.9375,12.3125,0.0
-77.9375,12.4375,0.0
-77.8125,-4.1875,0.0
-77.8125,-4.0625,0.0
-77.8125,-3.9375,0.0
-77.8125,-3.8125,0.0
-77.8125,-3.6875,0.0
-77.8125,-3.5625,0.0
-77.8125,-3.4375,0.0
-77.8125,-3.3125,0.0
-77.8125,-3.1875,0.0
-77.8125,-3.0625,0.0
-77.8125,-2.9375,0.0
-77.8125,-2.8125,0.0
-77.8125,-2.6875,0.0
-77.8125,-2.5625,0.0
-77.8125,-2.4375,0.0
-77.8125,-2.3125,0.0
-77.8125,-2.1875,0.0
-77.8125,-2.0625,0.0
-77.8125,-1.9375,0.0
-77.8125,-1.8125,0.0
-77.8125,-1.6875,0.0
-77.8125,-1.5625,0.0
-77.8125,-1.4375,0.0
-77.8125,-1.3125,0.0
-77.8125,-1.1875,0.0
-77.8125,-1.0625,0.0
-77.8125,-0.9375,0.0
-77.8125,-0.8125,0.0
-77.8125,-0.6875,0.0
-77.8125,-0.5625,0.0
-77.8125,-0.4375,0.0
-77.8125,-0.3125,0.0
-77.8125,-0.1875,0.0
-77.8125,-0.0625,0.0
-77.8125,0.0625,0.0
-77.8125,0.1875,0.0
-77.8125,0.3125,0.0
-77.8125,0.4375,0.0
-77.8125,0.5625,0.0
-77.8125,0.6875,0.0
-77.8125,0.8125,0.0
-77.8125,0.9375,0.0
-77.8125,1.0625,0.0
-77.8125,1.1875,0.0
-77.8125,1.3125,0.0
-77.8125,1.4375,0.0
-77.8125,1.5625,0.0
-77.8125,1.6875,0.0
-77.8125,1.8125,0.0
-77.8125,1.9375,0.0
-77.8125,2.0625,0.0
-77.8125,2.1875,0.0
-77.8125,2.3125,0.0
-77.8125,2.4375,0.0
-77.8125,2.5625,0.0
-77.8125,2.6875,0.0
-77.8125,2.8125,0.0
-77.8125,2.9375,0.0
-77.8125,3.0625,0.0
-77.8125,3.1875,0.0
-77.8125,3.3125,0.0
-77.8125,3.4375,0.0
-77.8125,3.5625,0.0
-77.8125,3.6875,0.0
-77.8125,3.8125,0.0
-77.8125,3.9375,0.0
-77.8125,4.0625,0.0
-77.8125,4.1875,0.0
-77.8125,4.3125,0.0
-77.8125,4.4375,0.0
-77.8125,4.5625,0.0
-77.8125,4.6875,0.0
-77.8125,4.8125,0.0
-77.8125,4.9375,0.0
-77.8125,5.0625,0.0
-77.8125,5.1875,0.0
-77.8125,5.3125,0.0
-77.8125,5.4375,0.0
-77.8125,5.5625,0.0
-77.8125,5.6875,0.0
-77.8125,5.8125,0.0
-77.8125,5.9375,0.0
-77.8125,6.0625,0.0
-77.8125,6.1875,0.0
-77.8125,6.3125,0.0
-77.8125,6.4375,0.0
-77.8125,6.5625,0.0
-77.8125,6.6875,0.0
-77.8125,6.8125,0.0
-77.8125,6.9375,0.0
-77.8125,7.0625,0.0
-77.8125,7.1875,0.0
-77.8125,7.3125,0.0
-77.8125,7.4375,0.0
-77.8125,7.5625,0.0
-77.8125,7.6875,0.0
-77.8125,7.8125,0.0
-77.8125,7.9375,0.0
-77.8125,8.0625,0.0
-77.8125,8.1875,0.0
-77.8125,8.3125,0.0
-77.8125,8.4375,0.0
-77.8125,8.5625,0.0
-77.8125,8.6875,0.0
-77.8125,8.8125,0.0
-77.8125,8.9375,0.0
-77.8125,9.0625,0.0
-77.8125,9.1875,0.0
-77.8125,9.3125,0.0
-77.8125,9.4375,0.0
-77.8125,9.5625,0.0
-77.8125,9.6875,0.0
-77.8125,9.8125,0.0
-77.8125,9.9375,0.0
-77.8125,10.0625,0.0
-77.8125,10.1875,0.0
-77.8125,10.3125,0.0
-77.8125,10.4375,0.0
-77.8125,10.5625,0.0
-77.8125,10.6875,0.0
-77.8125,10.8125,0.0
-77.8125,10.9375,0.0
-77.8125,11.0625,0.0
-77.8125,11.1875,0.0
-77.8125,11.3125,0.0
-77.8125,11.4375,0.0
-77.8125,11.5625,0.0
-77.8125,11.6875,0.0
-77.8125,11.8125,0.0
-77.8125,11.9375,0.0
-77.8125,12.0625,0.0
-77.8125,12.1875,0.0
-77.8125,12.3125,0.0
-77.8125,12.4375,0.0
-77.6875,-4.1875,0.0
-77.6875,-4.0625,0.0
-77.6875,-3.9375,0.0
-77.6875,-3.8125,0.0
-77.6875,-3.6875,0.0
-77.6875,-3.5625,0.0
-77.6875,-3.4375,0.0
-77.6875,-3.3125,0.0
-77.6875,-3.1875,0.0
-77.6875,-3.0625,0.0
-77.6875,-2.9375,0.0
-77.6875,-2.8125,0.0
-77.6875,-2.6875,0.0
-77.6875,-2.5625,0.0
-77.6875,-2.4375,0.0
-77.6875,-2.3125,0.0
-77.6875,-2.1875,0.0
-77.6875,-2.0625,0.0
-77.6875,-1.9375,0.0
-77.6875,-1.8125,0.0
-77.6875,-1.6875,0.0
-77.6875,-1.5625,0.0
-77.6875,-1.4375,0.0
-77.6875,-1.3125,0.0
-77.6875,-1.1875,0.0
-77.6875,-1.0625,0.0
-77.6875,-0.9375,0.0
-77.6875,-0.8125,0.0
-77.6875,-0.6875,0.0
-77.6875,-0.5625,0.0
-77.6875,-0.4375,0.0
-77.6875,-0.3125,0.0
-77.6875,-0.1875,0.0
-77.6875,-0.0625,0.0
-77.6875,0.0625,0.0
-77.6875,0.1875,0.0
-77.6875,0.3125,0.0
-77.6875,0.4375,0.0
-77.6875,0.5625,0.0
-77.6875,0.6875,0.0
-77.6875,0.8125,0.0
-77.6875,0.9375,0.0
-77.6875,1.0625,0.0
-77.6875,1.1875,0.0
-77.6875,1.3125,0.0
-77.6875,1.4375,0.0
-77.6875,1.5625,0.0
-77.6875,1.6875,0.0
-77.6875,1.8125,0.0
-77.6875,1.9375,0.0
-77.6875,2.0625,0.0
-77.6875,2.1875,0.0
-77.6875,2.3125,0.0
-77.6875,2.4375,0.0
-77.6875,2.5625,0.0
-77.6875,2.6875,0.0
-77.6875,2.8125,0.0
-77.6875,2.9375,0.0
-77.6875,3.0625,0.0
-77.6875,3.1875,0.0
-77.6875,3.3125,0.0
-77.6875,3.4375,0.0
-77.6875,3.5625,0.0
-77.6875,3.6875,0.0
-77.6875,3.8125,0.0
-77.6875,3.9375,0.0
-77.6875,4.0625,0.0
-77.6875,4.1875,0.0
-77.6875,4.3125,0.0
-77.6875,4.4375,0.0
-77.6875,4.5625,0.0
-77.6875,4.6875,0.0
-77.6875,4.8125,0.0
-77.6875,4.9375,0.0
-77.6875,5.0625,0.0
-77.6875,5.1875,0.0
-77.6875,5.3125,0.0
-77.6875,5.4375,0.0
-77.6875,5.5625,0.0
-77.6875,5.6875,0.0
-77.6875,5.8125,0.0
-77.6875,5.9375,0.0
-77.6875,6.0625,0.0
-77.6875,6.1875,0.0
-77.6875,6.3125,0.0
-77.6875,6.4375,0.0
-77.6875,6.5625,0.0
-77.6875,6.6875,0.0
-77.6875,6.8125,0.0
-77.6875,6.9375,0.0
-77.6875,7.0625,0.0
-77.6875,7.1875,0.0
-77.6875,7.3125,0.0
-77.6875,7.4375,0.0
-77.6875,7.5625,0.0
-77.6875,7.6875,0.0
-77.6875,7.8125,0.0
-77.6875,7.9375,0.0
-77.6875,8.0625,0.0
-77.6875,8.1875,0.0
-77.6875,8.3125,0.0
-77.6875,8.4375,0.0
-77.6875,8.5625,0.0
-77.6875,8.6875,0.0
-77.6875,8.8125,0.0
-77.6875,8.9375,0.0
-77.6875,9.0625,0.0
-77.6875,9.1875,0.0
-77.6875,9.3125,0.0
-77.6875,9.4375,0.0
-77.6875,9.5625,0.0
-77.6875,9.6875,0.0
-77.6875,9.8125,0.0
-77.6875,9.9375,0.0
-77.6875,10.0625,0.0
-77.6875,10.1875,0.0
-77.6875,10.3125,0.0
-77.6875,10.4375,0.0
-77.6875,10.5625,0.0
-77.6875,10.6875,0.0
-77.6875,10.8125,0.0
-77.6875,10.9375,0.0
-77.6875,11.0625,0.0
-77.6875,11.1875,0.0
-77.6875,11.3125,0.0
-77.6875,11.4375,0.0
-77.6875,11.5625,0.0
-77.6875,11.6875,0.0
-77.6875,11.8125,0.0
-77.6875,11.9375,0.0
-77.6875,12.0625,0.0
-77.6875,12.1875,0.0
-77.6875,12.3125,0.0
-77.6875,12.4375,0.0
-77.5625,-4.1875,0.0
-77.5625,-4.0625,0.0
-77.5625,-3.9375,0.0
-77.5625,-3.8125,0.0
-77.5625,-3.6875,0.0
-77.5625,-3.5625,0.0
-77.5625,-3.4375,0.0
-77.5625,-3.3125,0.0
-77.5625,-3.1875,0.0
-77.5625,-3.0625,0.0
-77.5625,-2.9375,0.0
-77.5625,-2.8125,0.0
-77.5625,-2.6875,0.0
-77.5625,-2.5625,0.0
-77.5625,-2.4375,0.0
-77.5625,-2.3125,0.0
-77.5625,-2.1875,0.0
-77.5625,-2.0625,0.0
-77.5625,-1.9375,0.0
-77.5625,-1.8125,0.0
-77.5625,-1.6875,0.0
-77.5625,-1.5625,0.0
-77.5625,-1.4375,0.0
-77.5625,-1.3125,0.0
-77.5625,-1.1875,0.0
-77.5625,-1.0625,0.0
-77.5625,-0.9375,0.0
-77.5625,-0.8125,0.0
-77.5625,-0.6875,0.0
-77.5625,-0.5625,0.0
-77.5625,-0.4375,0.0
-77.5625,-0.3125,0.0
-77.5625,-0.1875,0.0
-77.5625,-0.0625,0.0
-77.5625,0.0625,0.0
-77.5625,0.1875,0.0
-77.5625,0.3125,0.0
-77.5625,0.4375,0.0
-77.5625,0.5625,0.0
-77.5625,0.6875,0.0
-77.5625,0.8125,0.0
-77.5625,0.9375,0.0
-77.5625,1.0625,0.0
-77.5625,1.1875,0.0
-77.5625,1.3125,0.0
-77.5625,1.4375,0.0
-77.5625,1.5625,0.0
-77.5625,1.6875,0.0
-77.5625,1.8125,0.0
-77.5625,1.9375,0.0
-77.5625,2.0625,0.0
-77.5625,2.1875,0.0
-77.5625,2.3125,0.0
-77.5625,2.4375,0.0
-77.5625,2.5625,0.0
-77.5625,2.6875,0.0
-77.5625,2.8125,0.0
-77.5625,2.9375,0.0
-77.5625,3.0625,0.0
-77.5625,3.1875,0.0
-77.5625,3.3125,0.0
-77.5625,3.4375,0.0
-77.5625,3.5625,0.0
-77.5625,3.6875,0.0
-77.5625,3.8125,0.0
-77.5625,3.9375,0.0
-77.5625,4.0625,0.0
-77.5625,4.1875,0.0
-77.5625,4.3125,0.0
-77.5625,4.4375,0.0
-77.5625,4.5625,0.0
-77.5625,4.6875,0.0
-77.5625,4.8125,0.0
-77.5625,4.9375,0.0
-77.5625,5.0625,0.0
-77.5625,5.1875,0.0
-77.5625,5.3125,0.0
-77.5625,5.4375,0.0
-77.5625,5.5625,0.0
-77.5625,5.6875,0.0
-77.5625,5.8125,0.0
-77.5625,5.9375,0.0
-77.5625,6.0625,0.0
-77.5625,6.1875,0.0
-77.5625,6.3125,0.0
-77.5625,6.4375,0.0
-77.5625,6.5625,0.0
-77.5625,6.6875,0.0
-77.5625,6.8125,0.0
-77.5625,6.9375,0.0
-77.5625,7.0625,0.0
-77.5625,7.1875,0.0
-77.5625,7.3125,0.0
-77.5625,7.4375,0.0
-77.5625,7.5625,0.0
-77.5625,7.6875,0.0
-77.5625,7.8125,0.0
-77.5625,7.9375,0.0
-77.5625,8.0625,0.0
-77.5625,8.1875,0.0
-77.5625,8.3125,0.0
-77.5625,8.4375,0.0
-77.5625,8.5625,0.0
-77.5625,8.6875,0.0
-77.5625,8.8125,0.0
-77.5625,8.9375,0.0
-77.5625,9.0625,0.0
-77.5625,9.1875,0.0
-77.5625,9.3125,0.0
-77.5625,9.4375,0.0
-77.5625,9.5625,0.0
-77.5625,9.6875,0.0
-77.5625,9.8125,0.0
-77.5625,9.9375,0.0
-77.5625,10.0625,0.0
-77.5625,10.1875,0.0
-77.5625,10.3125,0.0
-77.5625,10.4375,0.0
-77.5625,10.5625,0.0
-77.5625,10.6875,0.0
-77.5625,10.8125,0.0
-77.5625,10.9375,0.0
-77.5625,11.0625,0.0
-77.5625,11.1875,0.0
-77.5625,11.3125,0.0
-77.5625,11.4375,0.0
-77.5625,11.5625,0.0
-77.5625,11.6875,0.0
-77.5625,11.8125,0.0
-77.5625,11.9375,0.0
-77.5625,12.0625,0.0
-77.5625,12.1875,0.0
-77.5625,12.3125,0.0
-77.5625,12.4375,0.0
-77.4375,-4.1875,0.0
-77.4375,-4.0625,0.0
-77.4375,-3.9375,0.0
-77.4375,-3.8125,0.0
-77.4375,-3.6875,0.0
-77.4375,-3.5625,0.0
-77.4375,-3.4375,0.0
-77.4375,-3.3125,0.0
-77.4375,-3.1875,0.0
-77.4375,-3.0625,0.0
-77.4375,-2.9375,0.0
-77.4375,-2.8125,0.0
-77.4375,-2.6875,0.0
-77.4375,-2.5625,0.0
-77.4375,-2.4375,0.0
-77.4375,-2.3125,0.0
-77.4375,-2.1875,0.0
-77.4375,-2.0625,0.0
-77.4375,-1.9375,0.0
-77.4375,-1.8125,0.0
-77.4375,-1.6875,0.0
-77.4375,-1.5625,0.0
-77.4375,-1.4375,0.0
-77.4375,-1.3125,0.0
-77.4375,-1.1875,0.0
-77.4375,-1.0625,0.0
-77.4375,-0.9375,0.0
-77.4375,-0.8125,0.0
-77.4375,-0.6875,0.0
-77.4375,-0.5625,0.0
-77.4375,-0.4375,0.0
-77.4375,-0.3125,0.0
-77.4375,-0.1875,0.0
-77.4375,-0.0625,0.0
-77.4375,0.0625,0.0
-77.4375,0.1875,0.0
-77.4375,0.3125,0.0
-77.4375,0.4375,0.0
-77.4375,0.5625,0.0
-77.4375,0.6875,0.0
-77.4375,0.8125,0.0
-77.4375,0.9375,0.0
-77.4375,1.0625,0.0
-77.4375,1.1875,0.0
-77.4375,1.3125,0.0
-77.4375,1.4375,0.0
-77.4375,1.5625,0.0
-77.4375,1.6875,0.0
-77.4375,1.8125,0.0
-77.4375,1.9375,0.0
-77.4375,2.0625,0.0
-77.4375,2.1875,0.0
-77.4375,2.3125,0.0
-77.4375,2.4375,0.0
-77.4375,2.5625,0.0
-77.4375,2.6875,0.0
-77.4375,2.8125,0.0
-77.4375,2.9375,0.0
-77.4375,3.0625,0.0
-77.4375,3.1875,0.0
-77.4375,3.3125,0.0
-77.4375,3.4375,0.0
-77.4375,3.5625,0.0
-77.4375,3.6875,0.0
-77.4375,3.8125,0.0
-77.4375,3.9375,0.0
-77.4375,4.0625,0.0
-77.4375,4.1875,0.0
-77.4375,4.3125,0.0
-77.4375,4.4375,0.0
-77.4375,4.5625,0.0
-77.4375,4.6875,0.0
-77.4375,4.8125,0.0
-77.4375,4.9375,0.0
-77.4375,5.0625,0.0
-77.4375,5.1875,0.0
-77.4375,5.3125,0.0
-77.4375,5.4375,0.0
-77.4375,5.5625,0.0
-77.4375,5.6875,0.0
-77.4375,5.8125,0.0
-77.4375,5.9375,0.0
-77.4375,6.0625,0.0
-77.4375,6.1875,0.0
-77.4375,6.3125,0.0
-77.4375,6.4375,0.0
-77.4375,6.5625,0.0
-77.4375,6.6875,0.0
-77.4375,6.8125,0.0
-77.4375,6.9375,0.0
-77.4375,7.0625,0.0
-77.4375,7.1875,0.0
-77.4375,7.3125,0.0
-77.4375,7.4375,0.0
-77.4375,7.5625,0.0
-77.4375,7.6875,0.0
-77.4375,7.8125,0.0
-77.4375,7.9375,0.0
-77.4375,8.0625,0.0
-77.4375,8.1875,0.0
-77.4375,8.3125,0.0
-77.4375,8.4375,0.0
-77.4375,8.5625,0.0
-77.4375,8.6875,0.0
-77.4375,8.8125,0.0
-77.4375,8.9375,0.0
-77.4375,9.0625,0.0
-77.4375,9.1875,0.0
-77.4375,9.3125,0.0
-77.4375,9.4375,0.0
-77.4375,9.5625,0.0
-77.4375,9.6875,0.0
-77.4375,9.8125,0.0
-77.4375,9.9375,0.0
-77.4375,10.0625,0.0
-77.4375,10.1875,0.0
-77.4375,10.3125,0.0
-77.4375,10.4375,0.0
-77.4375,10.5625,0.0
-77.4375,10.6875,0.0
-77.4375,10.8125,0.0
-77.4375,10.9375,0.0
-77.4375,11.0625,0.0
-77.4375,11.1875,0.0
-77.4375,11.3125,0.0
-77.4375,11.4375,0.0
-77.4375,11.5625,0.0
-77.4375,11.6875,0.0
-77.4375,11.8125,0.0
-77.4375,11.9375,0.0
-77.4375,12.0625,0.0
-77.4375,12.1875,0.0
-77.4375,12.3125,0.0
-77.4375,12.4375,0.0
-77.3125,-4.1875,0.0
-77.3125,-4.0625,0.0
-77.3125,-3.9375,0.0
-77.3125,-3.8125,0.0
-77.3125,-3.6875,0.0
-77.3125,-3.5625,0.0
-77.3125,-3.4375,0.0
-77.3125,-3.3125,0.0
-77.3125,-3.1875,0.0
-77.3125,-3.0625,0.0
-77.3125,-2.9375,0.0
-77.3125,-2.8125,0.0
-77.3125,-2.6875,0.0
-77.3125,-2.5625,0.0
-77.3125,-2.4375,0.0
-77.3125,-2.3125,0.0
-77.3125,-2.1875,0.0
-77.3125,-2.0625,0.0
-77.3125,-1.9375,0.0
-77.3125,-1.8125,0.0
-77.3125,-1.6875,0.0
-77.3125,-1.5625,0.0
-77.3125,-1.4375,0.0
-77.3125,-1.3125,0.0
-77.3125,-1.1875,0.0
-77.3125,-1.0625,0.0
-77.3125,-0.9375,0.0
-77.3125,-0.8125,0.0
-77.3125,-0.6875,0.0
-77.3125,-0.5625,0.0
-77.3125,-0.4375,0.0
-77.3125,-0.3125,0.0
-77.3125,-0.1875,0.0
-77.3125,-0.0625,0.0
-77.3125,0.0625,0.0
-77.3125,0.1875,0.0
-77.3125,0.3125,0.0
-77.3125,0.4375,0.0
-77.3125,0.5625,0.0
-77.3125,0.6875,0.0
-77.3125,0.8125,0.0
-77.3125,0.9375,0.0
-77.3125,1.0625,0.0
-77.3125,1.1875,0.0
-77.3125,1.3125,0.0
-77.3125,1.4375,0.0
-77.3125,1.5625,0.0
-77.3125,1.6875,0.0
-77.3125,1.8125,0.0
-77.3125,1.9375,0.0
-77.3125,2.0625,0.0
-77.3125,2.1875,0.0
-77.3125,2.3125,0.0
-77.3125,2.4375,0.0
-77.3125,2.5625,0.0
-77.3125,2.6875,0.0
-77.3125,2.8125,0.0
-77.3125,2.9375,0.0
-77.3125,3.0625,0.0
-77.3125,3.1875,0.0
-77.3125,3.3125,0.0
-77.3125,3.4375,0.0
-77.3125,3.5625,0.0
-77.3125,3.6875,0.0
-77.3125,3.8125,0.0
-77.3125,3.9375,0.0
-77.3125,4.0625,0.0
-77.3125,4.1875,0.0
-77.3125,4.3125,0.0
-77.3125,4.4375,0.0
-77.3125,4.5625,0.0
-77.3125,4.6875,0.0
-77.3125,4.8125,0.0
-77.3125,4.9375,0.0
-77.3125,5.0625,0.0
-77.3125,5.1875,0.0
-77.3125,5.3125,0.0
-77.3125,5.4375,0.0
-77.3125,5.5625,0.0
-77.3125,5.6875,0.0
-77.3125,5.8125,0.0
-77.3125,5.9375,0.0
-77.3125,6.0625,0.0
-77.3125,6.1875,0.0
-77.3125,6.3125,0.0
-77.3125,6.4375,0.0
-77.3125,6.5625,0.0
-77.3125,6.6875,0.0
-77.3125,6.8125,0.0
-77.3125,6.9375,0.0
-77.3125,7.0625,0.0
-77.3125,7.1875,0.0
-77.3125,7.3125,0.0
-77.3125,7.4375,0.0
-77.3125,7.5625,0.0
-77.3125,7.6875,0.0
-77.3125,7.8125,0.0
-77.3125,7.9375,0.0
-77.3125,8.0625,0.0
-77.3125,8.1875,0.0
-77.3125,8.3125,0.0
-77.3125,8.4375,0.0
-77.3125,8.5625,0.0
-77.3125,8.6875,0.0
-77.3125,8.8125,0.0
-77.3125,8.9375,0.0
-77.3125,9.0625,0.0
-77.3125,9.1875,0.0
-77.3125,9.3125,0.0
-77.3125,9.4375,0.0
-77.3125,9.5625,0.0
-77.3125,9.6875,0.0
-77.3125,9.8125,0.0
-77.3125,9.9375,0.0
-77.3125,10.0625,0.0
-77.3125,10.1875,0.0
-77.3125,10.3125,0.0
-77.3125,10.4375,0.0
-77.3125,10.5625,0.0
-77.3125,10.6875,0.0
-77.3125,10.8125,0.0
-77.3125,10.9375,0.0
-77.3125,11.0625,0.0
-77.3125,11.1875,0.0
-77.3125,11.3125,0.0
-77.3125,11.4375,0.0
-77.3125,11.5625,0.0
-77.3125,11.6875,0.0
-77.3125,11.8125,0.0
-77.3125,11.9375,0.0
-77.3125,12.0625,0.0
-77.3125,12.1875,0.0
-77.3125,12.3125,0.0
-77.3125,12.4375,0.0
-77.1875,-4.1875,0.0
-77.1875,-4.0625,0.0
-77.1875,-3.9375,0.0
-77.1875,-3.8125,0.0
-77.1875,-3.6875,0.0
-77.1875,-3.5625,0.0
-77.1875,-3.4375,0.0
-77.1875,-3.3125,0.0
-77.1875,-3.1875,0.0
-77.1875,-3.0625,0.0
-77.1875,-2.9375,0.0
-77.1875,-2.8125,0.0
-77.1875,-2.6875,0.0
-77.1875,-2.5625,0.0
-77.1875,-2.4375,0.0
-77.1875,-2.3125,0.0
-77.1875,-2.1875,0.0
-77.1875,-2.0625,0.0
-77.1875,-1.9375,0.0
-77.1875,-1.8125,0.0
-77.1875,-1.6875,0.0
-77.1875,-1.5625,0.0
-77.1875,-1.4375,0.0
-77.1875,-1.3125,0.0
-77.1875,-1.1875,0.0
-77.1875,-1.0625,0.0
-77.1875,-0.9375,0.0
-77.1875,-0.8125,0.0
-77.1875,-0.6875,0.0
-77.1875,-0.5625,0.0
-77.1875,-0.4375,0.0
-77.1875,-0.3125,0.0
-77.1875,-0.1875,0.0
-77.1875,-0.0625,0.0
-77.1875,0.0625,0.0
-77.1875,0.1875,0.0
-77.1875,0.3125,0.0
-77.1875,0.4375,0.0
-77.1875,0.5625,0.0
-77.1875,0.6875,0.0
-77.1875,0.8125,0.0
-77.1875,0.9375,0.0
-77.1875,1.0625,0.0
-77.1875,1.1875,0.0
-77.1875,1.3125,0.0
-77.1875,1.4375,0.0
-77.1875,1.5625,0.0
-77.1875,1.6875,0.0
-77.1875,1.8125,0.0
-77.1875,1.9375,0.0
-77.1875,2.0625,0.0
-77.1875,2.1875,0.0
-77.1875,2.3125,0.0
-77.1875,2.4375,0.0
-77.1875,2.5625,0.0
-77.1875,2.6875,0.0
-77.1875,2.8125,0.0
-77.1875,2.9375,0.0
-77.1875,3.0625,0.0
-77.1875,3.1875,0.0
-77.1875,3.3125,0.0
-77.1875,3.4375,0.0
-77.1875,3.5625,0.0
-77.1875,3.6875,0.0
-77.1875,3.8125,0.0
-77.1875,3.9375,0.0
-77.1875,4.0625,0.0
-77.1875,4.1875,0.0
-77.1875,4.3125,0.0
-77.1875,4.4375,0.0
-77.1875,4.5625,0.0
-77.1875,4.6875,0.0
-77.1875,4.8125,0.0
-77.1875,4.9375,0.0
-77.1875,5.0625,0.0
-77.1875,5.1875,0.0
-77.1875,5.3125,0.0
-77.1875,5.4375,0.0
-77.1875,5.5625,0.0
-77.1875,5.6875,0.0
-77.1875,5.8125,0.0
-77.1875,5.9375,0.0
-77.1875,6.0625,0.0
-77.1875,6.1875,0.0
-77.1875,6.3125,0.0
-77.1875,6.4375,0.0
-77.1875,6.5625,0.0
-77.1875,6.6875,0.0
-77.1875,6.8125,0.0
-77.1875,6.9375,0.0
-77.1875,7.0625,0.0
-77.1875,7.1875,0.0
-77.1875,7.3125,0.0
-77.1875,7.4375,0.0
-77.1875,7.5625,0.0
-77.1875,7.6875,0.0
-77.1875,7.8125,0.0
-77.1875,7.9375,0.0
-77.1875,8.0625,0.0
-77.1875,8.1875,0.0
-77.1875,8.3125,0.0
-77.1875,8.4375,0.0
-77.1875,8.5625,0.0
-77.1875,8.6875,0.0
-77.1875,8.8125,0.0
-77.1875,8.9375,0.0
-77.1875,9.0625,0.0
-77.1875,9.1875,0.0
-77.1875,9.3125,0.0
-77.1875,9.4375,0.0
-77.1875,9.5625,0.0
-77.1875,9.6875,0.0
-77.1875,9.8125,0.0
-77.1875,9.9375,0.0
-77.1875,10.0625,0.0
-77.1875,10.1875,0.0
-77.1875,10.3125,0.0
-77.1875,10.4375,0.0
-77.1875,10.5625,0.0
-77.1875,10.6875,0.0
-77.1875,10.8125,0.0
-77.1875,10.9375,0.0
-77.1875,11.0625,0.0
-77.1875,11.1875,0.0
-77.1875,11.3125,0.0
-77.1875,11.4375,0.0
-77.1875,11.5625,0.0
-77.1875,11.6875,0.0
-77.1875,11.8125,0.0
-77.1875,11.9375,0.0
-77.1875,12.0625,0.0
-77.1875,12.1875,0.0
-77.1875,12.3125,0.0
-77.1875,12.4375,0.0
-77.0625,-4.1875,0.0
-77.0625,-4.0625,0.0
-77.0625,-3.9375,0.0
-77.0625,-3.8125,0.0
-77.0625,-3.6875,0.0
-77.0625,-3.5625,0.0
-77.0625,-3.4375,0.0
-77.0625,-3.3125,0.0
-77.0625,-3.1875,0.0
-77.0625,-3.0625,0.0
-77.0625,-2.9375,0.0
-77.0625,-2.8125,0.0
-77.0625,-2.6875,0.0
-77.0625,-2.5625,0.0
-77.0625,-2.4375,0.0
-77.0625,-2.3125,0.0
-77.0625,-2.1875,0.0
-77.0625,-2.0625,0.0
-77.0625,-1.9375,0.0
-77.0625,-1.8125,0.0
-77.0625,-1.6875,0.0
-77.0625,-1.5625,0.0
-77.0625,-1.4375,0.0
-77.0625,-1.3125,0.0
-77.0625,-1.1875,0.0
-77.0625,-1.0625,0.0
-77.0625,-0.9375,0.0
-77.0625,-0.8125,0.0
-77.0625,-0.6875,0.0
-77.0625,-0.5625,0.0
-77.0625,-0.4375,0.0
-77.0625,-0.3125,0.0
-77.0625,-0.1875,0.0
-77.0625,-0.0625,0.0
-77.0625,0.0625,0.0
-77.0625,0.1875,0.0
-77.0625,0.3125,0.0
-77.0625,0.4375,0.0
-77.0625,0.5625,0.0
-77.0625,0.6875,0.0
-77.0625,0.8125,0.0
-77.0625,0.9375,0.0
-77.0625,1.0625,0.0
-77.0625,1.1875,0.0
-77.0625,1.3125,0.0
-77.0625,1.4375,0.0
-77.0625,1.5625,0.0
-77.0625,1.6875,0.0
-77.0625,1.8125,0.0
-77.0625,1.9375,0.0
-77.0625,2.0625,0.0
-77.0625,2.1875,0.0
-77.0625,2.3125,0.0
-77.0625,2.4375,0.0
-77.0625,2.5625,0.0
-77.0625,2.6875,0.0
-77.0625,2.8125,0.0
-77.0625,2.9375,0.0
-77.0625,3.0625,0.0
-77.0625,3.1875,0.0
-77.0625,3.3125,0.0
-77.0625,3.4375,0.0
-77.0625,3.5625,0.0
-77.0625,3.6875,0.0
-77.0625,3.8125,0.0
-77.0625,3.9375,0.0
-77.0625,4.0625,0.0
-77.0625,4.1875,0.0
-77.0625,4.3125,0.0
-77.0625,4.4375,0.0
-77.0625,4.5625,0.0
-77.0625,4.6875,0.0
-77.0625,4.8125,0.0
-77.0625,4.9375,0.0
-77.0625,5.0625,0.0
-77.0625,5.1875,0.0
-77.0625,5.3125,0.0
-77.0625,5.4375,0.0
-77.0625,5.5625,0.0
-77.0625,5.6875,0.0
-77.0625,5.8125,0.0
-77.0625,5.9375,0.0
-77.0625,6.0625,0.0
-77.0625,6.1875,0.0
-77.0625,6.3125,0.0
-77.0625,6.4375,0.0
-77.0625,6.5625,0.0
-77.0625,6.6875,0.0
-77.0625,6.8125,0.0
-77.0625,6.9375,0.0
-77.0625,7.0625,0.0
-77.0625,7.1875,0.0
-77.0625,7.3125,0.0
-77.0625,7.4375,0.0
-77.0625,7.5625,0.0
-77.0625,7.6875,0.0
-77.0625,7.8125,0.0
-77.0625,7.9375,0.0
-77.0625,8.0625,0.0
-77.0625,8.1875,0.0
-77.0625,8.3125,0.0
-77.0625,8.4375,0.0
-77.0625,8.5625,0.0
-77.0625,8.6875,0.0
-77.0625,8.8125,0.0
-77.0625,8.9375,0.0
-77.0625,9.0625,0.0
-77.0625,9.1875,0.0
-77.0625,9.3125,0.0
-77.0625,9.4375,0.0
-77.0625,9.5625,0.0
-77.0625,9.6875,0.0
-77.0625,9.8125,0.0
-77.0625,9.9375,0.0
-77.0625,10.0625,0.0
-77.0625,10.1875,0.0
-77.0625,10.3125,0.0
-77.0625,10.4375,0.0
-77.0625,10.5625,0.0
-77.0625,10.6875,0.0
-77.0625,10.8125,0.0
-77.0625,10.9375,0.0
-77.0625,11.0625,0.0
-77.0625,11.1875,0.0
-77.0625,11.3125,0.0
-77.0625,11.4375,0.0
-77.0625,11.5625,0.0
-77.0625,11.6875,0.0
-77.0625,11.8125,0.0
-77.0625,11.9375,0.0
-77.0625,12.0625,0.0
-77.0625,12.1875,0.0
-77.0625,12.3125,0.0
-77.0625,12.4375,0.0
-76.9375,-4.1875,0.0
-76.9375,-4.0625,0.0
-76.9375,-3.9375,0.0
-76.9375,-3.8125,0.0
-76.9375,-3.6875,0.0
-76.9375,-3.5625,0.0
-76.9375,-3.4375,0.0
-76.9375,-3.3125,0.0
-76.9375,-3.1875,0.0
-76.9375,-3.0625,0.0
-76.9375,-2.9375,0.0
-76.9375,-2.8125,0.0
-76.9375,-2.6875,0.0
-76.9375,-2.5625,0.0
-76.9375,-2.4375,0.0
-76.9375,-2.3125,0.0
-76.9375,-2.1875,0.0
-76.9375,-2.0625,0.0
-76.9375,-1.9375,0.0
-76.9375,-1.8125,0.0
-76.9375,-1.6875,0.0
-76.9375,-1.5625,0.0
-76.9375,-1.4375,0.0
-76.9375,-1.3125,0.0
-76.9375,-1.1875,0.0
-76.9375,-1.0625,0.0
-76.9375,-0.9375,0.0
-76.9375,-0.8125,0.0
-76.9375,-0.6875,0.0
-76.9375,-0.5625,0.0
-76.9375,-0.4375,0.0
-76.9375,-0.3125,0.0
-76.9375,-0.1875,0.0
-76.9375,-0.0625,0.0
-76.9375,0.0625,0.0
-76.9375,0.1875,0.0
-76.9375,0.3125,0.0
-76.9375,0.4375,0.0
-76.9375,0.5625,0.0
-76.9375,0.6875,0.0
-76.9375,0.8125,0.0
-76.9375,0.9375,0.0
-76.9375,1.0625,0.0
-76.9375,1.1875,0.0
-76.9375,1.3125,0.0
-76.9375,1.4375,0.0
-76.9375,1.5625,0.0
-76.9375,1.6875,0.0
-76.9375,1.8125,0.0
-76.9375,1.9375,0.0
-76.9375,2.0625,0.0
-76.9375,2.1875,0.0
-76.9375,2.3125,0.0
-76.9375,2.4375,0.0
-76.9375,2.5625,0.0
-76.9375,2.6875,0.0
-76.9375,2.8125,0.0
-76.9375,2.9375,0.0
-76.9375,3.0625,0.0
-76.9375,3.1875,0.0
-76.9375,3.3125,0.0
-76.9375,3.4375,0.0
-76.9375,3.5625,0.0
-76.9375,3.6875,0.0
-76.9375,3.8125,0.0
-76.9375,3.9375,0.0
-76.9375,4.0625,0.0
-76.9375,4.1875,0.0
-76.9375,4.3125,0.0
-76.9375,4.4375,0.0
-76.9375,4.5625,0.0
-76.9375,4.6875,0.0
-76.9375,4.8125,0.0
-76.9375,4.9375,0.0
-76.9375,5.0625,0.0
-76.9375,5.1875,0.0
-76.9375,5.3125,0.0
-76.9375,5.4375,0.0
-76.9375,5.5625,0.0
-76.9375,5.6875,0.0
-76.9375,5.8125,0.0
-76.9375,5.9375,0.0
-76.9375,6.0625,0.0
-76.9375,6.1875,0.0
-76.9375,6.3125,0.0
-76.9375,6.4375,0.0
-76.9375,6.5625,0.0
-76.9375,6.6875,0.0
-76.9375,6.8125,0.0
-76.9375,6.9375,0.0
-76.9375,7.0625,0.0
-76.9375,7.1875,0.0
-76.9375,7.3125,0.0
-76.9375,7.4375,0.0
-76.9375,7.5625,0.0
-76.9375,7.6875,0.0
-76.9375,7.8125,0.0
-76.9375,7.9375,0.0
-76.9375,8.0625,0.0
-76.9375,8.1875,0.0
-76.9375,8.3125,0.0
-76.9375,8.4375,0.0
-76.9375,8.5625,0.0
-76.9375,8.6875,0.0
-76.9375,8.8125,0.0
-76.9375,8.9375,0.0
-76.9375,9.0625,0.0
-76.9375,9.1875,0.0
-76.9375,9.3125,0.0
-76.9375,9.4375,0.0
-76.9375,9.5625,0.0
-76.9375,9.6875,0.0
-76.9375,9.8125,0.0
-76.9375,9.9375,0.0
-76.9375,10.0625,0.0
-76.9375,10.1875,0.0
-76.9375,10.3125,0.0
-76.9375,10.4375,0.0
-76.9375,10.5625,0.0
-76.9375,10.6875,0.0
-76.9375,10.8125,0.0
-76.9375,10.9375,0.0
-76.9375,11.0625,0.0
-76.9375,11.1875,0.0
-76.9375,11.3125,0.0
-76.9375,11.4375,0.0
-76.9375,11.5625,0.0
-76.9375,11.6875,0.0
-76.9375,11.8125,0.0
-76.9375,11.9375,0.0
-76.9375,12.0625,0.0
-76.9375,12.1875,0.0
-76.9375,12.3125,0.0
-76.9375,12.4375,0.0
-76.8125,-4.1875,0.0
-76.8125,-4.0625,0.0
-76.8125,-3.9375,0.0
-76.8125,-3.8125,0.0
-76.8125,-3.6875,0.0
-76.8125,-3.5625,0.0
-76.8125,-3.4375,0.0
-76.8125,-3.3125,0.0
-76.8125,-3.1875,0.0
-76.8125,-3.0625,0.0
-76.8125,-2.9375,0.0
-76.8125,-2.8125,0.0
-76.8125,-2.6875,0.0
-76.8125,-2.5625,0.0
-76.8125,-2.4375,0.0
-76.8125,-2.3125,0.0
-76.8125,-2.1875,0.0
-76.8125,-2.0625,0.0
-76.8125,-1.9375,0.0
-76.8125,-1.8125,0.0
-76.8125,-1.6875,0.0
-76.8125,-1.5625,0.0
-76.8125,-1.4375,0.0
-76.8125,-1.3125,0.0
-76.8125,-1.1875,0.0
-76.8125,-1.0625,0.0
-76.8125,-0.9375,0.0
-76.8125,-0.8125,0.0
-76.8125,-0.6875,0.0
-76.8125,-0.5625,0.0
-76.8125,-0.4375,0.0
-76.8125,-0.3125,0.0
-76.8125,-0.1875,0.0
-76.8125,-0.0625,0.0
-76.8125,0.0625,0.0
-76.8125,0.1875,0.0
-76.8125,0.3125,0.0
-76.8125,0.4375,0.0
-76.8125,0.5625,0.0
-76.8125,0.6875,0.0
-76.8125,0.8125,0.0
-76.8125,0.9375,0.0
-76.8125,1.0625,0.0
-76.8125,1.1875,0.0
-76.8125,1.3125,0.0
-76.8125,1.4375,0.0
-76.8125,1.5625,0.0
-76.8125,1.6875,0.0
-76.8125,1.8125,0.0
-76.8125,1.9375,0.0
-76.8125,2.0625,0.0
-76.8125,2.1875,0.0
-76.8125,2.3125,0.0
-76.8125,2.4375,0.0
-76.8125,2.5625,0.0
-76.8125,2.6875,0.0
-76.8125,2.8125,0.0
-76.8125,2.9375,0.0
-76.8125,3.0625,0.0
-76.8125,3.1875,0.0
-76.8125,3.3125,0.0
-76.8125,3.4375,0.0
-76.8125,3.5625,0.0
-76.8125,3.6875,0.0
-76.8125,3.8125,0.0
-76.8125,3.9375,0.0
-76.8125,4.0625,0.0
-76.8125,4.1875,0.0
-76.8125,4.3125,0.0
-76.8125,4.4375,0.0
-76.8125,4.5625,0.0
-76.8125,4.6875,0.0
-76.8125,4.8125,0.0
-76.8125,4.9375,0.0
-76.8125,5.0625,0.0
-76.8125,5.1875,0.0
-76.8125,5.3125,0.0
-76.8125,5.4375,0.0
-76.8125,5.5625,0.0
-76.8125,5.6875,0.0
-76.8125,5.8125,0.0
-76.8125,5.9375,0.0
-76.8125,6.0625,0.0
-76.8125,6.1875,0.0
-76.8125,6.3125,0.0
-76.8125,6.4375,0.0
-76.8125,6.5625,0.0
-76.8125,6.6875,0.0
-76.8125,6.8125,0.0
-76.8125,6.9375,0.0
-76.8125,7.0625,0.0
-76.8125,7.1875,0.0
-76.8125,7.3125,0.0
-76.8125,7.4375,0.0
-76.8125,7.5625,0.0
-76.8125,7.6875,0.0
-76.8125,7.8125,0.0
-76.8125,7.9375,0.0
-76.8125,8.0625,0.0
-76.8125,8.1875,0.0
-76.8125,8.3125,0.0
-76.8125,8.4375,0.0
-76.8125,8.5625,0.0
-76.8125,8.6875,0.0
-76.8125,8.8125,0.0
-76.8125,8.9375,0.0
-76.8125,9.0625,0.0
-76.8125,9.1875,0.0
-76.8125,9.3125,0.0
-76.8125,9.4375,0.0
-76.8125,9.5625,0.0
-76.8125,9.6875,0.0
-76.8125,9.8125,0.0
-76.8125,9.9375,0.0
-76.8125,10.0625,0.0
-76.8125,10.1875,0.0
-76.8125,10.3125,0.0
-76.8125,10.4375,0.0
-76.8125,10.5625,0.0
-76.8125,10.6875,0.0
-76.8125,10.8125,0.0
-76.8125,10.9375,0.0
-76.8125,11.0625,0.0
-76.8125,11.1875,0.0
-76.8125,11.3125,0.0
-76.8125,11.4375,0.0
-76.8125,11.5625,0.0
-76.8125,11.6875,0.0
-76.8125,11.8125,0.0
-76.8125,11.9375,0.0
-76.8125,12.0625,0.0
-76.8125,12.1875,0.0
-76.8125,12.3125,0.0
-76.8125,12.4375,0.0
-76.6875,-4.1875,0.0
-76.6875,-4.0625,0.0
-76.6875,-3.9375,0.0
-76.6875,-3.8125,0.0
-76.6875,-3.6875,0.0
-76.6875,-3.5625,0.0
-76.6875,-3.4375,0.0
-76.6875,-3.3125,0.0
-76.6875,-3.1875,0.0
-76.6875,-3.0625,0.0
-76.6875,-2.9375,0.0
-76.6875,-2.8125,0.0
-76.6875,-2.6875,0.0
-76.6875,-2.5625,0.0
-76.6875,-2.4375,0.0
-76.6875,-2.3125,0.0
-76.6875,-2.1875,0.0
-76.6875,-2.0625,0.0
-76.6875,-1.9375,0.0
-76.6875,-1.8125,0.0
-76.6875,-1.6875,0.0
-76.6875,-1.5625,0.0
-76.6875,-1.4375,0.0
-76.6875,-1.3125,0.0
-76.6875,-1.1875,0.0
-76.6875,-1.0625,0.0
-76.6875,-0.9375,0.0
-76.6875,-0.8125,0.0
-76.6875,-0.6875,0.0
-76.6875,-0.5625,0.0
-76.6875,-0.4375,0.0
-76.6875,-0.3125,0.0
-76.6875,-0.1875,0.0
-76.6875,-0.0625,0.0
-76.6875,0.0625,0.0
-76.6875,0.1875,0.0
-76.6875,0.3125,0.0
-76.6875,0.4375,0.0
-76.6875,0.5625,0.0
-76.6875,0.6875,0.0
-76.6875,0.8125,0.0
-76.6875,0.9375,0.0
-76.6875,1.0625,0.0
-76.6875,1.1875,0.0
-76.6875,1.3125,0.0
-76.6875,1.4375,0.0
-76.6875,1.5625,0.0
-76.6875,1.6875,0.0
-76.6875,1.8125,0.0
-76.6875,1.9375,0.0
-76.6875,2.0625,0.0
-76.6875,2.1875,0.0
-76.6875,2.3125,0.0
-76.6875,2.4375,0.0
-76.6875,2.5625,0.0
-76.6875,2.6875,0.0
-76.6875,2.8125,0.0
-76.6875,2.9375,0.0
-76.6875,3.0625,0.0
-76.6875,3.1875,0.0
-76.6875,3.3125,0.0
-76.6875,3.4375,0.0
-76.6875,3.5625,0.0
-76.6875,3.6875,0.0
-76.6875,3.8125,0.0
-76.6875,3.9375,0.0
-76.6875,4.0625,0.0
-76.6875,4.1875,0.0
-76.6875,4.3125,0.0
-76.6875,4.4375,0.0
-76.6875,4.5625,0.0
-76.6875,4.6875,0.0
-76.6875,4.8125,0.0
-76.6875,4.9375,0.0
-76.6875,5.0625,0.0
-76.6875,5.1875,0.0
-76.6875,5.3125,0.0
-76.6875,5.4375,0.0
-76.6875,5.5625,0.0
-76.6875,5.6875,0.0
-76.6875,5.8125,0.0
-76.6875,5.9375,0.0
-76.6875,6.0625,0.0
-76.6875,6.1875,0.0
-76.6875,6.3125,0.0
-76.6875,6.4375,0.0
-76.6875,6.5625,0.0
-76.6875,6.6875,0.0
-76.6875,6.8125,0.0
-76.6875,6.9375,0.0
-76.6875,7.0625,0.0
-76.6875,7.1875,0.0
-76.6875,7.3125,0.0
-76.6875,7.4375,0.0
-76.6875,7.5625,0.0
-76.6875,7.6875,0.0
-76.6875,7.8125,0.0
-76.6875,7.9375,0.0
-76.6875,8.0625,0.0
-76.6875,8.1875,0.0
-76.6875,8.3125,0.0
-76.6875,8.4375,0.0
-76.6875,8.5625,0.0
-76.6875,8.6875,0.0
-76.6875,8.8125,0.0
-76.6875,8.9375,0.0
-76.6875,9.0625,0.0
-76.6875,9.1875,0.0
-76.6875,9.3125,0.0
-76.6875,9.4375,0.0
-76.6875,9.5625,0.0
-76.6875,9.6875,0.0
-76.6875,9.8125,0.0
-76.6875,9.9375,0.0
-76.6875,10.0625,0.0
-76.6875,10.1875,0.0
-76.6875,10.3125,0.0
-76.6875,10.4375,0.0
-76.6875,10.5625,0.0
-76.6875,10.6875,0.0
-76.6875,10.8125,0.0
-76.6875,10.9375,0.0
-76.6875,11.0625,0.0
-76.6875,11.1875,0.0
-76.6875,11.3125,0.0
-76.6875,11.4375,0.0
-76.6875,11.5625,0.0
-76.6875,11.6875,0.0
-76.6875,11.8125,0.0
-76.6875,11.9375,0.0
-76.6875,12.0625,0.0
-76.6875,12.1875,0.0
-76.6875,12.3125,0.0
-76.6875,12.4375,0.0
-76.5625,-4.1875,0.0
-76.5625,-4.0625,0.0
-76.5625,-3.9375,0.0
-76.5625,-3.8125,0.0
-76.5625,-3.6875,0.0
-76.5625,-3.5625,0.0
-76.5625,-3.4375,0.0
-76.5625,-3.3125,0.0
-76.5625,-3.1875,0.0
-76.5625,-3.0625,0.0
-76.5625,-2.9375,0.0
-76.5625,-2.8125,0.0
-76.5625,-2.6875,0.0
-76.5625,-2.5625,0.0
-76.5625,-2.4375,0.0
-76.5625,-2.3125,0.0
-76.5625,-2.1875,0.0
-76.5625,-2.0625,0.0
-76.5625,-1.9375,0.0
-76.5625,-1.8125,0.0
-76.5625,-1.6875,0.0
-76.5625,-1.5625,0.0
-76.5625,-1.4375,0.0
-76.5625,-1.3125,0.0
-76.5625,-1.1875,0.0
-76.5625,-1.0625,0.0
-76.5625,-0.9375,0.0
-76.5625,-0.8125,0.0
-76.5625,-0.6875,0.0
-76.5625,-0.5625,0.0
-76.5625,-0.4375,0.0
-76.5625,-0.3125,0.0
-76.5625,-0.1875,0.0
-76.5625,-0.0625,0.0
-76.5625,0.0625,0.0
-76.5625,0.1875,0.0
-76.5625,0.3125,0.0
-76.5625,0.4375,0.0
-76.5625,0.5625,0.0
-76.5625,0.6875,0.0
-76.5625,0.8125,0.0
-76.5625,0.9375,0.0
-76.5625,1.0625,0.0
-76.5625,1.1875,0.0
-76.5625,1.3125,0.0
-76.5625,1.4375,0.0
-76.5625,1.5625,0.0
-76.5625,1.6875,0.0
-76.5625,1.8125,0.0
-76.5625,1.9375,0.0
-76.5625,2.0625,0.0
-76.5625,2.1875,0.0
-76.5625,2.3125,0.0
-76.5625,2.4375,0.0
-76.5625,2.5625,0.0
-76.5625,2.6875,0.0
-76.5625,2.8125,0.0
-76.5625,2.9375,0.0
-76.5625,3.0625,0.0
-76.5625,3.1875,0.0
-76.5625,3.3125,0.0
-76.5625,3.4375,0.0
-76.5625,3.5625,0.0
-76.5625,3.6875,0.0
-76.5625,3.8125,0.0
-76.5625,3.9375,0.0
-76.5625,4.0625,0.0
-76.5625,4.1875,0.0
-76.5625,4.3125,0.0
-76.5625,4.4375,0.0
-76.5625,4.5625,0.0
-76.5625,4.6875,0.0
-76.5625,4.8125,0.0
-76.5625,4.9375,0.0
-76.5625,5.0625,0.0
-76.5625,5.1875,0.0
-76.5625,5.3125,0.0
-76.5625,5.4375,0.0
-76.5625,5.5625,0.0
-76.5625,5.6875,0.0
-76.5625,5.8125,0.0
-76.5625,5.9375,0.0
-76.5625,6.0625,0.0
-76.5625,6.1875,0.0
-76.5625,6.3125,0.0
-76.5625,6.4375,0.0
-76.5625,6.5625,0.0
-76.5625,6.6875,0.0
-76.5625,6.8125,0.0
-76.5625,6.9375,0.0
-76.5625,7.0625,0.0
-76.5625,7.1875,0.0
-76.5625,7.3125,0.0
-76.5625,7.4375,0.0
-76.5625,7.5625,0.0
-76.5625,7.6875,0.0
-76.5625,7.8125,0.0
-76.5625,7.9375,0.0
-76.5625,8.0625,0.0
-76.5625,8.1875,0.0
-76.5625,8.3125,0.0
-76.5625,8.4375,0.0
-76.5625,8.5625,0.0
-76.5625,8.6875,0.0
-76.5625,8.8125,0.0
-76.5625,8.9375,0.0
-76.5625,9.0625,0.0
-76.5625,9.1875,0.0
-76.5625,9.3125,0.0
-76.5625,9.4375,0.0
-76.5625,9.5625,0.0
-76.5625,9.6875,0.0
-76.5625,9.8125,0.0
-76.5625,9.9375,0.0
-76.5625,10.0625,0.0
-76.5625,10.1875,0.0
-76.5625,10.3125,0.0
-76.5625,10.4375,0.0
-76.5625,10.5625,0.0
-76.5625,10.6875,0.0
-76.5625,10.8125,0.0
-76.5625,10.9375,0.0
-76.5625,11.0625,0.0
-76.5625,11.1875,0.0
-76.5625,11.3125,0.0
-76.5625,11.4375,0.0
-76.5625,11.5625,0.0
-76.5625,11.6875,0.0
-76.5625,11.8125,0.0
-76.5625,11.9375,0.0
-76.5625,12.0625,0.0
-76.5625,12.1875,0.0
-76.5625,12.3125,0.0
-76.5625,12.4375,0.0
-76.4375,-4.1875,0.0
-76.4375,-4.0625,0.0
-76.4375,-3.9375,0.0
-76.4375,-3.8125,0.0
-76.4375,-3.6875,0.0
-76.4375,-3.5625,0.0
-76.4375,-3.4375,0.0
-76.4375,-3.3125,0.0
-76.4375,-3.1875,0.0
-76.4375,-3.0625,0.0
-76.4375,-2.9375,0.0
-76.4375,-2.8125,0.0
-76.4375,-2.6875,0.0
-76.4375,-2.5625,0.0
-76.4375,-2.4375,0.0
-76.4375,-2.3125,0.0
-76.4375,-2.1875,0.0
-76.4375,-2.0625,0.0
-76.4375,-1.9375,0.0
-76.4375,-1.8125,0.0
-76.4375,-1.6875,0.0
-76.4375,-1.5625,0.0
-76.4375,-1.4375,0.0
-76.4375,-1.3125,0.0
-76.4375,-1.1875,0.0
-76.4375,-1.0625,0.0
-76.4375,-0.9375,0.0
-76.4375,-0.8125,0.0
-76.4375,-0.6875,0.0
-76.4375,-0.5625,0.0
-76.4375,-0.4375,0.0
-76.4375,-0.3125,0.0
-76.4375,-0.1875,0.0
-76.4375,-0.0625,0.0
-76.4375,0.0625,0.0
-76.4375,0.1875,0.0
-76.4375,0.3125,0.0
-76.4375,0.4375,0.0
-76.4375,0.5625,0.0
-76.4375,0.6875,0.0
-76.4375,0.8125,0.0
-76.4375,0.9375,0.0
-76.4375,1.0625,0.0
-76.4375,1.1875,0.0
-76.4375,1.3125,0.0
-76.4375,1.4375,0.0
-76.4375,1.5625,0.0
-76.4375,1.6875,0.0
-76.4375,1.8125,0.0
-76.4375,1.9375,0.0
-76.4375,2.0625,0.0
-76.4375,2.1875,0.0
-76.4375,2.3125,0.0
-76.4375,2.4375,0.0
-76.4375,2.5625,0.0
-76.4375,2.6875,0.0
-76.4375,2.8125,0.0
-76.4375,2.9375,0.0
-76.4375,3.0625,0.0
-76.4375,3.1875,0.0
-76.4375,3.3125,0.0
-76.4375,3.4375,0.0
-76.4375,3.5625,0.0
-76.4375,3.6875,0.0
-76.4375,3.8125,0.0
-76.4375,3.9375,0.0
-76.4375,4.0625,0.0
-76.4375,4.1875,0.0
-76.4375,4.3125,0.0
-76.4375,4.4375,0.0
-76.4375,4.5625,0.0
-76.4375,4.6875,0.0
-76.4375,4.8125,0.0
-76.4375,4.9375,0.0
-76.4375,5.0625,0.0
-76.4375,5.1875,0.0
-76.4375,5.3125,0.0
-76.4375,5.4375,0.0
-76.4375,5.5625,0.0
-76.4375,5.6875,0.0
-76.4375,5.8125,0.0
-76.4375,5.9375,0.0
-76.4375,6.0625,0.0
-76.4375,6.1875,0.0
-76.4375,6.3125,0.0
-76.4375,6.4375,0.0
-76.4375,6.5625,0.0
-76.4375,6.6875,0.0
-76.4375,6.8125,0.0
-76.4375,6.9375,0.0
-76.4375,7.0625,0.0
-76.4375,7.1875,0.0
-76.4375,7.3125,0.0
-76.4375,7.4375,0.0
-76.4375,7.5625,0.0
-76.4375,7.6875,0.0
-76.4375,7.8125,0.0
-76.4375,7.9375,0.0
-76.4375,8.0625,0.0
-76.4375,8.1875,0.0
-76.4375,8.3125,0.0
-76.4375,8.4375,0.0
-76.4375,8.5625,0.0
-76.4375,8.6875,0.0
-76.4375,8.8125,0.0
-76.4375,8.9375,0.0
-76.4375,9.0625,0.0
-76.4375,9.1875,0.0
-76.4375,9.3125,0.0
-76.4375,9.4375,0.0
-76.4375,9.5625,0.0
-76.4375,9.6875,0.0
-76.4375,9.8125,0.0
-76.4375,9.9375,0.0
-76.4375,10.0625,0.0
-76.4375,10.1875,0.0
-76.4375,10.3125,0.0
-76.4375,10.4375,0.0
-76.4375,10.5625,0.0
-76.4375,10.6875,0.0
-76.4375,10.8125,0.0
-76.4375,10.9375,0.0
-76.4375,11.0625,0.0
-76.4375,11.1875,0.0
-76.4375,11.3125,0.0
-76.4375,11.4375,0.0
-76.4375,11.5625,0.0
-76.4375,11.6875,0.0
-76.4375,11.8125,0.0
-76.4375,11.9375,0.0
-76.4375,12.0625,0.0
-76.4375,12.1875,0.0
-76.4375,12.3125,0.0
-76.4375,12.4375,0.0
-76.3125,-4.1875,0.0
-76.3125,-4.0625,0.0
-76.3125,-3.9375,0.0
-76.3125,-3.8125,0.0
-76.3125,-3.6875,0.0
-76.3125,-3.5625,0.0
-76.3125,-3.4375,0.0
-76.3125,-3.3125,0.0
-76.3125,-3.1875,0.0
-76.3125,-3.0625,0.0
-76.3125,-2.9375,0.0
-76.3125,-2.8125,0.0
-76.3125,-2.6875,0.0
-76.3125,-2.5625,0.0
-76.3125,-2.4375,0.0
-76.3125,-2.3125,0.0
-76.3125,-2.1875,0.0
-76.3125,-2.0625,0.0
-76.3125,-1.9375,0.0
-76.3125,-1.8125,0.0
-76.3125,-1.6875,0.0
-76.3125,-1.5625,0.0
-76.3125,-1.4375,0.0
-76.3125,-1.3125,0.0
-76.3125,-1.1875,0.0
-76.3125,-1.0625,0.0
-76.3125,-0.9375,0.0
-76.3125,-0.8125,0.0
-76.3125,-0.6875,0.0
-76.3125,-0.5625,0.0
-76.3125,-0.4375,0.0
-76.3125,-0.3125,0.0
-76.3125,-0.1875,0.0
-76.3125,-0.0625,0.0
-76.3125,0.0625,0.0
-76.3125,0.1875,0.0
-76.3125,0.3125,0.0
-76.3125,0.4375,0.0
-76.3125,0.5625,0.0
-76.3125,0.6875,0.0
-76.3125,0.8125,0.0
-76.3125,0.9375,0.0
-76.3125,1.0625,0.0
-76.3125,1.1875,0.0
-76.3125,1.3125,0.0
-76.3125,1.4375,0.0
-76.3125,1.5625,0.0
-76.3125,1.6875,0.0
-76.3125,1.8125,0.0
-76.3125,1.9375,0.0
-76.3125,2.0625,0.0
-76.3125,2.1875,0.0
-76.3125,2.3125,0.0
-76.3125,2.4375,0.0
-76.3125,2.5625,0.0
-76.3125,2.6875,0.0
-76.3125,2.8125,0.0
-76.3125,2.9375,0.0
-76.3125,3.0625,0.0
-76.3125,3.1875,0.0
-76.3125,3.3125,0.0
-76.3125,3.4375,0.0
-76.3125,3.5625,0.0
-76.3125,3.6875,0.0
-76.3125,3.8125,0.0
-76.3125,3.9375,0.0
-76.3125,4.0625,0.0
-76.3125,4.1875,0.0
-76.3125,4.3125,0.0
-76.3125,4.4375,0.0
-76.3125,4.5625,0.0
-76.3125,4.6875,0.0
-76.3125,4.8125,0.0
-76.3125,4.9375,0.0
-76.3125,5.0625,0.0
-76.3125,5.1875,0.0
-76.3125,5.3125,0.0
-76.3125,5.4375,0.0
-76.3125,5.5625,0.0
-76.3125,5.6875,0.0
-76.3125,5.8125,0.0
-76.3125,5.9375,0.0
-76.3125,6.0625,0.0
-76.3125,6.1875,0.0
-76.3125,6.3125,0.0
-76.3125,6.4375,0.0
-76.3125,6.5625,0.0
-76.3125,6.6875,0.0
-76.3125,6.8125,0.0
-76.3125,6.9375,0.0
-76.3125,7.0625,0.0
-76.3125,7.1875,0.0
-76.3125,7.3125,0.0
-76.3125,7.4375,0.0
-76.3125,7.5625,0.0
-76.3125,7.6875,0.0
-76.3125,7.8125,0.0
-76.3125,7.9375,0.0
-76.3125,8.0625,0.0
-76.3125,8.1875,0.0
-76.3125,8.3125,0.0
-76.3125,8.4375,0.0
-76.3125,8.5625,0.0
-76.3125,8.6875,0.0
-76.3125,8.8125,0.0
-76.3125,8.9375,0.0
-76.3125,9.0625,0.0
-76.3125,9.1875,0.0
-76.3125,9.3125,0.0
-76.3125,9.4375,0.0
-76.3125,9.5625,0.0
-76.3125,9.6875,0.0
-76.3125,9.8125,0.0
-76.3125,9.9375,0.0
-76.3125,10.0625,0.0
-76.3125,10.1875,0.0
-76.3125,10.3125,0.0
-76.3125,10.4375,0.0
-76.3125,10.5625,0.0
-76.3125,10.6875,0.0
-76.3125,10.8125,0.0
-76.3125,10.9375,0.0
-76.3125,11.0625,0.0
-76.3125,11.1875,0.0
-76.3125,11.3125,0.0
-76.3125,11.4375,0.0
-76.3125,11.5625,0.0
-76.3125,11.6875,0.0
-76.3125,11.8125,0.0
-76.3125,11.9375,0.0
-76.3125,12.0625,0.0
-76.3125,12.1875,0.0
-76.3125,12.3125,0.0
-76.3125,12.4375,0.0
-76.1875,-4.1875,0.0
-76.1875,-4.0625,0.0
-76.1875,-3.9375,0.0
-76.1875,-3.8125,0.0
-76.1875,-3.6875,0.0
-76.1875,-3.5625,0.0
-76.1875,-3.4375,0.0
-76.1875,-3.3125,0.0
-76.1875,-3.1875,0.0
-76.1875,-3.0625,0.0
-76.1875,-2.9375,0.0
-76.1875,-2.8125,0.0
-76.1875,-2.6875,0.0
-76.1875,-2.5625,0.0
-76.1875,-2.4375,0.0
-76.1875,-2.3125,0.0
-76.1875,-2.1875,0.0
-76.1875,-2.0625,0.0
-76.1875,-1.9375,0.0
-76.1875,-1.8125,0.0
-76.1875,-1.6875,0.0
-76.1875,-1.5625,0.0
-76.1875,-1.4375,0.0
-76.1875,-1.3125,0.0
-76.1875,-1.1875,0.0
-76.1875,-1.0625,0.0
-76.1875,-0.9375,0.0
-76.1875,-0.8125,0.0
-76.1875,-0.6875,0.0
-76.1875,-0.5625,0.0
-76.1875,-0.4375,0.0
-76.1875,-0.3125,0.0
-76.1875,-0.1875,0.0
-76.1875,-0.0625,0.0
-76.1875,0.0625,0.0
-76.1875,0.1875,0.0
-76.1875,0.3125,0.0
-76.1875,0.4375,0.0
-76.1875,0.5625,0.0
-76.1875,0.6875,0.0
-76.1875,0.8125,0.0
-76.1875,0.9375,0.0
-76.1875,1.0625,0.0
-76.1875,1.1875,0.0
-76.1875,1.3125,0.0
-76.1875,1.4375,0.0
-76.1875,1.5625,0.0
-76.1875,1.6875,0.0
-76.1875,1.8125,0.0
-76.1875,1.9375,0.0
-76.1875,2.0625,0.0
-76.1875,2.1875,0.0
-76.1875,2.3125,0.0
-76.1875,2.4375,0.0
-76.1875,2.5625,0.0
-76.1875,2.6875,0.0
-76.1875,2.8125,0.0
-76.1875,2.9375,0.0
-76.1875,3.0625,0.0
-76.1875,3.1875,0.0
-76.1875,3.3125,0.0
-76.1875,3.4375,0.0
-76.1875,3.5625,0.0
-76.1875,3.6875,0.0
-76.1875,3.8125,0.0
-76.1875,3.9375,0.0
-76.1875,4.0625,0.0
-76.1875,4.1875,0.0
-76.1875,4.3125,0.0
-76.1875,4.4375,0.0
-76.1875,4.5625,0.0
-76.1875,4.6875,0.0
-76.1875,4.8125,0.0
-76.1875,4.9375,0.0
-76.1875,5.0625,0.0
-76.1875,5.1875,0.0
-76.1875,5.3125,0.0
-76.1875,5.4375,0.0
-76.1875,5.5625,0.0
-76.1875,5.6875,0.0
-76.1875,5.8125,0.0
-76.1875,5.9375,0.0
-76.1875,6.0625,0.0
-76.1875,6.1875,0.0
-76.1875,6.3125,0.0
-76.1875,6.4375,0.0
-76.1875,6.5625,0.0
-76.1875,6.6875,0.0
-76.1875,6.8125,0.0
-76.1875,6.9375,0.0
-76.1875,7.0625,0.0
-76.1875,7.1875,0.0
-76.1875,7.3125,0.0
-76.1875,7.4375,0.0
-76.1875,7.5625,0.0
-76.1875,7.6875,0.0
-76.1875,7.8125,0.0
-76.1875,7.9375,0.0
-76.1875,8.0625,0.0
-76.1875,8.1875,0.0
-76.1875,8.3125,0.0
-76.1875,8.4375,0.0
-76.1875,8.5625,0.0
-76.1875,8.6875,0.0
-76.1875,8.8125,0.0
-76.1875,8.9375,0.0
-76.1875,9.0625,0.0
-76.1875,9.1875,0.0
-76.1875,9.3125,0.0
-76.1875,9.4375,0.0
-76.1875,9.5625,0.0
-76.1875,9.6875,0.0
-76.1875,9.8125,0.0
-76.1875,9.9375,0.0
-76.1875,10.0625,0.0
-76.1875,10.1875,0.0
-76.1875,10.3125,0.0
-76.1875,10.4375,0.0
-76.1875,10.5625,0.0
-76.1875,10.6875,0.0
-76.1875,10.8125,0.0
-76.1875,10.9375,0.0
-76.1875,11.0625,0.0
-76.1875,11.1875,0.0
-76.1875,11.3125,0.0
-76.1875,11.4375,0.0
-76.1875,11.5625,0.0
-76.1875,11.6875,0.0
-76.1875,11.8125,0.0
-76.1875,11.9375,0.0
-76.1875,12.0625,0.0
-76.1875,12.1875,0.0
-76.1875,12.3125,0.0
-76.1875,12.4375,0.0
-76.0625,-4.1875,0.0
-76.0625,-4.0625,0.0
-76.0625,-3.9375,0.0
-76.0625,-3.8125,0.0
-76.0625,-3.6875,0.0
-76.0625,-3.5625,0.0
-76.0625,-3.4375,0.0
-76.0625,-3.3125,0.0
-76.0625,-3.1875,0.0
-76.0625,-3.0625,0.0
-76.0625,-2.9375,0.0
-76.0625,-2.8125,0.0
-76.0625,-2.6875,0.0
-76.0625,-2.5625,0.0
-76.0625,-2.4375,0.0
-76.0625,-2.3125,0.0
-76.0625,-2.1875,0.0
-76.0625,-2.0625,0.0
-76.0625,-1.9375,0.0
-76.0625,-1.8125,0.0
-76.0625,-1.6875,0.0
-76.0625,-1.5625,0.0
-76.0625,-1.4375,0.0
-76.0625,-1.3125,0.0
-76.0625,-1.1875,0.0
-76.0625,-1.0625,0.0
-76.0625,-0.9375,0.0
-76.0625,-0.8125,0.0
-76.0625,-0.6875,0.0
-76.0625,-0.5625,0.0
-76.0625,-0.4375,0.0
-76.0625,-0.3125,0.0
-76.0625,-0.1875,0.0
-76.0625,-0.0625,0.0
-76.0625,0.0625,0.0
-76.0625,0.1875,0.0
-76.0625,0.3125,0.0
-76.0625,0.4375,0.0
-76.0625,0.5625,0.0
-76.0625,0.6875,0.0
-76.0625,0.8125,0.0
-76.0625,0.9375,0.0
-76.0625,1.0625,0.0
-76.0625,1.1875,0.0
-76.0625,1.3125,0.0
-76.0625,1.4375,0.0
-76.0625,1.5625,0.0
-76.0625,1.6875,0.0
-76.0625,1.8125,0.0
-76.0625,1.9375,0.0
-76.0625,2.0625,0.0
-76.0625,2.1875,0.0
-76.0625,2.3125,0.0
-76.0625,2.4375,0.0
-76.0625,2.5625,0.0
-76.0625,2.6875,0.0
-76.0625,2.8125,0.0
-76.0625,2.9375,0.0
-76.0625,3.0625,0.0
-76.0625,3.1875,0.0
-76.0625,3.3125,0.0
-76.0625,3.4375,0.0
-76.0625,3.5625,0.0
-76.0625,3.6875,0.0
-76.0625,3.8125,0.0
-76.0625,3.9375,0.0
-76.0625,4.0625,0.0
-76.0625,4.1875,0.0
-76.0625,4.3125,0.0
-76.0625,4.4375,0.0
-76.0625,4.5625,0.0
-76.0625,4.6875,0.0
-76.0625,4.8125,0.0
-76.0625,4.9375,0.0
-76.0625,5.0625,0.0
-76.0625,5.1875,0.0
-76.0625,5.3125,0.0
-76.0625,5.4375,0.0
-76.0625,5.5625,0.0
-76.0625,5.6875,0.0
-76.0625,5.8125,0.0
-76.0625,5.9375,0.0
-76.0625,6.0625,0.0
-76.0625,6.1875,0.0
-76.0625,6.3125,0.0
-76.0625,6.4375,0.0
-76.0625,6.5625,0.0
-76.0625,6.6875,0.0
-76.0625,6.8125,0.0
-76.0625,6.9375,0.0
-76.0625,7.0625,0.0
-76.0625,7.1875,0.0
-76.0625,7.3125,0.0
-76.0625,7.4375,0.0
-76.0625,7.5625,0.0
-76.0625,7.6875,0.0
-76.0625,7.8125,0.0
-76.0625,7.9375,0.0
-76.0625,8.0625,0.0
-76.0625,8.1875,0.0
-76.0625,8.3125,0.0
-76.0625,8.4375,0.0
-76.0625,8.5625,0.0
-76.0625,8.6875,0.0
-76.0625,8.8125,0.0
-76.0625,8.9375,0.0
-76.0625,9.0625,0.0
-76.0625,9.1875,0.0
-76.0625,9.3125,0.0
-76.0625,9.4375,0.0
-76.0625,9.5625,0.0
-76.0625,9.6875,0.0
-76.0625,9.8125,0.0
-76.0625,9.9375,0.0
-76.0625,10.0625,0.0
-76.0625,10.1875,0.0
-76.0625,10.3125,0.0
-76.0625,10.4375,0.0
-76.0625,10.5625,0.0
-76.0625,10.6875,0.0
-76.0625,10.8125,0.0
-76.0625,10.9375,0.0
-76.0625,11.0625,0.0
-76.0625,11.1875,0.0
-76.0625,11.3125,0.0
-76.0625,11.4375,0.0
-76.0625,11.5625,0.0
-76.0625,11.6875,0.0
-76.0625,11.8125,0.0
-76.0625,11.9375,0.0
-76.0625,12.0625,0.0
-76.0625,12.1875,0.0
-76.0625,12.3125,0.0
-76.0625,12.4375,0.0
-75.9375,-4.1875,0.0
-75.9375,-4.0625,0.0
-75.9375,-3.9375,0.0
-75.9375,-3.8125,0.0
-75.9375,-3.6875,0.0
-75.9375,-3.5625,0.0
-75.9375,-3.4375,0.0
-75.9375,-3.3125,0.0
-75.9375,-3.1875,0.0
-75.9375,-3.0625,0.0
-75.9375,-2.9375,0.0
-75.9375,-2.8125,0.0
-75.9375,-2.6875,0.0
-75.9375,-2.5625,0.0
-75.9375,-2.4375,0.0
-75.9375,-2.3125,0.0
-75.9375,-2.1875,0.0
-75.9375,-2.0625,0.0
-75.9375,-1.9375,0.0
-75.9375,-1.8125,0.0
-75.9375,-1.6875,0.0
-75.9375,-1.5625,0.0
-75.9375,-1.4375,0.0
-75.9375,-1.3125,0.0
-75.9375,-1.1875,0.0
-75.9375,-1.0625,0.0
-75.9375,-0.9375,0.0
-75.9375,-0.8125,0.0
-75.9375,-0.6875,0.0
-75.9375,-0.5625,0.0
-75.9375,-0.4375,0.0
-75.9375,-0.3125,0.0
-75.9375,-0.1875,0.0
-75.9375,-0.0625,0.0
-75.9375,0.0625,0.0
-75.9375,0.1875,0.0
-75.9375,0.3125,0.0
-75.9375,0.4375,0.0
-75.9375,0.5625,0.0
-75.9375,0.6875,0.0
-75.9375,0.8125,0.0
-75.9375,0.9375,0.0
-75.9375,1.0625,0.0
-75.9375,1.1875,0.0
-75.9375,1.3125,0.0
-75.9375,1.4375,0.0
-75.9375,1.5625,0.0
-75.9375,1.6875,0.0
-75.9375,1.8125,0.0
-75.9375,1.9375,0.0
-75.9375,2.0625,0.0
-75.9375,2.1875,0.0
-75.9375,2.3125,0.0
-75.9375,2.4375,0.0
-75.9375,2.5625,0.0
-75.9375,2.6875,0.0
-75.9375,2.8125,0.0
-75.9375,2.9375,0.0
-75.9375,3.0625,0.0
-75.9375,3.1875,0.0
-75.9375,3.3125,0.0
-75.9375,3.4375,0.0
-75.9375,3.5625,0.0
-75.9375,3.6875,0.0
-75.9375,3.8125,0.0
-75.9375,3.9375,0.0
-75.9375,4.0625,0.0
-75.9375,4.1875,0.0
-75.9375,4.3125,0.0
-75.9375,4.4375,0.0
-75.9375,4.5625,0.0
-75.9375,4.6875,0.0
-75.9375,4.8125,0.0
-75.9375,4.9375,0.0
-75.9375,5.0625,0.0
-75.9375,5.1875,0.0
-75.9375,5.3125,0.0
-75.9375,5.4375,0.0
-75.9375,5.5625,0.0
-75.9375,5.6875,0.0
-75.9375,5.8125,0.0
-75.9375,5.9375,0.0
-75.9375,6.0625,0.0
-75.9375,6.1875,0.0
-75.9375,6.3125,0.0
-75.9375,6.4375,0.0
-75.9375,6.5625,0.0
-75.9375,6.6875,0.0
-75.9375,6.8125,0.0
-75.9375,6.9375,0.0
-75.9375,7.0625,0.0
-75.9375,7.1875,0.0
-75.9375,7.3125,0.0
-75.9375,7.4375,0.0
-75.9375,7.5625,0.0
-75.9375,7.6875,0.0
-75.9375,7.8125,0.0
-75.9375,7.9375,0.0
-75.9375,8.0625,0.0
-75.9375,8.1875,0.0
-75.9375,8.3125,0.0
-75.9375,8.4375,0.0
-75.9375,8.5625,0.0
-75.9375,8.6875,0.0
-75.9375,8.8125,0.0
-75.9375,8.9375,0.0
-75.9375,9.0625,0.0
-75.9375,9.1875,0.0
-75.9375,9.3125,0.0
-75.9375,9.4375,0.0
-75.9375,9.5625,0.0
-75.9375,9.6875,0.0
-75.9375,9.8125,0.0
-75.9375,9.9375,0.0
-75.9375,10.0625,0.0
-75.9375,10.1875,0.0
-75.9375,10.3125,0.0
-75.9375,10.4375,0.0
-75.9375,10.5625,0.0
-75.9375,10.6875,0.0
-75.9375,10.8125,0.0
-75.9375,10.9375,0.0
-75.9375,11.0625,0.0
-75.9375,11.1875,0.0
-75.9375,11.3125,0.0
-75.9375,11.4375,0.0
-75.9375,11.5625,0.0
-75.9375,11.6875,0.0
-75.9375,11.8125,0.0
-75.9375,11.9375,0.0
-75.9375,12.0625,0.0
-75.9375,12.1875,0.0
-75.9375,12.3125,0.0
-75.9375,12.4375,0.0
-75.8125,-4.1875,0.0
-75.8125,-4.0625,0.0
-75.8125,-3.9375,0.0
-75.8125,-3.8125,0.0
-75.8125,-3.6875,0.0
-75.8125,-3.5625,0.0
-75.8125,-3.4375,0.0
-75.8125,-3.3125,0.0
-75.8125,-3.1875,0.0
-75.8125,-3.0625,0.0
-75.8125,-2.9375,0.0
-75.8125,-2.8125,0.0
-75.8125,-2.6875,0.0
-75.8125,-2.5625,0.0
-75.8125,-2.4375,0.0
-75.8125,-2.3125,0.0
-75.8125,-2.1875,0.0
-75.8125,-2.0625,0.0
-75.8125,-1.9375,0.0
-75.8125,-1.8125,0.0
-75.8125,-1.6875,0.0
-75.8125,-1.5625,0.0
-75.8125,-1.4375,0.0
-75.8125,-1.3125,0.0
-75.8125,-1.1875,0.0
-75.8125,-1.0625,0.0
-75.8125,-0.9375,0.0
-75.8125,-0.8125,0.0
-75.8125,-0.6875,0.0
-75.8125,-0.5625,0.0
-75.8125,-0.4375,0.0
-75.8125,-0.3125,0.0
-75.8125,-0.1875,0.0
-75.8125,-0.0625,0.0
-75.8125,0.0625,0.0
-75.8125,0.1875,0.0
-75.8125,0.3125,0.0
-75.8125,0.4375,0.0
-75.8125,0.5625,0.0
-75.8125,0.6875,0.0
-75.8125,0.8125,0.0
-75.8125,0.9375,0.0
-75.8125,1.0625,0.0
-75.8125,1.1875,0.0
-75.8125,1.3125,0.0
-75.8125,1.4375,0.0
-75.8125,1.5625,0.0
-75.8125,1.6875,0.0
-75.8125,1.8125,0.0
-75.8125,1.9375,0.0
-75.8125,2.0625,0.0
-75.8125,2.1875,0.0
-75.8125,2.3125,0.0
-75.8125,2.4375,0.0
-75.8125,2.5625,0.0
-75.8125,2.6875,0.0
-75.8125,2.8125,0.0
-75.8125,2.9375,0.0
-75.8125,3.0625,0.0
-75.8125,3.1875,0.0
-75.8125,3.3125,0.0
-75.8125,3.4375,0.0
-75.8125,3.5625,0.0
-75.8125,3.6875,0.0
-75.8125,3.8125,0.0
-75.8125,3.9375,0.0
-75.8125,4.0625,0.0
-75.8125,4.1875,0.0
-75.8125,4.3125,0.0
-75.8125,4.4375,0.0
-75.8125,4.5625,0.0
-75.8125,4.6875,0.0
-75.8125,4.8125,0.0
-75.8125,4.9375,0.0
-75.8125,5.0625,0.0
-75.8125,5.1875,0.0
-75.8125,5.3125,0.0
-75.8125,5.4375,0.0
-75.8125,5.5625,0.0
-75.8125,5.6875,0.0
-75.8125,5.8125,0.0
-75.8125,5.9375,0.0
-75.8125,6.0625,0.0
-75.8125,6.1875,0.0
-75.8125,6.3125,0.0
-75.8125,6.4375,0.0
-75.8125,6.5625,0.0
-75.8125,6.6875,0.0
-75.8125,6.8125,0.0
-75.8125,6.9375,0.0
-75.8125,7.0625,0.0
-75.8125,7.1875,0.0
-75.8125,7.3125,0.0
-75.8125,7.4375,0.0
-75.8125,7.5625,0.0
-75.8125,7.6875,0.0
-75.8125,7.8125,0.0
-75.8125,7.9375,0.0
-75.8125,8.0625,0.0
-75.8125,8.1875,0.0
-75.8125,8.3125,0.0
-75.8125,8.4375,0.0
-75.8125,8.5625,0.0
-75.8125,8.6875,0.0
-75.8125,8.8125,0.0
-75.8125,8.9375,0.0
-75.8125,9.0625,0.0
-75.8125,9.1875,0.0
-75.8125,9.3125,0.0
-75.8125,9.4375,0.0
-75.8125,9.5625,0.0
-75.8125,9.6875,0.0
-75.8125,9.8125,0.0
-75.8125,9.9375,0.0
-75.8125,10.0625,0.0
-75.8125,10.1875,0.0
-75.8125,10.3125,0.0
-75.8125,10.4375,0.0
-75.8125,10.5625,0.0
-75.8125,10.6875,0.0
-75.8125,10.8125,0.0
-75.8125,10.9375,0.0
-75.8125,11.0625,0.0
-75.8125,11.1875,0.0
-75.8125,11.3125,0.0
-75.8125,11.4375,0.0
-75.8125,11.5625,0.0
-75.8125,11.6875,0.0
-75.8125,11.8125,0.0
-75.8125,11.9375,0.0
-75.8125,12.0625,0.0
-75.8125,12.1875,0.0
-75.8125,12.3125,0.0
-75.8125,12.4375,0.0
-75.6875,-4.1875,0.0
-75.6875,-4.0625,0.0
-75.6875,-3.9375,0.0
-75.6875,-3.8125,0.0
-75.6875,-3.6875,0.0
-75.6875,-3.5625,0.0
-75.6875,-3.4375,0.0
-75.6875,-3.3125,0.0
-75.6875,-3.1875,0.0
-75.6875,-3.0625,0.0
-75.6875,-2.9375,0.0
-75.6875,-2.8125,0.0
-75.6875,-2.6875,0.0
-75.6875,-2.5625,0.0
-75.6875,-2.4375,0.0
-75.6875,-2.3125,0.0
-75.6875,-2.1875,0.0
-75.6875,-2.0625,0.0
-75.6875,-1.9375,0.0
-75.6875,-1.8125,0.0
-75.6875,-1.6875,0.0
-75.6875,-1.5625,0.0
-75.6875,-1.4375,0.0
-75.6875,-1.3125,0.0
-75.6875,-1.1875,0.0
-75.6875,-1.0625,0.0
-75.6875,-0.9375,0.0
-75.6875,-0.8125,0.0
-75.6875,-0.6875,0.0
-75.6875,-0.5625,0.0
-75.6875,-0.4375,0.0
-75.6875,-0.3125,0.0
-75.6875,-0.1875,0.0
-75.6875,-0.0625,0.0
-75.6875,0.0625,0.0
-75.6875,0.1875,0.0
-75.6875,0.3125,0.0
-75.6875,0.4375,0.0
-75.6875,0.5625,0.0
-75.6875,0.6875,0.0
-75.6875,0.8125,0.0
-75.6875,0.9375,0.0
-75.6875,1.0625,0.0
-75.6875,1.1875,0.0
-75.6875,1.3125,0.0
-75.6875,1.4375,0.0
-75.6875,1.5625,0.0
-75.6875,1.6875,0.0
-75.6875,1.8125,0.0
-75.6875,1.9375,0.0
-75.6875,2.0625,0.0
-75.6875,2.1875,0.0
-75.6875,2.3125,0.0
-75.6875,2.4375,0.0
-75.6875,2.5625,0.0
-75.6875,2.6875,0.0
-75.6875,2.8125,0.0
-75.6875,2.9375,0.0
-75.6875,3.0625,0.0
-75.6875,3.1875,0.0
-75.6875,3.3125,0.0
-75.6875,3.4375,0.0
-75.6875,3.5625,0.0
-75.6875,3.6875,0.0
-75.6875,3.8125,0.0
-75.6875,3.9375,0.0
-75.6875,4.0625,0.0
-75.6875,4.1875,0.0
-75.6875,4.3125,0.0
-75.6875,4.4375,0.0
-75.6875,4.5625,0.0
-75.6875,4.6875,0.0
-75.6875,4.8125,0.0
-75.6875,4.9375,0.0
-75.6875,5.0625,0.0
-75.6875,5.1875,0.0
-75.6875,5.3125,0.0
-75.6875,5.4375,0.0
-75.6875,5.5625,0.0
-75.6875,5.6875,0.0
-75.6875,5.8125,0.0
-75.6875,5.9375,0.0
-75.6875,6.0625,0.0
-75.6875,6.1875,0.0
-75.6875,6.3125,0.0
-75.6875,6.4375,0.0
-75.6875,6.5625,0.0
-75.6875,6.6875,0.0
-75.6875,6.8125,0.0
-75.6875,6.9375,0.0
-75.6875,7.0625,0.0
-75.6875,7.1875,0.0
-75.6875,7.3125,0.0
-75.6875,7.4375,0.0
-75.6875,7.5625,0.0
-75.6875,7.6875,0.0
-75.6875,7.8125,0.0
-75.6875,7.9375,0.0
-75.6875,8.0625,0.0
-75.6875,8.1875,0.0
-75.6875,8.3125,0.0
-75.6875,8.4375,0.0
-75.6875,8.5625,0.0
-75.6875,8.6875,0.0
-75.6875,8.8125,0.0
-75.6875,8.9375,0.0
-75.6875,9.0625,0.0
-75.6875,9.1875,0.0
-75.6875,9.3125,0.0
-75.6875,9.4375,0.0
-75.6875,9.5625,0.0
-75.6875,9.6875,0.0
-75.6875,9.8125,0.0
-75.6875,9.9375,0.0
-75.6875,10.0625,0.0
-75.6875,10.1875,0.0
-75.6875,10.3125,0.0
-75.6875,10.4375,0.0
-75.6875,10.5625,0.0
-75.6875,10.6875,0.0
-75.6875,10.8125,0.0
-75.6875,10.9375,0.0
-75.6875,11.0625,0.0
-75.6875,11.1875,0.0
-75.6875,11.3125,0.0
-75.6875,11.4375,0.0
-75.6875,11.5625,0.0
-75.6875,11.6875,0.0
-75.6875,11.8125,0.0
-75.6875,11.9375,0.0
-75.6875,12.0625,0.0
-75.6875,12.1875,0.0
-75.6875,12.3125,0.0
-75.6875,12.4375,0.0
-75.5625,-4.1875,0.0
-75.5625,-4.0625,0.0
-75.5625,-3.9375,0.0
-75.5625,-3.8125,0.0
-75.5625,-3.6875,0.0
-75.5625,-3.5625,0.0
-75.5625,-3.4375,0.0
-75.5625,-3.3125,0.0
-75.5625,-3.1875,0.0
-75.5625,-3.0625,0.0
-75.5625,-2.9375,0.0
-75.5625,-2.8125,0.0
-75.5625,-2.6875,0.0
-75.5625,-2.5625,0.0
-75.5625,-2.4375,0.0
-75.5625,-2.3125,0.0
-75.5625,-2.1875,0.0
-75.5625,-2.0625,0.0
-75.5625,-1.9375,0.0
-75.5625,-1.8125,0.0
-75.5625,-1.6875,0.0
-75.5625,-1.5625,0.0
-75.5625,-1.4375,0.0
-75.5625,-1.3125,0.0
-75.5625,-1.1875,0.0
-75.5625,-1.0625,0.0
-75.5625,-0.9375,0.0
-75.5625,-0.8125,0.0
-75.5625,-0.6875,0.0
-75.5625,-0.5625,0.0
-75.5625,-0.4375,0.0
-75.5625,-0.3125,0.0
-75.5625,-0.1875,0.0
-75.5625,-0.0625,0.0
-75.5625,0.0625,0.0
-75.5625,0.1875,0.0
-75.5625,0.3125,0.0
-75.5625,0.4375,0.0
-75.5625,0.5625,0.0
-75.5625,0.6875,0.0
-75.5625,0.8125,0.0
-75.5625,0.9375,0.0
-75.5625,1.0625,0.0
-75.5625,1.1875,0.0
-75.5625,1.3125,0.0
-75.5625,1.4375,0.0
-75.5625,1.5625,0.0
-75.5625,1.6875,0.0
-75.5625,1.8125,0.0
-75.5625,1.9375,0.0
-75.5625,2.0625,0.0
-75.5625,2.1875,0.0
-75.5625,2.3125,0.0
-75.5625,2.4375,0.0
-75.5625,2.5625,0.0
-75.5625,2.6875,0.0
-75.5625,2.8125,0.0
-75.5625,2.9375,0.0
-75.5625,3.0625,0.0
-75.5625,3.1875,0.0
-75.5625,3.3125,0.0
-75.5625,3.4375,0.0
-75.5625,3.5625,0.0
-75.5625,3.6875,0.0
-75.5625,3.8125,0.0
-75.5625,3.9375,0.0
-75.5625,4.0625,0.0
-75.5625,4.1875,0.0
-75.5625,4.3125,0.0
-75.5625,4.4375,0.0
-75.5625,4.5625,0.0
-75.5625,4.6875,0.0
-75.5625,4.8125,0.0
-75.5625,4.9375,0.0
-75.5625,5.0625,0.0
-75.5625,5.1875,0.0
-75.5625,5.3125,0.0
-75.5625,5.4375,0.0
-75.5625,5.5625,0.0
-75.5625,5.6875,0.0
-75.5625,5.8125,0.0
-75.5625,5.9375,0.0
-75.5625,6.0625,0.0
-75.5625,6.1875,0.0
-75.5625,6.3125,0.0
-75.5625,6.4375,0.0
-75.5625,6.5625,0.0
-75.5625,6.6875,0.0
-75.5625,6.8125,0.0
-75.5625,6.9375,0.0
-75.5625,7.0625,0.0
-75.5625,7.1875,0.0
-75.5625,7.3125,0.0
-75.5625,7.4375,0.0
-75.5625,7.5625,0.0
-75.5625,7.6875,0.0
-75.5625,7.8125,0.0
-75.5625,7.9375,0.0
-75.5625,8.0625,0.0
-75.5625,8.1875,0.0
-75.5625,8.3125,0.0
-75.5625,8.4375,0.0
-75.5625,8.5625,0.0
-75.5625,8.6875,0.0
-75.5625,8.8125,0.0
-75.5625,8.9375,0.0
-75.5625,9.0625,0.0
-75.5625,9.1875,0.0
-75.5625,9.3125,0.0
-75.5625,9.4375,0.0
-75.5625,9.5625,0.0
-75.5625,9.6875,0.0
-75.5625,9.8125,0.0
-75.5625,9.9375,0.0
-75.5625,10.0625,0.0
-75.5625,10.1875,0.0
-75.5625,10.3125,0.0
-75.5625,10.4375,0.0
-75.5625,10.5625,0.0
-75.5625,10.6875,0.0
-75.5625,10.8125,0.0
-75.5625,10.9375,0.0
-75.5625,11.0625,0.0
-75.5625,11.1875,0.0
-75.5625,11.3125,0.0
-75.5625,11.4375,0.0
-75.5625,11.5625,0.0
-75.5625,11.6875,0.0
-75.5625,11.8125,0.0
-75.5625,11.9375,0.0
-75.5625,12.0625,0.0
-75.5625,12.1875,0.0
-75.5625,12.3125,0.0
-75.5625,12.4375,0.0
-75.4375,-4.1875,0.0
-75.4375,-4.0625,0.0
-75.4375,-3.9375,0.0
-75.4375,-3.8125,0.0
-75.4375,-3.6875,0.0
-75.4375,-3.5625,0.0
-75.4375,-3.4375,0.0
-75.4375,-3.3125,0.0
-75.4375,-3.1875,0.0
-75.4375,-3.0625,0.0
-75.4375,-2.9375,0.0
-75.4375,-2.8125,0.0
-75.4375,-2.6875,0.0
-75.4375,-2.5625,0.0
-75.4375,-2.4375,0.0
-75.4375,-2.3125,0.0
-75.4375,-2.1875,0.0
-75.4375,-2.0625,0.0
-75.4375,-1.9375,0.0
-75.4375,-1.8125,0.0
-75.4375,-1.6875,0.0
-75.4375,-1.5625,0.0
-75.4375,-1.4375,0.0
-75.4375,-1.3125,0.0
-75.4375,-1.1875,0.0
-75.4375,-1.0625,0.0
-75.4375,-0.9375,0.0
-75.4375,-0.8125,0.0
-75.4375,-0.6875,0.0
-75.4375,-0.5625,0.0
-75.4375,-0.4375,0.0
-75.4375,-0.3125,0.0
-75.4375,-0.1875,0.0
-75.4375,-0.0625,0.0
-75.4375,0.0625,0.0
-75.4375,0.1875,0.0
-75.4375,0.3125,0.0
-75.4375,0.4375,0.0
-75.4375,0.5625,0.0
-75.4375,0.6875,0.0
-75.4375,0.8125,0.0
-75.4375,0.9375,0.0
-75.4375,1.0625,0.0
-75.4375,1.1875,0.0
-75.4375,1.3125,0.0
-75.4375,1.4375,0.0
-75.4375,1.5625,0.0
-75.4375,1.6875,0.0
-75.4375,1.8125,0.0
-75.4375,1.9375,0.0
-75.4375,2.0625,0.0
-75.4375,2.1875,0.0
-75.4375,2.3125,0.0
-75.4375,2.4375,0.0
-75.4375,2.5625,0.0
-75.4375,2.6875,0.0
-75.4375,2.8125,0.0
-75.4375,2.9375,0.0
-75.4375,3.0625,0.0
-75.4375,3.1875,0.0
-75.4375,3.3125,0.0
-75.4375,3.4375,0.0
-75.4375,3.5625,0.0
-75.4375,3.6875,0.0
-75.4375,3.8125,0.0
-75.4375,3.9375,0.0
-75.4375,4.0625,0.0
-75.4375,4.1875,0.0
-75.4375,4.3125,0.0
-75.4375,4.4375,0.0
-75.4375,4.5625,0.0
-75.4375,4.6875,0.0
-75.4375,4.8125,0.0
-75.4375,4.9375,0.0
-75.4375,5.0625,0.0
-75.4375,5.1875,0.0
-75.4375,5.3125,0.0
-75.4375,5.4375,0.0
-75.4375,5.5625,0.0
-75.4375,5.6875,0.0
-75.4375,5.8125,0.0
-75.4375,5.9375,0.0
-75.4375,6.0625,0.0
-75.4375,6.1875,0.0
-75.4375,6.3125,0.0
-75.4375,6.4375,0.0
-75.4375,6.5625,0.0
-75.4375,6.6875,0.0
-75.4375,6.8125,0.0
-75.4375,6.9375,0.0
-75.4375,7.0625,0.0
-75.4375,7.1875,0.0
-75.4375,7.3125,0.0
-75.4375,7.4375,0.0
-75.4375,7.5625,0.0
-75.4375,7.6875,0.0
-75.4375,7.8125,0.0
-75.4375,7.9375,0.0
-75.4375,8.0625,0.0
-75.4375,8.1875,0.0
-75.4375,8.3125,0.0
-75.4375,8.4375,0.0
-75.4375,8.5625,0.0
-75.4375,8.6875,0.0
-75.4375,8.8125,0.0
-75.4375,8.9375,0.0
-75.4375,9.0625,0.0
-75.4375,9.1875,0.0
-75.4375,9.3125,0.0
-75.4375,9.4375,0.0
-75.4375,9.5625,0.0
-75.4375,9.6875,0.0
-75.4375,9.8125,0.0
-75.4375,9.9375,0.0
-75.4375,10.0625,0.0
-75.4375,10.1875,0.0
-75.4375,10.3125,0.0
-75.4375,10.4375,0.0
-75.4375,10.5625,0.0
-75.4375,10.6875,0.0
-75.4375,10.8125,0.0
-75.4375,10.9375,0.0
-75.4375,11.0625,0.0
-75.4375,11.1875,0.0
-75.4375,11.3125,0.0
-75.4375,11.4375,0.0
-75.4375,11.5625,0.0
-75.4375,11.6875,0.0
-75.4375,11.8125,0.0
-75.4375,11.9375,0.0
-75.4375,12.0625,0.0
-75.4375,12.1875,0.0
-75.4375,12.3125,0.0
-75.4375,12.4375,0.0
-75.3125,-4.1875,0.0
-75.3125,-4.0625,0.0
-75.3125,-3.9375,0.0
-75.3125,-3.8125,0.0
-75.3125,-3.6875,0.0
-75.3125,-3.5625,0.0
-75.3125,-3.4375,0.0
-75.3125,-3.3125,0.0
-75.3125,-3.1875,0.0
-75.3125,-3.0625,0.0
-75.3125,-2.9375,0.0
-75.3125,-2.8125,0.0
-75.3125,-2.6875,0.0
-75.3125,-2.5625,0.0
-75.3125,-2.4375,0.0
-75.3125,-2.3125,0.0
-75.3125,-2.1875,0.0
-75.3125,-2.0625,0.0
-75.3125,-1.9375,0.0
-75.3125,-1.8125,0.0
-75.3125,-1.6875,0.0
-75.3125,-1.5625,0.0
-75.3125,-1.4375,0.0
-75.3125,-1.3125,0.0
-75.3125,-1.1875,0.0
-75.3125,-1.0625,0.0
-75.3125,-0.9375,0.0
-75.3125,-0.8125,0.0
-75.3125,-0.6875,0.0
-75.3125,-0.5625,0.0
-75.3125,-0.4375,0.0
-75.3125,-0.3125,0.0
-75.3125,-0.1875,0.0
-75.3125,-0.0625,0.0
-75.3125,0.0625,0.0
-75.3125,0.1875,0.0
-75.3125,0.3125,0.0
-75.3125,0.4375,0.0
-75.3125,0.5625,0.0
-75.3125,0.6875,0.0
-75.3125,0.8125,0.0
-75.3125,0.9375,0.0
-75.3125,1.0625,0.0
-75.3125,1.1875,0.0
-75.3125,1.3125,0.0
-75.3125,1.4375,0.0
-75.3125,1.5625,0.0
-75.3125,1.6875,0.0
-75.3125,1.8125,0.0
-75.3125,1.9375,0.0
-75.3125,2.0625,0.0
-75.3125,2.1875,0.0
-75.3125,2.3125,0.0
-75.3125,2.4375,0.0
-75.3125,2.5625,0.0
-75.3125,2.6875,0.0
-75.3125,2.8125,0.0
-75.3125,2.9375,0.0
-75.3125,3.0625,0.0
-75.3125,3.1875,0.0
-75.3125,3.3125,0.0
-75.3125,3.4375,0.0
-75.3125,3.5625,0.0
-75.3125,3.6875,0.0
-75.3125,3.8125,0.0
-75.3125,3.9375,0.0
-75.3125,4.0625,0.0
-75.3125,4.1875,0.0
-75.3125,4.3125,0.0
-75.3125,4.4375,0.0
-75.3125,4.5625,0.0
-75.3125,4.6875,0.0
-75.3125,4.8125,0.0
-75.3125,4.9375,0.0
-75.3125,5.0625,0.0
-75.3125,5.1875,0.0
-75.3125,5.3125,0.0
-75.3125,5.4375,0.0
-75.3125,5.5625,0.0
-75.3125,5.6875,0.0
-75.3125,5.8125,0.0
-75.3125,5.9375,0.0
-75.3125,6.0625,0.0
-75.3125,6.1875,0.0
-75.3125,6.3125,0.0
-75.3125,6.4375,0.0
-75.3125,6.5625,0.0
-75.3125,6.6875,0.0
-75.3125,6.8125,0.0
-75.3125,6.9375,0.0
-75.3125,7.0625,0.0
-75.3125,7.1875,0.0
-75.3125,7.3125,0.0
-75.3125,7.4375,0.0
-75.3125,7.5625,0.0
-75.3125,7.6875,0.0
-75.3125,7.8125,0.0
-75.3125,7.9375,0.0
-75.3125,8.0625,0.0
-75.3125,8.1875,0.0
-75.3125,8.3125,0.0
-75.3125,8.4375,0.0
-75.3125,8.5625,0.0
-75.3125,8.6875,0.0
-75.3125,8.8125,0.0
-75.3125,8.9375,0.0
-75.3125,9.0625,0.0
-75.3125,9.1875,0.0
-75.3125,9.3125,0.0
-75.3125,9.4375,0.0
-75.3125,9.5625,0.0
-75.3125,9.6875,0.0
-75.3125,9.8125,0.0
-75.3125,9.9375,0.0
-75.3125,10.0625,0.0
-75.3125,10.1875,0.0
-75.3125,10.3125,0.0
-75.3125,10.4375,0.0
-75.3125,10.5625,0.0
-75.3125,10.6875,0.0
-75.3125,10.8125,0.0
-75.3125,10.9375,0.0
-75.3125,11.0625,0.0
-75.3125,11.1875,0.0
-75.3125,11.3125,0.0
-75.3125,11.4375,0.0
-75.3125,11.5625,0.0
-75.3125,11.6875,0.0
-75.3125,11.8125,0.0
-75.3125,11.9375,0.0
-75.3125,12.0625,0.0
-75.3125,12.1875,0.0
-75.3125,12.3125,0.0
-75.3125,12.4375,0.0
-75.1875,-4.1875,0.0
-75.1875,-4.0625,0.0
-75.1875,-3.9375,0.0
-75.1875,-3.8125,0.0
-75.1875,-3.6875,0.0
-75.1875,-3.5625,0.0
-75.1875,-3.4375,0.0
-75.1875,-3.3125,0.0
-75.1875,-3.1875,0.0
-75.1875,-3.0625,0.0
-75.1875,-2.9375,0.0
-75.1875,-2.8125,0.0
-75.1875,-2.6875,0.0
-75.1875,-2.5625,0.0
-75.1875,-2.4375,0.0
-75.1875,-2.3125,0.0
-75.1875,-2.1875,0.0
-75.1875,-2.0625,0.0
-75.1875,-1.9375,0.0
-75.1875,-1.8125,0.0
-75.1875,-1.6875,0.0
-75.1875,-1.5625,0.0
-75.1875,-1.4375,0.0
-75.1875,-1.3125,0.0
-75.1875,-1.1875,0.0
-75.1875,-1.0625,0.0
-75.1875,-0.9375,0.0
-75.1875,-0.8125,0.0
-75.1875,-0.6875,0.0
-75.1875,-0.5625,0.0
-75.1875,-0.4375,0.0
-75.1875,-0.3125,0.0
-75.1875,-0.1875,0.0
-75.1875,-0.0625,0.0
-75.1875,0.0625,0.0
-75.1875,0.1875,0.0
-75.1875,0.3125,0.0
-75.1875,0.4375,0.0
-75.1875,0.5625,0.0
-75.1875,0.6875,0.0
-75.1875,0.8125,0.0
-75.1875,0.9375,0.0
-75.1875,1.0625,0.0
-75.1875,1.1875,0.0
-75.1875,1.3125,0.0
-75.1875,1.4375,0.0
-75.1875,1.5625,0.0
-75.1875,1.6875,0.0
-75.1875,1.8125,0.0
-75.1875,1.9375,0.0
-75.1875,2.0625,0.0
-75.1875,2.1875,0.0
-75.1875,2.3125,0.0
-75.1875,2.4375,0.0
-75.1875,2.5625,0.0
-75.1875,2.6875,0.0
-75.1875,2.8125,0.0
-75.1875,2.9375,0.0
-75.1875,3.0625,0.0
-75.1875,3.1875,0.0
-75.1875,3.3125,0.0
-75.1875,3.4375,0.0
-75.1875,3.5625,0.0
-75.1875,3.6875,0.0
-75.1875,3.8125,0.0
-75.1875,3.9375,0.0
-75.1875,4.0625,0.0
-75.1875,4.1875,0.0
-75.1875,4.3125,0.0
-75.1875,4.4375,0.0
-75.1875,4.5625,0.0
-75.1875,4.6875,0.0
-75.1875,4.8125,0.0
-75.1875,4.9375,0.0
-75.1875,5.0625,0.0
-75.1875,5.1875,0.0
-75.1875,5.3125,0.0
-75.1875,5.4375,0.0
-75.1875,5.5625,0.0
-75.1875,5.6875,0.0
-75.1875,5.8125,0.0
-75.1875,5.9375,0.0
-75.1875,6.0625,0.0
-75.1875,6.1875,0.0
-75.1875,6.3125,0.0
-75.1875,6.4375,0.0
-75.1875,6.5625,0.0
-75.1875,6.6875,0.0
-75.1875,6.8125,0.0
-75.1875,6.9375,0.0
-75.1875,7.0625,0.0
-75.1875,7.1875,0.0
-75.1875,7.3125,0.0
-75.1875,7.4375,0.0
-75.1875,7.5625,0.0
-75.1875,7.6875,0.0
-75.1875,7.8125,0.0
-75.1875,7.9375,0.0
-75.1875,8.0625,0.0
-75.1875,8.1875,0.0
-75.1875,8.3125,0.0
-75.1875,8.4375,0.0
-75.1875,8.5625,0.0
-75.1875,8.6875,0.0
-75.1875,8.8125,0.0
-75.1875,8.9375,0.0
-75.1875,9.0625,0.0
-75.1875,9.1875,0.0
-75.1875,9.3125,0.0
-75.1875,9.4375,0.0
-75.1875,9.5625,0.0
-75.1875,9.6875,0.0
-75.1875,9.8125,0.0
-75.1875,9.9375,0.0
-75.1875,10.0625,0.0
-75.1875,10.1875,0.0
-75.1875,10.3125,0.0
-75.1875,10.4375,0.0
-75.1875,10.5625,0.0
-75.1875,10.6875,0.0
-75.1875,10.8125,0.0
-75.1875,10.9375,0.0
-75.1875,11.0625,0.0
-75.1875,11.1875,0.0
-75.1875,11.3125,0.0
-75.1875,11.4375,0.0
-75.1875,11.5625,0.0
-75.1875,11.6875,0.0
-75.1875,11.8125,0.0
-75.1875,11.9375,0.0
-75.1875,12.0625,0.0
-75.1875,12.1875,0.0
-75.1875,12.3125,0.0
-75.1875,12.4375,0.0
-75.0625,-4.1875,0.0
-75.0625,-4.0625,0.0
-75.0625,-3.9375,0.0
-75.0625,-3.8125,0.0
-75.0625,-3.6875,0.0
-75.0625,-3.5625,0.0
-75.0625,-3.4375,0.0
-75.0625,-3.3125,0.0
-75.0625,-3.1875,0.0
-75.0625,-3.0625,0.0
-75.0625,-2.9375,0.0
-75.0625,-2.8125,0.0
-75.0625,-2.6875,0.0
-75.0625,-2.5625,0.0
-75.0625,-2.4375,0.0
-75.0625,-2.3125,0.0
-75.0625,-2.1875,0.0
-75.0625,-2.0625,0.0
-75.0625,-1.9375,0.0
-75.0625,-1.8125,0.0
-75.0625,-1.6875,0.0
-75.0625,-1.5625,0.0
-75.0625,-1.4375,0.0
-75.0625,-1.3125,0.0
-75.0625,-1.1875,0.0
-75.0625,-1.0625,0.0
-75.0625,-0.9375,0.0
-75.0625,-0.8125,0.0
-75.0625,-0.6875,0.0
-75.0625,-0.5625,0.0
-75.0625,-0.4375,0.0
-75.0625,-0.3125,0.0
-75.0625,-0.1875,0.0
-75.0625,-0.0625,0.0
-75.0625,0.0625,0.0
-75.0625,0.1875,0.0
-75.0625,0.3125,0.0
-75.0625,0.4375,0.0
-75.0625,0.5625,0.0
-75.0625,0.6875,0.0
-75.0625,0.8125,0.0
-75.0625,0.9375,0.0
-75.0625,1.0625,0.0
-75.0625,1.1875,0.0
-75.0625,1.3125,0.0
-75.0625,1.4375,0.0
-75.0625,1.5625,0.0
-75.0625,1.6875,0.0
-75.0625,1.8125,0.0
-75.0625,1.9375,0.0
-75.0625,2.0625,0.0
-75.0625,2.1875,0.0
-75.0625,2.3125,0.0
-75.0625,2.4375,0.0
-75.0625,2.5625,0.0
-75.0625,2.6875,0.0
-75.0625,2.8125,0.0
-75.0625,2.9375,0.0
-75.0625,3.0625,0.0
-75.0625,3.1875,0.0
-75.0625,3.3125,0.0
-75.0625,3.4375,0.0
-75.0625,3.5625,0.0
-75.0625,3.6875,0.0
-75.0625,3.8125,0.0
-75.0625,3.9375,0.0
-75.0625,4.0625,0.0
-75.0625,4.1875,0.0
-75.0625,4.3125,0.0
-75.0625,4.4375,0.0
-75.0625,4.5625,0.0
-75.0625,4.6875,0.0
-75.0625,4.8125,0.0
-75.0625,4.9375,0.0
-75.0625,5.0625,0.0
-75.0625,5.1875,0.0
-75.0625,5.3125,0.0
-75.0625,5.4375,0.0
-75.0625,5.5625,0.0
-75.0625,5.6875,0.0
-75.0625,5.8125,0.0
-75.0625,5.9375,0.0
-75.0625,6.0625,0.0
-75.0625,6.1875,0.0
-75.0625,6.3125,0.0
-75.0625,6.4375,0.0
-75.0625,6.5625,0.0
-75.0625,6.6875,0.0
-75.0625,6.8125,0.0
-75.0625,6.9375,0.0
-75.0625,7.0625,0.0
-75.0625,7.1875,0.0
-75.0625,7.3125,0.0
-75.0625,7.4375,0.0
-75.0625,7.5625,0.0
-75.0625,7.6875,0.0
-75.0625,7.8125,0.0
-75.0625,7.9375,0.0
-75.0625,8.0625,0.0
-75.0625,8.1875,0.0
-75.0625,8.3125,0.0
-75.0625,8.4375,0.0
-75.0625,8.5625,0.0
-75.0625,8.6875,0.0
-75.0625,8.8125,0.0
-75.0625,8.9375,0.0
-75.0625,9.0625,0.0
-75.0625,9.1875,0.0
-75.0625,9.3125,0.0
-75.0625,9.4375,0.0
-75.0625,9.5625,0.0
-75.0625,9.6875,0.0
-75.0625,9.8125,0.0
-75.0625,9.9375,0.0
-75.0625,10.0625,0.0
-75.0625,10.1875,0.0
-75.0625,10.3125,0.0
-75.0625,10.4375,0.0
-75.0625,10.5625,0.0
-75.0625,10.6875,0.0
-75.0625,10.8125,0.0
-75.0625,10.9375,0.0
-75.0625,11.0625,0.0
-75.0625,11.1875,0.0
-75.0625,11.3125,0.0
-75.0625,11.4375,0.0
-75.0625,11.5625,0.0
-75.0625,11.6875,0.0
-75.0625,11.8125,0.0
-75.0625,11.9375,0.0
-75.0625,12.0625,0.0
-75.0625,12.1875,0.0
-75.0625,12.3125,0.0
-75.0625,12.4375,0.0
-74.9375,-4.1875,0.0
-74.9375,-4.0625,0.0
-74.9375,-3.9375,0.0
-74.9375,-3.8125,0.0
-74.9375,-3.6875,0.0
-74.9375,-3.5625,0.0
-74.9375,-3.4375,0.0
-74.9375,-3.3125,0.0
-74.9375,-3.1875,0.0
-74.9375,-3.0625,0.0
-74.9375,-2.9375,0.0
-74.9375,-2.8125,0.0
-74.9375,-2.6875,0.0
-74.9375,-2.5625,0.0
-74.9375,-2.4375,0.0
-74.9375,-2.3125,0.0
-74.9375,-2.1875,0.0
-74.9375,-2.0625,0.0
-74.9375,-1.9375,0.0
-74.9375,-1.8125,0.0
-74.9375,-1.6875,0.0
-74.9375,-1.5625,0.0
-74.9375,-1.4375,0.0
-74.9375,-1.3125,0.0
-74.9375,-1.1875,0.0
-74.9375,-1.0625,0.0
-74.9375,-0.9375,0.0
-74.9375,-0.8125,0.0
-74.9375,-0.6875,0.0
-74.9375,-0.5625,0.0
-74.9375,-0.4375,0.0
-74.9375,-0.3125,0.0
-74.9375,-0.1875,0.0
-74.9375,-0.0625,0.0
-74.9375,0.0625,0.0
-74.9375,0.1875,0.0
-74.9375,0.3125,0.0
-74.9375,0.4375,0.0
-74.9375,0.5625,0.0
-74.9375,0.6875,0.0
-74.9375,0.8125,0.0
-74.9375,0.9375,0.0
-74.9375,1.0625,0.0
-74.9375,1.1875,0.0
-74.9375,1.3125,0.0
-74.9375,1.4375,0.0
-74.9375,1.5625,0.0
-74.9375,1.6875,0.0
-74.9375,1.8125,0.0
-74.9375,1.9375,0.0
-74.9375,2.0625,0.0
-74.9375,2.1875,0.0
-74.9375,2.3125,0.0
-74.9375,2.4375,0.0
-74.9375,2.5625,0.0
-74.9375,2.6875,0.0
-74.9375,2.8125,0.0
-74.9375,2.9375,0.0
-74.9375,3.0625,0.0
-74.9375,3.1875,0.0
-74.9375,3.3125,0.0
-74.9375,3.4375,0.0
-74.9375,3.5625,0.0
-74.9375,3.6875,0.0
-74.9375,3.8125,0.0
-74.9375,3.9375,0.0
-74.9375,4.0625,0.0
-74.9375,4.1875,0.0
-74.9375,4.3125,0.0
-74.9375,4.4375,0.0
-74.9375,4.5625,0.0
-74.9375,4.6875,0.0
-74.9375,4.8125,0.0
-74.9375,4.9375,0.0
-74.9375,5.0625,0.0
-74.9375,5.1875,0.0
-74.9375,5.3125,0.0
-74.9375,5.4375,0.0
-74.9375,5.5625,0.0
-74.9375,5.6875,0.0
-74.9375,5.8125,0.0
-74.9375,5.9375,0.0
-74.9375,6.0625,0.0
-74.9375,6.1875,0.0
-74.9375,6.3125,0.0
-74.9375,6.4375,0.0
-74.9375,6.5625,0.0
-74.9375,6.6875,0.0
-74.9375,6.8125,0.0
-74.9375,6.9375,0.0
-74.9375,7.0625,0.0
-74.9375,7.1875,0.0
-74.9375,7.3125,0.0
-74.9375,7.4375,0.0
-74.9375,7.5625,0.0
-74.9375,7.6875,0.0
-74.9375,7.8125,0.0
-74.9375,7.9375,0.0
-74.9375,8.0625,0.0
-74.9375,8.1875,0.0
-74.9375,8.3125,0.0
-74.9375,8.4375,0.0
-74.9375,8.5625,0.0
-74.9375,8.6875,0.0
-74.9375,8.8125,0.0
-74.9375,8.9375,0.0
-74.9375,9.0625,0.0
-74.9375,9.1875,0.0
-74.9375,9.3125,0.0
-74.9375,9.4375,0.0
-74.9375,9.5625,0.0
-74.9375,9.6875,0.0
-74.9375,9.8125,0.0
-74.9375,9.9375,0.0
-74.9375,10.0625,0.0
-74.9375,10.1875,0.0
-74.9375,10.3125,0.0
-74.9375,10.4375,0.0
-74.9375,10.5625,0.0
-74.9375,10.6875,0.0
-74.9375,10.8125,0.0
-74.9375,10.9375,0.0
-74.9375,11.0625,0.0
-74.9375,11.1875,0.0
-74.9375,11.3125,0.0
-74.9375,11.4375,0.0
-74.9375,11.5625,0.0
-74.9375,11.6875,0.0
-74.9375,11.8125,0.0
-74.9375,11.9375,0.0
-74.9375,12.0625,0.0
-74.9375,12.1875,0.0
-74.9375,12.3125,0.0
-74.9375,12.4375,0.0
-74.8125,-4.1875,0.0
-74.8125,-4.0625,0.0
-74.8125,-3.9375,0.0
-74.8125,-3.8125,0.0
-74.8125,-3.6875,0.0
-74.8125,-3.5625,0.0
-74.8125,-3.4375,0.0
-74.8125,-3.3125,0.0
-74.8125,-3.1875,0.0
-74.8125,-3.0625,0.0
-74.8125,-2.9375,0.0
-74.8125,-2.8125,0.0
-74.8125,-2.6875,0.0
-74.8125,-2.5625,0.0
-74.8125,-2.4375,0.0
-74.8125,-2.3125,0.0
-74.8125,-2.1875,0.0
-74.8125,-2.0625,0.0
-74.8125,-1.9375,0.0
-74.8125,-1.8125,0.0
-74.8125,-1.6875,0.0
-74.8125,-1.5625,0.0
-74.8125,-1.4375,0.0
-74.8125,-1.3125,0.0
-74.8125,-1.1875,0.0
-74.8125,-1.0625,0.0
-74.8125,-0.9375,0.0
-74.8125,-0.8125,0.0
-74.8125,-0.6875,0.0
-74.8125,-0.5625,0.0
-74.8125,-0.4375,0.0
-74.8125,-0.3125,0.0
-74.8125,-0.1875,0.0
-74.8125,-0.0625,0.0
-74.8125,0.0625,0.0
-74.8125,0.1875,0.0
-74.8125,0.3125,0.0
-74.8125,0.4375,0.0
-74.8125,0.5625,0.0
-74.8125,0.6875,0.0
-74.8125,0.8125,0.0
-74.8125,0.9375,0.0
-74.8125,1.0625,0.0
-74.8125,1.1875,0.0
-74.8125,1.3125,0.0
-74.8125,1.4375,0.0
-74.8125,1.5625,0.0
-74.8125,1.6875,0.0
-74.8125,1.8125,0.0
-74.8125,1.9375,0.0
-74.8125,2.0625,0.0
-74.8125,2.1875,0.0
-74.8125,2.3125,0.0
-74.8125,2.4375,0.0
-74.8125,2.5625,0.0
-74.8125,2.6875,0.0
-74.8125,2.8125,0.0
-74.8125,2.9375,0.0
-74.8125,3.0625,0.0
-74.8125,3.1875,0.0
-74.8125,3.3125,0.0
-74.8125,3.4375,0.0
-74.8125,3.5625,0.0
-74.8125,3.6875,0.0
-74.8125,3.8125,0.0
-74.8125,3.9375,0.0
-74.8125,4.0625,0.0
-74.8125,4.1875,0.0
-74.8125,4.3125,0.0
-74.8125,4.4375,0.0
-74.8125,4.5625,0.0
-74.8125,4.6875,0.0
-74.8125,4.8125,0.0
-74.8125,4.9375,0.0
-74.8125,5.0625,0.0
-74.8125,5.1875,0.0
-74.8125,5.3125,0.0
-74.8125,5.4375,0.0
-74.8125,5.5625,0.0
-74.8125,5.6875,0.0
-74.8125,5.8125,0.0
-74.8125,5.9375,0.0
-74.8125,6.0625,0.0
-74.8125,6.1875,0.0
-74.8125,6.3125,0.0
-74.8125,6.4375,0.0
-74.8125,6.5625,0.0
-74.8125,6.6875,0.0
-74.8125,6.8125,0.0
-74.8125,6.9375,0.0
-74.8125,7.0625,0.0
-74.8125,7.1875,0.0
-74.8125,7.3125,0.0
-74.8125,7.4375,0.0
-74.8125,7.5625,0.0
-74.8125,7.6875,0.0
-74.8125,7.8125,0.0
-74.8125,7.9375,0.0
-74.8125,8.0625,0.0
-74.8125,8.1875,0.0
-74.8125,8.3125,0.0
-74.8125,8.4375,0.0
-74.8125,8.5625,0.0
-74.8125,8.6875,0.0
-74.8125,8.8125,0.0
-74.8125,8.9375,0.0
-74.8125,9.0625,0.0
-74.8125,9.1875,0.0
-74.8125,9.3125,0.0
-74.8125,9.4375,0.0
-74.8125,9.5625,0.0
-74.8125,9.6875,0.0
-74.8125,9.8125,0.0
-74.8125,9.9375,0.0
-74.8125,10.0625,0.0
-74.8125,10.1875,0.0
-74.8125,10.3125,0.0
-74.8125,10.4375,0.0
-74.8125,10.5625,0.0
-74.8125,10.6875,0.0
-74.8125,10.8125,0.0
-74.8125,10.9375,0.0
-74.8125,11.0625,0.0
-74.8125,11.1875,0.0
-74.8125,11.3125,0.0
-74.8125,11.4375,0.0
-74.8125,11.5625,0.0
-74.8125,11.6875,0.0
-74.8125,11.8125,0.0
-74.8125,11.9375,0.0
-74.8125,12.0625,0.0
-74.8125,12.1875,0.0
-74.8125,12.3125,0.0
-74.8125,12.4375,0.0
-74.6875,-4.1875,0.0
-74.6875,-4.0625,0.0
-74.6875,-3.9375,0.0
-74.6875,-3.8125,0.0
-74.6875,-3.6875,0.0
-74.6875,-3.5625,0.0
-74.6875,-3.4375,0.0
-74.6875,-3.3125,0.0
-74.6875,-3.1875,0.0
-74.6875,-3.0625,0.0
-74.6875,-2.9375,0.0
-74.6875,-2.8125,0.0
-74.6875,-2.6875,0.0
-74.6875,-2.5625,0.0
-74.6875,-2.4375,0.0
-74.6875,-2.3125,0.0
-74.6875,-2.1875,0.0
-74.6875,-2.0625,0.0
-74.6875,-1.9375,0.0
-74.6875,-1.8125,0.0
-74.6875,-1.6875,0.0
-74.6875,-1.5625,0.0
-74.6875,-1.4375,0.0
-74.6875,-1.3125,0.0
-74.6875,-1.1875,0.0
-74.6875,-1.0625,0.0
-74.6875,-0.9375,0.0
-74.6875,-0.8125,0.0
-74.6875,-0.6875,0.0
-74.6875,-0.5625,0.0
-74.6875,-0.4375,0.0
-74.6875,-0.3125,0.0
-74.6875,-0.1875,0.0
-74.6875,-0.0625,0.0
-74.6875,0.0625,0.0
-74.6875,0.1875,0.0
-74.6875,0.3125,0.0
-74.6875,0.4375,0.0
-74.6875,0.5625,0.0
-74.6875,0.6875,0.0
-74.6875,0.8125,0.0
-74.6875,0.9375,0.0
-74.6875,1.0625,0.0
-74.6875,1.1875,0.0
-74.6875,1.3125,0.0
-74.6875,1.4375,0.0
-74.6875,1.5625,0.0
-74.6875,1.6875,0.0
-74.6875,1.8125,0.0
-74.6875,1.9375,0.0
-74.6875,2.0625,0.0
-74.6875,2.1875,0.0
-74.6875,2.3125,0.0
-74.6875,2.4375,0.0
-74.6875,2.5625,0.0
-74.6875,2.6875,0.0
-74.6875,2.8125,0.0
-74.6875,2.9375,0.0
-74.6875,3.0625,0.0
-74.6875,3.1875,0.0
-74.6875,3.3125,0.0
-74.6875,3.4375,0.0
-74.6875,3.5625,0.0
-74.6875,3.6875,0.0
-74.6875,3.8125,0.0
-74.6875,3.9375,0.0
-74.6875,4.0625,0.0
-74.6875,4.1875,0.0
-74.6875,4.3125,0.0
-74.6875,4.4375,0.0
-74.6875,4.5625,0.0
-74.6875,4.6875,0.0
-74.6875,4.8125,0.0
-74.6875,4.9375,0.0
-74.6875,5.0625,0.0
-74.6875,5.1875,0.0
-74.6875,5.3125,0.0
-74.6875,5.4375,0.0
-74.6875,5.5625,0.0
-74.6875,5.6875,0.0
-74.6875,5.8125,0.0
-74.6875,5.9375,0.0
-74.6875,6.0625,0.0
-74.6875,6.1875,0.0
-74.6875,6.3125,0.0
-74.6875,6.4375,0.0
-74.6875,6.5625,0.0
-74.6875,6.6875,0.0
-74.6875,6.8125,0.0
-74.6875,6.9375,0.0
-74.6875,7.0625,0.0
-74.6875,7.1875,0.0
-74.6875,7.3125,0.0
-74.6875,7.4375,0.0
-74.6875,7.5625,0.0
-74.6875,7.6875,0.0
-74.6875,7.8125,0.0
-74.6875,7.9375,0.0
-74.6875,8.0625,0.0
-74.6875,8.1875,0.0
-74.6875,8.3125,0.0
-74.6875,8.4375,0.0
-74.6875,8.5625,0.0
-74.6875,8.6875,0.0
-74.6875,8.8125,0.0
-74.6875,8.9375,0.0
-74.6875,9.0625,0.0
-74.6875,9.1875,0.0
-74.6875,9.3125,0.0
-74.6875,9.4375,0.0
-74.6875,9.5625,0.0
-74.6875,9.6875,0.0
-74.6875,9.8125,0.0
-74.6875,9.9375,0.0
-74.6875,10.0625,0.0
-74.6875,10.1875,0.0
-74.6875,10.3125,0.0
-74.6875,10.4375,0.0
-74.6875,10.5625,0.0
-74.6875,10.6875,0.0
-74.6875,10.8125,0.0
-74.6875,10.9375,0.0
-74.6875,11.0625,0.0
-74.6875,11.1875,0.0
-74.6875,11.3125,0.0
-74.6875,11.4375,0.0
-74.6875,11.5625,0.0
-74.6875,11.6875,0.0
-74.6875,11.8125,0.0
-74.6875,11.9375,0.0
-74.6875,12.0625,0.0
-74.6875,12.1875,0.0
-74.6875,12.3125,0.0
-74.6875,12.4375,0.0
-74.5625,-4.1875,0.0
-74.5625,-4.0625,0.0
-74.5625,-3.9375,0.0
-74.5625,-3.8125,0.0
-74.5625,-3.6875,0.0
-74.5625,-3.5625,0.0
-74.5625,-3.4375,0.0
-74.5625,-3.3125,0.0
-74.5625,-3.1875,0.0
-74.5625,-3.0625,0.0
-74.5625,-2.9375,0.0
-74.5625,-2.8125,0.0
-74.5625,-2.6875,0.0
-74.5625,-2.5625,0.0
-74.5625,-2.4375,0.0
-74.5625,-2.3125,0.0
-74.5625,-2.1875,0.0
-74.5625,-2.0625,0.0
-74.5625,-1.9375,0.0
-74.5625,-1.8125,0.0
-74.5625,-1.6875,0.0
-74.5625,-1.5625,0.0
-74.5625,-1.4375,0.0
-74.5625,-1.3125,0.0
-74.5625,-1.1875,0.0
-74.5625,-1.0625,0.0
-74.5625,-0.9375,0.0
-74.5625,-0.8125,0.0
-74.5625,-0.6875,0.0
-74.5625,-0.5625,0.0
-74.5625,-0.4375,0.0
-74.5625,-0.3125,0.0
-74.5625,-0.1875,0.0
-74.5625,-0.0625,0.0
-74.5625,0.0625,0.0
-74.5625,0.1875,0.0
-74.5625,0.3125,0.0
-74.5625,0.4375,0.0
-74.5625,0.5625,0.0
-74.5625,0.6875,0.0
-74.5625,0.8125,0.0
-74.5625,0.9375,0.0
-74.5625,1.0625,0.0
-74.5625,1.1875,0.0
-74.5625,1.3125,0.0
-74.5625,1.4375,0.0
-74.5625,1.5625,0.0
-74.5625,1.6875,0.0
-74.5625,1.8125,0.0
-74.5625,1.9375,0.0
-74.5625,2.0625,0.0
-74.5625,2.1875,0.0
-74.5625,2.3125,0.0
-74.5625,2.4375,0.0
-74.5625,2.5625,0.0
-74.5625,2.6875,0.0
-74.5625,2.8125,0.0
-74.5625,2.9375,0.0
-74.5625,3.0625,0.0
-74.5625,3.1875,0.0
-74.5625,3.3125,0.0
-74.5625,3.4375,0.0
-74.5625,3.5625,0.0
-74.5625,3.6875,0.0
-74.5625,3.8125,0.0
-74.5625,3.9375,0.0
-74.5625,4.0625,0.0
-74.5625,4.1875,0.0
-74.5625,4.3125,0.0
-74.5625,4.4375,0.0
-74.5625,4.5625,0.0
-74.5625,4.6875,0.0
-74.5625,4.8125,0.0
-74.5625,4.9375,0.0
-74.5625,5.0625,0.0
-74.5625,5.1875,0.0
-74.5625,5.3125,0.0
-74.5625,5.4375,0.0
-74.5625,5.5625,0.0
-74.5625,5.6875,0.0
-74.5625,5.8125,0.0
-74.5625,5.9375,0.0
-74.5625,6.0625,0.0
-74.5625,6.1875,0.0
-74.5625,6.3125,0.0
-74.5625,6.4375,0.0
-74.5625,6.5625,0.0
-74.5625,6.6875,0.0
-74.5625,6.8125,0.0
-74.5625,6.9375,0.0
-74.5625,7.0625,0.0
-74.5625,7.1875,0.0
-74.5625,7.3125,0.0
-74.5625,7.4375,0.0
-74.5625,7.5625,0.0
-74.5625,7.6875,0.0
-74.5625,7.8125,0.0
-74.5625,7.9375,0.0
-74.5625,8.0625,0.0
-74.5625,8.1875,0.0
-74.5625,8.3125,0.0
-74.5625,8.4375,0.0
-74.5625,8.5625,0.0
-74.5625,8.6875,0.0
-74.5625,8.8125,0.0
-74.5625,8.9375,0.0
-74.5625,9.0625,0.0
-74.5625,9.1875,0.0
-74.5625,9.3125,0.0
-74.5625,9.4375,0.0
-74.5625,9.5625,0.0
-74.5625,9.6875,0.0
-74.5625,9.8125,0.0
-74.5625,9.9375,0.0
-74.5625,10.0625,0.0
-74.5625,10.1875,0.0
-74.5625,10.3125,0.0
-74.5625,10.4375,0.0
-74.5625,10.5625,0.0
-74.5625,10.6875,0.0
-74.5625,10.8125,0.0
-74.5625,10.9375,0.0
-74.5625,11.0625,0.0
-74.5625,11.1875,0.0
-74.5625,11.3125,0.0
-74.5625,11.4375,0.0
-74.5625,11.5625,0.0
-74.5625,11.6875,0.0
-74.5625,11.8125,0.0
-74.5625,11.9375,0.0
-74.5625,12.0625,0.0
-74.5625,12.1875,0.0
-74.5625,12.3125,0.0
-74.5625,12.4375,0.0
-74.4375,-4.1875,0.0
-74.4375,-4.0625,0.0
-74.4375,-3.9375,0.0
-74.4375,-3.8125,0.0
-74.4375,-3.6875,0.0
-74.4375,-3.5625,0.0
-74.4375,-3.4375,0.0
-74.4375,-3.3125,0.0
-74.4375,-3.1875,0.0
-74.4375,-3.0625,0.0
-74.4375,-2.9375,0.0
-74.4375,-2.8125,0.0
-74.4375,-2.6875,0.0
-74.4375,-2.5625,0.0
-74.4375,-2.4375,0.0
-74.4375,-2.3125,0.0
-74.4375,-2.1875,0.0
-74.4375,-2.0625,0.0
-74.4375,-1.9375,0.0
-74.4375,-1.8125,0.0
-74.4375,-1.6875,0.0
-74.4375,-1.5625,0.0
-74.4375,-1.4375,0.0
-74.4375,-1.3125,0.0
-74.4375,-1.1875,0.0
-74.4375,-1.0625,0.0
-74.4375,-0.9375,0.0
-74.4375,-0.8125,0.0
-74.4375,-0.6875,0.0
-74.4375,-0.5625,0.0
-74.4375,-0.4375,0.0
-74.4375,-0.3125,0.0
-74.4375,-0.1875,0.0
-74.4375,-0.0625,0.0
-74.4375,0.0625,0.0
-74.4375,0.1875,0.0
-74.4375,0.3125,0.0
-74.4375,0.4375,0.0
-74.4375,0.5625,0.0
-74.4375,0.6875,0.0
-74.4375,0.8125,0.0
-74.4375,0.9375,0.0
-74.4375,1.0625,0.0
-74.4375,1.1875,0.0
-74.4375,1.3125,0.0
-74.4375,1.4375,0.0
-74.4375,1.5625,0.0
-74.4375,1.6875,0.0
-74.4375,1.8125,0.0
-74.4375,1.9375,0.0
-74.4375,2.0625,0.0
-74.4375,2.1875,0.0
-74.4375,2.3125,0.0
-74.4375,2.4375,0.0
-74.4375,2.5625,0.0
-74.4375,2.6875,0.0
-74.4375,2.8125,0.0
-74.4375,2.9375,0.0
-74.4375,3.0625,0.0
-74.4375,3.1875,0.0
-74.4375,3.3125,0.0
-74.4375,3.4375,0.0
-74.4375,3.5625,0.0
-74.4375,3.6875,0.0
-74.4375,3.8125,0.0
-74.4375,3.9375,0.0
-74.4375,4.0625,0.0
-74.4375,4.1875,0.0
-74.4375,4.3125,0.0
-74.4375,4.4375,0.0
-74.4375,4.5625,0.0
-74.4375,4.6875,0.0
-74.4375,4.8125,0.0
-74.4375,4.9375,0.0
-74.4375,5.0625,0.0
-74.4375,5.1875,0.0
-74.4375,5.3125,0.0
-74.4375,5.4375,0.0
-74.4375,5.5625,0.0
-74.4375,5.6875,0.0
-74.4375,5.8125,0.0
-74.4375,5.9375,0.0
-74.4375,6.0625,0.0
-74.4375,6.1875,0.0
-74.4375,6.3125,0.0
-74.4375,6.4375,0.0
-74.4375,6.5625,0.0
-74.4375,6.6875,0.0
-74.4375,6.8125,0.0
-74.4375,6.9375,0.0
-74.4375,7.0625,0.0
-74.4375,7.1875,0.0
-74.4375,7.3125,0.0
-74.4375,7.4375,0.0
-74.4375,7.5625,0.0
-74.4375,7.6875,0.0
-74.4375,7.8125,0.0
-74.4375,7.9375,0.0
-74.4375,8.0625,0.0
-74.4375,8.1875,0.0
-74.4375,8.3125,0.0
-74.4375,8.4375,0.0
-74.4375,8.5625,0.0
-74.4375,8.6875,0.0
-74.4375,8.8125,0.0
-74.4375,8.9375,0.0
-74.4375,9.0625,0.0
-74.4375,9.1875,0.0
-74.4375,9.3125,0.0
-74.4375,9.4375,0.0
-74.4375,9.5625,0.0
-74.4375,9.6875,0.0
-74.4375,9.8125,0.0
-74.4375,9.9375,0.0
-74.4375,10.0625,0.0
-74.4375,10.1875,0.0
-74.4375,10.3125,0.0
-74.4375,10.4375,0.0
-74.4375,10.5625,0.0
-74.4375,10.6875,0.0
-74.4375,10.8125,0.0
-74.4375,10.9375,0.0
-74.4375,11.0625,0.0
-74.4375,11.1875,0.0
-74.4375,11.3125,0.0
-74.4375,11.4375,0.0
-74.4375,11.5625,0.0
-74.4375,11.6875,0.0
-74.4375,11.8125,0.0
-74.4375,11.9375,0.0
-74.4375,12.0625,0.0
-74.4375,12.1875,0.0
-74.4375,12.3125,0.0
-74.4375,12.4375,0.0
-74.3125,-4.1875,0.0
-74.3125,-4.0625,0.0
-74.3125,-3.9375,0.0
-74.3125,-3.8125,0.0
-74.3125,-3.6875,0.0
-74.3125,-3.5625,0.0
-74.3125,-3.4375,0.0
-74.3125,-3.3125,0.0
-74.3125,-3.1875,0.0
-74.3125,-3.0625,0.0
-74.3125,-2.9375,0.0
-74.3125,-2.8125,0.0
-74.3125,-2.6875,0.0
-74.3125,-2.5625,0.0
-74.3125,-2.4375,0.0
-74.3125,-2.3125,0.0
-74.3125,-2.1875,0.0
-74.3125,-2.0625,0.0
-74.3125,-1.9375,0.0
-74.3125,-1.8125,0.0
-74.3125,-1.6875,0.0
-74.3125,-1.5625,0.0
-74.3125,-1.4375,0.0
-74.3125,-1.3125,0.0
-74.3125,-1.1875,0.0
-74.3125,-1.0625,0.0
-74.3125,-0.9375,0.0
-74.3125,-0.8125,0.0
-74.3125,-0.6875,0.0
-74.3125,-0.5625,0.0
-74.3125,-0.4375,0.0
-74.3125,-0.3125,0.0
-74.3125,-0.1875,0.0
-74.3125,-0.0625,0.0
-74.3125,0.0625,0.0
-74.3125,0.1875,0.0
-74.3125,0.3125,0.0
-74.3125,0.4375,0.0
-74.3125,0.5625,0.0
-74.3125,0.6875,0.0
-74.3125,0.8125,0.0
-74.3125,0.9375,0.0
-74.3125,1.0625,0.0
-74.3125,1.1875,0.0
-74.3125,1.3125,0.0
-74.3125,1.4375,0.0
-74.3125,1.5625,0.0
-74.3125,1.6875,0.0
-74.3125,1.8125,0.0
-74.3125,1.9375,0.0
-74.3125,2.0625,0.0
-74.3125,2.1875,0.0
-74.3125,2.3125,0.0
-74.3125,2.4375,0.0
-74.3125,2.5625,0.0
-74.3125,2.6875,0.0
-74.3125,2.8125,0.0
-74.3125,2.9375,0.0
-74.3125,3.0625,0.0
-74.3125,3.1875,0.0
-74.3125,3.3125,0.0
-74.3125,3.4375,0.0
-74.3125,3.5625,0.0
-74.3125,3.6875,0.0
-74.3125,3.8125,0.0
-74.3125,3.9375,0.0
-74.3125,4.0625,0.0
-74.3125,4.1875,0.0
-74.3125,4.3125,0.0
-74.3125,4.4375,0.0
-74.3125,4.5625,0.0
-74.3125,4.6875,0.0
-74.3125,4.8125,0.0
-74.3125,4.9375,0.0
-74.3125,5.0625,0.0
-74.3125,5.1875,0.0
-74.3125,5.3125,0.0
-74.3125,5.4375,0.0
-74.3125,5.5625,0.0
-74.3125,5.6875,0.0
-74.3125,5.8125,0.0
-74.3125,5.9375,0.0
-74.3125,6.0625,0.0
-74.3125,6.1875,0.0
-74.3125,6.3125,0.0
-74.3125,6.4375,0.0
-74.3125,6.5625,0.0
-74.3125,6.6875,0.0
-74.3125,6.8125,0.0
-74.3125,6.9375,0.0
-74.3125,7.0625,0.0
-74.3125,7.1875,0.0
-74.3125,7.3125,0.0
-74.3125,7.4375,0.0
-74.3125,7.5625,0.0
-74.3125,7.6875,0.0
-74.3125,7.8125,0.0
-74.3125,7.9375,0.0
-74.3125,8.0625,0.0
-74.3125,8.1875,0.0
-74.3125,8.3125,0.0
-74.3125,8.4375,0.0
-74.3125,8.5625,0.0
-74.3125,8.6875,0.0
-74.3125,8.8125,0.0
-74.3125,8.9375,0.0
-74.3125,9.0625,0.0
-74.3125,9.1875,0.0
-74.3125,9.3125,0.0
-74.3125,9.4375,0.0
-74.3125,9.5625,0.0
-74.3125,9.6875,0.0
-74.3125,9.8125,0.0
-74.3125,9.9375,0.0
-74.3125,10.0625,0.0
-74.3125,10.1875,0.0
-74.3125,10.3125,0.0
-74.3125,10.4375,0.0
-74.3125,10.5625,0.0
-74.3125,10.6875,0.0
-74.3125,10.8125,0.0
-74.3125,10.9375,0.0
-74.3125,11.0625,0.0
-74.3125,11.1875,0.0
-74.3125,11.3125,0.0
-74.3125,11.4375,0.0
-74.3125,11.5625,0.0
-74.3125,11.6875,0.0
-74.3125,11.8125,0.0
-74.3125,11.9375,0.0
-74.3125,12.0625,0.0
-74.3125,12.1875,0.0
-74.3125,12.3125,0.0
-74.3125,12.4375,0.0
-74.1875,-4.1875,0.0
-74.1875,-4.0625,0.0
-74.1875,-3.9375,0.0
-74.1875,-3.8125,0.0
-74.1875,-3.6875,0.0
-74.1875,-3.5625,0.0
-74.1875,-3.4375,0.0
-74.1875,-3.3125,0.0
-74.1875,-3.1875,0.0
-74.1875,-3.0625,0.0
-74.1875,-2.9375,0.0
-74.1875,-2.8125,0.0
-74.1875,-2.6875,0.0
-74.1875,-2.5625,0.0
-74.1875,-2.4375,0.0
-74.1875,-2.3125,0.0
-74.1875,-2.1875,0.0
-74.1875,-2.0625,0.0
-74.1875,-1.9375,0.0
-74.1875,-1.8125,0.0
-74.1875,-1.6875,0.0
-74.1875,-1.5625,0.0
-74.1875,-1.4375,0.0
-74.1875,-1.3125,0.0
-74.1875,-1.1875,0.0
-74.1875,-1.0625,0.0
-74.1875,-0.9375,0.0
-74.1875,-0.8125,0.0
-74.1875,-0.6875,0.0
-74.1875,-0.5625,0.0
-74.1875,-0.4375,0.0
-74.1875,-0.3125,0.0
-74.1875,-0.1875,0.0
-74.1875,-0.0625,0.0
-74.1875,0.0625,0.0
-74.1875,0.1875,0.0
-74.1875,0.3125,0.0
-74.1875,0.4375,0.0
-74.1875,0.5625,0.0
-74.1875,0.6875,0.0
-74.1875,0.8125,0.0
-74.1875,0.9375,0.0
-74.1875,1.0625,0.0
-74.1875,1.1875,0.0
-74.1875,1.3125,0.0
-74.1875,1.4375,0.0
-74.1875,1.5625,0.0
-74.1875,1.6875,0.0
-74.1875,1.8125,0.0
-74.1875,1.9375,0.0
-74.1875,2.0625,0.0
-74.1875,2.1875,0.0
-74.1875,2.3125,0.0
-74.1875,2.4375,0.0
-74.1875,2.5625,0.0
-74.1875,2.6875,0.0
-74.1875,2.8125,0.0
-74.1875,2.9375,0.0
-74.1875,3.0625,0.0
-74.1875,3.1875,0.0
-74.1875,3.3125,0.0
-74.1875,3.4375,0.0
-74.1875,3.5625,0.0
-74.1875,3.6875,0.0
-74.1875,3.8125,0.0
-74.1875,3.9375,0.0
-74.1875,4.0625,0.0
-74.1875,4.1875,0.0
-74.1875,4.3125,0.0
-74.1875,4.4375,0.0
-74.1875,4.5625,0.0
-74.1875,4.6875,0.0
-74.1875,4.8125,0.0
-74.1875,4.9375,0.0
-74.1875,5.0625,0.0
-74.1875,5.1875,0.0
-74.1875,5.3125,0.0
-74.1875,5.4375,0.0
-74.1875,5.5625,0.0
-74.1875,5.6875,0.0
-74.1875,5.8125,0.0
-74.1875,5.9375,0.0
-74.1875,6.0625,0.0
-74.1875,6.1875,0.0
-74.1875,6.3125,0.0
-74.1875,6.4375,0.0
-74.1875,6.5625,0.0
-74.1875,6.6875,0.0
-74.1875,6.8125,0.0
-74.1875,6.9375,0.0
-74.1875,7.0625,0.0
-74.1875,7.1875,0.0
-74.1875,7.3125,0.0
-74.1875,7.4375,0.0
-74.1875,7.5625,0.0
-74.1875,7.6875,0.0
-74.1875,7.8125,0.0
-74.1875,7.9375,0.0
-74.1875,8.0625,0.0
-74.1875,8.1875,0.0
-74.1875,8.3125,0.0
-74.1875,8.4375,0.0
-74.1875,8.5625,0.0
-74.1875,8.6875,0.0
-74.1875,8.8125,0.0
-74.1875,8.9375,0.0
-74.1875,9.0625,0.0
-74.1875,9.1875,0.0
-74.1875,9.3125,0.0
-74.1875,9.4375,0.0
-74.1875,9.5625,0.0
-74.1875,9.6875,0.0
-74.1875,9.8125,0.0
-74.1875,9.9375,0.0
-74.1875,10.0625,0.0
-74.1875,10.1875,0.0
-74.1875,10.3125,0.0
-74.1875,10.4375,0.0
-74.1875,10.5625,0.0
-74.1875,10.6875,0.0
-74.1875,10.8125,0.0
-74.1875,10.9375,0.0
-74.1875,11.0625,0.0
-74.1875,11.1875,0.0
-74.1875,11.3125,0.0
-74.1875,11.4375,0.0
-74.1875,11.5625,0.0
-74.1875,11.6875,0.0
-74.1875,11.8125,0.0
-74.1875,11.9375,0.0
-74.1875,12.0625,0.0
-74.1875,12.1875,0.0
-74.1875,12.3125,0.0
-74.1875,12.4375,0.0
-74.0625,-4.1875,0.0
-74.0625,-4.0625,0.0
-74.0625,-3.9375,0.0
-74.0625,-3.8125,0.0
-74.0625,-3.6875,0.0
-74.0625,-3.5625,0.0
-74.0625,-3.4375,0.0
-74.0625,-3.3125,0.0
-74.0625,-3.1875,0.0
-74.0625,-3.0625,0.0
-74.0625,-2.9375,0.0
-74.0625,-2.8125,0.0
-74.0625,-2.6875,0.0
-74.0625,-2.5625,0.0
-74.0625,-2.4375,0.0
-74.0625,-2.3125,0.0
-74.0625,-2.1875,0.0
-74.0625,-2.0625,0.0
-74.0625,-1.9375,0.0
-74.0625,-1.8125,0.0
-74.0625,-1.6875,0.0
-74.0625,-1.5625,0.0
-74.0625,-1.4375,0.0
-74.0625,-1.3125,0.0
-74.0625,-1.1875,0.0
-74.0625,-1.0625,0.0
-74.0625,-0.9375,0.0
-74.0625,-0.8125,0.0
-74.0625,-0.6875,0.0
-74.0625,-0.5625,0.0
-74.0625,-0.4375,0.0
-74.0625,-0.3125,0.0
-74.0625,-0.1875,0.0
-74.0625,-0.0625,0.0
-74.0625,0.0625,0.0
-74.0625,0.1875,0.0
-74.0625,0.3125,0.0
-74.0625,0.4375,0.0
-74.0625,0.5625,0.0
-74.0625,0.6875,0.0
-74.0625,0.8125,0.0
-74.0625,0.9375,0.0
-74.0625,1.0625,0.0
-74.0625,1.1875,0.0
-74.0625,1.3125,0.0
-74.0625,1.4375,0.0
-74.0625,1.5625,0.0
-74.0625,1.6875,0.0
-74.0625,1.8125,0.0
-74.0625,1.9375,0.0
-74.0625,2.0625,0.0
-74.0625,2.1875,0.0
-74.0625,2.3125,0.0
-74.0625,2.4375,0.0
-74.0625,2.5625,0.0
-74.0625,2.6875,0.0
-74.0625,2.8125,0.0
-74.0625,2.9375,0.0
-74.0625,3.0625,0.0
-74.0625,3.1875,0.0
-74.0625,3.3125,0.0
-74.0625,3.4375,0.0
-74.0625,3.5625,0.0
-74.0625,3.6875,0.0
-74.0625,3.8125,0.0
-74.0625,3.9375,0.0
-74.0625,4.0625,0.0
-74.0625,4.1875,0.0
-74.0625,4.3125,0.0
-74.0625,4.4375,0.0
-74.0625,4.5625,0.0
-74.0625,4.6875,0.0
-74.0625,4.8125,0.0
-74.0625,4.9375,0.0
-74.0625,5.0625,0.0
-74.0625,5.1875,0.0
-74.0625,5.3125,0.0
-74.0625,5.4375,0.0
-74.0625,5.5625,0.0
-74.0625,5.6875,0.0
-74.0625,5.8125,0.0
-74.0625,5.9375,0.0
-74.0625,6.0625,0.0
-74.0625,6.1875,0.0
-74.0625,6.3125,0.0
-74.0625,6.4375,0.0
-74.0625,6.5625,0.0
-74.0625,6.6875,0.0
-74.0625,6.8125,0.0
-74.0625,6.9375,0.0
-74.0625,7.0625,0.0
-74.0625,7.1875,0.0
-74.0625,7.3125,0.0
-74.0625,7.4375,0.0
-74.0625,7.5625,0.0
-74.0625,7.6875,0.0
-74.0625,7.8125,0.0
-74.0625,7.9375,0.0
-74.0625,8.0625,0.0
-74.0625,8.1875,0.0
-74.0625,8.3125,0.0
-74.0625,8.4375,0.0
-74.0625,8.5625,0.0
-74.0625,8.6875,0.0
-74.0625,8.8125,0.0
-74.0625,8.9375,0.0
-74.0625,9.0625,0.0
-74.0625,9.1875,0.0
-74.0625,9.3125,0.0
-74.0625,9.4375,0.0
-74.0625,9.5625,0.0
-74.0625,9.6875,0.0
-74.0625,9.8125,0.0
-74.0625,9.9375,0.0
-74.0625,10.0625,0.0
-74.0625,10.1875,0.0
-74.0625,10.3125,0.0
-74.0625,10.4375,0.0
-74.0625,10.5625,0.0
-74.0625,10.6875,0.0
-74.0625,10.8125,0.0
-74.0625,10.9375,0.0
-74.0625,11.0625,0.0
-74.0625,11.1875,0.0
-74.0625,11.3125,0.0
-74.0625,11.4375,0.0
-74.0625,11.5625,0.0
-74.0625,11.6875,0.0
-74.0625,11.8125,0.0
-74.0625,11.9375,0.0
-74.0625,12.0625,0.0
-74.0625,12.1875,0.0
-74.0625,12.3125,0.0
-74.0625,12.4375,0.0
-73.9375,-4.1875,0.0
-73.9375,-4.0625,0.0
-73.9375,-3.9375,0.0
-73.9375,-3.8125,0.0
-73.9375,-3.6875,0.0
-73.9375,-3.5625,0.0
-73.9375,-3.4375,0.0
-73.9375,-3.3125,0.0
-73.9375,-3.1875,0.0
-73.9375,-3.0625,0.0
-73.9375,-2.9375,0.0
-73.9375,-2.8125,0.0
-73.9375,-2.6875,0.0
-73.9375,-2.5625,0.0
-73.9375,-2.4375,0.0
-73.9375,-2.3125,0.0
-73.9375,-2.1875,0.0
-73.9375,-2.0625,0.0
-73.9375,-1.9375,0.0
-73.9375,-1.8125,0.0
-73.9375,-1.6875,0.0
-73.9375,-1.5625,0.0
-73.9375,-1.4375,0.0
-73.9375,-1.3125,0.0
-73.9375,-1.1875,0.0
-73.9375,-1.0625,0.0
-73.9375,-0.9375,0.0
-73.9375,-0.8125,0.0
-73.9375,-0.6875,0.0
-73.9375,-0.5625,0.0
-73.9375,-0.4375,0.0
-73.9375,-0.3125,0.0
-73.9375,-0.1875,0.0
-73.9375,-0.0625,0.0
-73.9375,0.0625,0.0
-73.9375,0.1875,0.0
-73.9375,0.3125,0.0
-73.9375,0.4375,0.0
-73.9375,0.5625,0.0
-73.9375,0.6875,0.0
-73.9375,0.8125,0.0
-73.9375,0.9375,0.0
-73.9375,1.0625,0.0
-73.9375,1.1875,0.0
-73.9375,1.3125,0.0
-73.9375,1.4375,0.0
-73.9375,1.5625,0.0
-73.9375,1.6875,0.0
-73.9375,1.8125,0.0
-73.9375,1.9375,0.0
-73.9375,2.0625,0.0
-73.9375,2.1875,0.0
-73.9375,2.3125,0.0
-73.9375,2.4375,0.0
-73.9375,2.5625,0.0
-73.9375,2.6875,0.0
-73.9375,2.8125,0.0
-73.9375,2.9375,0.0
-73.9375,3.0625,0.0
-73.9375,3.1875,0.0
-73.9375,3.3125,0.0
-73.9375,3.4375,0.0
-73.9375,3.5625,0.0
-73.9375,3.6875,0.0
-73.9375,3.8125,0.0
-73.9375,3.9375,0.0
-73.9375,4.0625,0.0
-73.9375,4.1875,0.0
-73.9375,4.3125,0.0
-73.9375,4.4375,0.0
-73.9375,4.5625,0.0
-73.9375,4.6875,0.0
-73.9375,4.8125,0.0
-73.9375,4.9375,0.0
-73.9375,5.0625,0.0
-73.9375,5.1875,0.0
-73.9375,5.3125,0.0
-73.9375,5.4375,0.0
-73.9375,5.5625,0.0
-73.9375,5.6875,0.0
-73.9375,5.8125,0.0
-73.9375,5.9375,0.0
-73.9375,6.0625,0.0
-73.9375,6.1875,0.0
-73.9375,6.3125,0.0
-73.9375,6.4375,0.0
-73.9375,6.5625,0.0
-73.9375,6.6875,0.0
-73.9375,6.8125,0.0
-73.9375,6.9375,0.0
-73.9375,7.0625,0.0
-73.9375,7.1875,0.0
-73.9375,7.3125,0.0
-73.9375,7.4375,0.0
-73.9375,7.5625,0.0
-73.9375,7.6875,0.0
-73.9375,7.8125,0.0
-73.9375,7.9375,0.0
-73.9375,8.0625,0.0
-73.9375,8.1875,0.0
-73.9375,8.3125,0.0
-73.9375,8.4375,0.0
-73.9375,8.5625,0.0
-73.9375,8.6875,0.0
-73.9375,8.8125,0.0
-73.9375,8.9375,0.0
-73.9375,9.0625,0.0
-73.9375,9.1875,0.0
-73.9375,9.3125,0.0
-73.9375,9.4375,0.0
-73.9375,9.5625,0.0
-73.9375,9.6875,0.0
-73.9375,9.8125,0.0
-73.9375,9.9375,0.0
-73.9375,10.0625,0.0
-73.9375,10.1875,0.0
-73.9375,10.3125,0.0
-73.9375,10.4375,0.0
-73.9375,10.5625,0.0
-73.9375,10.6875,0.0
-73.9375,10.8125,0.0
-73.9375,10.9375,0.0
-73.9375,11.0625,0.0
-73.9375,11.1875,0.0
-73.9375,11.3125,0.0
-73.9375,11.4375,0.0
-73.9375,11.5625,0.0
-73.9375,11.6875,0.0
-73.9375,11.8125,0.0
-73.9375,11.9375,0.0
-73.9375,12.0625,0.0
-73.9375,12.1875,0.0
-73.9375,12.3125,0.0
-73.9375,12.4375,0.0
-73.8125,-4.1875,0.0
-73.8125,-4.0625,0.0
-73.8125,-3.9375,0.0
-73.8125,-3.8125,0.0
-73.8125,-3.6875,0.0
-73.8125,-3.5625,0.0
-73.8125,-3.4375,0.0
-73.8125,-3.3125,0.0
-73.8125,-3.1875,0.0
-73.8125,-3.0625,0.0
-73.8125,-2.9375,0.0
-73.8125,-2.8125,0.0
-73.8125,-2.6875,0.0
-73.8125,-2.5625,0.0
-73.8125,-2.4375,0.0
-73.8125,-2.3125,0.0
-73.8125,-2.1875,0.0
-73.8125,-2.0625,0.0
-73.8125,-1.9375,0.0
-73.8125,-1.8125,0.0
-73.8125,-1.6875,0.0
-73.8125,-1.5625,0.0
-73.8125,-1.4375,0.0
-73.8125,-1.3125,0.0
-73.8125,-1.1875,0.0
-73.8125,-1.0625,0.0
-73.8125,-0.9375,0.0
-73.8125,-0.8125,0.0
-73.8125,-0.6875,0.0
-73.8125,-0.5625,0.0
-73.8125,-0.4375,0.0
-73.8125,-0.3125,0.0
-73.8125,-0.1875,0.0
-73.8125,-0.0625,0.0
-73.8125,0.0625,0.0
-73.8125,0.1875,0.0
-73.8125,0.3125,0.0
-73.8125,0.4375,0.0
-73.8125,0.5625,0.0
-73.8125,0.6875,0.0
-73.8125,0.8125,0.0
-73.8125,0.9375,0.0
-73.8125,1.0625,0.0
-73.8125,1.1875,0.0
-73.8125,1.3125,0.0
-73.8125,1.4375,0.0
-73.8125,1.5625,0.0
-73.8125,1.6875,0.0
-73.8125,1.8125,0.0
-73.8125,1.9375,0.0
-73.8125,2.0625,0.0
-73.8125,2.1875,0.0
-73.8125,2.3125,0.0
-73.8125,2.4375,0.0
-73.8125,2.5625,0.0
-73.8125,2.6875,0.0
-73.8125,2.8125,0.0
-73.8125,2.9375,0.0
-73.8125,3.0625,0.0
-73.8125,3.1875,0.0
-73.8125,3.3125,0.0
-73.8125,3.4375,0.0
-73.8125,3.5625,0.0
-73.8125,3.6875,0.0
-73.8125,3.8125,0.0
-73.8125,3.9375,0.0
-73.8125,4.0625,0.0
-73.8125,4.1875,0.0
-73.8125,4.3125,0.0
-73.8125,4.4375,0.0
-73.8125,4.5625,0.0
-73.8125,4.6875,0.0
-73.8125,4.8125,0.0
-73.8125,4.9375,0.0
-73.8125,5.0625,0.0
-73.8125,5.1875,0.0
-73.8125,5.3125,0.0
-73.8125,5.4375,0.0
-73.8125,5.5625,0.0
-73.8125,5.6875,0.0
-73.8125,5.8125,0.0
-73.8125,5.9375,0.0
-73.8125,6.0625,0.0
-73.8125,6.1875,0.0
-73.8125,6.3125,0.0
-73.8125,6.4375,0.0
-73.8125,6.5625,0.0
-73.8125,6.6875,0.0
-73.8125,6.8125,0.0
-73.8125,6.9375,0.0
-73.8125,7.0625,0.0
-73.8125,7.1875,0.0
-73.8125,7.3125,0.0
-73.8125,7.4375,0.0
-73.8125,7.5625,0.0
-73.8125,7.6875,0.0
-73.8125,7.8125,0.0
-73.8125,7.9375,0.0
-73.8125,8.0625,0.0
-73.8125,8.1875,0.0
-73.8125,8.3125,0.0
-73.8125,8.4375,0.0
-73.8125,8.5625,0.0
-73.8125,8.6875,0.0
-73.8125,8.8125,0.0
-73.8125,8.9375,0.0
-73.8125,9.0625,0.0
-73.8125,9.1875,0.0
-73.8125,9.3125,0.0
-73.8125,9.4375,0.0
-73.8125,9.5625,0.0
-73.8125,9.6875,0.0
-73.8125,9.8125,0.0
-73.8125,9.9375,0.0
-73.8125,10.0625,0.0
-73.8125,10.1875,0.0
-73.8125,10.3125,0.0
-73.8125,10.4375,0.0
-73.8125,10.5625,0.0
-73.8125,10.6875,0.0
-73.8125,10.8125,0.0
-73.8125,10.9375,0.0
-73.8125,11.0625,0.0
-73.8125,11.1875,0.0
-73.8125,11.3125,0.0
-73.8125,11.4375,0.0
-73.8125,11.5625,0.0
-73.8125,11.6875,0.0
-73.8125,11.8125,0.0
-73.8125,11.9375,0.0
-73.8125,12.0625,0.0
-73.8125,12.1875,0.0
-73.8125,12.3125,0.0
-73.8125,12.4375,0.0
-73.6875,-4.1875,0.0
-73.6875,-4.0625,0.0
-73.6875,-3.9375,0.0
-73.6875,-3.8125,0.0
-73.6875,-3.6875,0.0
-73.6875,-3.5625,0.0
-73.6875,-3.4375,0.0
-73.6875,-3.3125,0.0
-73.6875,-3.1875,0.0
-73.6875,-3.0625,0.0
-73.6875,-2.9375,0.0
-73.6875,-2.8125,0.0
-73.6875,-2.6875,0.0
-73.6875,-2.5625,0.0
-73.6875,-2.4375,0.0
-73.6875,-2.3125,0.0
-73.6875,-2.1875,0.0
-73.6875,-2.0625,0.0
-73.6875,-1.9375,0.0
-73.6875,-1.8125,0.0
-73.6875,-1.6875,0.0
-73.6875,-1.5625,0.0
-73.6875,-1.4375,0.0
-73.6875,-1.3125,0.0
-73.6875,-1.1875,0.0
-73.6875,-1.0625,0.0
-73.6875,-0.9375,0.0
-73.6875,-0.8125,0.0
-73.6875,-0.6875,0.0
-73.6875,-0.5625,0.0
-73.6875,-0.4375,0.0
-73.6875,-0.3125,0.0
-73.6875,-0.1875,0.0
-73.6875,-0.0625,0.0
-73.6875,0.0625,0.0
-73.6875,0.1875,0.0
-73.6875,0.3125,0.0
-73.6875,0.4375,0.0
-73.6875,0.5625,0.0
-73.6875,0.6875,0.0
-73.6875,0.8125,0.0
-73.6875,0.9375,0.0
-73.6875,1.0625,0.0
-73.6875,1.1875,0.0
-73.6875,1.3125,0.0
-73.6875,1.4375,0.0
-73.6875,1.5625,0.0
-73.6875,1.6875,0.0
-73.6875,1.8125,0.0
-73.6875,1.9375,0.0
-73.6875,2.0625,0.0
-73.6875,2.1875,0.0
-73.6875,2.3125,0.0
-73.6875,2.4375,0.0
-73.6875,2.5625,0.0
-73.6875,2.6875,0.0
-73.6875,2.8125,0.0
-73.6875,2.9375,0.0
-73.6875,3.0625,0.0
-73.6875,3.1875,0.0
-73.6875,3.3125,0.0
-73.6875,3.4375,0.0
-73.6875,3.5625,0.0
-73.6875,3.6875,0.0
-73.6875,3.8125,0.0
-73.6875,3.9375,0.0
-73.6875,4.0625,0.0
-73.6875,4.1875,0.0
-73.6875,4.3125,0.0
-73.6875,4.4375,0.0
-73.6875,4.5625,0.0
-73.6875,4.6875,0.0
-73.6875,4.8125,0.0
-73.6875,4.9375,0.0
-73.6875,5.0625,0.0
-73.6875,5.1875,0.0
-73.6875,5.3125,0.0
-73.6875,5.4375,0.0
-73.6875,5.5625,0.0
-73.6875,5.6875,0.0
-73.6875,5.8125,0.0
-73.6875,5.9375,0.0
-73.6875,6.0625,0.0
-73.6875,6.1875,0.0
-73.6875,6.3125,0.0
-73.6875,6.4375,0.0
-73.6875,6.5625,0.0
-73.6875,6.6875,0.0
-73.6875,6.8125,0.0
-73.6875,6.9375,0.0
-73.6875,7.0625,0.0
-73.6875,7.1875,0.0
-73.6875,7.3125,0.0
-73.6875,7.4375,0.0
-73.6875,7.5625,0.0
-73.6875,7.6875,0.0
-73.6875,7.8125,0.0
-73.6875,7.9375,0.0
-73.6875,8.0625,0.0
-73.6875,8.1875,0.0
-73.6875,8.3125,0.0
-73.6875,8.4375,0.0
-73.6875,8.5625,0.0
-73.6875,8.6875,0.0
-73.6875,8.8125,0.0
-73.6875,8.9375,0.0
-73.6875,9.0625,0.0
-73.6875,9.1875,0.0
-73.6875,9.3125,0.0
-73.6875,9.4375,0.0
-73.6875,9.5625,0.0
-73.6875,9.6875,0.0
-73.6875,9.8125,0.0
-73.6875,9.9375,0.0
-73.6875,10.0625,0.0
-73.6875,10.1875,0.0
-73.6875,10.3125,0.0
-73.6875,10.4375,0.0
-73.6875,10.5625,0.0
-73.6875,10.6875,0.0
-73.6875,10.8125,0.0
-73.6875,10.9375,0.0
-73.6875,11.0625,0.0
-73.6875,11.1875,0.0
-73.6875,11.3125,0.0
-73.6875,11.4375,0.0
-73.6875,11.5625,0.0
-73.6875,11.6875,0.0
-73.6875,11.8125,0.0
-73.6875,11.9375,0.0
-73.6875,12.0625,0.0
-73.6875,12.1875,0.0
-73.6875,12.3125,0.0
-73.6875,12.4375,0.0
-73.5625,-4.1875,0.0
-73.5625,-4.0625,0.0
-73.5625,-3.9375,0.0
-73.5625,-3.8125,0.0
-73.5625,-3.6875,0.0
-73.5625,-3.5625,0.0
-73.5625,-3.4375,0.0
-73.5625,-3.3125,0.0
-73.5625,-3.1875,0.0
-73.5625,-3.0625,0.0
-73.5625,-2.9375,0.0
-73.5625,-2.8125,0.0
-73.5625,-2.6875,0.0
-73.5625,-2.5625,0.0
-73.5625,-2.4375,0.0
-73.5625,-2.3125,0.0
-73.5625,-2.1875,0.0
-73.5625,-2.0625,0.0
-73.5625,-1.9375,0.0
-73.5625,-1.8125,0.0
-73.5625,-1.6875,0.0
-73.5625,-1.5625,0.0
-73.5625,-1.4375,0.0
-73.5625,-1.3125,0.0
-73.5625,-1.1875,0.0
-73.5625,-1.0625,0.0
-73.5625,-0.9375,0.0
-73.5625,-0.8125,0.0
-73.5625,-0.6875,0.0
-73.5625,-0.5625,0.0
-73.5625,-0.4375,0.0
-73.5625,-0.3125,0.0
-73.5625,-0.1875,0.0
-73.5625,-0.0625,0.0
-73.5625,0.0625,0.0
-73.5625,0.1875,0.0
-73.5625,0.3125,0.0
-73.5625,0.4375,0.0
-73.5625,0.5625,0.0
-73.5625,0.6875,0.0
-73.5625,0.8125,0.0
-73.5625,0.9375,0.0
-73.5625,1.0625,0.0
-73.5625,1.1875,0.0
-73.5625,1.3125,0.0
-73.5625,1.4375,0.0
-73.5625,1.5625,0.0
-73.5625,1.6875,0.0
-73.5625,1.8125,0.0
-73.5625,1.9375,0.0
-73.5625,2.0625,0.0
-73.5625,2.1875,0.0
-73.5625,2.3125,0.0
-73.5625,2.4375,0.0
-73.5625,2.5625,0.0
-73.5625,2.6875,0.0
-73.5625,2.8125,0.0
-73.5625,2.9375,0.0
-73.5625,3.0625,0.0
-73.5625,3.1875,0.0
-73.5625,3.3125,0.0
-73.5625,3.4375,0.0
-73.5625,3.5625,0.0
-73.5625,3.6875,0.0
-73.5625,3.8125,0.0
-73.5625,3.9375,0.0
-73.5625,4.0625,0.0
-73.5625,4.1875,0.0
-73.5625,4.3125,0.0
-73.5625,4.4375,0.0
-73.5625,4.5625,0.0
-73.5625,4.6875,0.0
-73.5625,4.8125,0.0
-73.5625,4.9375,0.0
-73.5625,5.0625,0.0
-73.5625,5.1875,0.0
-73.5625,5.3125,0.0
-73.5625,5.4375,0.0
-73.5625,5.5625,0.0
-73.5625,5.6875,0.0
-73.5625,5.8125,0.0
-73.5625,5.9375,0.0
-73.5625,6.0625,0.0
-73.5625,6.1875,0.0
-73.5625,6.3125,0.0
-73.5625,6.4375,0.0
-73.5625,6.5625,0.0
-73.5625,6.6875,0.0
-73.5625,6.8125,0.0
-73.5625,6.9375,0.0
-73.5625,7.0625,0.0
-73.5625,7.1875,0.0
-73.5625,7.3125,0.0
-73.5625,7.4375,0.0
-73.5625,7.5625,0.0
-73.5625,7.6875,0.0
-73.5625,7.8125,0.0
-73.5625,7.9375,0.0
-73.5625,8.0625,0.0
-73.5625,8.1875,0.0
-73.5625,8.3125,0.0
-73.5625,8.4375,0.0
-73.5625,8.5625,0.0
-73.5625,8.6875,0.0
-73.5625,8.8125,0.0
-73.5625,8.9375,0.0
-73.5625,9.0625,0.0
-73.5625,9.1875,0.0
-73.5625,9.3125,0.0
-73.5625,9.4375,0.0
-73.5625,9.5625,0.0
-73.5625,9.6875,0.0
-73.5625,9.8125,0.0
-73.5625,9.9375,0.0
-73.5625,10.0625,0.0
-73.5625,10.1875,0.0
-73.5625,10.3125,0.0
-73.5625,10.4375,0.0
-73.5625,10.5625,0.0
-73.5625,10.6875,0.0
-73.5625,10.8125,0.0
-73.5625,10.9375,0.0
-73.5625,11.0625,0.0
-73.5625,11.1875,0.0
-73.5625,11.3125,0.0
-73.5625,11.4375,0.0
-73.5625,11.5625,0.0
-73.5625,11.6875,0.0
-73.5625,11.8125,0.0
-73.5625,11.9375,0.0
-73.5625,12.0625,0.0
-73.5625,12.1875,0.0
-73.5625,12.3125,0.0
-73.5625,12.4375,0.0
-73.4375,-4.1875,0.0
-73.4375,-4.0625,0.0
-73.4375,-3.9375,0.0
-73.4375,-3.8125,0.0
-73.4375,-3.6875,0.0
-73.4375,-3.5625,0.0
-73.4375,-3.4375,0.0
-73.4375,-3.3125,0.0
-73.4375,-3.1875,0.0
-73.4375,-3.0625,0.0
-73.4375,-2.9375,0.0
-73.4375,-2.8125,0.0
-73.4375,-2.6875,0.0
-73.4375,-2.5625,0.0
-73.4375,-2.4375,0.0
-73.4375,-2.3125,0.0
-73.4375,-2.1875,0.0
-73.4375,-2.0625,0.0
-73.4375,-1.9375,0.0
-73.4375,-1.8125,0.0
-73.4375,-1.6875,0.0
-73.4375,-1.5625,0.0
-73.4375,-1.4375,0.0
-73.4375,-1.3125,0.0
-73.4375,-1.1875,0.0
-73.4375,-1.0625,0.0
-73.4375,-0.9375,0.0
-73.4375,-0.8125,0.0
-73.4375,-0.6875,0.0
-73.4375,-0.5625,0.0
-73.4375,-0.4375,0.0
-73.4375,-0.3125,0.0
-73.4375,-0.1875,0.0
-73.4375,-0.0625,0.0
-73.4375,0.0625,0.0
-73.4375,0.1875,0.0
-73.4375,0.3125,0.0
-73.4375,0.4375,0.0
-73.4375,0.5625,0.0
-73.4375,0.6875,0.0
-73.4375,0.8125,0.0
-73.4375,0.9375,0.0
-73.4375,1.0625,0.0
-73.4375,1.1875,0.0
-73.4375,1.3125,0.0
-73.4375,1.4375,0.0
-73.4375,1.5625,0.0
-73.4375,1.6875,0.0
-73.4375,1.8125,0.0
-73.4375,1.9375,0.0
-73.4375,2.0625,0.0
-73.4375,2.1875,0.0
-73.4375,2.3125,0.0
-73.4375,2.4375,0.0
-73.4375,2.5625,0.0
-73.4375,2.6875,0.0
-73.4375,2.8125,0.0
-73.4375,2.9375,0.0
-73.4375,3.0625,0.0
-73.4375,3.1875,0.0
-73.4375,3.3125,0.0
-73.4375,3.4375,0.0
-73.4375,3.5625,0.0
-73.4375,3.6875,0.0
-73.4375,3.8125,0.0
-73.4375,3.9375,0.0
-73.4375,4.0625,0.0
-73.4375,4.1875,0.0
-73.4375,4.3125,0.0
-73.4375,4.4375,0.0
-73.4375,4.5625,0.0
-73.4375,4.6875,0.0
-73.4375,4.8125,0.0
-73.4375,4.9375,0.0
-73.4375,5.0625,0.0
-73.4375,5.1875,0.0
-73.4375,5.3125,0.0
-73.4375,5.4375,0.0
-73.4375,5.5625,0.0
-73.4375,5.6875,0.0
-73.4375,5.8125,0.0
-73.4375,5.9375,0.0
-73.4375,6.0625,0.0
-73.4375,6.1875,0.0
-73.4375,6.3125,0.0
-73.4375,6.4375,0.0
-73.4375,6.5625,0.0
-73.4375,6.6875,0.0
-73.4375,6.8125,0.0
-73.4375,6.9375,0.0
-73.4375,7.0625,0.0
-73.4375,7.1875,0.0
-73.4375,7.3125,0.0
-73.4375,7.4375,0.0
-73.4375,7.5625,0.0
-73.4375,7.6875,0.0
-73.4375,7.8125,0.0
-73.4375,7.9375,0.0
-73.4375,8.0625,0.0
-73.4375,8.1875,0.0
-73.4375,8.3125,0.0
-73.4375,8.4375,0.0
-73.4375,8.5625,0.0
-73.4375,8.6875,0.0
-73.4375,8.8125,0.0
-73.4375,8.9375,0.0
-73.4375,9.0625,0.0
-73.4375,9.1875,0.0
-73.4375,9.3125,0.0
-73.4375,9.4375,0.0
-73.4375,9.5625,0.0
-73.4375,9.6875,0.0
-73.4375,9.8125,0.0
-73.4375,9.9375,0.0
-73.4375,10.0625,0.0
-73.4375,10.1875,0.0
-73.4375,10.3125,0.0
-73.4375,10.4375,0.0
-73.4375,10.5625,0.0
-73.4375,10.6875,0.0
-73.4375,10.8125,0.0
-73.4375,10.9375,0.0
-73.4375,11.0625,0.0
-73.4375,11.1875,0.0
-73.4375,11.3125,0.0
-73.4375,11.4375,0.0
-73.4375,11.5625,0.0
-73.4375,11.6875,0.0
-73.4375,11.8125,0.0
-73.4375,11.9375,0.0
-73.4375,12.0625,0.0
-73.4375,12.1875,0.0
-73.4375,12.3125,0.0
-73.4375,12.4375,0.0
-73.3125,-4.1875,0.0
-73.3125,-4.0625,0.0
-73.3125,-3.9375,0.0
-73.3125,-3.8125,0.0
-73.3125,-3.6875,0.0
-73.3125,-3.5625,0.0
-73.3125,-3.4375,0.0
-73.3125,-3.3125,0.0
-73.3125,-3.1875,0.0
-73.3125,-3.0625,0.0
-73.3125,-2.9375,0.0
-73.3125,-2.8125,0.0
-73.3125,-2.6875,0.0
-73.3125,-2.5625,0.0
-73.3125,-2.4375,0.0
-73.3125,-2.3125,0.0
-73.3125,-2.1875,0.0
-73.3125,-2.0625,0.0
-73.3125,-1.9375,0.0
-73.3125,-1.8125,0.0
-73.3125,-1.6875,0.0
-73.3125,-1.5625,0.0
-73.3125,-1.4375,0.0
-73.3125,-1.3125,0.0
-73.3125,-1.1875,0.0
-73.3125,-1.0625,0.0
-73.3125,-0.9375,0.0
-73.3125,-0.8125,0.0
-73.3125,-0.6875,0.0
-73.3125,-0.5625,0.0
-73.3125,-0.4375,0.0
-73.3125,-0.3125,0.0
-73.3125,-0.1875,0.0
-73.3125,-0.0625,0.0
-73.3125,0.0625,0.0
-73.3125,0.1875,0.0
-73.3125,0.3125,0.0
-73.3125,0.4375,0.0
-73.3125,0.5625,0.0
-73.3125,0.6875,0.0
-73.3125,0.8125,0.0
-73.3125,0.9375,0.0
-73.3125,1.0625,0.0
-73.3125,1.1875,0.0
-73.3125,1.3125,0.0
-73.3125,1.4375,0.0
-73.3125,1.5625,0.0
-73.3125,1.6875,0.0
-73.3125,1.8125,0.0
-73.3125,1.9375,0.0
-73.3125,2.0625,0.0
-73.3125,2.1875,0.0
-73.3125,2.3125,0.0
-73.3125,2.4375,0.0
-73.3125,2.5625,0.0
-73.3125,2.6875,0.0
-73.3125,2.8125,0.0
-73.3125,2.9375,0.0
-73.3125,3.0625,0.0
-73.3125,3.1875,0.0
-73.3125,3.3125,0.0
-73.3125,3.4375,0.0
-73.3125,3.5625,0.0
-73.3125,3.6875,0.0
-73.3125,3.8125,0.0
-73.3125,3.9375,0.0
-73.3125,4.0625,0.0
-73.3125,4.1875,0.0
-73.3125,4.3125,0.0
-73.3125,4.4375,0.0
-73.3125,4.5625,0.0
-73.3125,4.6875,0.0
-73.3125,4.8125,0.0
-73.3125,4.9375,0.0
-73.3125,5.0625,0.0
-73.3125,5.1875,0.0
-73.3125,5.3125,0.0
-73.3125,5.4375,0.0
-73.3125,5.5625,0.0
-73.3125,5.6875,0.0
-73.3125,5.8125,0.0
-73.3125,5.9375,0.0
-73.3125,6.0625,0.0
-73.3125,6.1875,0.0
-73.3125,6.3125,0.0
-73.3125,6.4375,0.0
-73.3125,6.5625,0.0
-73.3125,6.6875,0.0
-73.3125,6.8125,0.0
-73.3125,6.9375,0.0
-73.3125,7.0625,0.0
-73.3125,7.1875,0.0
-73.3125,7.3125,0.0
-73.3125,7.4375,0.0
-73.3125,7.5625,0.0
-73.3125,7.6875,0.0
-73.3125,7.8125,0.0
-73.3125,7.9375,0.0
-73.3125,8.0625,0.0
-73.3125,8.1875,0.0
-73.3125,8.3125,0.0
-73.3125,8.4375,0.0
-73.3125,8.5625,0.0
-73.3125,8.6875,0.0
-73.3125,8.8125,0.0
-73.3125,8.9375,0.0
-73.3125,9.0625,0.0
-73.3125,9.1875,0.0
-73.3125,9.3125,0.0
-73.3125,9.4375,0.0
-73.3125,9.5625,0.0
-73.3125,9.6875,0.0
-73.3125,9.8125,0.0
-73.3125,9.9375,0.0
-73.3125,10.0625,0.0
-73.3125,10.1875,0.0
-73.3125,10.3125,0.0
-73.3125,10.4375,0.0
-73.3125,10.5625,0.0
-73.3125,10.6875,0.0
-73.3125,10.8125,0.0
-73.3125,10.9375,0.0
-73.3125,11.0625,0.0
-73.3125,11.1875,0.0
-73.3125,11.3125,0.0
-73.3125,11.4375,0.0
-73.3125,11.5625,0.0
-73.3125,11.6875,0.0
-73.3125,11.8125,0.0
-73.3125,11.9375,0.0
-73.3125,12.0625,0.0
-73.3125,12.1875,0.0
-73.3125,12.3125,0.0
-73.3125,12.4375,0.0
-73.1875,-4.1875,0.0
-73.1875,-4.0625,0.0
-73.1875,-3.9375,0.0
-73.1875,-3.8125,0.0
-73.1875,-3.6875,0.0
-73.1875,-3.5625,0.0
-73.1875,-3.4375,0.0
-73.1875,-3.3125,0.0
-73.1875,-3.1875,0.0
-73.1875,-3.0625,0.0
-73.1875,-2.9375,0.0
-73.1875,-2.8125,0.0
-73.1875,-2.6875,0.0
-73.1875,-2.5625,0.0
-73.1875,-2.4375,0.0
-73.1875,-2.3125,0.0
-73.1875,-2.1875,0.0
-73.1875,-2.0625,0.0
-73.1875,-1.9375,0.0
-73.1875,-1.8125,0.0
-73.1875,-1.6875,0.0
-73.1875,-1.5625,0.0
-73.1875,-1.4375,0.0
-73.1875,-1.3125,0.0
-73.1875,-1.1875,0.0
-73.1875,-1.0625,0.0
-73.1875,-0.9375,0.0
-73.1875,-0.8125,0.0
-73.1875,-0.6875,0.0
-73.1875,-0.5625,0.0
-73.1875,-0.4375,0.0
-73.1875,-0.3125,0.0
-73.1875,-0.1875,0.0
-73.1875,-0.0625,0.0
-73.1875,0.0625,0.0
-73.1875,0.1875,0.0
-73.1875,0.3125,0.0
-73.1875,0.4375,0.0
-73.1875,0.5625,0.0
-73.1875,0.6875,0.0
-73.1875,0.8125,0.0
-73.1875,0.9375,0.0
-73.1875,1.0625,0.0
-73.1875,1.1875,0.0
-73.1875,1.3125,0.0
-73.1875,1.4375,0.0
-73.1875,1.5625,0.0
-73.1875,1.6875,0.0
-73.1875,1.8125,0.0
-73.1875,1.9375,0.0
-73.1875,2.0625,0.0
-73.1875,2.1875,0.0
-73.1875,2.3125,0.0
-73.1875,2.4375,0.0
-73.1875,2.5625,0.0
-73.1875,2.6875,0.0
-73.1875,2.8125,0.0
-73.1875,2.9375,0.0
-73.1875,3.0625,0.0
-73.1875,3.1875,0.0
-73.1875,3.3125,0.0
-73.1875,3.4375,0.0
-73.1875,3.5625,0.0
-73.1875,3.6875,0.0
-73.1875,3.8125,0.0
-73.1875,3.9375,0.0
-73.1875,4.0625,0.0
-73.1875,4.1875,0.0
-73.1875,4.3125,0.0
-73.1875,4.4375,0.0
-73.1875,4.5625,0.0
-73.1875,4.6875,0.0
-73.1875,4.8125,0.0
-73.1875,4.9375,0.0
-73.1875,5.0625,0.0
-73.1875,5.1875,0.0
-73.1875,5.3125,0.0
-73.1875,5.4375,0.0
-73.1875,5.5625,0.0
-73.1875,5.6875,0.0
-73.1875,5.8125,0.0
-73.1875,5.9375,0.0
-73.1875,6.0625,0.0
-73.1875,6.1875,0.0
-73.1875,6.3125,0.0
-73.1875,6.4375,0.0
-73.1875,6.5625,0.0
-73.1875,6.6875,0.0
-73.1875,6.8125,0.0
-73.1875,6.9375,0.0
-73.1875,7.0625,0.0
-73.1875,7.1875,0.0
-73.1875,7.3125,0.0
-73.1875,7.4375,0.0
-73.1875,7.5625,0.0
-73.1875,7.6875,0.0
-73.1875,7.8125,0.0
-73.1875,7.9375,0.0
-73.1875,8.0625,0.0
-73.1875,8.1875,0.0
-73.1875,8.3125,0.0
-73.1875,8.4375,0.0
-73.1875,8.5625,0.0
-73.1875,8.6875,0.0
-73.1875,8.8125,0.0
-73.1875,8.9375,0.0
-73.1875,9.0625,0.0
-73.1875,9.1875,0.0
-73.1875,9.3125,0.0
-73.1875,9.4375,0.0
-73.1875,9.5625,0.0
-73.1875,9.6875,0.0
-73.1875,9.8125,0.0
-73.1875,9.9375,0.0
-73.1875,10.0625,0.0
-73.1875,10.1875,0.0
-73.1875,10.3125,0.0
-73.1875,10.4375,0.0
-73.1875,10.5625,0.0
-73.1875,10.6875,0.0
-73.1875,10.8125,0.0
-73.1875,10.9375,0.0
-73.1875,11.0625,0.0
-73.1875,11.1875,0.0
-73.1875,11.3125,0.0
-73.1875,11.4375,0.0
-73.1875,11.5625,0.0
-73.1875,11.6875,0.0
-73.1875,11.8125,0.0
-73.1875,11.9375,0.0
-73.1875,12.0625,0.0
-73.1875,12.1875,0.0
-73.1875,12.3125,0.0
-73.1875,12.4375,0.0
-73.0625,-4.1875,0.0
-73.0625,-4.0625,0.0
-73.0625,-3.9375,0.0
-73.0625,-3.8125,0.0
-73.0625,-3.6875,0.0
-73.0625,-3.5625,0.0
-73.0625,-3.4375,0.0
-73.0625,-3.3125,0.0
-73.0625,-3.1875,0.0
-73.0625,-3.0625,0.0
-73.0625,-2.9375,0.0
-73.0625,-2.8125,0.0
-73.0625,-2.6875,0.0
-73.0625,-2.5625,0.0
-73.0625,-2.4375,0.0
-73.0625,-2.3125,0.0
-73.0625,-2.1875,0.0
-73.0625,-2.0625,0.0
-73.0625,-1.9375,0.0
-73.0625,-1.8125,0.0
-73.0625,-1.6875,0.0
-73.0625,-1.5625,0.0
-73.0625,-1.4375,0.0
-73.0625,-1.3125,0.0
-73.0625,-1.1875,0.0
-73.0625,-1.0625,0.0
-73.0625,-0.9375,0.0
-73.0625,-0.8125,0.0
-73.0625,-0.6875,0.0
-73.0625,-0.5625,0.0
-73.0625,-0.4375,0.0
-73.0625,-0.3125,0.0
-73.0625,-0.1875,0.0
-73.0625,-0.0625,0.0
-73.0625,0.0625,0.0
-73.0625,0.1875,0.0
-73.0625,0.3125,0.0
-73.0625,0.4375,0.0
-73.0625,0.5625,0.0
-73.0625,0.6875,0.0
-73.0625,0.8125,0.0
-73.0625,0.9375,0.0
-73.0625,1.0625,0.0
-73.0625,1.1875,0.0
-73.0625,1.3125,0.0
-73.0625,1.4375,0.0
-73.0625,1.5625,0.0
-73.0625,1.6875,0.0
-73.0625,1.8125,0.0
-73.0625,1.9375,0.0
-73.0625,2.0625,0.0
-73.0625,2.1875,0.0
-73.0625,2.3125,0.0
-73.0625,2.4375,0.0
-73.0625,2.5625,0.0
-73.0625,2.6875,0.0
-73.0625,2.8125,0.0
-73.0625,2.9375,0.0
-73.0625,3.0625,0.0
-73.0625,3.1875,0.0
-73.0625,3.3125,0.0
-73.0625,3.4375,0.0
-73.0625,3.5625,0.0
-73.0625,3.6875,0.0
-73.0625,3.8125,0.0
-73.0625,3.9375,0.0
-73.0625,4.0625,0.0
-73.0625,4.1875,0.0
-73.0625,4.3125,0.0
-73.0625,4.4375,0.0
-73.0625,4.5625,0.0
-73.0625,4.6875,0.0
-73.0625,4.8125,0.0
-73.0625,4.9375,0.0
-73.0625,5.0625,0.0
-73.0625,5.1875,0.0
-73.0625,5.3125,0.0
-73.0625,5.4375,0.0
-73.0625,5.5625,0.0
-73.0625,5.6875,0.0
-73.0625,5.8125,0.0
-73.0625,5.9375,0.0
-73.0625,6.0625,0.0
-73.0625,6.1875,0.0
-73.0625,6.3125,0.0
-73.0625,6.4375,0.0
-73.0625,6.5625,0.0
-73.0625,6.6875,0.0
-73.0625,6.8125,0.0
-73.0625,6.9375,0.0
-73.0625,7.0625,0.0
-73.0625,7.1875,0.0
-73.0625,7.3125,0.0
-73.0625,7.4375,0.0
-73.0625,7.5625,0.0
-73.0625,7.6875,0.0
-73.0625,7.8125,0.0
-73.0625,7.9375,0.0
-73.0625,8.0625,0.0
-73.0625,8.1875,0.0
-73.0625,8.3125,0.0
-73.0625,8.4375,0.0
-73.0625,8.5625,0.0
-73.0625,8.6875,0.0
-73.0625,8.8125,0.0
-73.0625,8.9375,0.0
-73.0625,9.0625,0.0
-73.0625,9.1875,0.0
-73.0625,9.3125,0.0
-73.0625,9.4375,0.0
-73.0625,9.5625,0.0
-73.0625,9.6875,0.0
-73.0625,9.8125,0.0
-73.0625,9.9375,0.0
-73.0625,10.0625,0.0
-73.0625,10.1875,0.0
-73.0625,10.3125,0.0
-73.0625,10.4375,0.0
-73.0625,10.5625,0.0
-73.0625,10.6875,0.0
-73.0625,10.8125,0.0
-73.0625,10.9375,0.0
-73.0625,11.0625,0.0
-73.0625,11.1875,0.0
-73.0625,11.3125,0.0
-73.0625,11.4375,0.0
-73.0625,11.5625,0.0
-73.0625,11.6875,0.0
-73.0625,11.8125,0.0
-73.0625,11.9375,0.0
-73.0625,12.0625,0.0
-73.0625,12.1875,0.0
-73.0625,12.3125,0.0
-73.0625,12.4375,0.0
-72.9375,-4.1875,0.0
-72.9375,-4.0625,0.0
-72.9375,-3.9375,0.0
-72.9375,-3.8125,0.0
-72.9375,-3.6875,0.0
-72.9375,-3.5625,0.0
-72.9375,-3.4375,0.0
-72.9375,-3.3125,0.0
-72.9375,-3.1875,0.0
-72.9375,-3.0625,0.0
-72.9375,-2.9375,0.0
-72.9375,-2.8125,0.0
-72.9375,-2.6875,0.0
-72.9375,-2.5625,0.0
-72.9375,-2.4375,0.0
-72.9375,-2.3125,0.0
-72.9375,-2.1875,0.0
-72.9375,-2.0625,0.0
-72.9375,-1.9375,0.0
-72.9375,-1.8125,0.0
-72.9375,-1.6875,0.0
-72.9375,-1.5625,0.0
-72.9375,-1.4375,0.0
-72.9375,-1.3125,0.0
-72.9375,-1.1875,0.0
-72.9375,-1.0625,0.0
-72.9375,-0.9375,0.0
-72.9375,-0.8125,0.0
-72.9375,-0.6875,0.0
-72.9375,-0.5625,0.0
-72.9375,-0.4375,0.0
-72.9375,-0.3125,0.0
-72.9375,-0.1875,0.0
-72.9375,-0.0625,0.0
-72.9375,0.0625,0.0
-72.9375,0.1875,0.0
-72.9375,0.3125,0.0
-72.9375,0.4375,0.0
-72.9375,0.5625,0.0
-72.9375,0.6875,0.0
-72.9375,0.8125,0.0
-72.9375,0.9375,0.0
-72.9375,1.0625,0.0
-72.9375,1.1875,0.0
-72.9375,1.3125,0.0
-72.9375,1.4375,0.0
-72.9375,1.5625,0.0
-72.9375,1.6875,0.0
-72.9375,1.8125,0.0
-72.9375,1.9375,0.0
-72.9375,2.0625,0.0
-72.9375,2.1875,0.0
-72.9375,2.3125,0.0
-72.9375,2.4375,0.0
-72.9375,2.5625,0.0
-72.9375,2.6875,0.0
-72.9375,2.8125,0.0
-72.9375,2.9375,0.0
-72.9375,3.0625,0.0
-72.9375,3.1875,0.0
-72.9375,3.3125,0.0
-72.9375,3.4375,0.0
-72.9375,3.5625,0.0
-72.9375,3.6875,0.0
-72.9375,3.8125,0.0
-72.9375,3.9375,0.0
-72.9375,4.0625,0.0
-72.9375,4.1875,0.0
-72.9375,4.3125,0.0
-72.9375,4.4375,0.0
-72.9375,4.5625,0.0
-72.9375,4.6875,0.0
-72.9375,4.8125,0.0
-72.9375,4.9375,0.0
-72.9375,5.0625,0.0
-72.9375,5.1875,0.0
-72.9375,5.3125,0.0
-72.9375,5.4375,0.0
-72.9375,5.5625,0.0
-72.9375,5.6875,0.0
-72.9375,5.8125,0.0
-72.9375,5.9375,0.0
-72.9375,6.0625,0.0
-72.9375,6.1875,0.0
-72.9375,6.3125,0.0
-72.9375,6.4375,0.0
-72.9375,6.5625,0.0
-72.9375,6.6875,0.0
-72.9375,6.8125,0.0
-72.9375,6.9375,0.0
-72.9375,7.0625,0.0
-72.9375,7.1875,0.0
-72.9375,7.3125,0.0
-72.9375,7.4375,0.0
-72.9375,7.5625,0.0
-72.9375,7.6875,0.0
-72.9375,7.8125,0.0
-72.9375,7.9375,0.0
-72.9375,8.0625,0.0
-72.9375,8.1875,0.0
-72.9375,8.3125,0.0
-72.9375,8.4375,0.0
-72.9375,8.5625,0.0
-72.9375,8.6875,0.0
-72.9375,8.8125,0.0
-72.9375,8.9375,0.0
-72.9375,9.0625,0.0
-72.9375,9.1875,0.0
-72.9375,9.3125,0.0
-72.9375,9.4375,0.0
-72.9375,9.5625,0.0
-72.9375,9.6875,0.0
-72.9375,9.8125,0.0
-72.9375,9.9375,0.0
-72.9375,10.0625,0.0
-72.9375,10.1875,0.0
-72.9375,10.3125,0.0
-72.9375,10.4375,0.0
-72.9375,10.5625,0.0
-72.9375,10.6875,0.0
-72.9375,10.8125,0.0
-72.9375,10.9375,0.0
-72.9375,11.0625,0.0
-72.9375,11.1875,0.0
-72.9375,11.3125,0.0
-72.9375,11.4375,0.0
-72.9375,11.5625,0.0
-72.9375,11.6875,0.0
-72.9375,11.8125,0.0
-72.9375,11.9375,0.0
-72.9375,12.0625,0.0
-72.9375,12.1875,0.0
-72.9375,12.3125,0.0
-72.9375,12.4375,0.0
-72.8125,-4.1875,0.0
-72.8125,-4.0625,0.0
-72.8125,-3.9375,0.0
-72.8125,-3.8125,0.0
-72.8125,-3.6875,0.0
-72.8125,-3.5625,0.0
-72.8125,-3.4375,0.0
-72.8125,-3.3125,0.0
-72.8125,-3.1875,0.0
-72.8125,-3.0625,0.0
-72.8125,-2.9375,0.0
-72.8125,-2.8125,0.0
-72.8125,-2.6875,0.0
-72.8125,-2.5625,0.0
-72.8125,-2.4375,0.0
-72.8125,-2.3125,0.0
-72.8125,-2.1875,0.0
-72.8125,-2.0625,0.0
-72.8125,-1.9375,0.0
-72.8125,-1.8125,0.0
-72.8125,-1.6875,0.0
-72.8125,-1.5625,0.0
-72.8125,-1.4375,0.0
-72.8125,-1.3125,0.0
-72.8125,-1.1875,0.0
-72.8125,-1.0625,0.0
-72.8125,-0.9375,0.0
-72.8125,-0.8125,0.0
-72.8125,-0.6875,0.0
-72.8125,-0.5625,0.0
-72.8125,-0.4375,0.0
-72.8125,-0.3125,0.0
-72.8125,-0.1875,0.0
-72.8125,-0.0625,0.0
-72.8125,0.0625,0.0
-72.8125,0.1875,0.0
-72.8125,0.3125,0.0
-72.8125,0.4375,0.0
-72.8125,0.5625,0.0
-72.8125,0.6875,0.0
-72.8125,0.8125,0.0
-72.8125,0.9375,0.0
-72.8125,1.0625,0.0
-72.8125,1.1875,0.0
-72.8125,1.3125,0.0
-72.8125,1.4375,0.0
-72.8125,1.5625,0.0
-72.8125,1.6875,0.0
-72.8125,1.8125,0.0
-72.8125,1.9375,0.0
-72.8125,2.0625,0.0
-72.8125,2.1875,0.0
-72.8125,2.3125,0.0
-72.8125,2.4375,0.0
-72.8125,2.5625,0.0
-72.8125,2.6875,0.0
-72.8125,2.8125,0.0
-72.8125,2.9375,0.0
-72.8125,3.0625,0.0
-72.8125,3.1875,0.0
-72.8125,3.3125,0.0
-72.8125,3.4375,0.0
-72.8125,3.5625,0.0
-72.8125,3.6875,0.0
-72.8125,3.8125,0.0
-72.8125,3.9375,0.0
-72.8125,4.0625,0.0
-72.8125,4.1875,0.0
-72.8125,4.3125,0.0
-72.8125,4.4375,0.0
-72.8125,4.5625,0.0
-72.8125,4.6875,0.0
-72.8125,4.8125,0.0
-72.8125,4.9375,0.0
-72.8125,5.0625,0.0
-72.8125,5.1875,0.0
-72.8125,5.3125,0.0
-72.8125,5.4375,0.0
-72.8125,5.5625,0.0
-72.8125,5.6875,0.0
-72.8125,5.8125,0.0
-72.8125,5.9375,0.0
-72.8125,6.0625,0.0
-72.8125,6.1875,0.0
-72.8125,6.3125,0.0
-72.8125,6.4375,0.0
-72.8125,6.5625,0.0
-72.8125,6.6875,0.0
-72.8125,6.8125,0.0
-72.8125,6.9375,0.0
-72.8125,7.0625,0.0
-72.8125,7.1875,0.0
-72.8125,7.3125,0.0
-72.8125,7.4375,0.0
-72.8125,7.5625,0.0
-72.8125,7.6875,0.0
-72.8125,7.8125,0.0
-72.8125,7.9375,0.0
-72.8125,8.0625,0.0
-72.8125,8.1875,0.0
-72.8125,8.3125,0.0
-72.8125,8.4375,0.0
-72.8125,8.5625,0.0
-72.8125,8.6875,0.0
-72.8125,8.8125,0.0
-72.8125,8.9375,0.0
-72.8125,9.0625,0.0
-72.8125,9.1875,0.0
-72.8125,9.3125,0.0
-72.8125,9.4375,0.0
-72.8125,9.5625,0.0
-72.8125,9.6875,0.0
-72.8125,9.8125,0.0
-72.8125,9.9375,0.0
-72.8125,10.0625,0.0
-72.8125,10.1875,0.0
-72.8125,10.3125,0.0
-72.8125,10.4375,0.0
-72.8125,10.5625,0.0
-72.8125,10.6875,0.0
-72.8125,10.8125,0.0
-72.8125,10.9375,0.0
-72.8125,11.0625,0.0
-72.8125,11.1875,0.0
-72.8125,11.3125,0.0
-72.8125,11.4375,0.0
-72.8125,11.5625,0.0
-72.8125,11.6875,0.0
-72.8125,11.8125,0.0
-72.8125,11.9375,0.0
-72.8125,12.0625,0.0
-72.8125,12.1875,0.0
-72.8125,12.3125,0.0
-72.8125,12.4375,0.0
-72.6875,-4.1875,0.0
-72.6875,-4.0625,0.0
-72.6875,-3.9375,0.0
-72.6875,-3.8125,0.0
-72.6875,-3.6875,0.0
-72.6875,-3.5625,0.0
-72.6875,-3.4375,0.0
-72.6875,-3.3125,0.0
-72.6875,-3.1875,0.0
-72.6875,-3.0625,0.0
-72.6875,-2.9375,0.0
-72.6875,-2.8125,0.0
-72.6875,-2.6875,0.0
-72.6875,-2.5625,0.0
-72.6875,-2.4375,0.0
-72.6875,-2.3125,0.0
-72.6875,-2.1875,0.0
-72.6875,-2.0625,0.0
-72.6875,-1.9375,0.0
-72.6875,-1.8125,0.0
-72.6875,-1.6875,0.0
-72.6875,-1.5625,0.0
-72.6875,-1.4375,0.0
-72.6875,-1.3125,0.0
-72.6875,-1.1875,0.0
-72.6875,-1.0625,0.0
-72.6875,-0.9375,0.0
-72.6875,-0.8125,0.0
-72.6875,-0.6875,0.0
-72.6875,-0.5625,0.0
-72.6875,-0.4375,0.0
-72.6875,-0.3125,0.0
-72.6875,-0.1875,0.0
-72.6875,-0.0625,0.0
-72.6875,0.0625,0.0
-72.6875,0.1875,0.0
-72.6875,0.3125,0.0
-72.6875,0.4375,0.0
-72.6875,0.5625,0.0
-72.6875,0.6875,0.0
-72.6875,0.8125,0.0
-72.6875,0.9375,0.0
-72.6875,1.0625,0.0
-72.6875,1.1875,0.0
-72.6875,1.3125,0.0
-72.6875,1.4375,0.0
-72.6875,1.5625,0.0
-72.6875,1.6875,0.0
-72.6875,1.8125,0.0
-72.6875,1.9375,0.0
-72.6875,2.0625,0.0
-72.6875,2.1875,0.0
-72.6875,2.3125,0.0
-72.6875,2.4375,0.0
-72.6875,2.5625,0.0
-72.6875,2.6875,0.0
-72.6875,2.8125,0.0
-72.6875,2.9375,0.0
-72.6875,3.0625,0.0
-72.6875,3.1875,0.0
-72.6875,3.3125,0.0
-72.6875,3.4375,0.0
-72.6875,3.5625,0.0
-72.6875,3.6875,0.0
-72.6875,3.8125,0.0
-72.6875,3.9375,0.0
-72.6875,4.0625,0.0
-72.6875,4.1875,0.0
-72.6875,4.3125,0.0
-72.6875,4.4375,0.0
-72.6875,4.5625,0.0
-72.6875,4.6875,0.0
-72.6875,4.8125,0.0
-72.6875,4.9375,0.0
-72.6875,5.0625,0.0
-72.6875,5.1875,0.0
-72.6875,5.3125,0.0
-72.6875,5.4375,0.0
-72.6875,5.5625,0.0
-72.6875,5.6875,0.0
-72.6875,5.8125,0.0
-72.6875,5.9375,0.0
-72.6875,6.0625,0.0
-72.6875,6.1875,0.0
-72.6875,6.3125,0.0
-72.6875,6.4375,0.0
-72.6875,6.5625,0.0
-72.6875,6.6875,0.0
-72.6875,6.8125,0.0
-72.6875,6.9375,0.0
-72.6875,7.0625,0.0
-72.6875,7.1875,0.0
-72.6875,7.3125,0.0
-72.6875,7.4375,0.0
-72.6875,7.5625,0.0
-72.6875,7.6875,0.0
-72.6875,7.8125,0.0
-72.6875,7.9375,0.0
-72.6875,8.0625,0.0
-72.6875,8.1875,0.0
-72.6875,8.3125,0.0
-72.6875,8.4375,0.0
-72.6875,8.5625,0.0
-72.6875,8.6875,0.0
-72.6875,8.8125,0.0
-72.6875,8.9375,0.0
-72.6875,9.0625,0.0
-72.6875,9.1875,0.0
-72.6875,9.3125,0.0
-72.6875,9.4375,0.0
-72.6875,9.5625,0.0
-72.6875,9.6875,0.0
-72.6875,9.8125,0.0
-72.6875,9.9375,0.0
-72.6875,10.0625,0.0
-72.6875,10.1875,0.0
-72.6875,10.3125,0.0
-72.6875,10.4375,0.0
-72.6875,10.5625,0.0
-72.6875,10.6875,0.0
-72.6875,10.8125,0.0
-72.6875,10.9375,0.0
-72.6875,11.0625,0.0
-72.6875,11.1875,0.0
-72.6875,11.3125,0.0
-72.6875,11.4375,0.0
-72.6875,11.5625,0.0
-72.6875,11.6875,0.0
-72.6875,11.8125,0.0
-72.6875,11.9375,0.0
-72.6875,12.0625,0.0
-72.6875,12.1875,0.0
-72.6875,12.3125,0.0
-72.6875,12.4375,0.0
-72.5625,-4.1875,0.0
-72.5625,-4.0625,0.0
-72.5625,-3.9375,0.0
-72.5625,-3.8125,0.0
-72.5625,-3.6875,0.0
-72.5625,-3.5625,0.0
-72.5625,-3.4375,0.0
-72.5625,-3.3125,0.0
-72.5625,-3.1875,0.0
-72.5625,-3.0625,0.0
-72.5625,-2.9375,0.0
-72.5625,-2.8125,0.0
-72.5625,-2.6875,0.0
-72.5625,-2.5625,0.0
-72.5625,-2.4375,0.0
-72.5625,-2.3125,0.0
-72.5625,-2.1875,0.0
-72.5625,-2.0625,0.0
-72.5625,-1.9375,0.0
-72.5625,-1.8125,0.0
-72.5625,-1.6875,0.0
-72.5625,-1.5625,0.0
-72.5625,-1.4375,0.0
-72.5625,-1.3125,0.0
-72.5625,-1.1875,0.0
-72.5625,-1.0625,0.0
-72.5625,-0.9375,0.0
-72.5625,-0.8125,0.0
-72.5625,-0.6875,0.0
-72.5625,-0.5625,0.0
-72.5625,-0.4375,0.0
-72.5625,-0.3125,0.0
-72.5625,-0.1875,0.0
-72.5625,-0.0625,0.0
-72.5625,0.0625,0.0
-72.5625,0.1875,0.0
-72.5625,0.3125,0.0
-72.5625,0.4375,0.0
-72.5625,0.5625,0.0
-72.5625,0.6875,0.0
-72.5625,0.8125,0.0
-72.5625,0.9375,0.0
-72.5625,1.0625,0.0
-72.5625,1.1875,0.0
-72.5625,1.3125,0.0
-72.5625,1.4375,0.0
-72.5625,1.5625,0.0
-72.5625,1.6875,0.0
-72.5625,1.8125,0.0
-72.5625,1.9375,0.0
-72.5625,2.0625,0.0
-72.5625,2.1875,0.0
-72.5625,2.3125,0.0
-72.5625,2.4375,0.0
-72.5625,2.5625,0.0
-72.5625,2.6875,0.0
-72.5625,2.8125,0.0
-72.5625,2.9375,0.0
-72.5625,3.0625,0.0
-72.5625,3.1875,0.0
-72.5625,3.3125,0.0
-72.5625,3.4375,0.0
-72.5625,3.5625,0.0
-72.5625,3.6875,0.0
-72.5625,3.8125,0.0
-72.5625,3.9375,0.0
-72.5625,4.0625,0.0
-72.5625,4.1875,0.0
-72.5625,4.3125,0.0
-72.5625,4.4375,0.0
-72.5625,4.5625,0.0
-72.5625,4.6875,0.0
-72.5625,4.8125,0.0
-72.5625,4.9375,0.0
-72.5625,5.0625,0.0
-72.5625,5.1875,0.0
-72.5625,5.3125,0.0
-72.5625,5.4375,0.0
-72.5625,5.5625,0.0
-72.5625,5.6875,0.0
-72.5625,5.8125,0.0
-72.5625,5.9375,0.0
-72.5625,6.0625,0.0
-72.5625,6.1875,0.0
-72.5625,6.3125,0.0
-72.5625,6.4375,0.0
-72.5625,6.5625,0.0
-72.5625,6.6875,0.0
-72.5625,6.8125,0.0
-72.5625,6.9375,0.0
-72.5625,7.0625,0.0
-72.5625,7.1875,0.0
-72.5625,7.3125,0.0
-72.5625,7.4375,0.0
-72.5625,7.5625,0.0
-72.5625,7.6875,0.0
-72.5625,7.8125,0.0
-72.5625,7.9375,0.0
-72.5625,8.0625,0.0
-72.5625,8.1875,0.0
-72.5625,8.3125,0.0
-72.5625,8.4375,0.0
-72.5625,8.5625,0.0
-72.5625,8.6875,0.0
-72.5625,8.8125,0.0
-72.5625,8.9375,0.0
-72.5625,9.0625,0.0
-72.5625,9.1875,0.0
-72.5625,9.3125,0.0
-72.5625,9.4375,0.0
-72.5625,9.5625,0.0
-72.5625,9.6875,0.0
-72.5625,9.8125,0.0
-72.5625,9.9375,0.0
-72.5625,10.0625,0.0
-72.5625,10.1875,0.0
-72.5625,10.3125,0.0
-72.5625,10.4375,0.0
-72.5625,10.5625,0.0
-72.5625,10.6875,0.0
-72.5625,10.8125,0.0
-72.5625,10.9375,0.0
-72.5625,11.0625,0.0
-72.5625,11.1875,0.0
-72.5625,11.3125,0.0
-72.5625,11.4375,0.0
-72.5625,11.5625,0.0
-72.5625,11.6875,0.0
-72.5625,11.8125,0.0
-72.5625,11.9375,0.0
-72.5625,12.0625,0.0
-72.5625,12.1875,0.0
-72.5625,12.3125,0.0
-72.5625,12.4375,0.0
-72.4375,-4.1875,0.0
-72.4375,-4.0625,0.0
-72.4375,-3.9375,0.0
-72.4375,-3.8125,0.0
-72.4375,-3.6875,0.0
-72.4375,-3.5625,0.0
-72.4375,-3.4375,0.0
-72.4375,-3.3125,0.0
-72.4375,-3.1875,0.0
-72.4375,-3.0625,0.0
-72.4375,-2.9375,0.0
-72.4375,-2.8125,0.0
-72.4375,-2.6875,0.0
-72.4375,-2.5625,0.0
-72.4375,-2.4375,0.0
-72.4375,-2.3125,0.0
-72.4375,-2.1875,0.0
-72.4375,-2.0625,0.0
-72.4375,-1.9375,0.0
-72.4375,-1.8125,0.0
-72.4375,-1.6875,0.0
-72.4375,-1.5625,0.0
-72.4375,-1.4375,0.0
-72.4375,-1.3125,0.0
-72.4375,-1.1875,0.0
-72.4375,-1.0625,0.0
-72.4375,-0.9375,0.0
-72.4375,-0.8125,0.0
-72.4375,-0.6875,0.0
-72.4375,-0.5625,0.0
-72.4375,-0.4375,0.0
-72.4375,-0.3125,0.0
-72.4375,-0.1875,0.0
-72.4375,-0.0625,0.0
-72.4375,0.0625,0.0
-72.4375,0.1875,0.0
-72.4375,0.3125,0.0
-72.4375,0.4375,0.0
-72.4375,0.5625,0.0
-72.4375,0.6875,0.0
-72.4375,0.8125,0.0
-72.4375,0.9375,0.0
-72.4375,1.0625,0.0
-72.4375,1.1875,0.0
-72.4375,1.3125,0.0
-72.4375,1.4375,0.0
-72.4375,1.5625,0.0
-72.4375,1.6875,0.0
-72.4375,1.8125,0.0
-72.4375,1.9375,0.0
-72.4375,2.0625,0.0
-72.4375,2.1875,0.0
-72.4375,2.3125,0.0
-72.4375,2.4375,0.0
-72.4375,2.5625,0.0
-72.4375,2.6875,0.0
-72.4375,2.8125,0.0
-72.4375,2.9375,0.0
-72.4375,3.0625,0.0
-72.4375,3.1875,0.0
-72.4375,3.3125,0.0
-72.4375,3.4375,0.0
-72.4375,3.5625,0.0
-72.4375,3.6875,0.0
-72.4375,3.8125,0.0
-72.4375,3.9375,0.0
-72.4375,4.0625,0.0
-72.4375,4.1875,0.0
-72.4375,4.3125,0.0
-72.4375,4.4375,0.0
-72.4375,4.5625,0.0
-72.4375,4.6875,0.0
-72.4375,4.8125,0.0
-72.4375,4.9375,0.0
-72.4375,5.0625,0.0
-72.4375,5.1875,0.0
-72.4375,5.3125,0.0
-72.4375,5.4375,0.0
-72.4375,5.5625,0.0
-72.4375,5.6875,0.0
-72.4375,5.8125,0.0
-72.4375,5.9375,0.0
-72.4375,6.0625,0.0
-72.4375,6.1875,0.0
-72.4375,6.3125,0.0
-72.4375,6.4375,0.0
-72.4375,6.5625,0.0
-72.4375,6.6875,0.0
-72.4375,6.8125,0.0
-72.4375,6.9375,0.0
-72.4375,7.0625,0.0
-72.4375,7.1875,0.0
-72.4375,7.3125,0.0
-72.4375,7.4375,0.0
-72.4375,7.5625,0.0
-72.4375,7.6875,0.0
-72.4375,7.8125,0.0
-72.4375,7.9375,0.0
-72.4375,8.0625,0.0
-72.4375,8.1875,0.0
-72.4375,8.3125,0.0
-72.4375,8.4375,0.0
-72.4375,8.5625,0.0
-72.4375,8.6875,0.0
-72.4375,8.8125,0.0
-72.4375,8.9375,0.0
-72.4375,9.0625,0.0
-72.4375,9.1875,0.0
-72.4375,9.3125,0.0
-72.4375,9.4375,0.0
-72.4375,9.5625,0.0
-72.4375,9.6875,0.0
-72.4375,9.8125,0.0
-72.4375,9.9375,0.0
-72.4375,10.0625,0.0
-72.4375,10.1875,0.0
-72.4375,10.3125,0.0
-72.4375,10.4375,0.0
-72.4375,10.5625,0.0
-72.4375,10.6875,0.0
-72.4375,10.8125,0.0
-72.4375,10.9375,0.0
-72.4375,11.0625,0.0
-72.4375,11.1875,0.0
-72.4375,11.3125,0.0
-72.4375,11.4375,0.0
-72.4375,11.5625,0.0
-72.4375,11.6875,0.0
-72.4375,11.8125,0.0
-72.4375,11.9375,0.0
-72.4375,12.0625,0.0
-72.4375,12.1875,0.0
-72.4375,12.3125,0.0
-72.4375,12.4375,0.0
-72.3125,-4.1875,0.0
-72.3125,-4.0625,0.0
-72.3125,-3.9375,0.0
-72.3125,-3.8125,0.0
-72.3125,-3.6875,0.0
-72.3125,-3.5625,0.0
-72.3125,-3.4375,0.0
-72.3125,-3.3125,0.0
-72.3125,-3.1875,0.0
-72.3125,-3.0625,0.0
-72.3125,-2.9375,0.0
-72.3125,-2.8125,0.0
-72.3125,-2.6875,0.0
-72.3125,-2.5625,0.0
-72.3125,-2.4375,0.0
-72.3125,-2.3125,0.0
-72.3125,-2.1875,0.0
-72.3125,-2.0625,0.0
-72.3125,-1.9375,0.0
-72.3125,-1.8125,0.0
-72.3125,-1.6875,0.0
-72.3125,-1.5625,0.0
-72.3125,-1.4375,0.0
-72.3125,-1.3125,0.0
-72.3125,-1.1875,0.0
-72.3125,-1.0625,0.0
-72.3125,-0.9375,0.0
-72.3125,-0.8125,0.0
-72.3125,-0.6875,0.0
-72.3125,-0.5625,0.0
-72.3125,-0.4375,0.0
-72.3125,-0.3125,0.0
-72.3125,-0.1875,0.0
-72.3125,-0.0625,0.0
-72.3125,0.0625,0.0
-72.3125,0.1875,0.0
-72.3125,0.3125,0.0
-72.3125,0.4375,0.0
-72.3125,0.5625,0.0
-72.3125,0.6875,0.0
-72.3125,0.8125,0.0
-72.3125,0.9375,0.0
-72.3125,1.0625,0.0
-72.3125,1.1875,0.0
-72.3125,1.3125,0.0
-72.3125,1.4375,0.0
-72.3125,1.5625,0.0
-72.3125,1.6875,0.0
-72.3125,1.8125,0.0
-72.3125,1.9375,0.0
-72.3125,2.0625,0.0
-72.3125,2.1875,0.0
-72.3125,2.3125,0.0
-72.3125,2.4375,0.0
-72.3125,2.5625,0.0
-72.3125,2.6875,0.0
-72.3125,2.8125,0.0
-72.3125,2.9375,0.0
-72.3125,3.0625,0.0
-72.3125,3.1875,0.0
-72.3125,3.3125,0.0
-72.3125,3.4375,0.0
-72.3125,3.5625,0.0
-72.3125,3.6875,0.0
-72.3125,3.8125,0.0
-72.3125,3.9375,0.0
-72.3125,4.0625,0.0
-72.3125,4.1875,0.0
-72.3125,4.3125,0.0
-72.3125,4.4375,0.0
-72.3125,4.5625,0.0
-72.3125,4.6875,0.0
-72.3125,4.8125,0.0
-72.3125,4.9375,0.0
-72.3125,5.0625,0.0
-72.3125,5.1875,0.0
-72.3125,5.3125,0.0
-72.3125,5.4375,0.0
-72.3125,5.5625,0.0
-72.3125,5.6875,0.0
-72.3125,5.8125,0.0
-72.3125,5.9375,0.0
-72.3125,6.0625,0.0
-72.3125,6.1875,0.0
-72.3125,6.3125,0.0
-72.3125,6.4375,0.0
-72.3125,6.5625,0.0
-72.3125,6.6875,0.0
-72.3125,6.8125,0.0
-72.3125,6.9375,0.0
-72.3125,7.0625,0.0
-72.3125,7.1875,0.0
-72.3125,7.3125,0.0
-72.3125,7.4375,0.0
-72.3125,7.5625,0.0
-72.3125,7.6875,0.0
-72.3125,7.8125,0.0
-72.3125,7.9375,0.0
-72.3125,8.0625,0.0
-72.3125,8.1875,0.0
-72.3125,8.3125,0.0
-72.3125,8.4375,0.0
-72.3125,8.5625,0.0
-72.3125,8.6875,0.0
-72.3125,8.8125,0.0
-72.3125,8.9375,0.0
-72.3125,9.0625,0.0
-72.3125,9.1875,0.0
-72.3125,9.3125,0.0
-72.3125,9.4375,0.0
-72.3125,9.5625,0.0
-72.3125,9.6875,0.0
-72.3125,9.8125,0.0
-72.3125,9.9375,0.0
-72.3125,10.0625,0.0
-72.3125,10.1875,0.0
-72.3125,10.3125,0.0
-72.3125,10.4375,0.0
-72.3125,10.5625,0.0
-72.3125,10.6875,0.0
-72.3125,10.8125,0.0
-72.3125,10.9375,0.0
-72.3125,11.0625,0.0
-72.3125,11.1875,0.0
-72.3125,11.3125,0.0
-72.3125,11.4375,0.0
-72.3125,11.5625,0.0
-72.3125,11.6875,0.0
-72.3125,11.8125,0.0
-72.3125,11.9375,0.0
-72.3125,12.0625,0.0
-72.3125,12.1875,0.0
-72.3125,12.3125,0.0
-72.3125,12.4375,0.0
-72.1875,-4.1875,0.0
-72.1875,-4.0625,0.0
-72.1875,-3.9375,0.0
-72.1875,-3.8125,0.0
-72.1875,-3.6875,0.0
-72.1875,-3.5625,0.0
-72.1875,-3.4375,0.0
-72.1875,-3.3125,0.0
-72.1875,-3.1875,0.0
-72.1875,-3.0625,0.0
-72.1875,-2.9375,0.0
-72.1875,-2.8125,0.0
-72.1875,-2.6875,0.0
-72.1875,-2.5625,0.0
-72.1875,-2.4375,0.0
-72.1875,-2.3125,0.0
-72.1875,-2.1875,0.0
-72.1875,-2.0625,0.0
-72.1875,-1.9375,0.0
-72.1875,-1.8125,0.0
-72.1875,-1.6875,0.0
-72.1875,-1.5625,0.0
-72.1875,-1.4375,0.0
-72.1875,-1.3125,0.0
-72.1875,-1.1875,0.0
-72.1875,-1.0625,0.0
-72.1875,-0.9375,0.0
-72.1875,-0.8125,0.0
-72.1875,-0.6875,0.0
-72.1875,-0.5625,0.0
-72.1875,-0.4375,0.0
-72.1875,-0.3125,0.0
-72.1875,-0.1875,0.0
-72.1875,-0.0625,0.0
-72.1875,0.0625,0.0
-72.1875,0.1875,0.0
-72.1875,0.3125,0.0
-72.1875,0.4375,0.0
-72.1875,0.5625,0.0
-72.1875,0.6875,0.0
-72.1875,0.8125,0.0
-72.1875,0.9375,0.0
-72.1875,1.0625,0.0
-72.1875,1.1875,0.0
-72.1875,1.3125,0.0
-72.1875,1.4375,0.0
-72.1875,1.5625,0.0
-72.1875,1.6875,0.0
-72.1875,1.8125,0.0
-72.1875,1.9375,0.0
-72.1875,2.0625,0.0
-72.1875,2.1875,0.0
-72.1875,2.3125,0.0
-72.1875,2.4375,0.0
-72.1875,2.5625,0.0
-72.1875,2.6875,0.0
-72.1875,2.8125,0.0
-72.1875,2.9375,0.0
-72.1875,3.0625,0.0
-72.1875,3.1875,0.0
-72.1875,3.3125,0.0
-72.1875,3.4375,0.0
-72.1875,3.5625,0.0
-72.1875,3.6875,0.0
-72.1875,3.8125,0.0
-72.1875,3.9375,0.0
-72.1875,4.0625,0.0
-72.1875,4.1875,0.0
-72.1875,4.3125,0.0
-72.1875,4.4375,0.0
-72.1875,4.5625,0.0
-72.1875,4.6875,0.0
-72.1875,4.8125,0.0
-72.1875,4.9375,0.0
-72.1875,5.0625,0.0
-72.1875,5.1875,0.0
-72.1875,5.3125,0.0
-72.1875,5.4375,0.0
-72.1875,5.5625,0.0
-72.1875,5.6875,0.0
-72.1875,5.8125,0.0
-72.1875,5.9375,0.0
-72.1875,6.0625,0.0
-72.1875,6.1875,0.0
-72.1875,6.3125,0.0
-72.1875,6.4375,0.0
-72.1875,6.5625,0.0
-72.1875,6.6875,0.0
-72.1875,6.8125,0.0
-72.1875,6.9375,0.0
-72.1875,7.0625,0.0
-72.1875,7.1875,0.0
-72.1875,7.3125,0.0
-72.1875,7.4375,0.0
-72.1875,7.5625,0.0
-72.1875,7.6875,0.0
-72.1875,7.8125,0.0
-72.1875,7.9375,0.0
-72.1875,8.0625,0.0
-72.1875,8.1875,0.0
-72.1875,8.3125,0.0
-72.1875,8.4375,0.0
-72.1875,8.5625,0.0
-72.1875,8.6875,0.0
-72.1875,8.8125,0.0
-72.1875,8.9375,0.0
-72.1875,9.0625,0.0
-72.1875,9.1875,0.0
-72.1875,9.3125,0.0
-72.1875,9.4375,0.0
-72.1875,9.5625,0.0
-72.1875,9.6875,0.0
-72.1875,9.8125,0.0
-72.1875,9.9375,0.0
-72.1875,10.0625,0.0
-72.1875,10.1875,0.0
-72.1875,10.3125,0.0
-72.1875,10.4375,0.0
-72.1875,10.5625,0.0
-72.1875,10.6875,0.0
-72.1875,10.8125,0.0
-72.1875,10.9375,0.0
-72.1875,11.0625,0.0
-72.1875,11.1875,0.0
-72.1875,11.3125,0.0
-72.1875,11.4375,0.0
-72.1875,11.5625,0.0
-72.1875,11.6875,0.0
-72.1875,11.8125,0.0
-72.1875,11.9375,0.0
-72.1875,12.0625,0.0
-72.1875,12.1875,0.0
-72.1875,12.3125,0.0
-72.1875,12.4375,0.0
-72.0625,-4.1875,0.0
-72.0625,-4.0625,0.0
-72.0625,-3.9375,0.0
-72.0625,-3.8125,0.0
-72.0625,-3.6875,0.0
-72.0625,-3.5625,0.0
-72.0625,-3.4375,0.0
-72.0625,-3.3125,0.0
-72.0625,-3.1875,0.0
-72.0625,-3.0625,0.0
-72.0625,-2.9375,0.0
-72.0625,-2.8125,0.0
-72.0625,-2.6875,0.0
-72.0625,-2.5625,0.0
-72.0625,-2.4375,0.0
-72.0625,-2.3125,0.0
-72.0625,-2.1875,0.0
-72.0625,-2.0625,0.0
-72.0625,-1.9375,0.0
-72.0625,-1.8125,0.0
-72.0625,-1.6875,0.0
-72.0625,-1.5625,0.0
-72.0625,-1.4375,0.0
-72.0625,-1.3125,0.0
-72.0625,-1.1875,0.0
-72.0625,-1.0625,0.0
-72.0625,-0.9375,0.0
-72.0625,-0.8125,0.0
-72.0625,-0.6875,0.0
-72.0625,-0.5625,0.0
-72.0625,-0.4375,0.0
-72.0625,-0.3125,0.0
-72.0625,-0.1875,0.0
-72.0625,-0.0625,0.0
-72.0625,0.0625,0.0
-72.0625,0.1875,0.0
-72.0625,0.3125,0.0
-72.0625,0.4375,0.0
-72.0625,0.5625,0.0
-72.0625,0.6875,0.0
-72.0625,0.8125,0.0
-72.0625,0.9375,0.0
-72.0625,1.0625,0.0
-72.0625,1.1875,0.0
-72.0625,1.3125,0.0
-72.0625,1.4375,0.0
-72.0625,1.5625,0.0
-72.0625,1.6875,0.0
-72.0625,1.8125,0.0
-72.0625,1.9375,0.0
-72.0625,2.0625,0.0
-72.0625,2.1875,0.0
-72.0625,2.3125,0.0
-72.0625,2.4375,0.0
-72.0625,2.5625,0.0
-72.0625,2.6875,0.0
-72.0625,2.8125,0.0
-72.0625,2.9375,0.0
-72.0625,3.0625,0.0
-72.0625,3.1875,0.0
-72.0625,3.3125,0.0
-72.0625,3.4375,0.0
-72.0625,3.5625,0.0
-72.0625,3.6875,0.0
-72.0625,3.8125,0.0
-72.0625,3.9375,0.0
-72.0625,4.0625,0.0
-72.0625,4.1875,0.0
-72.0625,4.3125,0.0
-72.0625,4.4375,0.0
-72.0625,4.5625,0.0
-72.0625,4.6875,0.0
-72.0625,4.8125,0.0
-72.0625,4.9375,0.0
-72.0625,5.0625,0.0
-72.0625,5.1875,0.0
-72.0625,5.3125,0.0
-72.0625,5.4375,0.0
-72.0625,5.5625,0.0
-72.0625,5.6875,0.0
-72.0625,5.8125,0.0
-72.0625,5.9375,0.0
-72.0625,6.0625,0.0
-72.0625,6.1875,0.0
-72.0625,6.3125,0.0
-72.0625,6.4375,0.0
-72.0625,6.5625,0.0
-72.0625,6.6875,0.0
-72.0625,6.8125,0.0
-72.0625,6.9375,0.0
-72.0625,7.0625,0.0
-72.0625,7.1875,0.0
-72.0625,7.3125,0.0
-72.0625,7.4375,0.0
-72.0625,7.5625,0.0
-72.0625,7.6875,0.0
-72.0625,7.8125,0.0
-72.0625,7.9375,0.0
-72.0625,8.0625,0.0
-72.0625,8.1875,0.0
-72.0625,8.3125,0.0
-72.0625,8.4375,0.0
-72.0625,8.5625,0.0
-72.0625,8.6875,0.0
-72.0625,8.8125,0.0
-72.0625,8.9375,0.0
-72.0625,9.0625,0.0
-72.0625,9.1875,0.0
-72.0625,9.3125,0.0
-72.0625,9.4375,0.0
-72.0625,9.5625,0.0
-72.0625,9.6875,0.0
-72.0625,9.8125,0.0
-72.0625,9.9375,0.0
-72.0625,10.0625,0.0
-72.0625,10.1875,0.0
-72.0625,10.3125,0.0
-72.0625,10.4375,0.0
-72.0625,10.5625,0.0
-72.0625,10.6875,0.0
-72.0625,10.8125,0.0
-72.0625,10.9375,0.0
-72.0625,11.0625,0.0
-72.0625,11.1875,0.0
-72.0625,11.3125,0.0
-72.0625,11.4375,0.0
-72.0625,11.5625,0.0
-72.0625,11.6875,0.0
-72.0625,11.8125,0.0
-72.0625,11.9375,0.0
-72.0625,12.0625,0.0
-72.0625,12.1875,0.0
-72.0625,12.3125,0.0
-72.0625,12.4375,225.699997
-71.9375,-4.1875,0.0
-71.9375,-4.0625,0.0
-71.9375,-3.9375,0.0
-71.9375,-3.8125,0.0
-71.9375,-3.6875,0.0
-71.9375,-3.5625,0.0
-71.9375,-3.4375,0.0
-71.9375,-3.3125,0.0
-71.9375,-3.1875,0.0
-71.9375,-3.0625,0.0
-71.9375,-2.9375,0.0
-71.9375,-2.8125,0.0
-71.9375,-2.6875,0.0
-71.9375,-2.5625,0.0
-71.9375,-2.4375,0.0
-71.9375,-2.3125,0.0
-71.9375,-2.1875,0.0
-71.9375,-2.0625,0.0
-71.9375,-1.9375,0.0
-71.9375,-1.8125,0.0
-71.9375,-1.6875,0.0
-71.9375,-1.5625,0.0
-71.9375,-1.4375,0.0
-71.9375,-1.3125,0.0
-71.9375,-1.1875,0.0
-71.9375,-1.0625,0.0
-71.9375,-0.9375,0.0
-71.9375,-0.8125,0.0
-71.9375,-0.6875,0.0
-71.9375,-0.5625,0.0
-71.9375,-0.4375,0.0
-71.9375,-0.3125,0.0
-71.9375,-0.1875,0.0
-71.9375,-0.0625,0.0
-71.9375,0.0625,0.0
-71.9375,0.1875,0.0
-71.9375,0.3125,0.0
-71.9375,0.4375,0.0
-71.9375,0.5625,0.0
-71.9375,0.6875,0.0
-71.9375,0.8125,0.0
-71.9375,0.9375,0.0
-71.9375,1.0625,0.0
-71.9375,1.1875,0.0
-71.9375,1.3125,0.0
-71.9375,1.4375,0.0
-71.9375,1.5625,0.0
-71.9375,1.6875,0.0
-71.9375,1.8125,0.0
-71.9375,1.9375,0.0
-71.9375,2.0625,0.0
-71.9375,2.1875,0.0
-71.9375,2.3125,0.0
-71.9375,2.4375,0.0
-71.9375,2.5625,0.0
-71.9375,2.6875,0.0
-71.9375,2.8125,0.0
-71.9375,2.9375,0.0
-71.9375,3.0625,0.0
-71.9375,3.1875,0.0
-71.9375,3.3125,0.0
-71.9375,3.4375,0.0
-71.9375,3.5625,0.0
-71.9375,3.6875,0.0
-71.9375,3.8125,0.0
-71.9375,3.9375,0.0
-71.9375,4.0625,0.0
-71.9375,4.1875,0.0
-71.9375,4.3125,0.0
-71.9375,4.4375,0.0
-71.9375,4.5625,0.0
-71.9375,4.6875,0.0
-71.9375,4.8125,0.0
-71.9375,4.9375,0.0
-71.9375,5.0625,0.0
-71.9375,5.1875,0.0
-71.9375,5.3125,0.0
-71.9375,5.4375,0.0
-71.9375,5.5625,0.0
-71.9375,5.6875,0.0
-71.9375,5.8125,0.0
-71.9375,5.9375,0.0
-71.9375,6.0625,0.0
-71.9375,6.1875,0.0
-71.9375,6.3125,0.0
-71.9375,6.4375,0.0
-71.9375,6.5625,0.0
-71.9375,6.6875,0.0
-71.9375,6.8125,0.0
-71.9375,6.9375,0.0
-71.9375,7.0625,0.0
-71.9375,7.1875,0.0
-71.9375,7.3125,0.0
-71.9375,7.4375,0.0
-71.9375,7.5625,0.0
-71.9375,7.6875,0.0
-71.9375,7.8125,0.0
-71.9375,7.9375,0.0
-71.9375,8.0625,0.0
-71.9375,8.1875,0.0
-71.9375,8.3125,0.0
-71.9375,8.4375,0.0
-71.9375,8.5625,0.0
-71.9375,8.6875,0.0
-71.9375,8.8125,0.0
-71.9375,8.9375,0.0
-71.9375,9.0625,0.0
-71.9375,9.1875,0.0
-71.9375,9.3125,0.0
-71.9375,9.4375,0.0
-71.9375,9.5625,0.0
-71.9375,9.6875,0.0
-71.9375,9.8125,0.0
-71.9375,9.9375,0.0
-71.9375,10.0625,102.699997
-71.9375,10.1875,0.0
-71.9375,10.3125,0.0
-71.9375,10.4375,0.0
-71.9375,10.5625,0.0
-71.9375,10.6875,0.0
-71.9375,10.8125,0.0
-71.9375,10.9375,0.0
-71.9375,11.0625,0.0
-71.9375,11.1875,0.0
-71.9375,11.3125,0.0
-71.9375,11.4375,0.0
-71.9375,11.5625,0.0
-71.9375,11.6875,0.0
-71.9375,11.8125,0.0
-71.9375,11.9375,0.0
-71.9375,12.0625,0.0
-71.9375,12.1875,0.0
-71.9375,12.3125,0.0
-71.9375,12.4375,0.0
-71.8125,-4.1875,0.0
-71.8125,-4.0625,0.0
-71.8125,-3.9375,0.0
-71.8125,-3.8125,0.0
-71.8125,-3.6875,0.0
-71.8125,-3.5625,0.0
-71.8125,-3.4375,0.0
-71.8125,-3.3125,0.0
-71.8125,-3.1875,0.0
-71.8125,-3.0625,0.0
-71.8125,-2.9375,0.0
-71.8125,-2.8125,0.0
-71.8125,-2.6875,0.0
-71.8125,-2.5625,0.0
-71.8125,-2.4375,0.0
-71.8125,-2.3125,0.0
-71.8125,-2.1875,0.0
-71.8125,-2.0625,0.0
-71.8125,-1.9375,0.0
-71.8125,-1.8125,0.0
-71.8125,-1.6875,0.0
-71.8125,-1.5625,0.0
-71.8125,-1.4375,0.0
-71.8125,-1.3125,0.0
-71.8125,-1.1875,0.0
-71.8125,-1.0625,0.0
-71.8125,-0.9375,0.0
-71.8125,-0.8125,0.0
-71.8125,-0.6875,0.0
-71.8125,-0.5625,0.0
-71.8125,-0.4375,0.0
-71.8125,-0.3125,0.0
-71.8125,-0.1875,0.0
-71.8125,-0.0625,0.0
-71.8125,0.0625,0.0
-71.8125,0.1875,0.0
-71.8125,0.3125,0.0
-71.8125,0.4375,0.0
-71.8125,0.5625,0.0
-71.8125,0.6875,0.0
-71.8125,0.8125,0.0
-71.8125,0.9375,0.0
-71.8125,1.0625,0.0
-71.8125,1.1875,0.0
-71.8125,1.3125,0.0
-71.8125,1.4375,0.0
-71.8125,1.5625,0.0
-71.8125,1.6875,0.0
-71.8125,1.8125,0.0
-71.8125,1.9375,0.0
-71.8125,2.0625,0.0
-71.8125,2.1875,0.0
-71.8125,2.3125,0.0
-71.8125,2.4375,0.0
-71.8125,2.5625,0.0
-71.8125,2.6875,0.0
-71.8125,2.8125,0.0
-71.8125,2.9375,0.0
-71.8125,3.0625,0.0
-71.8125,3.1875,0.0
-71.8125,3.3125,0.0
-71.8125,3.4375,0.0
-71.8125,3.5625,0.0
-71.8125,3.6875,0.0
-71.8125,3.8125,0.0
-71.8125,3.9375,0.0
-71.8125,4.0625,0.0
-71.8125,4.1875,0.0
-71.8125,4.3125,0.0
-71.8125,4.4375,0.0
-71.8125,4.5625,0.0
-71.8125,4.6875,0.0
-71.8125,4.8125,0.0
-71.8125,4.9375,0.0
-71.8125,5.0625,0.0
-71.8125,5.1875,0.0
-71.8125,5.3125,0.0
-71.8125,5.4375,0.0
-71.8125,5.5625,0.0
-71.8125,5.6875,0.0
-71.8125,5.8125,0.0
-71.8125,5.9375,0.0
-71.8125,6.0625,0.0
-71.8125,6.1875,0.0
-71.8125,6.3125,0.0
-71.8125,6.4375,0.0
-71.8125,6.5625,0.0
-71.8125,6.6875,0.0
-71.8125,6.8125,0.0
-71.8125,6.9375,0.0
-71.8125,7.0625,0.0
-71.8125,7.1875,0.0
-71.8125,7.3125,0.0
-71.8125,7.4375,0.0
-71.8125,7.5625,0.0
-71.8125,7.6875,0.0
-71.8125,7.8125,0.0
-71.8125,7.9375,0.0
-71.8125,8.0625,0.0
-71.8125,8.1875,0.0
-71.8125,8.3125,0.0
-71.8125,8.4375,0.0
-71.8125,8.5625,0.0
-71.8125,8.6875,0.0
-71.8125,8.8125,0.0
-71.8125,8.9375,0.0
-71.8125,9.0625,0.0
-71.8125,9.1875,0.0
-71.8125,9.3125,0.0
-71.8125,9.4375,0.0
-71.8125,9.5625,0.0
-71.8125,9.6875,0.0
-71.8125,9.8125,92.699997
-71.8125,9.9375,97.599998
-71.8125,10.0625,0.0
-71.8125,10.1875,0.0
-71.8125,10.3125,0.0
-71.8125,10.4375,0.0
-71.8125,10.5625,0.0
-71.8125,10.6875,0.0
-71.8125,10.8125,0.0
-71.8125,10.9375,0.0
-71.8125,11.0625,0.0
-71.8125,11.1875,0.0
-71.8125,11.3125,0.0
-71.8125,11.4375,0.0
-71.8125,11.5625,0.0
-71.8125,11.6875,0.0
-71.8125,11.8125,0.0
-71.8125,11.9375,0.0
-71.8125,12.0625,0.0
-71.8125,12.1875,0.0
-71.8125,12.3125,0.0
-71.8125,12.4375,0.0
-71.6875,-4.1875,0.0
-71.6875,-4.0625,0.0
-71.6875,-3.9375,0.0
-71.6875,-3.8125,0.0
-71.6875,-3.6875,0.0
-71.6875,-3.5625,0.0
-71.6875,-3.4375,0.0
-71.6875,-3.3125,0.0
-71.6875,-3.1875,0.0
-71.6875,-3.0625,0.0
-71.6875,-2.9375,0.0
-71.6875,-2.8125,0.0
-71.6875,-2.6875,0.0
-71.6875,-2.5625,0.0
-71.6875,-2.4375,0.0
-71.6875,-2.3125,0.0
-71.6875,-2.1875,0.0
-71.6875,-2.0625,0.0
-71.6875,-1.9375,0.0
-71.6875,-1.8125,0.0
-71.6875,-1.6875,0.0
-71.6875,-1.5625,0.0
-71.6875,-1.4375,0.0
-71.6875,-1.3125,0.0
-71.6875,-1.1875,0.0
-71.6875,-1.0625,0.0
-71.6875,-0.9375,0.0
-71.6875,-0.8125,0.0
-71.6875,-0.6875,0.0
-71.6875,-0.5625,0.0
-71.6875,-0.4375,0.0
-71.6875,-0.3125,0.0
-71.6875,-0.1875,0.0
-71.6875,-0.0625,0.0
-71.6875,0.0625,0.0
-71.6875,0.1875,0.0
-71.6875,0.3125,0.0
-71.6875,0.4375,0.0
-71.6875,0.5625,0.0
-71.6875,0.6875,0.0
-71.6875,0.8125,0.0
-71.6875,0.9375,0.0
-71.6875,1.0625,0.0
-71.6875,1.1875,0.0
-71.6875,1.3125,0.0
-71.6875,1.4375,0.0
-71.6875,1.5625,0.0
-71.6875,1.6875,0.0
-71.6875,1.8125,0.0
-71.6875,1.9375,0.0
-71.6875,2.0625,0.0
-71.6875,2.1875,0.0
-71.6875,2.3125,0.0
-71.6875,2.4375,0.0
-71.6875,2.5625,0.0
-71.6875,2.6875,0.0
-71.6875,2.8125,0.0
-71.6875,2.9375,0.0
-71.6875,3.0625,0.0
-71.6875,3.1875,0.0
-71.6875,3.3125,0.0
-71.6875,3.4375,0.0
-71.6875,3.5625,0.0
-71.6875,3.6875,0.0
-71.6875,3.8125,0.0
-71.6875,3.9375,0.0
-71.6875,4.0625,0.0
-71.6875,4.1875,0.0
-71.6875,4.3125,0.0
-71.6875,4.4375,0.0
-71.6875,4.5625,0.0
-71.6875,4.6875,0.0
-71.6875,4.8125,0.0
-71.6875,4.9375,0.0
-71.6875,5.0625,0.0
-71.6875,5.1875,0.0
-71.6875,5.3125,0.0
-71.6875,5.4375,0.0
-71.6875,5.5625,0.0
-71.6875,5.6875,0.0
-71.6875,5.8125,0.0
-71.6875,5.9375,0.0
-71.6875,6.0625,0.0
-71.6875,6.1875,0.0
-71.6875,6.3125,0.0
-71.6875,6.4375,0.0
-71.6875,6.5625,0.0
-71.6875,6.6875,0.0
-71.6875,6.8125,0.0
-71.6875,6.9375,0.0
-71.6875,7.0625,0.0
-71.6875,7.1875,0.0
-71.6875,7.3125,0.0
-71.6875,7.4375,0.0
-71.6875,7.5625,0.0
-71.6875,7.6875,0.0
-71.6875,7.8125,0.0
-71.6875,7.9375,0.0
-71.6875,8.0625,0.0
-71.6875,8.1875,0.0
-71.6875,8.3125,0.0
-71.6875,8.4375,0.0
-71.6875,8.5625,0.0
-71.6875,8.6875,0.0
-71.6875,8.8125,0.0
-71.6875,8.9375,0.0
-71.6875,9.0625,0.0
-71.6875,9.1875,0.0
-71.6875,9.3125,0.0
-71.6875,9.4375,0.0
-71.6875,9.5625,0.0
-71.6875,9.6875,99.599998
-71.6875,9.8125,99.0
-71.6875,9.9375,97.900002
-71.6875,10.0625,25.700001
-71.6875,10.1875,27.6
-71.6875,10.3125,0.0
-71.6875,10.4375,0.0
-71.6875,10.5625,0.0
-71.6875,10.6875,0.0
-71.6875,10.8125,0.0
-71.6875,10.9375,0.0
-71.6875,11.0625,0.0
-71.6875,11.1875,0.0
-71.6875,11.3125,0.0
-71.6875,11.4375,0.0
-71.6875,11.5625,291.200012
-71.6875,11.6875,0.0
-71.6875,11.8125,0.0
-71.6875,11.9375,0.0
-71.6875,12.0625,0.0
-71.6875,12.1875,0.0
-71.6875,12.3125,0.0
-71.6875,12.4375,0.0
-71.5625,-4.1875,0.0
-71.5625,-4.0625,0.0
-71.5625,-3.9375,0.0
-71.5625,-3.8125,0.0
-71.5625,-3.6875,0.0
-71.5625,-3.5625,0.0
-71.5625,-3.4375,0.0
-71.5625,-3.3125,0.0
-71.5625,-3.1875,0.0
-71.5625,-3.0625,0.0
-71.5625,-2.9375,0.0
-71.5625,-2.8125,0.0
-71.5625,-2.6875,0.0
-71.5625,-2.5625,0.0
-71.5625,-2.4375,0.0
-71.5625,-2.3125,0.0
-71.5625,-2.1875,0.0
-71.5625,-2.0625,0.0
-71.5625,-1.9375,0.0
-71.5625,-1.8125,0.0
-71.5625,-1.6875,0.0
-71.5625,-1.5625,0.0
-71.5625,-1.4375,0.0
-71.5625,-1.3125,0.0
-71.5625,-1.1875,0.0
-71.5625,-1.0625,0.0
-71.5625,-0.9375,0.0
-71.5625,-0.8125,0.0
-71.5625,-0.6875,0.0
-71.5625,-0.5625,0.0
-71.5625,-0.4375,0.0
-71.5625,-0.3125,0.0
-71.5625,-0.1875,0.0
-71.5625,-0.0625,0.0
-71.5625,0.0625,0.0
-71.5625,0.1875,0.0
-71.5625,0.3125,0.0
-71.5625,0.4375,0.0
-71.5625,0.5625,0.0
-71.5625,0.6875,0.0
-71.5625,0.8125,0.0
-71.5625,0.9375,0.0
-71.5625,1.0625,0.0
-71.5625,1.1875,0.0
-71.5625,1.3125,0.0
-71.5625,1.4375,0.0
-71.5625,1.5625,0.0
-71.5625,1.6875,0.0
-71.5625,1.8125,0.0
-71.5625,1.9375,0.0
-71.5625,2.0625,0.0
-71.5625,2.1875,0.0
-71.5625,2.3125,0.0
-71.5625,2.4375,0.0
-71.5625,2.5625,0.0
-71.5625,2.6875,0.0
-71.5625,2.8125,0.0
-71.5625,2.9375,0.0
-71.5625,3.0625,0.0
-71.5625,3.1875,0.0
-71.5625,3.3125,0.0
-71.5625,3.4375,0.0
-71.5625,3.5625,0.0
-71.5625,3.6875,0.0
-71.5625,3.8125,0.0
-71.5625,3.9375,0.0
-71.5625,4.0625,0.0
-71.5625,4.1875,0.0
-71.5625,4.3125,0.0
-71.5625,4.4375,0.0
-71.5625,4.5625,0.0
-71.5625,4.6875,0.0
-71.5625,4.8125,0.0
-71.5625,4.9375,0.0
-71.5625,5.0625,0.0
-71.5625,5.1875,0.0
-71.5625,5.3125,0.0
-71.5625,5.4375,0.0
-71.5625,5.5625,0.0
-71.5625,5.6875,0.0
-71.5625,5.8125,0.0
-71.5625,5.9375,0.0
-71.5625,6.0625,0.0
-71.5625,6.1875,0.0
-71.5625,6.3125,0.0
-71.5625,6.4375,0.0
-71.5625,6.5625,0.0
-71.5625,6.6875,0.0
-71.5625,6.8125,0.0
-71.5625,6.9375,0.0
-71.5625,7.0625,0.0
-71.5625,7.1875,0.0
-71.5625,7.3125,0.0
-71.5625,7.4375,0.0
-71.5625,7.5625,0.0
-71.5625,7.6875,0.0
-71.5625,7.8125,0.0
-71.5625,7.9375,0.0
-71.5625,8.0625,0.0
-71.5625,8.1875,0.0
-71.5625,8.3125,0.0
-71.5625,8.4375,0.0
-71.5625,8.5625,0.0
-71.5625,8.6875,0.0
-71.5625,8.8125,0.0
-71.5625,8.9375,0.0
-71.5625,9.0625,0.0
-71.5625,9.1875,0.0
-71.5625,9.3125,0.0
-71.5625,9.4375,109.800003
-71.5625,9.5625,103.199997
-71.5625,9.6875,102.900002
-71.5625,9.8125,102.599998
-71.5625,9.9375,99.599998
-71.5625,10.0625,79.0
-71.5625,10.1875,64.300003
-71.5625,10.3125,0.0
-71.5625,10.4375,0.0
-71.5625,10.5625,0.0
-71.5625,10.6875,0.0
-71.5625,10.8125,0.0
-71.5625,10.9375,0.0
-71.5625,11.0625,0.0
-71.5625,11.1875,294.399994
-71.5625,11.3125,293.200012
-71.5625,11.4375,293.299988
-71.5625,11.5625,296.700012
-71.5625,11.6875,298.5
-71.5625,11.8125,0.0
-71.5625,11.9375,0.0
-71.5625,12.0625,0.0
-71.5625,12.1875,0.0
-71.5625,12.3125,0.0
-71.5625,12.4375,0.0
-71.4375,-4.1875,0.0
-71.4375,-4.0625,0.0
-71.4375,-3.9375,0.0
-71.4375,-3.8125,0.0
-71.4375,-3.6875,0.0
-71.4375,-3.5625,0.0
-71.4375,-3.4375,0.0
-71.4375,-3.3125,0.0
-71.4375,-3.1875,0.0
-71.4375,-3.0625,0.0
-71.4375,-2.9375,0.0
-71.4375,-2.8125,0.0
-71.4375,-2.6875,0.0
-71.4375,-2.5625,0.0
-71.4375,-2.4375,0.0
-71.4375,-2.3125,0.0
-71.4375,-2.1875,0.0
-71.4375,-2.0625,0.0
-71.4375,-1.9375,0.0
-71.4375,-1.8125,0.0
-71.4375,-1.6875,0.0
-71.4375,-1.5625,0.0
-71.4375,-1.4375,0.0
-71.4375,-1.3125,0.0
-71.4375,-1.1875,0.0
-71.4375,-1.0625,0.0
-71.4375,-0.9375,0.0
-71.4375,-0.8125,0.0
-71.4375,-0.6875,0.0
-71.4375,-0.5625,0.0
-71.4375,-0.4375,0.0
-71.4375,-0.3125,0.0
-71.4375,-0.1875,0.0
-71.4375,-0.0625,0.0
-71.4375,0.0625,0.0
-71.4375,0.1875,0.0
-71.4375,0.3125,0.0
-71.4375,0.4375,0.0
-71.4375,0.5625,0.0
-71.4375,0.6875,0.0
-71.4375,0.8125,0.0
-71.4375,0.9375,0.0
-71.4375,1.0625,0.0
-71.4375,1.1875,0.0
-71.4375,1.3125,0.0
-71.4375,1.4375,0.0
-71.4375,1.5625,0.0
-71.4375,1.6875,0.0
-71.4375,1.8125,0.0
-71.4375,1.9375,0.0
-71.4375,2.0625,0.0
-71.4375,2.1875,0.0
-71.4375,2.3125,0.0
-71.4375,2.4375,0.0
-71.4375,2.5625,0.0
-71.4375,2.6875,0.0
-71.4375,2.8125,0.0
-71.4375,2.9375,0.0
-71.4375,3.0625,0.0
-71.4375,3.1875,0.0
-71.4375,3.3125,0.0
-71.4375,3.4375,0.0
-71.4375,3.5625,0.0
-71.4375,3.6875,0.0
-71.4375,3.8125,0.0
-71.4375,3.9375,0.0
-71.4375,4.0625,0.0
-71.4375,4.1875,0.0
-71.4375,4.3125,0.0
-71.4375,4.4375,0.0
-71.4375,4.5625,0.0
-71.4375,4.6875,0.0
-71.4375,4.8125,0.0
-71.4375,4.9375,0.0
-71.4375,5.0625,0.0
-71.4375,5.1875,0.0
-71.4375,5.3125,0.0
-71.4375,5.4375,0.0
-71.4375,5.5625,0.0
-71.4375,5.6875,0.0
-71.4375,5.8125,0.0
-71.4375,5.9375,0.0
-71.4375,6.0625,0.0
-71.4375,6.1875,0.0
-71.4375,6.3125,0.0
-71.4375,6.4375,0.0
-71.4375,6.5625,0.0
-71.4375,6.6875,0.0
-71.4375,6.8125,0.0
-71.4375,6.9375,0.0
-71.4375,7.0625,0.0
-71.4375,7.1875,0.0
-71.4375,7.3125,0.0
-71.4375,7.4375,0.0
-71.4375,7.5625,0.0
-71.4375,7.6875,0.0
-71.4375,7.8125,0.0
-71.4375,7.9375,0.0
-71.4375,8.0625,0.0
-71.4375,8.1875,0.0
-71.4375,8.3125,0.0
-71.4375,8.4375,0.0
-71.4375,8.5625,0.0
-71.4375,8.6875,0.0
-71.4375,8.8125,0.0
-71.4375,8.9375,0.0
-71.4375,9.0625,0.0
-71.4375,9.1875,0.0
-71.4375,9.3125,0.0
-71.4375,9.4375,103.900002
-71.4375,9.5625,100.699997
-71.4375,9.6875,100.0
-71.4375,9.8125,97.5
-71.4375,9.9375,96.400002
-71.4375,10.0625,97.5
-71.4375,10.1875,97.199997
-71.4375,10.3125,0.0
-71.4375,10.4375,0.0
-71.4375,10.5625,0.0
-71.4375,10.6875,0.0
-71.4375,10.8125,0.0
-71.4375,10.9375,0.0
-71.4375,11.0625,0.0
-71.4375,11.1875,293.0
-71.4375,11.3125,296.100006
-71.4375,11.4375,299.299988
-71.4375,11.5625,299.899994
-71.4375,11.6875,0.0
-71.4375,11.8125,0.0
-71.4375,11.9375,0.0
-71.4375,12.0625,0.0
-71.4375,12.1875,0.0
-71.4375,12.3125,0.0
-71.4375,12.4375,0.0
-71.3125,-4.1875,0.0
-71.3125,-4.0625,0.0
-71.3125,-3.9375,0.0
-71.3125,-3.8125,0.0
-71.3125,-3.6875,0.0
-71.3125,-3.5625,0.0
-71.3125,-3.4375,0.0
-71.3125,-3.3125,0.0
-71.3125,-3.1875,0.0
-71.3125,-3.0625,0.0
-71.3125,-2.9375,0.0
-71.3125,-2.8125,0.0
-71.3125,-2.6875,0.0
-71.3125,-2.5625,0.0
-71.3125,-2.4375,0.0
-71.3125,-2.3125,0.0
-71.3125,-2.1875,0.0
-71.3125,-2.0625,0.0
-71.3125,-1.9375,0.0
-71.3125,-1.8125,0.0
-71.3125,-1.6875,0.0
-71.3125,-1.5625,0.0
-71.3125,-1.4375,0.0
-71.3125,-1.3125,0.0
-71.3125,-1.1875,0.0
-71.3125,-1.0625,0.0
-71.3125,-0.9375,0.0
-71.3125,-0.8125,0.0
-71.3125,-0.6875,0.0
-71.3125,-0.5625,0.0
-71.3125,-0.4375,0.0
-71.3125,-0.3125,0.0
-71.3125,-0.1875,0.0
-71.3125,-0.0625,0.0
-71.3125,0.0625,0.0
-71.3125,0.1875,0.0
-71.3125,0.3125,0.0
-71.3125,0.4375,0.0
-71.3125,0.5625,0.0
-71.3125,0.6875,0.0
-71.3125,0.8125,0.0
-71.3125,0.9375,0.0
-71.3125,1.0625,0.0
-71.3125,1.1875,0.0
-71.3125,1.3125,0.0
-71.3125,1.4375,0.0
-71.3125,1.5625,0.0
-71.3125,1.6875,0.0
-71.3125,1.8125,0.0
-71.3125,1.9375,0.0
-71.3125,2.0625,0.0
-71.3125,2.1875,0.0
-71.3125,2.3125,0.0
-71.3125,2.4375,0.0
-71.3125,2.5625,0.0
-71.3125,2.6875,0.0
-71.3125,2.8125,0.0
-71.3125,2.9375,0.0
-71.3125,3.0625,0.0
-71.3125,3.1875,0.0
-71.3125,3.3125,0.0
-71.3125,3.4375,0.0
-71.3125,3.5625,0.0
-71.3125,3.6875,0.0
-71.3125,3.8125,0.0
-71.3125,3.9375,0.0
-71.3125,4.0625,0.0
-71.3125,4.1875,0.0
-71.3125,4.3125,0.0
-71.3125,4.4375,0.0
-71.3125,4.5625,0.0
-71.3125,4.6875,0.0
-71.3125,4.8125,0.0
-71.3125,4.9375,0.0
-71.3125,5.0625,0.0
-71.3125,5.1875,0.0
-71.3125,5.3125,0.0
-71.3125,5.4375,0.0
-71.3125,5.5625,0.0
-71.3125,5.6875,0.0
-71.3125,5.8125,0.0
-71.3125,5.9375,0.0
-71.3125,6.0625,0.0
-71.3125,6.1875,0.0
-71.3125,6.3125,0.0
-71.3125,6.4375,0.0
-71.3125,6.5625,0.0
-71.3125,6.6875,0.0
-71.3125,6.8125,0.0
-71.3125,6.9375,0.0
-71.3125,7.0625,0.0
-71.3125,7.1875,0.0
-71.3125,7.3125,0.0
-71.3125,7.4375,0.0
-71.3125,7.5625,0.0
-71.3125,7.6875,0.0
-71.3125,7.8125,0.0
-71.3125,7.9375,0.0
-71.3125,8.0625,0.0
-71.3125,8.1875,0.0
-71.3125,8.3125,0.0
-71.3125,8.4375,0.0
-71.3125,8.5625,0.0
-71.3125,8.6875,0.0
-71.3125,8.8125,0.0
-71.3125,8.9375,0.0
-71.3125,9.0625,0.0
-71.3125,9.1875,0.0
-71.3125,9.3125,84.5
-71.3125,9.4375,87.400002
-71.3125,9.5625,90.300003
-71.3125,9.6875,85.400002
-71.3125,9.8125,82.400002
-71.3125,9.9375,96.199997
-71.3125,10.0625,99.099998
-71.3125,10.1875,0.0
-71.3125,10.3125,0.0
-71.3125,10.4375,0.0
-71.3125,10.5625,0.0
-71.3125,10.6875,0.0
-71.3125,10.8125,0.0
-71.3125,10.9375,0.0
-71.3125,11.0625,0.0
-71.3125,11.1875,288.600006
-71.3125,11.3125,289.5
-71.3125,11.4375,294.0
-71.3125,11.5625,294.399994
-71.3125,11.6875,0.0
-71.3125,11.8125,0.0
-71.3125,11.9375,0.0
-71.3125,12.0625,0.0
-71.3125,12.1875,0.0
-71.3125,12.3125,0.0
-71.3125,12.4375,0.0
-71.1875,-4.1875,0.0
-71.1875,-4.0625,0.0
-71.1875,-3.9375,0.0
-71.1875,-3.8125,0.0
-71.1875,-3.6875,0.0
-71.1875,-3.5625,0.0
-71.1875,-3.4375,0.0
-71.1875,-3.3125,0.0
-71.1875,-3.1875,0.0
-71.1875,-3.0625,0.0
-71.1875,-2.9375,0.0
-71.1875,-2.8125,0.0
-71.1875,-2.6875,0.0
-71.1875,-2.5625,0.0
-71.1875,-2.4375,0.0
-71.1875,-2.3125,0.0
-71.1875,-2.1875,0.0
-71.1875,-2.0625,0.0
-71.1875,-1.9375,0.0
-71.1875,-1.8125,0.0
-71.1875,-1.6875,0.0
-71.1875,-1.5625,0.0
-71.1875,-1.4375,0.0
-71.1875,-1.3125,0.0
-71.1875,-1.1875,0.0
-71.1875,-1.0625,0.0
-71.1875,-0.9375,0.0
-71.1875,-0.8125,0.0
-71.1875,-0.6875,0.0
-71.1875,-0.5625,0.0
-71.1875,-0.4375,0.0
-71.1875,-0.3125,0.0
-71.1875,-0.1875,0.0
-71.1875,-0.0625,0.0
-71.1875,0.0625,0.0
-71.1875,0.1875,0.0
-71.1875,0.3125,0.0
-71.1875,0.4375,0.0
-71.1875,0.5625,0.0
-71.1875,0.6875,0.0
-71.1875,0.8125,0.0
-71.1875,0.9375,0.0
-71.1875,1.0625,0.0
-71.1875,1.1875,0.0
-71.1875,1.3125,0.0
-71.1875,1.4375,0.0
-71.1875,1.5625,0.0
-71.1875,1.6875,0.0
-71.1875,1.8125,0.0
-71.1875,1.9375,0.0
-71.1875,2.0625,0.0
-71.1875,2.1875,0.0
-71.1875,2.3125,0.0
-71.1875,2.4375,0.0
-71.1875,2.5625,0.0
-71.1875,2.6875,0.0
-71.1875,2.8125,0.0
-71.1875,2.9375,0.0
-71.1875,3.0625,0.0
-71.1875,3.1875,0.0
-71.1875,3.3125,0.0
-71.1875,3.4375,0.0
-71.1875,3.5625,0.0
-71.1875,3.6875,0.0
-71.1875,3.8125,0.0
-71.1875,3.9375,0.0
-71.1875,4.0625,0.0
-71.1875,4.1875,0.0
-71.1875,4.3125,0.0
-71.1875,4.4375,0.0
-71.1875,4.5625,0.0
-71.1875,4.6875,0.0
-71.1875,4.8125,0.0
-71.1875,4.9375,0.0
-71.1875,5.0625,0.0
-71.1875,5.1875,0.0
-71.1875,5.3125,0.0
-71.1875,5.4375,0.0
-71.1875,5.5625,0.0
-71.1875,5.6875,0.0
-71.1875,5.8125,0.0
-71.1875,5.9375,0.0
-71.1875,6.0625,0.0
-71.1875,6.1875,0.0
-71.1875,6.3125,0.0
-71.1875,6.4375,0.0
-71.1875,6.5625,0.0
-71.1875,6.6875,0.0
-71.1875,6.8125,0.0
-71.1875,6.9375,0.0
-71.1875,7.0625,0.0
-71.1875,7.1875,0.0
-71.1875,7.3125,0.0
-71.1875,7.4375,0.0
-71.1875,7.5625,0.0
-71.1875,7.6875,0.0
-71.1875,7.8125,0.0
-71.1875,7.9375,0.0
-71.1875,8.0625,0.0
-71.1875,8.1875,0.0
-71.1875,8.3125,0.0
-71.1875,8.4375,0.0
-71.1875,8.5625,0.0
-71.1875,8.6875,0.0
-71.1875,8.8125,0.0
-71.1875,8.9375,0.0
-71.1875,9.0625,0.0
-71.1875,9.1875,0.0
-71.1875,9.3125,0.0
-71.1875,9.4375,0.0
-71.1875,9.5625,0.0
-71.1875,9.6875,70.099998
-71.1875,9.8125,58.599998
-71.1875,9.9375,89.599998
-71.1875,10.0625,0.0
-71.1875,10.1875,0.0
-71.1875,10.3125,0.0
-71.1875,10.4375,0.0
-71.1875,10.5625,0.0
-71.1875,10.6875,0.0
-71.1875,10.8125,0.0
-71.1875,10.9375,0.0
-71.1875,11.0625,0.0
-71.1875,11.1875,0.0
-71.1875,11.3125,276.399994
-71.1875,11.4375,281.799988
-71.1875,11.5625,283.200012
-71.1875,11.6875,285.899994
-71.1875,11.8125,286.700012
-71.1875,11.9375,0.0
-71.1875,12.0625,0.0
-71.1875,12.1875,0.0
-71.1875,12.3125,0.0
-71.1875,12.4375,0.0
-71.0625,-4.1875,0.0
-71.0625,-4.0625,0.0
-71.0625,-3.9375,0.0
-71.0625,-3.8125,0.0
-71.0625,-3.6875,0.0
-71.0625,-3.5625,0.0
-71.0625,-3.4375,0.0
-71.0625,-3.3125,0.0
-71.0625,-3.1875,0.0
-71.0625,-3.0625,0.0
-71.0625,-2.9375,0.0
-71.0625,-2.8125,0.0
-71.0625,-2.6875,0.0
-71.0625,-2.5625,0.0
-71.0625,-2.4375,0.0
-71.0625,-2.3125,0.0
-71.0625,-2.1875,0.0
-71.0625,-2.0625,0.0
-71.0625,-1.9375,0.0
-71.0625,-1.8125,0.0
-71.0625,-1.6875,0.0
-71.0625,-1.5625,0.0
-71.0625,-1.4375,0.0
-71.0625,-1.3125,0.0
-71.0625,-1.1875,0.0
-71.0625,-1.0625,0.0
-71.0625,-0.9375,0.0
-71.0625,-0.8125,0.0
-71.0625,-0.6875,0.0
-71.0625,-0.5625,0.0
-71.0625,-0.4375,0.0
-71.0625,-0.3125,0.0
-71.0625,-0.1875,0.0
-71.0625,-0.0625,0.0
-71.0625,0.0625,0.0
-71.0625,0.1875,0.0
-71.0625,0.3125,0.0
-71.0625,0.4375,0.0
-71.0625,0.5625,0.0
-71.0625,0.6875,0.0
-71.0625,0.8125,0.0
-71.0625,0.9375,0.0
-71.0625,1.0625,0.0
-71.0625,1.1875,0.0
-71.0625,1.3125,0.0
-71.0625,1.4375,0.0
-71.0625,1.5625,0.0
-71.0625,1.6875,0.0
-71.0625,1.8125,0.0
-71.0625,1.9375,0.0
-71.0625,2.0625,0.0
-71.0625,2.1875,0.0
-71.0625,2.3125,0.0
-71.0625,2.4375,0.0
-71.0625,2.5625,0.0
-71.0625,2.6875,0.0
-71.0625,2.8125,0.0
-71.0625,2.9375,0.0
-71.0625,3.0625,0.0
-71.0625,3.1875,0.0
-71.0625,3.3125,0.0
-71.0625,3.4375,0.0
-71.0625,3.5625,0.0
-71.0625,3.6875,0.0
-71.0625,3.8125,0.0
-71.0625,3.9375,0.0
-71.0625,4.0625,0.0
-71.0625,4.1875,0.0
-71.0625,4.3125,0.0
-71.0625,4.4375,0.0
-71.0625,4.5625,0.0
-71.0625,4.6875,0.0
-71.0625,4.8125,0.0
-71.0625,4.9375,0.0
-71.0625,5.0625,0.0
-71.0625,5.1875,0.0
-71.0625,5.3125,0.0
-71.0625,5.4375,0.0
-71.0625,5.5625,0.0
-71.0625,5.6875,0.0
-71.0625,5.8125,0.0
-71.0625,5.9375,0.0
-71.0625,6.0625,0.0
-71.0625,6.1875,0.0
-71.0625,6.3125,0.0
-71.0625,6.4375,0.0
-71.0625,6.5625,0.0
-71.0625,6.6875,0.0
-71.0625,6.8125,0.0
-71.0625,6.9375,0.0
-71.0625,7.0625,0.0
-71.0625,7.1875,0.0
-71.0625,7.3125,0.0
-71.0625,7.4375,0.0
-71.0625,7.5625,0.0
-71.0625,7.6875,0.0
-71.0625,7.8125,0.0
-71.0625,7.9375,0.0
-71.0625,8.0625,0.0
-71.0625,8.1875,0.0
-71.0625,8.3125,0.0
-71.0625,8.4375,0.0
-71.0625,8.5625,0.0
-71.0625,8.6875,0.0
-71.0625,8.8125,0.0
-71.0625,8.9375,0.0
-71.0625,9.0625,0.0
-71.0625,9.1875,0.0
-71.0625,9.3125,0.0
-71.0625,9.4375,0.0
-71.0625,9.5625,0.0
-71.0625,9.6875,0.0
-71.0625,9.8125,0.0
-71.0625,9.9375,0.0
-71.0625,10.0625,0.0
-71.0625,10.1875,0.0
-71.0625,10.3125,0.0
-71.0625,10.4375,0.0
-71.0625,10.5625,0.0
-71.0625,10.6875,0.0
-71.0625,10.8125,0.0
-71.0625,10.9375,0.0
-71.0625,11.0625,0.0
-71.0625,11.1875,0.0
-71.0625,11.3125,0.0
-71.0625,11.4375,269.399994
-71.0625,11.5625,273.299988
-71.0625,11.6875,277.799988
-71.0625,11.8125,283.399994
-71.0625,11.9375,279.399994
-71.0625,12.0625,0.0
-71.0625,12.1875,0.0
-71.0625,12.3125,0.0
-71.0625,12.4375,272.399994
-70.9375,-4.1875,0.0
-70.9375,-4.0625,0.0
-70.9375,-3.9375,0.0
-70.9375,-3.8125,0.0
-70.9375,-3.6875,0.0
-70.9375,-3.5625,0.0
-70.9375,-3.4375,0.0
-70.9375,-3.3125,0.0
-70.9375,-3.1875,0.0
-70.9375,-3.0625,0.0
-70.9375,-2.9375,0.0
-70.9375,-2.8125,0.0
-70.9375,-2.6875,0.0
-70.9375,-2.5625,0.0
-70.9375,-2.4375,0.0
-70.9375,-2.3125,0.0
-70.9375,-2.1875,0.0
-70.9375,-2.0625,0.0
-70.9375,-1.9375,0.0
-70.9375,-1.8125,0.0
-70.9375,-1.6875,0.0
-70.9375,-1.5625,0.0
-70.9375,-1.4375,0.0
-70.9375,-1.3125,0.0
-70.9375,-1.1875,0.0
-70.9375,-1.0625,0.0
-70.9375,-0.9375,0.0
-70.9375,-0.8125,0.0
-70.9375,-0.6875,0.0
-70.9375,-0.5625,0.0
-70.9375,-0.4375,0.0
-70.9375,-0.3125,0.0
-70.9375,-0.1875,0.0
-70.9375,-0.0625,0.0
-70.9375,0.0625,0.0
-70.9375,0.1875,0.0
-70.9375,0.3125,0.0
-70.9375,0.4375,0.0
-70.9375,0.5625,0.0
-70.9375,0.6875,0.0
-70.9375,0.8125,0.0
-70.9375,0.9375,0.0
-70.9375,1.0625,0.0
-70.9375,1.1875,0.0
-70.9375,1.3125,0.0
-70.9375,1.4375,0.0
-70.9375,1.5625,0.0
-70.9375,1.6875,0.0
-70.9375,1.8125,0.0
-70.9375,1.9375,0.0
-70.9375,2.0625,0.0
-70.9375,2.1875,0.0
-70.9375,2.3125,0.0
-70.9375,2.4375,0.0
-70.9375,2.5625,0.0
-70.9375,2.6875,0.0
-70.9375,2.8125,0.0
-70.9375,2.9375,0.0
-70.9375,3.0625,0.0
-70.9375,3.1875,0.0
-70.9375,3.3125,0.0
-70.9375,3.4375,0.0
-70.9375,3.5625,0.0
-70.9375,3.6875,0.0
-70.9375,3.8125,0.0
-70.9375,3.9375,0.0
-70.9375,4.0625,0.0
-70.9375,4.1875,0.0
-70.9375,4.3125,0.0
-70.9375,4.4375,0.0
-70.9375,4.5625,0.0
-70.9375,4.6875,0.0
-70.9375,4.8125,0.0
-70.9375,4.9375,0.0
-70.9375,5.0625,0.0
-70.9375,5.1875,0.0
-70.9375,5.3125,0.0
-70.9375,5.4375,0.0
-70.9375,5.5625,0.0
-70.9375,5.6875,0.0
-70.9375,5.8125,0.0
-70.9375,5.9375,0.0
-70.9375,6.0625,0.0
-70.9375,6.1875,0.0
-70.9375,6.3125,0.0
-70.9375,6.4375,0.0
-70.9375,6.5625,0.0
-70.9375,6.6875,0.0
-70.9375,6.8125,0.0
-70.9375,6.9375,0.0
-70.9375,7.0625,0.0
-70.9375,7.1875,0.0
-70.9375,7.3125,0.0
-70.9375,7.4375,0.0
-70.9375,7.5625,0.0
-70.9375,7.6875,0.0
-70.9375,7.8125,0.0
-70.9375,7.9375,0.0
-70.9375,8.0625,0.0
-70.9375,8.1875,0.0
-70.9375,8.3125,0.0
-70.9375,8.4375,0.0
-70.9375,8.5625,0.0
-70.9375,8.6875,0.0
-70.9375,8.8125,0.0
-70.9375,8.9375,0.0
-70.9375,9.0625,0.0
-70.9375,9.1875,0.0
-70.9375,9.3125,0.0
-70.9375,9.4375,0.0
-70.9375,9.5625,0.0
-70.9375,9.6875,0.0
-70.9375,9.8125,0.0
-70.9375,9.9375,0.0
-70.9375,10.0625,0.0
-70.9375,10.1875,0.0
-70.9375,10.3125,0.0
-70.9375,10.4375,0.0
-70.9375,10.5625,0.0
-70.9375,10.6875,0.0
-70.9375,10.8125,0.0
-70.9375,10.9375,0.0
-70.9375,11.0625,0.0
-70.9375,11.1875,0.0
-70.9375,11.3125,263.200012
-70.9375,11.4375,263.0
-70.9375,11.5625,264.5
-70.9375,11.6875,271.200012
-70.9375,11.8125,282.399994
-70.9375,11.9375,287.100006
-70.9375,12.0625,0.0
-70.9375,12.1875,0.0
-70.9375,12.3125,279.200012
-70.9375,12.4375,273.799988
-70.8125,-4.1875,0.0
-70.8125,-4.0625,0.0
-70.8125,-3.9375,0.0
-70.8125,-3.8125,0.0
-70.8125,-3.6875,0.0
-70.8125,-3.5625,0.0
-70.8125,-3.4375,0.0
-70.8125,-3.3125,0.0
-70.8125,-3.1875,0.0
-70.8125,-3.0625,0.0
-70.8125,-2.9375,0.0
-70.8125,-2.8125,0.0
-70.8125,-2.6875,0.0
-70.8125,-2.5625,0.0
-70.8125,-2.4375,0.0
-70.8125,-2.3125,0.0
-70.8125,-2.1875,0.0
-70.8125,-2.0625,0.0
-70.8125,-1.9375,0.0
-70.8125,-1.8125,0.0
-70.8125,-1.6875,0.0
-70.8125,-1.5625,0.0
-70.8125,-1.4375,0.0
-70.8125,-1.3125,0.0
-70.8125,-1.1875,0.0
-70.8125,-1.0625,0.0
-70.8125,-0.9375,0.0
-70.8125,-0.8125,0.0
-70.8125,-0.6875,0.0
-70.8125,-0.5625,0.0
-70.8125,-0.4375,0.0
-70.8125,-0.3125,0.0
-70.8125,-0.1875,0.0
-70.8125,-0.0625,0.0
-70.8125,0.0625,0.0
-70.8125,0.1875,0.0
-70.8125,0.3125,0.0
-70.8125,0.4375,0.0
-70.8125,0.5625,0.0
-70.8125,0.6875,0.0
-70.8125,0.8125,0.0
-70.8125,0.9375,0.0
-70.8125,1.0625,0.0
-70.8125,1.1875,0.0
-70.8125,1.3125,0.0
-70.8125,1.4375,0.0
-70.8125,1.5625,0.0
-70.8125,1.6875,0.0
-70.8125,1.8125,0.0
-70.8125,1.9375,0.0
-70.8125,2.0625,0.0
-70.8125,2.1875,0.0
-70.8125,2.3125,0.0
-70.8125,2.4375,0.0
-70.8125,2.5625,0.0
-70.8125,2.6875,0.0
-70.8125,2.8125,0.0
-70.8125,2.9375,0.0
-70.8125,3.0625,0.0
-70.8125,3.1875,0.0
-70.8125,3.3125,0.0
-70.8125,3.4375,0.0
-70.8125,3.5625,0.0
-70.8125,3.6875,0.0
-70.8125,3.8125,0.0
-70.8125,3.9375,0.0
-70.8125,4.0625,0.0
-70.8125,4.1875,0.0
-70.8125,4.3125,0.0
-70.8125,4.4375,0.0
-70.8125,4.5625,0.0
-70.8125,4.6875,0.0
-70.8125,4.8125,0.0
-70.8125,4.9375,0.0
-70.8125,5.0625,0.0
-70.8125,5.1875,0.0
-70.8125,5.3125,0.0
-70.8125,5.4375,0.0
-70.8125,5.5625,0.0
-70.8125,5.6875,0.0
-70.8125,5.8125,0.0
-70.8125,5.9375,0.0
-70.8125,6.0625,0.0
-70.8125,6.1875,0.0
-70.8125,6.3125,0.0
-70.8125,6.4375,0.0
-70.8125,6.5625,0.0
-70.8125,6.6875,0.0
-70.8125,6.8125,0.0
-70.8125,6.9375,0.0
-70.8125,7.0625,0.0
-70.8125,7.1875,0.0
-70.8125,7.3125,0.0
-70.8125,7.4375,0.0
-70.8125,7.5625,0.0
-70.8125,7.6875,0.0
-70.8125,7.8125,0.0
-70.8125,7.9375,0.0
-70.8125,8.0625,0.0
-70.8125,8.1875,0.0
-70.8125,8.3125,0.0
-70.8125,8.4375,0.0
-70.8125,8.5625,0.0
-70.8125,8.6875,0.0
-70.8125,8.8125,0.0
-70.8125,8.9375,0.0
-70.8125,9.0625,0.0
-70.8125,9.1875,0.0
-70.8125,9.3125,0.0
-70.8125,9.4375,0.0
-70.8125,9.5625,0.0
-70.8125,9.6875,0.0
-70.8125,9.8125,0.0
-70.8125,9.9375,0.0
-70.8125,10.0625,0.0
-70.8125,10.1875,0.0
-70.8125,10.3125,0.0
-70.8125,10.4375,0.0
-70.8125,10.5625,0.0
-70.8125,10.6875,0.0
-70.8125,10.8125,0.0
-70.8125,10.9375,0.0
-70.8125,11.0625,0.0
-70.8125,11.1875,0.0
-70.8125,11.3125,0.0
-70.8125,11.4375,248.699997
-70.8125,11.5625,259.0
-70.8125,11.6875,269.600006
-70.8125,11.8125,281.799988
-70.8125,11.9375,289.299988
-70.8125,12.0625,291.899994
-70.8125,12.1875,283.399994
-70.8125,12.3125,274.200012
-70.8125,12.4375,273.399994
-70.6875,-4.1875,0.0
-70.6875,-4.0625,0.0
-70.6875,-3.9375,0.0
-70.6875,-3.8125,0.0
-70.6875,-3.6875,0.0
-70.6875,-3.5625,0.0
-70.6875,-3.4375,0.0
-70.6875,-3.3125,0.0
-70.6875,-3.1875,0.0
-70.6875,-3.0625,0.0
-70.6875,-2.9375,0.0
-70.6875,-2.8125,0.0
-70.6875,-2.6875,0.0
-70.6875,-2.5625,0.0
-70.6875,-2.4375,0.0
-70.6875,-2.3125,0.0
-70.6875,-2.1875,0.0
-70.6875,-2.0625,0.0
-70.6875,-1.9375,0.0
-70.6875,-1.8125,0.0
-70.6875,-1.6875,0.0
-70.6875,-1.5625,0.0
-70.6875,-1.4375,0.0
-70.6875,-1.3125,0.0
-70.6875,-1.1875,0.0
-70.6875,-1.0625,0.0
-70.6875,-0.9375,0.0
-70.6875,-0.8125,0.0
-70.6875,-0.6875,0.0
-70.6875,-0.5625,0.0
-70.6875,-0.4375,0.0
-70.6875,-0.3125,0.0
-70.6875,-0.1875,0.0
-70.6875,-0.0625,0.0
-70.6875,0.0625,0.0
-70.6875,0.1875,0.0
-70.6875,0.3125,0.0
-70.6875,0.4375,0.0
-70.6875,0.5625,0.0
-70.6875,0.6875,0.0
-70.6875,0.8125,0.0
-70.6875,0.9375,0.0
-70.6875,1.0625,0.0
-70.6875,1.1875,0.0
-70.6875,1.3125,0.0
-70.6875,1.4375,0.0
-70.6875,1.5625,0.0
-70.6875,1.6875,0.0
-70.6875,1.8125,0.0
-70.6875,1.9375,0.0
-70.6875,2.0625,0.0
-70.6875,2.1875,0.0
-70.6875,2.3125,0.0
-70.6875,2.4375,0.0
-70.6875,2.5625,0.0
-70.6875,2.6875,0.0
-70.6875,2.8125,0.0
-70.6875,2.9375,0.0
-70.6875,3.0625,0.0
-70.6875,3.1875,0.0
-70.6875,3.3125,0.0
-70.6875,3.4375,0.0
-70.6875,3.5625,0.0
-70.6875,3.6875,0.0
-70.6875,3.8125,0.0
-70.6875,3.9375,0.0
-70.6875,4.0625,0.0
-70.6875,4.1875,0.0
-70.6875,4.3125,0.0
-70.6875,4.4375,0.0
-70.6875,4.5625,0.0
-70.6875,4.6875,0.0
-70.6875,4.8125,0.0
-70.6875,4.9375,0.0
-70.6875,5.0625,0.0
-70.6875,5.1875,0.0
-70.6875,5.3125,0.0
-70.6875,5.4375,0.0
-70.6875,5.5625,0.0
-70.6875,5.6875,0.0
-70.6875,5.8125,0.0
-70.6875,5.9375,0.0
-70.6875,6.0625,0.0
-70.6875,6.1875,0.0
-70.6875,6.3125,0.0
-70.6875,6.4375,0.0
-70.6875,6.5625,0.0
-70.6875,6.6875,0.0
-70.6875,6.8125,0.0
-70.6875,6.9375,0.0
-70.6875,7.0625,0.0
-70.6875,7.1875,0.0
-70.6875,7.3125,0.0
-70.6875,7.4375,0.0
-70.6875,7.5625,0.0
-70.6875,7.6875,0.0
-70.6875,7.8125,0.0
-70.6875,7.9375,0.0
-70.6875,8.0625,0.0
-70.6875,8.1875,0.0
-70.6875,8.3125,0.0
-70.6875,8.4375,0.0
-70.6875,8.5625,0.0
-70.6875,8.6875,0.0
-70.6875,8.8125,0.0
-70.6875,8.9375,0.0
-70.6875,9.0625,0.0
-70.6875,9.1875,0.0
-70.6875,9.3125,0.0
-70.6875,9.4375,0.0
-70.6875,9.5625,0.0
-70.6875,9.6875,0.0
-70.6875,9.8125,0.0
-70.6875,9.9375,0.0
-70.6875,10.0625,0.0
-70.6875,10.1875,0.0
-70.6875,10.3125,0.0
-70.6875,10.4375,0.0
-70.6875,10.5625,0.0
-70.6875,10.6875,0.0
-70.6875,10.8125,0.0
-70.6875,10.9375,0.0
-70.6875,11.0625,0.0
-70.6875,11.1875,0.0
-70.6875,11.3125,232.399994
-70.6875,11.4375,237.699997
-70.6875,11.5625,259.899994
-70.6875,11.6875,273.299988
-70.6875,11.8125,282.700012
-70.6875,11.9375,289.899994
-70.6875,12.0625,289.299988
-70.6875,12.1875,278.299988
-70.6875,12.3125,271.799988
-70.6875,12.4375,276.399994
-70.5625,-4.1875,0.0
-70.5625,-4.0625,0.0
-70.5625,-3.9375,0.0
-70.5625,-3.8125,0.0
-70.5625,-3.6875,0.0
-70.5625,-3.5625,0.0
-70.5625,-3.4375,0.0
-70.5625,-3.3125,0.0
-70.5625,-3.1875,0.0
-70.5625,-3.0625,0.0
-70.5625,-2.9375,0.0
-70.5625,-2.8125,0.0
-70.5625,-2.6875,0.0
-70.5625,-2.5625,0.0
-70.5625,-2.4375,0.0
-70.5625,-2.3125,0.0
-70.5625,-2.1875,0.0
-70.5625,-2.0625,0.0
-70.5625,-1.9375,0.0
-70.5625,-1.8125,0.0
-70.5625,-1.6875,0.0
-70.5625,-1.5625,0.0
-70.5625,-1.4375,0.0
-70.5625,-1.3125,0.0
-70.5625,-1.1875,0.0
-70.5625,-1.0625,0.0
-70.5625,-0.9375,0.0
-70.5625,-0.8125,0.0
-70.5625,-0.6875,0.0
-70.5625,-0.5625,0.0
-70.5625,-0.4375,0.0
-70.5625,-0.3125,0.0
-70.5625,-0.1875,0.0
-70.5625,-0.0625,0.0
-70.5625,0.0625,0.0
-70.5625,0.1875,0.0
-70.5625,0.3125,0.0
-70.5625,0.4375,0.0
-70.5625,0.5625,0.0
-70.5625,0.6875,0.0
-70.5625,0.8125,0.0
-70.5625,0.9375,0.0
-70.5625,1.0625,0.0
-70.5625,1.1875,0.0
-70.5625,1.3125,0.0
-70.5625,1.4375,0.0
-70.5625,1.5625,0.0
-70.5625,1.6875,0.0
-70.5625,1.8125,0.0
-70.5625,1.9375,0.0
-70.5625,2.0625,0.0
-70.5625,2.1875,0.0
-70.5625,2.3125,0.0
-70.5625,2.4375,0.0
-70.5625,2.5625,0.0
-70.5625,2.6875,0.0
-70.5625,2.8125,0.0
-70.5625,2.9375,0.0
-70.5625,3.0625,0.0
-70.5625,3.1875,0.0
-70.5625,3.3125,0.0
-70.5625,3.4375,0.0
-70.5625,3.5625,0.0
-70.5625,3.6875,0.0
-70.5625,3.8125,0.0
-70.5625,3.9375,0.0
-70.5625,4.0625,0.0
-70.5625,4.1875,0.0
-70.5625,4.3125,0.0
-70.5625,4.4375,0.0
-70.5625,4.5625,0.0
-70.5625,4.6875,0.0
-70.5625,4.8125,0.0
-70.5625,4.9375,0.0
-70.5625,5.0625,0.0
-70.5625,5.1875,0.0
-70.5625,5.3125,0.0
-70.5625,5.4375,0.0
-70.5625,5.5625,0.0
-70.5625,5.6875,0.0
-70.5625,5.8125,0.0
-70.5625,5.9375,0.0
-70.5625,6.0625,0.0
-70.5625,6.1875,0.0
-70.5625,6.3125,0.0
-70.5625,6.4375,0.0
-70.5625,6.5625,0.0
-70.5625,6.6875,0.0
-70.5625,6.8125,0.0
-70.5625,6.9375,0.0
-70.5625,7.0625,0.0
-70.5625,7.1875,0.0
-70.5625,7.3125,0.0
-70.5625,7.4375,0.0
-70.5625,7.5625,0.0
-70.5625,7.6875,0.0
-70.5625,7.8125,0.0
-70.5625,7.9375,0.0
-70.5625,8.0625,0.0
-70.5625,8.1875,0.0
-70.5625,8.3125,0.0
-70.5625,8.4375,0.0
-70.5625,8.5625,0.0
-70.5625,8.6875,0.0
-70.5625,8.8125,0.0
-70.5625,8.9375,0.0
-70.5625,9.0625,0.0
-70.5625,9.1875,0.0
-70.5625,9.3125,0.0
-70.5625,9.4375,0.0
-70.5625,9.5625,0.0
-70.5625,9.6875,0.0
-70.5625,9.8125,0.0
-70.5625,9.9375,0.0
-70.5625,10.0625,0.0
-70.5625,10.1875,0.0
-70.5625,10.3125,0.0
-70.5625,10.4375,0.0
-70.5625,10.5625,0.0
-70.5625,10.6875,0.0
-70.5625,10.8125,0.0
-70.5625,10.9375,0.0
-70.5625,11.0625,0.0
-70.5625,11.1875,0.0
-70.5625,11.3125,0.0
-70.5625,11.4375,237.0
-70.5625,11.5625,256.100006
-70.5625,11.6875,268.5
-70.5625,11.8125,280.799988
-70.5625,11.9375,289.5
-70.5625,12.0625,286.899994
-70.5625,12.1875,276.299988
-70.5625,12.3125,272.299988
-70.5625,12.4375,278.100006
-70.4375,-4.1875,0.0
-70.4375,-4.0625,0.0
-70.4375,-3.9375,0.0
-70.4375,-3.8125,0.0
-70.4375,-3.6875,0.0
-70.4375,-3.5625,0.0
-70.4375,-3.4375,0.0
-70.4375,-3.3125,0.0
-70.4375,-3.1875,0.0
-70.4375,-3.0625,0.0
-70.4375,-2.9375,0.0
-70.4375,-2.8125,0.0
-70.4375,-2.6875,0.0
-70.4375,-2.5625,0.0
-70.4375,-2.4375,0.0
-70.4375,-2.3125,0.0
-70.4375,-2.1875,0.0
-70.4375,-2.0625,0.0
-70.4375,-1.9375,0.0
-70.4375,-1.8125,0.0
-70.4375,-1.6875,0.0
-70.4375,-1.5625,0.0
-70.4375,-1.4375,0.0
-70.4375,-1.3125,0.0
-70.4375,-1.1875,0.0
-70.4375,-1.0625,0.0
-70.4375,-0.9375,0.0
-70.4375,-0.8125,0.0
-70.4375,-0.6875,0.0
-70.4375,-0.5625,0.0
-70.4375,-0.4375,0.0
-70.4375,-0.3125,0.0
-70.4375,-0.1875,0.0
-70.4375,-0.0625,0.0
-70.4375,0.0625,0.0
-70.4375,0.1875,0.0
-70.4375,0.3125,0.0
-70.4375,0.4375,0.0
-70.4375,0.5625,0.0
-70.4375,0.6875,0.0
-70.4375,0.8125,0.0
-70.4375,0.9375,0.0
-70.4375,1.0625,0.0
-70.4375,1.1875,0.0
-70.4375,1.3125,0.0
-70.4375,1.4375,0.0
-70.4375,1.5625,0.0
-70.4375,1.6875,0.0
-70.4375,1.8125,0.0
-70.4375,1.9375,0.0
-70.4375,2.0625,0.0
-70.4375,2.1875,0.0
-70.4375,2.3125,0.0
-70.4375,2.4375,0.0
-70.4375,2.5625,0.0
-70.4375,2.6875,0.0
-70.4375,2.8125,0.0
-70.4375,2.9375,0.0
-70.4375,3.0625,0.0
-70.4375,3.1875,0.0
-70.4375,3.3125,0.0
-70.4375,3.4375,0.0
-70.4375,3.5625,0.0
-70.4375,3.6875,0.0
-70.4375,3.8125,0.0
-70.4375,3.9375,0.0
-70.4375,4.0625,0.0
-70.4375,4.1875,0.0
-70.4375,4.3125,0.0
-70.4375,4.4375,0.0
-70.4375,4.5625,0.0
-70.4375,4.6875,0.0
-70.4375,4.8125,0.0
-70.4375,4.9375,0.0
-70.4375,5.0625,0.0
-70.4375,5.1875,0.0
-70.4375,5.3125,0.0
-70.4375,5.4375,0.0
-70.4375,5.5625,0.0
-70.4375,5.6875,0.0
-70.4375,5.8125,0.0
-70.4375,5.9375,0.0
-70.4375,6.0625,0.0
-70.4375,6.1875,0.0
-70.4375,6.3125,0.0
-70.4375,6.4375,0.0
-70.4375,6.5625,0.0
-70.4375,6.6875,0.0
-70.4375,6.8125,0.0
-70.4375,6.9375,0.0
-70.4375,7.0625,0.0
-70.4375,7.1875,0.0
-70.4375,7.3125,0.0
-70.4375,7.4375,0.0
-70.4375,7.5625,0.0
-70.4375,7.6875,0.0
-70.4375,7.8125,0.0
-70.4375,7.9375,0.0
-70.4375,8.0625,0.0
-70.4375,8.1875,0.0
-70.4375,8.3125,0.0
-70.4375,8.4375,0.0
-70.4375,8.5625,0.0
-70.4375,8.6875,0.0
-70.4375,8.8125,0.0
-70.4375,8.9375,0.0
-70.4375,9.0625,0.0
-70.4375,9.1875,0.0
-70.4375,9.3125,0.0
-70.4375,9.4375,0.0
-70.4375,9.5625,0.0
-70.4375,9.6875,0.0
-70.4375,9.8125,0.0
-70.4375,9.9375,0.0
-70.4375,10.0625,0.0
-70.4375,10.1875,0.0
-70.4375,10.3125,0.0
-70.4375,10.4375,0.0
-70.4375,10.5625,0.0
-70.4375,10.6875,0.0
-70.4375,10.8125,0.0
-70.4375,10.9375,0.0
-70.4375,11.0625,0.0
-70.4375,11.1875,0.0
-70.4375,11.3125,0.0
-70.4375,11.4375,0.0
-70.4375,11.5625,256.5
-70.4375,11.6875,265.399994
-70.4375,11.8125,275.799988
-70.4375,11.9375,276.5
-70.4375,12.0625,281.600006
-70.4375,12.1875,274.200012
-70.4375,12.3125,274.200012
-70.4375,12.4375,279.5
-70.3125,-4.1875,0.0
-70.3125,-4.0625,0.0
-70.3125,-3.9375,0.0
-70.3125,-3.8125,0.0
-70.3125,-3.6875,0.0
-70.3125,-3.5625,0.0
-70.3125,-3.4375,0.0
-70.3125,-3.3125,0.0
-70.3125,-3.1875,0.0
-70.3125,-3.0625,0.0
-70.3125,-2.9375,0.0
-70.3125,-2.8125,0.0
-70.3125,-2.6875,0.0
-70.3125,-2.5625,0.0
-70.3125,-2.4375,0.0
-70.3125,-2.3125,0.0
-70.3125,-2.1875,0.0
-70.3125,-2.0625,0.0
-70.3125,-1.9375,0.0
-70.3125,-1.8125,0.0
-70.3125,-1.6875,0.0
-70.3125,-1.5625,0.0
-70.3125,-1.4375,0.0
-70.3125,-1.3125,0.0
-70.3125,-1.1875,0.0
-70.3125,-1.0625,0.0
-70.3125,-0.9375,0.0
-70.3125,-0.8125,0.0
-70.3125,-0.6875,0.0
-70.3125,-0.5625,0.0
-70.3125,-0.4375,0.0
-70.3125,-0.3125,0.0
-70.3125,-0.1875,0.0
-70.3125,-0.0625,0.0
-70.3125,0.0625,0.0
-70.3125,0.1875,0.0
-70.3125,0.3125,0.0
-70.3125,0.4375,0.0
-70.3125,0.5625,0.0
-70.3125,0.6875,0.0
-70.3125,0.8125,0.0
-70.3125,0.9375,0.0
-70.3125,1.0625,0.0
-70.3125,1.1875,0.0
-70.3125,1.3125,0.0
-70.3125,1.4375,0.0
-70.3125,1.5625,0.0
-70.3125,1.6875,0.0
-70.3125,1.8125,0.0
-70.3125,1.9375,0.0
-70.3125,2.0625,0.0
-70.3125,2.1875,0.0
-70.3125,2.3125,0.0
-70.3125,2.4375,0.0
-70.3125,2.5625,0.0
-70.3125,2.6875,0.0
-70.3125,2.8125,0.0
-70.3125,2.9375,0.0
-70.3125,3.0625,0.0
-70.3125,3.1875,0.0
-70.3125,3.3125,0.0
-70.3125,3.4375,0.0
-70.3125,3.5625,0.0
-70.3125,3.6875,0.0
-70.3125,3.8125,0.0
-70.3125,3.9375,0.0
-70.3125,4.0625,0.0
-70.3125,4.1875,0.0
-70.3125,4.3125,0.0
-70.3125,4.4375,0.0
-70.3125,4.5625,0.0
-70.3125,4.6875,0.0
-70.3125,4.8125,0.0
-70.3125,4.9375,0.0
-70.3125,5.0625,0.0
-70.3125,5.1875,0.0
-70.3125,5.3125,0.0
-70.3125,5.4375,0.0
-70.3125,5.5625,0.0
-70.3125,5.6875,0.0
-70.3125,5.8125,0.0
-70.3125,5.9375,0.0
-70.3125,6.0625,0.0
-70.3125,6.1875,0.0
-70.3125,6.3125,0.0
-70.3125,6.4375,0.0
-70.3125,6.5625,0.0
-70.3125,6.6875,0.0
-70.3125,6.8125,0.0
-70.3125,6.9375,0.0
-70.3125,7.0625,0.0
-70.3125,7.1875,0.0
-70.3125,7.3125,0.0
-70.3125,7.4375,0.0
-70.3125,7.5625,0.0
-70.3125,7.6875,0.0
-70.3125,7.8125,0.0
-70.3125,7.9375,0.0
-70.3125,8.0625,0.0
-70.3125,8.1875,0.0
-70.3125,8.3125,0.0
-70.3125,8.4375,0.0
-70.3125,8.5625,0.0
-70.3125,8.6875,0.0
-70.3125,8.8125,0.0
-70.3125,8.9375,0.0
-70.3125,9.0625,0.0
-70.3125,9.1875,0.0
-70.3125,9.3125,0.0
-70.3125,9.4375,0.0
-70.3125,9.5625,0.0
-70.3125,9.6875,0.0
-70.3125,9.8125,0.0
-70.3125,9.9375,0.0
-70.3125,10.0625,0.0
-70.3125,10.1875,0.0
-70.3125,10.3125,0.0
-70.3125,10.4375,0.0
-70.3125,10.5625,0.0
-70.3125,10.6875,0.0
-70.3125,10.8125,0.0
-70.3125,10.9375,0.0
-70.3125,11.0625,0.0
-70.3125,11.1875,0.0
-70.3125,11.3125,0.0
-70.3125,11.4375,0.0
-70.3125,11.5625,0.0
-70.3125,11.6875,0.0
-70.3125,11.8125,233.699997
-70.3125,11.9375,0.0
-70.3125,12.0625,0.0
-70.3125,12.1875,0.0
-70.3125,12.3125,274.799988
-70.3125,12.4375,281.0
-70.1875,-4.1875,0.0
-70.1875,-4.0625,0.0
-70.1875,-3.9375,0.0
-70.1875,-3.8125,0.0
-70.1875,-3.6875,0.0
-70.1875,-3.5625,0.0
-70.1875,-3.4375,0.0
-70.1875,-3.3125,0.0
-70.1875,-3.1875,0.0
-70.1875,-3.0625,0.0
-70.1875,-2.9375,0.0
-70.1875,-2.8125,0.0
-70.1875,-2.6875,0.0
-70.1875,-2.5625,0.0
-70.1875,-2.4375,0.0
-70.1875,-2.3125,0.0
-70.1875,-2.1875,0.0
-70.1875,-2.0625,0.0
-70.1875,-1.9375,0.0
-70.1875,-1.8125,0.0
-70.1875,-1.6875,0.0
-70.1875,-1.5625,0.0
-70.1875,-1.4375,0.0
-70.1875,-1.3125,0.0
-70.1875,-1.1875,0.0
-70.1875,-1.0625,0.0
-70.1875,-0.9375,0.0
-70.1875,-0.8125,0.0
-70.1875,-0.6875,0.0
-70.1875,-0.5625,0.0
-70.1875,-0.4375,0.0
-70.1875,-0.3125,0.0
-70.1875,-0.1875,0.0
-70.1875,-0.0625,0.0
-70.1875,0.0625,0.0
-70.1875,0.1875,0.0
-70.1875,0.3125,0.0
-70.1875,0.4375,0.0
-70.1875,0.5625,0.0
-70.1875,0.6875,0.0
-70.1875,0.8125,0.0
-70.1875,0.9375,0.0
-70.1875,1.0625,0.0
-70.1875,1.1875,0.0
-70.1875,1.3125,0.0
-70.1875,1.4375,0.0
-70.1875,1.5625,0.0
-70.1875,1.6875,0.0
-70.1875,1.8125,0.0
-70.1875,1.9375,0.0
-70.1875,2.0625,0.0
-70.1875,2.1875,0.0
-70.1875,2.3125,0.0
-70.1875,2.4375,0.0
-70.1875,2.5625,0.0
-70.1875,2.6875,0.0
-70.1875,2.8125,0.0
-70.1875,2.9375,0.0
-70.1875,3.0625,0.0
-70.1875,3.1875,0.0
-70.1875,3.3125,0.0
-70.1875,3.4375,0.0
-70.1875,3.5625,0.0
-70.1875,3.6875,0.0
-70.1875,3.8125,0.0
-70.1875,3.9375,0.0
-70.1875,4.0625,0.0
-70.1875,4.1875,0.0
-70.1875,4.3125,0.0
-70.1875,4.4375,0.0
-70.1875,4.5625,0.0
-70.1875,4.6875,0.0
-70.1875,4.8125,0.0
-70.1875,4.9375,0.0
-70.1875,5.0625,0.0
-70.1875,5.1875,0.0
-70.1875,5.3125,0.0
-70.1875,5.4375,0.0
-70.1875,5.5625,0.0
-70.1875,5.6875,0.0
-70.1875,5.8125,0.0
-70.1875,5.9375,0.0
-70.1875,6.0625,0.0
-70.1875,6.1875,0.0
-70.1875,6.3125,0.0
-70.1875,6.4375,0.0
-70.1875,6.5625,0.0
-70.1875,6.6875,0.0
-70.1875,6.8125,0.0
-70.1875,6.9375,0.0
-70.1875,7.0625,0.0
-70.1875,7.1875,0.0
-70.1875,7.3125,0.0
-70.1875,7.4375,0.0
-70.1875,7.5625,0.0
-70.1875,7.6875,0.0
-70.1875,7.8125,0.0
-70.1875,7.9375,0.0
-70.1875,8.0625,0.0
-70.1875,8.1875,0.0
-70.1875,8.3125,0.0
-70.1875,8.4375,0.0
-70.1875,8.5625,0.0
-70.1875,8.6875,0.0
-70.1875,8.8125,0.0
-70.1875,8.9375,0.0
-70.1875,9.0625,0.0
-70.1875,9.1875,0.0
-70.1875,9.3125,0.0
-70.1875,9.4375,0.0
-70.1875,9.5625,0.0
-70.1875,9.6875,0.0
-70.1875,9.8125,0.0
-70.1875,9.9375,0.0
-70.1875,10.0625,0.0
-70.1875,10.1875,0.0
-70.1875,10.3125,0.0
-70.1875,10.4375,0.0
-70.1875,10.5625,0.0
-70.1875,10.6875,0.0
-70.1875,10.8125,0.0
-70.1875,10.9375,0.0
-70.1875,11.0625,0.0
-70.1875,11.1875,0.0
-70.1875,11.3125,0.0
-70.1875,11.4375,0.0
-70.1875,11.5625,0.0
-70.1875,11.6875,0.0
-70.1875,11.8125,0.0
-70.1875,11.9375,0.0
-70.1875,12.0625,0.0
-70.1875,12.1875,0.0
-70.1875,12.3125,279.0
-70.1875,12.4375,284.600006
-70.0625,-4.1875,0.0
-70.0625,-4.0625,0.0
-70.0625,-3.9375,0.0
-70.0625,-3.8125,0.0
-70.0625,-3.6875,0.0
-70.0625,-3.5625,0.0
-70.0625,-3.4375,0.0
-70.0625,-3.3125,0.0
-70.0625,-3.1875,0.0
-70.0625,-3.0625,0.0
-70.0625,-2.9375,0.0
-70.0625,-2.8125,0.0
-70.0625,-2.6875,0.0
-70.0625,-2.5625,0.0
-70.0625,-2.4375,0.0
-70.0625,-2.3125,0.0
-70.0625,-2.1875,0.0
-70.0625,-2.0625,0.0
-70.0625,-1.9375,0.0
-70.0625,-1.8125,0.0
-70.0625,-1.6875,0.0
-70.0625,-1.5625,0.0
-70.0625,-1.4375,0.0
-70.0625,-1.3125,0.0
-70.0625,-1.1875,0.0
-70.0625,-1.0625,0.0
-70.0625,-0.9375,0.0
-70.0625,-0.8125,0.0
-70.0625,-0.6875,0.0
-70.0625,-0.5625,0.0
-70.0625,-0.4375,0.0
-70.0625,-0.3125,0.0
-70.0625,-0.1875,0.0
-70.0625,-0.0625,0.0
-70.0625,0.0625,0.0
-70.0625,0.1875,0.0
-70.0625,0.3125,0.0
-70.0625,0.4375,0.0
-70.0625,0.5625,0.0
-70.0625,0.6875,0.0
-70.0625,0.8125,0.0
-70.0625,0.9375,0.0
-70.0625,1.0625,0.0
-70.0625,1.1875,0.0
-70.0625,1.3125,0.0
-70.0625,1.4375,0.0
-70.0625,1.5625,0.0
-70.0625,1.6875,0.0
-70.0625,1.8125,0.0
-70.0625,1.9375,0.0
-70.0625,2.0625,0.0
-70.0625,2.1875,0.0
-70.0625,2.3125,0.0
-70.0625,2.4375,0.0
-70.0625,2.5625,0.0
-70.0625,2.6875,0.0
-70.0625,2.8125,0.0
-70.0625,2.9375,0.0
-70.0625,3.0625,0.0
-70.0625,3.1875,0.0
-70.0625,3.3125,0.0
-70.0625,3.4375,0.0
-70.0625,3.5625,0.0
-70.0625,3.6875,0.0
-70.0625,3.8125,0.0
-70.0625,3.9375,0.0
-70.0625,4.0625,0.0
-70.0625,4.1875,0.0
-70.0625,4.3125,0.0
-70.0625,4.4375,0.0
-70.0625,4.5625,0.0
-70.0625,4.6875,0.0
-70.0625,4.8125,0.0
-70.0625,4.9375,0.0
-70.0625,5.0625,0.0
-70.0625,5.1875,0.0
-70.0625,5.3125,0.0
-70.0625,5.4375,0.0
-70.0625,5.5625,0.0
-70.0625,5.6875,0.0
-70.0625,5.8125,0.0
-70.0625,5.9375,0.0
-70.0625,6.0625,0.0
-70.0625,6.1875,0.0
-70.0625,6.3125,0.0
-70.0625,6.4375,0.0
-70.0625,6.5625,0.0
-70.0625,6.6875,0.0
-70.0625,6.8125,0.0
-70.0625,6.9375,0.0
-70.0625,7.0625,0.0
-70.0625,7.1875,0.0
-70.0625,7.3125,0.0
-70.0625,7.4375,0.0
-70.0625,7.5625,0.0
-70.0625,7.6875,0.0
-70.0625,7.8125,0.0
-70.0625,7.9375,0.0
-70.0625,8.0625,0.0
-70.0625,8.1875,0.0
-70.0625,8.3125,0.0
-70.0625,8.4375,0.0
-70.0625,8.5625,0.0
-70.0625,8.6875,0.0
-70.0625,8.8125,0.0
-70.0625,8.9375,0.0
-70.0625,9.0625,0.0
-70.0625,9.1875,0.0
-70.0625,9.3125,0.0
-70.0625,9.4375,0.0
-70.0625,9.5625,0.0
-70.0625,9.6875,0.0
-70.0625,9.8125,0.0
-70.0625,9.9375,0.0
-70.0625,10.0625,0.0
-70.0625,10.1875,0.0
-70.0625,10.3125,0.0
-70.0625,10.4375,0.0
-70.0625,10.5625,0.0
-70.0625,10.6875,0.0
-70.0625,10.8125,0.0
-70.0625,10.9375,0.0
-70.0625,11.0625,0.0
-70.0625,11.1875,0.0
-70.0625,11.3125,0.0
-70.0625,11.4375,0.0
-70.0625,11.5625,0.0
-70.0625,11.6875,0.0
-70.0625,11.8125,0.0
-70.0625,11.9375,0.0
-70.0625,12.0625,0.0
-70.0625,12.1875,0.0
-70.0625,12.3125,0.0
-70.0625,12.4375,287.0
-69.9375,-4.1875,0.0
-69.9375,-4.0625,0.0
-69.9375,-3.9375,0.0
-69.9375,-3.8125,0.0
-69.9375,-3.6875,0.0
-69.9375,-3.5625,0.0
-69.9375,-3.4375,0.0
-69.9375,-3.3125,0.0
-69.9375,-3.1875,0.0
-69.9375,-3.0625,0.0
-69.9375,-2.9375,0.0
-69.9375,-2.8125,0.0
-69.9375,-2.6875,0.0
-69.9375,-2.5625,0.0
-69.9375,-2.4375,0.0
-69.9375,-2.3125,0.0
-69.9375,-2.1875,0.0
-69.9375,-2.0625,0.0
-69.9375,-1.9375,0.0
-69.9375,-1.8125,0.0
-69.9375,-1.6875,0.0
-69.9375,-1.5625,0.0
-69.9375,-1.4375,0.0
-69.9375,-1.3125,0.0
-69.9375,-1.1875,0.0
-69.9375,-1.0625,0.0
-69.9375,-0.9375,0.0
-69.9375,-0.8125,0.0
-69.9375,-0.6875,0.0
-69.9375,-0.5625,0.0
-69.9375,-0.4375,0.0
-69.9375,-0.3125,0.0
-69.9375,-0.1875,0.0
-69.9375,-0.0625,0.0
-69.9375,0.0625,0.0
-69.9375,0.1875,0.0
-69.9375,0.3125,0.0
-69.9375,0.4375,0.0
-69.9375,0.5625,0.0
-69.9375,0.6875,0.0
-69.9375,0.8125,0.0
-69.9375,0.9375,0.0
-69.9375,1.0625,0.0
-69.9375,1.1875,0.0
-69.9375,1.3125,0.0
-69.9375,1.4375,0.0
-69.9375,1.5625,0.0
-69.9375,1.6875,0.0
-69.9375,1.8125,0.0
-69.9375,1.9375,0.0
-69.9375,2.0625,0.0
-69.9375,2.1875,0.0
-69.9375,2.3125,0.0
-69.9375,2.4375,0.0
-69.9375,2.5625,0.0
-69.9375,2.6875,0.0
-69.9375,2.8125,0.0
-69.9375,2.9375,0.0
-69.9375,3.0625,0.0
-69.9375,3.1875,0.0
-69.9375,3.3125,0.0
-69.9375,3.4375,0.0
-69.9375,3.5625,0.0
-69.9375,3.6875,0.0
-69.9375,3.8125,0.0
-69.9375,3.9375,0.0
-69.9375,4.0625,0.0
-69.9375,4.1875,0.0
-69.9375,4.3125,0.0
-69.9375,4.4375,0.0
-69.9375,4.5625,0.0
-69.9375,4.6875,0.0
-69.9375,4.8125,0.0
-69.9375,4.9375,0.0
-69.9375,5.0625,0.0
-69.9375,5.1875,0.0
-69.9375,5.3125,0.0
-69.9375,5.4375,0.0
-69.9375,5.5625,0.0
-69.9375,5.6875,0.0
-69.9375,5.8125,0.0
-69.9375,5.9375,0.0
-69.9375,6.0625,0.0
-69.9375,6.1875,0.0
-69.9375,6.3125,0.0
-69.9375,6.4375,0.0
-69.9375,6.5625,0.0
-69.9375,6.6875,0.0
-69.9375,6.8125,0.0
-69.9375,6.9375,0.0
-69.9375,7.0625,0.0
-69.9375,7.1875,0.0
-69.9375,7.3125,0.0
-69.9375,7.4375,0.0
-69.9375,7.5625,0.0
-69.9375,7.6875,0.0
-69.9375,7.8125,0.0
-69.9375,7.9375,0.0
-69.9375,8.0625,0.0
-69.9375,8.1875,0.0
-69.9375,8.3125,0.0
-69.9375,8.4375,0.0
-69.9375,8.5625,0.0
-69.9375,8.6875,0.0
-69.9375,8.8125,0.0
-69.9375,8.9375,0.0
-69.9375,9.0625,0.0
-69.9375,9.1875,0.0
-69.9375,9.3125,0.0
-69.9375,9.4375,0.0
-69.9375,9.5625,0.0
-69.9375,9.6875,0.0
-69.9375,9.8125,0.0
-69.9375,9.9375,0.0
-69.9375,10.0625,0.0
-69.9375,10.1875,0.0
-69.9375,10.3125,0.0
-69.9375,10.4375,0.0
-69.9375,10.5625,0.0
-69.9375,10.6875,0.0
-69.9375,10.8125,0.0
-69.9375,10.9375,0.0
-69.9375,11.0625,0.0
-69.9375,11.1875,0.0
-69.9375,11.3125,0.0
-69.9375,11.4375,0.0
-69.9375,11.5625,0.0
-69.9375,11.6875,0.0
-69.9375,11.8125,0.0
-69.9375,11.9375,0.0
-69.9375,12.0625,0.0
-69.9375,12.1875,0.0
-69.9375,12.3125,0.0
-69.9375,12.4375,0.0
-69.8125,-4.1875,0.0
-69.8125,-4.0625,0.0
-69.8125,-3.9375,0.0
-69.8125,-3.8125,0.0
-69.8125,-3.6875,0.0
-69.8125,-3.5625,0.0
-69.8125,-3.4375,0.0
-69.8125,-3.3125,0.0
-69.8125,-3.1875,0.0
-69.8125,-3.0625,0.0
-69.8125,-2.9375,0.0
-69.8125,-2.8125,0.0
-69.8125,-2.6875,0.0
-69.8125,-2.5625,0.0
-69.8125,-2.4375,0.0
-69.8125,-2.3125,0.0
-69.8125,-2.1875,0.0
-69.8125,-2.0625,0.0
-69.8125,-1.9375,0.0
-69.8125,-1.8125,0.0
-69.8125,-1.6875,0.0
-69.8125,-1.5625,0.0
-69.8125,-1.4375,0.0
-69.8125,-1.3125,0.0
-69.8125,-1.1875,0.0
-69.8125,-1.0625,0.0
-69.8125,-0.9375,0.0
-69.8125,-0.8125,0.0
-69.8125,-0.6875,0.0
-69.8125,-0.5625,0.0
-69.8125,-0.4375,0.0
-69.8125,-0.3125,0.0
-69.8125,-0.1875,0.0
-69.8125,-0.0625,0.0
-69.8125,0.0625,0.0
-69.8125,0.1875,0.0
-69.8125,0.3125,0.0
-69.8125,0.4375,0.0
-69.8125,0.5625,0.0
-69.8125,0.6875,0.0
-69.8125,0.8125,0.0
-69.8125,0.9375,0.0
-69.8125,1.0625,0.0
-69.8125,1.1875,0.0
-69.8125,1.3125,0.0
-69.8125,1.4375,0.0
-69.8125,1.5625,0.0
-69.8125,1.6875,0.0
-69.8125,1.8125,0.0
-69.8125,1.9375,0.0
-69.8125,2.0625,0.0
-69.8125,2.1875,0.0
-69.8125,2.3125,0.0
-69.8125,2.4375,0.0
-69.8125,2.5625,0.0
-69.8125,2.6875,0.0
-69.8125,2.8125,0.0
-69.8125,2.9375,0.0
-69.8125,3.0625,0.0
-69.8125,3.1875,0.0
-69.8125,3.3125,0.0
-69.8125,3.4375,0.0
-69.8125,3.5625,0.0
-69.8125,3.6875,0.0
-69.8125,3.8125,0.0
-69.8125,3.9375,0.0
-69.8125,4.0625,0.0
-69.8125,4.1875,0.0
-69.8125,4.3125,0.0
-69.8125,4.4375,0.0
-69.8125,4.5625,0.0
-69.8125,4.6875,0.0
-69.8125,4.8125,0.0
-69.8125,4.9375,0.0
-69.8125,5.0625,0.0
-69.8125,5.1875,0.0
-69.8125,5.3125,0.0
-69.8125,5.4375,0.0
-69.8125,5.5625,0.0
-69.8125,5.6875,0.0
-69.8125,5.8125,0.0
-69.8125,5.9375,0.0
-69.8125,6.0625,0.0
-69.8125,6.1875,0.0
-69.8125,6.3125,0.0
-69.8125,6.4375,0.0
-69.8125,6.5625,0.0
-69.8125,6.6875,0.0
-69.8125,6.8125,0.0
-69.8125,6.9375,0.0
-69.8125,7.0625,0.0
-69.8125,7.1875,0.0
-69.8125,7.3125,0.0
-69.8125,7.4375,0.0
-69.8125,7.5625,0.0
-69.8125,7.6875,0.0
-69.8125,7.8125,0.0
-69.8125,7.9375,0.0
-69.8125,8.0625,0.0
-69.8125,8.1875,0.0
-69.8125,8.3125,0.0
-69.8125,8.4375,0.0
-69.8125,8.5625,0.0
-69.8125,8.6875,0.0
-69.8125,8.8125,0.0
-69.8125,8.9375,0.0
-69.8125,9.0625,0.0
-69.8125,9.1875,0.0
-69.8125,9.3125,0.0
-69.8125,9.4375,0.0
-69.8125,9.5625,0.0
-69.8125,9.6875,0.0
-69.8125,9.8125,0.0
-69.8125,9.9375,0.0
-69.8125,10.0625,0.0
-69.8125,10.1875,0.0
-69.8125,10.3125,0.0
-69.8125,10.4375,0.0
-69.8125,10.5625,0.0
-69.8125,10.6875,0.0
-69.8125,10.8125,0.0
-69.8125,10.9375,0.0
-69.8125,11.0625,0.0
-69.8125,11.1875,0.0
-69.8125,11.3125,0.0
-69.8125,11.4375,0.0
-69.8125,11.5625,0.0
-69.8125,11.6875,0.0
-69.8125,11.8125,0.0
-69.8125,11.9375,0.0
-69.8125,12.0625,0.0
-69.8125,12.1875,0.0
-69.8125,12.3125,292.100006
-69.8125,12.4375,0.0
-69.6875,-4.1875,0.0
-69.6875,-4.0625,0.0
-69.6875,-3.9375,0.0
-69.6875,-3.8125,0.0
-69.6875,-3.6875,0.0
-69.6875,-3.5625,0.0
-69.6875,-3.4375,0.0
-69.6875,-3.3125,0.0
-69.6875,-3.1875,0.0
-69.6875,-3.0625,0.0
-69.6875,-2.9375,0.0
-69.6875,-2.8125,0.0
-69.6875,-2.6875,0.0
-69.6875,-2.5625,0.0
-69.6875,-2.4375,0.0
-69.6875,-2.3125,0.0
-69.6875,-2.1875,0.0
-69.6875,-2.0625,0.0
-69.6875,-1.9375,0.0
-69.6875,-1.8125,0.0
-69.6875,-1.6875,0.0
-69.6875,-1.5625,0.0
-69.6875,-1.4375,0.0
-69.6875,-1.3125,0.0
-69.6875,-1.1875,0.0
-69.6875,-1.0625,0.0
-69.6875,-0.9375,0.0
-69.6875,-0.8125,0.0
-69.6875,-0.6875,0.0
-69.6875,-0.5625,0.0
-69.6875,-0.4375,0.0
-69.6875,-0.3125,0.0
-69.6875,-0.1875,0.0
-69.6875,-0.0625,0.0
-69.6875,0.0625,0.0
-69.6875,0.1875,0.0
-69.6875,0.3125,0.0
-69.6875,0.4375,0.0
-69.6875,0.5625,0.0
-69.6875,0.6875,0.0
-69.6875,0.8125,0.0
-69.6875,0.9375,0.0
-69.6875,1.0625,0.0
-69.6875,1.1875,0.0
-69.6875,1.3125,0.0
-69.6875,1.4375,0.0
-69.6875,1.5625,0.0
-69.6875,1.6875,0.0
-69.6875,1.8125,0.0
-69.6875,1.9375,0.0
-69.6875,2.0625,0.0
-69.6875,2.1875,0.0
-69.6875,2.3125,0.0
-69.6875,2.4375,0.0
-69.6875,2.5625,0.0
-69.6875,2.6875,0.0
-69.6875,2.8125,0.0
-69.6875,2.9375,0.0
-69.6875,3.0625,0.0
-69.6875,3.1875,0.0
-69.6875,3.3125,0.0
-69.6875,3.4375,0.0
-69.6875,3.5625,0.0
-69.6875,3.6875,0.0
-69.6875,3.8125,0.0
-69.6875,3.9375,0.0
-69.6875,4.0625,0.0
-69.6875,4.1875,0.0
-69.6875,4.3125,0.0
-69.6875,4.4375,0.0
-69.6875,4.5625,0.0
-69.6875,4.6875,0.0
-69.6875,4.8125,0.0
-69.6875,4.9375,0.0
-69.6875,5.0625,0.0
-69.6875,5.1875,0.0
-69.6875,5.3125,0.0
-69.6875,5.4375,0.0
-69.6875,5.5625,0.0
-69.6875,5.6875,0.0
-69.6875,5.8125,0.0
-69.6875,5.9375,0.0
-69.6875,6.0625,0.0
-69.6875,6.1875,0.0
-69.6875,6.3125,0.0
-69.6875,6.4375,0.0
-69.6875,6.5625,0.0
-69.6875,6.6875,0.0
-69.6875,6.8125,0.0
-69.6875,6.9375,0.0
-69.6875,7.0625,0.0
-69.6875,7.1875,0.0
-69.6875,7.3125,0.0
-69.6875,7.4375,0.0
-69.6875,7.5625,0.0
-69.6875,7.6875,0.0
-69.6875,7.8125,0.0
-69.6875,7.9375,0.0
-69.6875,8.0625,0.0
-69.6875,8.1875,0.0
-69.6875,8.3125,0.0
-69.6875,8.4375,0.0
-69.6875,8.5625,0.0
-69.6875,8.6875,0.0
-69.6875,8.8125,0.0
-69.6875,8.9375,0.0
-69.6875,9.0625,0.0
-69.6875,9.1875,0.0
-69.6875,9.3125,0.0
-69.6875,9.4375,0.0
-69.6875,9.5625,0.0
-69.6875,9.6875,0.0
-69.6875,9.8125,0.0
-69.6875,9.9375,0.0
-69.6875,10.0625,0.0
-69.6875,10.1875,0.0
-69.6875,10.3125,0.0
-69.6875,10.4375,0.0
-69.6875,10.5625,0.0
-69.6875,10.6875,0.0
-69.6875,10.8125,0.0
-69.6875,10.9375,0.0
-69.6875,11.0625,0.0
-69.6875,11.1875,0.0
-69.6875,11.3125,0.0
-69.6875,11.4375,0.0
-69.6875,11.5625,0.0
-69.6875,11.6875,0.0
-69.6875,11.8125,0.0
-69.6875,11.9375,292.5
-69.6875,12.0625,0.0
-69.6875,12.1875,294.700012
-69.6875,12.3125,292.700012
-69.6875,12.4375,296.200012
-69.5625,-4.1875,0.0
-69.5625,-4.0625,0.0
-69.5625,-3.9375,0.0
-69.5625,-3.8125,0.0
-69.5625,-3.6875,0.0
-69.5625,-3.5625,0.0
-69.5625,-3.4375,0.0
-69.5625,-3.3125,0.0
-69.5625,-3.1875,0.0
-69.5625,-3.0625,0.0
-69.5625,-2.9375,0.0
-69.5625,-2.8125,0.0
-69.5625,-2.6875,0.0
-69.5625,-2.5625,0.0
-69.5625,-2.4375,0.0
-69.5625,-2.3125,0.0
-69.5625,-2.1875,0.0
-69.5625,-2.0625,0.0
-69.5625,-1.9375,0.0
-69.5625,-1.8125,0.0
-69.5625,-1.6875,0.0
-69.5625,-1.5625,0.0
-69.5625,-1.4375,0.0
-69.5625,-1.3125,0.0
-69.5625,-1.1875,0.0
-69.5625,-1.0625,0.0
-69.5625,-0.9375,0.0
-69.5625,-0.8125,0.0
-69.5625,-0.6875,0.0
-69.5625,-0.5625,0.0
-69.5625,-0.4375,0.0
-69.5625,-0.3125,0.0
-69.5625,-0.1875,0.0
-69.5625,-0.0625,0.0
-69.5625,0.0625,0.0
-69.5625,0.1875,0.0
-69.5625,0.3125,0.0
-69.5625,0.4375,0.0
-69.5625,0.5625,0.0
-69.5625,0.6875,0.0
-69.5625,0.8125,0.0
-69.5625,0.9375,0.0
-69.5625,1.0625,0.0
-69.5625,1.1875,0.0
-69.5625,1.3125,0.0
-69.5625,1.4375,0.0
-69.5625,1.5625,0.0
-69.5625,1.6875,0.0
-69.5625,1.8125,0.0
-69.5625,1.9375,0.0
-69.5625,2.0625,0.0
-69.5625,2.1875,0.0
-69.5625,2.3125,0.0
-69.5625,2.4375,0.0
-69.5625,2.5625,0.0
-69.5625,2.6875,0.0
-69.5625,2.8125,0.0
-69.5625,2.9375,0.0
-69.5625,3.0625,0.0
-69.5625,3.1875,0.0
-69.5625,3.3125,0.0
-69.5625,3.4375,0.0
-69.5625,3.5625,0.0
-69.5625,3.6875,0.0
-69.5625,3.8125,0.0
-69.5625,3.9375,0.0
-69.5625,4.0625,0.0
-69.5625,4.1875,0.0
-69.5625,4.3125,0.0
-69.5625,4.4375,0.0
-69.5625,4.5625,0.0
-69.5625,4.6875,0.0
-69.5625,4.8125,0.0
-69.5625,4.9375,0.0
-69.5625,5.0625,0.0
-69.5625,5.1875,0.0
-69.5625,5.3125,0.0
-69.5625,5.4375,0.0
-69.5625,5.5625,0.0
-69.5625,5.6875,0.0
-69.5625,5.8125,0.0
-69.5625,5.9375,0.0
-69.5625,6.0625,0.0
-69.5625,6.1875,0.0
-69.5625,6.3125,0.0
-69.5625,6.4375,0.0
-69.5625,6.5625,0.0
-69.5625,6.6875,0.0
-69.5625,6.8125,0.0
-69.5625,6.9375,0.0
-69.5625,7.0625,0.0
-69.5625,7.1875,0.0
-69.5625,7.3125,0.0
-69.5625,7.4375,0.0
-69.5625,7.5625,0.0
-69.5625,7.6875,0.0
-69.5625,7.8125,0.0
-69.5625,7.9375,0.0
-69.5625,8.0625,0.0
-69.5625,8.1875,0.0
-69.5625,8.3125,0.0
-69.5625,8.4375,0.0
-69.5625,8.5625,0.0
-69.5625,8.6875,0.0
-69.5625,8.8125,0.0
-69.5625,8.9375,0.0
-69.5625,9.0625,0.0
-69.5625,9.1875,0.0
-69.5625,9.3125,0.0
-69.5625,9.4375,0.0
-69.5625,9.5625,0.0
-69.5625,9.6875,0.0
-69.5625,9.8125,0.0
-69.5625,9.9375,0.0
-69.5625,10.0625,0.0
-69.5625,10.1875,0.0
-69.5625,10.3125,0.0
-69.5625,10.4375,0.0
-69.5625,10.5625,0.0
-69.5625,10.6875,0.0
-69.5625,10.8125,0.0
-69.5625,10.9375,0.0
-69.5625,11.0625,0.0
-69.5625,11.1875,0.0
-69.5625,11.3125,0.0
-69.5625,11.4375,0.0
-69.5625,11.5625,0.0
-69.5625,11.6875,0.0
-69.5625,11.8125,283.399994
-69.5625,11.9375,290.600006
-69.5625,12.0625,297.299988
-69.5625,12.1875,297.100006
-69.5625,12.3125,295.299988
-69.5625,12.4375,297.0
-69.4375,-4.1875,0.0
-69.4375,-4.0625,0.0
-69.4375,-3.9375,0.0
-69.4375,-3.8125,0.0
-69.4375,-3.6875,0.0
-69.4375,-3.5625,0.0
-69.4375,-3.4375,0.0
-69.4375,-3.3125,0.0
-69.4375,-3.1875,0.0
-69.4375,-3.0625,0.0
-69.4375,-2.9375,0.0
-69.4375,-2.8125,0.0
-69.4375,-2.6875,0.0
-69.4375,-2.5625,0.0
-69.4375,-2.4375,0.0
-69.4375,-2.3125,0.0
-69.4375,-2.1875,0.0
-69.4375,-2.0625,0.0
-69.4375,-1.9375,0.0
-69.4375,-1.8125,0.0
-69.4375,-1.6875,0.0
-69.4375,-1.5625,0.0
-69.4375,-1.4375,0.0
-69.4375,-1.3125,0.0
-69.4375,-1.1875,0.0
-69.4375,-1.0625,0.0
-69.4375,-0.9375,0.0
-69.4375,-0.8125,0.0
-69.4375,-0.6875,0.0
-69.4375,-0.5625,0.0
-69.4375,-0.4375,0.0
-69.4375,-0.3125,0.0
-69.4375,-0.1875,0.0
-69.4375,-0.0625,0.0
-69.4375,0.0625,0.0
-69.4375,0.1875,0.0
-69.4375,0.3125,0.0
-69.4375,0.4375,0.0
-69.4375,0.5625,0.0
-69.4375,0.6875,0.0
-69.4375,0.8125,0.0
-69.4375,0.9375,0.0
-69.4375,1.0625,0.0
-69.4375,1.1875,0.0
-69.4375,1.3125,0.0
-69.4375,1.4375,0.0
-69.4375,1.5625,0.0
-69.4375,1.6875,0.0
-69.4375,1.8125,0.0
-69.4375,1.9375,0.0
-69.4375,2.0625,0.0
-69.4375,2.1875,0.0
-69.4375,2.3125,0.0
-69.4375,2.4375,0.0
-69.4375,2.5625,0.0
-69.4375,2.6875,0.0
-69.4375,2.8125,0.0
-69.4375,2.9375,0.0
-69.4375,3.0625,0.0
-69.4375,3.1875,0.0
-69.4375,3.3125,0.0
-69.4375,3.4375,0.0
-69.4375,3.5625,0.0
-69.4375,3.6875,0.0
-69.4375,3.8125,0.0
-69.4375,3.9375,0.0
-69.4375,4.0625,0.0
-69.4375,4.1875,0.0
-69.4375,4.3125,0.0
-69.4375,4.4375,0.0
-69.4375,4.5625,0.0
-69.4375,4.6875,0.0
-69.4375,4.8125,0.0
-69.4375,4.9375,0.0
-69.4375,5.0625,0.0
-69.4375,5.1875,0.0
-69.4375,5.3125,0.0
-69.4375,5.4375,0.0
-69.4375,5.5625,0.0
-69.4375,5.6875,0.0
-69.4375,5.8125,0.0
-69.4375,5.9375,0.0
-69.4375,6.0625,0.0
-69.4375,6.1875,0.0
-69.4375,6.3125,0.0
-69.4375,6.4375,0.0
-69.4375,6.5625,0.0
-69.4375,6.6875,0.0
-69.4375,6.8125,0.0
-69.4375,6.9375,0.0
-69.4375,7.0625,0.0
-69.4375,7.1875,0.0
-69.4375,7.3125,0.0
-69.4375,7.4375,0.0
-69.4375,7.5625,0.0
-69.4375,7.6875,0.0
-69.4375,7.8125,0.0
-69.4375,7.9375,0.0
-69.4375,8.0625,0.0
-69.4375,8.1875,0.0
-69.4375,8.3125,0.0
-69.4375,8.4375,0.0
-69.4375,8.5625,0.0
-69.4375,8.6875,0.0
-69.4375,8.8125,0.0
-69.4375,8.9375,0.0
-69.4375,9.0625,0.0
-69.4375,9.1875,0.0
-69.4375,9.3125,0.0
-69.4375,9.4375,0.0
-69.4375,9.5625,0.0
-69.4375,9.6875,0.0
-69.4375,9.8125,0.0
-69.4375,9.9375,0.0
-69.4375,10.0625,0.0
-69.4375,10.1875,0.0
-69.4375,10.3125,0.0
-69.4375,10.4375,0.0
-69.4375,10.5625,0.0
-69.4375,10.6875,0.0
-69.4375,10.8125,0.0
-69.4375,10.9375,0.0
-69.4375,11.0625,0.0
-69.4375,11.1875,0.0
-69.4375,11.3125,0.0
-69.4375,11.4375,0.0
-69.4375,11.5625,0.0
-69.4375,11.6875,276.899994
-69.4375,11.8125,284.100006
-69.4375,11.9375,292.899994
-69.4375,12.0625,298.299988
-69.4375,12.1875,298.799988
-69.4375,12.3125,296.700012
-69.4375,12.4375,298.899994
-69.3125,-4.1875,0.0
-69.3125,-4.0625,0.0
-69.3125,-3.9375,0.0
-69.3125,-3.8125,0.0
-69.3125,-3.6875,0.0
-69.3125,-3.5625,0.0
-69.3125,-3.4375,0.0
-69.3125,-3.3125,0.0
-69.3125,-3.1875,0.0
-69.3125,-3.0625,0.0
-69.3125,-2.9375,0.0
-69.3125,-2.8125,0.0
-69.3125,-2.6875,0.0
-69.3125,-2.5625,0.0
-69.3125,-2.4375,0.0
-69.3125,-2.3125,0.0
-69.3125,-2.1875,0.0
-69.3125,-2.0625,0.0
-69.3125,-1.9375,0.0
-69.3125,-1.8125,0.0
-69.3125,-1.6875,0.0
-69.3125,-1.5625,0.0
-69.3125,-1.4375,0.0
-69.3125,-1.3125,0.0
-69.3125,-1.1875,0.0
-69.3125,-1.0625,0.0
-69.3125,-0.9375,0.0
-69.3125,-0.8125,0.0
-69.3125,-0.6875,0.0
-69.3125,-0.5625,0.0
-69.3125,-0.4375,0.0
-69.3125,-0.3125,0.0
-69.3125,-0.1875,0.0
-69.3125,-0.0625,0.0
-69.3125,0.0625,0.0
-69.3125,0.1875,0.0
-69.3125,0.3125,0.0
-69.3125,0.4375,0.0
-69.3125,0.5625,0.0
-69.3125,0.6875,0.0
-69.3125,0.8125,0.0
-69.3125,0.9375,0.0
-69.3125,1.0625,0.0
-69.3125,1.1875,0.0
-69.3125,1.3125,0.0
-69.3125,1.4375,0.0
-69.3125,1.5625,0.0
-69.3125,1.6875,0.0
-69.3125,1.8125,0.0
-69.3125,1.9375,0.0
-69.3125,2.0625,0.0
-69.3125,2.1875,0.0
-69.3125,2.3125,0.0
-69.3125,2.4375,0.0
-69.3125,2.5625,0.0
-69.3125,2.6875,0.0
-69.3125,2.8125,0.0
-69.3125,2.9375,0.0
-69.3125,3.0625,0.0
-69.3125,3.1875,0.0
-69.3125,3.3125,0.0
-69.3125,3.4375,0.0
-69.3125,3.5625,0.0
-69.3125,3.6875,0.0
-69.3125,3.8125,0.0
-69.3125,3.9375,0.0
-69.3125,4.0625,0.0
-69.3125,4.1875,0.0
-69.3125,4.3125,0.0
-69.3125,4.4375,0.0
-69.3125,4.5625,0.0
-69.3125,4.6875,0.0
-69.3125,4.8125,0.0
-69.3125,4.9375,0.0
-69.3125,5.0625,0.0
-69.3125,5.1875,0.0
-69.3125,5.3125,0.0
-69.3125,5.4375,0.0
-69.3125,5.5625,0.0
-69.3125,5.6875,0.0
-69.3125,5.8125,0.0
-69.3125,5.9375,0.0
-69.3125,6.0625,0.0
-69.3125,6.1875,0.0
-69.3125,6.3125,0.0
-69.3125,6.4375,0.0
-69.3125,6.5625,0.0
-69.3125,6.6875,0.0
-69.3125,6.8125,0.0
-69.3125,6.9375,0.0
-69.3125,7.0625,0.0
-69.3125,7.1875,0.0
-69.3125,7.3125,0.0
-69.3125,7.4375,0.0
-69.3125,7.5625,0.0
-69.3125,7.6875,0.0
-69.3125,7.8125,0.0
-69.3125,7.9375,0.0
-69.3125,8.0625,0.0
-69.3125,8.1875,0.0
-69.3125,8.3125,0.0
-69.3125,8.4375,0.0
-69.3125,8.5625,0.0
-69.3125,8.6875,0.0
-69.3125,8.8125,0.0
-69.3125,8.9375,0.0
-69.3125,9.0625,0.0
-69.3125,9.1875,0.0
-69.3125,9.3125,0.0
-69.3125,9.4375,0.0
-69.3125,9.5625,0.0
-69.3125,9.6875,0.0
-69.3125,9.8125,0.0
-69.3125,9.9375,0.0
-69.3125,10.0625,0.0
-69.3125,10.1875,0.0
-69.3125,10.3125,0.0
-69.3125,10.4375,0.0
-69.3125,10.5625,0.0
-69.3125,10.6875,0.0
-69.3125,10.8125,0.0
-69.3125,10.9375,0.0
-69.3125,11.0625,0.0
-69.3125,11.1875,0.0
-69.3125,11.3125,0.0
-69.3125,11.4375,0.0
-69.3125,11.5625,0.0
-69.3125,11.6875,0.0
-69.3125,11.8125,288.0
-69.3125,11.9375,295.899994
-69.3125,12.0625,301.299988
-69.3125,12.1875,301.5
-69.3125,12.3125,300.799988
-69.3125,12.4375,300.5
-69.1875,-4.1875,0.0
-69.1875,-4.0625,0.0
-69.1875,-3.9375,0.0
-69.1875,-3.8125,0.0
-69.1875,-3.6875,0.0
-69.1875,-3.5625,0.0
-69.1875,-3.4375,0.0
-69.1875,-3.3125,0.0
-69.1875,-3.1875,0.0
-69.1875,-3.0625,0.0
-69.1875,-2.9375,0.0
-69.1875,-2.8125,0.0
-69.1875,-2.6875,0.0
-69.1875,-2.5625,0.0
-69.1875,-2.4375,0.0
-69.1875,-2.3125,0.0
-69.1875,-2.1875,0.0
-69.1875,-2.0625,0.0
-69.1875,-1.9375,0.0
-69.1875,-1.8125,0.0
-69.1875,-1.6875,0.0
-69.1875,-1.5625,0.0
-69.1875,-1.4375,0.0
-69.1875,-1.3125,0.0
-69.1875,-1.1875,0.0
-69.1875,-1.0625,0.0
-69.1875,-0.9375,0.0
-69.1875,-0.8125,0.0
-69.1875,-0.6875,0.0
-69.1875,-0.5625,0.0
-69.1875,-0.4375,0.0
-69.1875,-0.3125,0.0
-69.1875,-0.1875,0.0
-69.1875,-0.0625,0.0
-69.1875,0.0625,0.0
-69.1875,0.1875,0.0
-69.1875,0.3125,0.0
-69.1875,0.4375,0.0
-69.1875,0.5625,0.0
-69.1875,0.6875,0.0
-69.1875,0.8125,0.0
-69.1875,0.9375,0.0
-69.1875,1.0625,0.0
-69.1875,1.1875,0.0
-69.1875,1.3125,0.0
-69.1875,1.4375,0.0
-69.1875,1.5625,0.0
-69.1875,1.6875,0.0
-69.1875,1.8125,0.0
-69.1875,1.9375,0.0
-69.1875,2.0625,0.0
-69.1875,2.1875,0.0
-69.1875,2.3125,0.0
-69.1875,2.4375,0.0
-69.1875,2.5625,0.0
-69.1875,2.6875,0.0
-69.1875,2.8125,0.0
-69.1875,2.9375,0.0
-69.1875,3.0625,0.0
-69.1875,3.1875,0.0
-69.1875,3.3125,0.0
-69.1875,3.4375,0.0
-69.1875,3.5625,0.0
-69.1875,3.6875,0.0
-69.1875,3.8125,0.0
-69.1875,3.9375,0.0
-69.1875,4.0625,0.0
-69.1875,4.1875,0.0
-69.1875,4.3125,0.0
-69.1875,4.4375,0.0
-69.1875,4.5625,0.0
-69.1875,4.6875,0.0
-69.1875,4.8125,0.0
-69.1875,4.9375,0.0
-69.1875,5.0625,0.0
-69.1875,5.1875,0.0
-69.1875,5.3125,0.0
-69.1875,5.4375,0.0
-69.1875,5.5625,0.0
-69.1875,5.6875,0.0
-69.1875,5.8125,0.0
-69.1875,5.9375,0.0
-69.1875,6.0625,0.0
-69.1875,6.1875,0.0
-69.1875,6.3125,0.0
-69.1875,6.4375,0.0
-69.1875,6.5625,0.0
-69.1875,6.6875,0.0
-69.1875,6.8125,0.0
-69.1875,6.9375,0.0
-69.1875,7.0625,0.0
-69.1875,7.1875,0.0
-69.1875,7.3125,0.0
-69.1875,7.4375,0.0
-69.1875,7.5625,0.0
-69.1875,7.6875,0.0
-69.1875,7.8125,0.0
-69.1875,7.9375,0.0
-69.1875,8.0625,0.0
-69.1875,8.1875,0.0
-69.1875,8.3125,0.0
-69.1875,8.4375,0.0
-69.1875,8.5625,0.0
-69.1875,8.6875,0.0
-69.1875,8.8125,0.0
-69.1875,8.9375,0.0
-69.1875,9.0625,0.0
-69.1875,9.1875,0.0
-69.1875,9.3125,0.0
-69.1875,9.4375,0.0
-69.1875,9.5625,0.0
-69.1875,9.6875,0.0
-69.1875,9.8125,0.0
-69.1875,9.9375,0.0
-69.1875,10.0625,0.0
-69.1875,10.1875,0.0
-69.1875,10.3125,0.0
-69.1875,10.4375,0.0
-69.1875,10.5625,0.0
-69.1875,10.6875,0.0
-69.1875,10.8125,0.0
-69.1875,10.9375,0.0
-69.1875,11.0625,0.0
-69.1875,11.1875,0.0
-69.1875,11.3125,0.0
-69.1875,11.4375,0.0
-69.1875,11.5625,0.0
-69.1875,11.6875,288.799988
-69.1875,11.8125,293.200012
-69.1875,11.9375,300.899994
-69.1875,12.0625,304.799988
-69.1875,12.1875,306.600006
-69.1875,12.3125,0.0
-69.1875,12.4375,300.5
-69.0625,-4.1875,0.0
-69.0625,-4.0625,0.0
-69.0625,-3.9375,0.0
-69.0625,-3.8125,0.0
-69.0625,-3.6875,0.0
-69.0625,-3.5625,0.0
-69.0625,-3.4375,0.0
-69.0625,-3.3125,0.0
-69.0625,-3.1875,0.0
-69.0625,-3.0625,0.0
-69.0625,-2.9375,0.0
-69.0625,-2.8125,0.0
-69.0625,-2.6875,0.0
-69.0625,-2.5625,0.0
-69.0625,-2.4375,0.0
-69.0625,-2.3125,0.0
-69.0625,-2.1875,0.0
-69.0625,-2.0625,0.0
-69.0625,-1.9375,0.0
-69.0625,-1.8125,0.0
-69.0625,-1.6875,0.0
-69.0625,-1.5625,0.0
-69.0625,-1.4375,0.0
-69.0625,-1.3125,0.0
-69.0625,-1.1875,0.0
-69.0625,-1.0625,0.0
-69.0625,-0.9375,0.0
-69.0625,-0.8125,0.0
-69.0625,-0.6875,0.0
-69.0625,-0.5625,0.0
-69.0625,-0.4375,0.0
-69.0625,-0.3125,0.0
-69.0625,-0.1875,0.0
-69.0625,-0.0625,0.0
-69.0625,0.0625,0.0
-69.0625,0.1875,0.0
-69.0625,0.3125,0.0
-69.0625,0.4375,0.0
-69.0625,0.5625,0.0
-69.0625,0.6875,0.0
-69.0625,0.8125,0.0
-69.0625,0.9375,0.0
-69.0625,1.0625,0.0
-69.0625,1.1875,0.0
-69.0625,1.3125,0.0
-69.0625,1.4375,0.0
-69.0625,1.5625,0.0
-69.0625,1.6875,0.0
-69.0625,1.8125,0.0
-69.0625,1.9375,0.0
-69.0625,2.0625,0.0
-69.0625,2.1875,0.0
-69.0625,2.3125,0.0
-69.0625,2.4375,0.0
-69.0625,2.5625,0.0
-69.0625,2.6875,0.0
-69.0625,2.8125,0.0
-69.0625,2.9375,0.0
-69.0625,3.0625,0.0
-69.0625,3.1875,0.0
-69.0625,3.3125,0.0
-69.0625,3.4375,0.0
-69.0625,3.5625,0.0
-69.0625,3.6875,0.0
-69.0625,3.8125,0.0
-69.0625,3.9375,0.0
-69.0625,4.0625,0.0
-69.0625,4.1875,0.0
-69.0625,4.3125,0.0
-69.0625,4.4375,0.0
-69.0625,4.5625,0.0
-69.0625,4.6875,0.0
-69.0625,4.8125,0.0
-69.0625,4.9375,0.0
-69.0625,5.0625,0.0
-69.0625,5.1875,0.0
-69.0625,5.3125,0.0
-69.0625,5.4375,0.0
-69.0625,5.5625,0.0
-69.0625,5.6875,0.0
-69.0625,5.8125,0.0
-69.0625,5.9375,0.0
-69.0625,6.0625,0.0
-69.0625,6.1875,0.0
-69.0625,6.3125,0.0
-69.0625,6.4375,0.0
-69.0625,6.5625,0.0
-69.0625,6.6875,0.0
-69.0625,6.8125,0.0
-69.0625,6.9375,0.0
-69.0625,7.0625,0.0
-69.0625,7.1875,0.0
-69.0625,7.3125,0.0
-69.0625,7.4375,0.0
-69.0625,7.5625,0.0
-69.0625,7.6875,0.0
-69.0625,7.8125,0.0
-69.0625,7.9375,0.0
-69.0625,8.0625,0.0
-69.0625,8.1875,0.0
-69.0625,8.3125,0.0
-69.0625,8.4375,0.0
-69.0625,8.5625,0.0
-69.0625,8.6875,0.0
-69.0625,8.8125,0.0
-69.0625,8.9375,0.0
-69.0625,9.0625,0.0
-69.0625,9.1875,0.0
-69.0625,9.3125,0.0
-69.0625,9.4375,0.0
-69.0625,9.5625,0.0
-69.0625,9.6875,0.0
-69.0625,9.8125,0.0
-69.0625,9.9375,0.0
-69.0625,10.0625,0.0
-69.0625,10.1875,0.0
-69.0625,10.3125,0.0
-69.0625,10.4375,0.0
-69.0625,10.5625,0.0
-69.0625,10.6875,0.0
-69.0625,10.8125,0.0
-69.0625,10.9375,0.0
-69.0625,11.0625,0.0
-69.0625,11.1875,0.0
-69.0625,11.3125,0.0
-69.0625,11.4375,0.0
-69.0625,11.5625,0.0
-69.0625,11.6875,292.5
-69.0625,11.8125,297.600006
-69.0625,11.9375,303.399994
-69.0625,12.0625,304.700012
-69.0625,12.1875,0.0
-69.0625,12.3125,0.0
-69.0625,12.4375,0.0
-68.9375,-4.1875,0.0
-68.9375,-4.0625,0.0
-68.9375,-3.9375,0.0
-68.9375,-3.8125,0.0
-68.9375,-3.6875,0.0
-68.9375,-3.5625,0.0
-68.9375,-3.4375,0.0
-68.9375,-3.3125,0.0
-68.9375,-3.1875,0.0
-68.9375,-3.0625,0.0
-68.9375,-2.9375,0.0
-68.9375,-2.8125,0.0
-68.9375,-2.6875,0.0
-68.9375,-2.5625,0.0
-68.9375,-2.4375,0.0
-68.9375,-2.3125,0.0
-68.9375,-2.1875,0.0
-68.9375,-2.0625,0.0
-68.9375,-1.9375,0.0
-68.9375,-1.8125,0.0
-68.9375,-1.6875,0.0
-68.9375,-1.5625,0.0
-68.9375,-1.4375,0.0
-68.9375,-1.3125,0.0
-68.9375,-1.1875,0.0
-68.9375,-1.0625,0.0
-68.9375,-0.9375,0.0
-68.9375,-0.8125,0.0
-68.9375,-0.6875,0.0
-68.9375,-0.5625,0.0
-68.9375,-0.4375,0.0
-68.9375,-0.3125,0.0
-68.9375,-0.1875,0.0
-68.9375,-0.0625,0.0
-68.9375,0.0625,0.0
-68.9375,0.1875,0.0
-68.9375,0.3125,0.0
-68.9375,0.4375,0.0
-68.9375,0.5625,0.0
-68.9375,0.6875,0.0
-68.9375,0.8125,0.0
-68.9375,0.9375,0.0
-68.9375,1.0625,0.0
-68.9375,1.1875,0.0
-68.9375,1.3125,0.0
-68.9375,1.4375,0.0
-68.9375,1.5625,0.0
-68.9375,1.6875,0.0
-68.9375,1.8125,0.0
-68.9375,1.9375,0.0
-68.9375,2.0625,0.0
-68.9375,2.1875,0.0
-68.9375,2.3125,0.0
-68.9375,2.4375,0.0
-68.9375,2.5625,0.0
-68.9375,2.6875,0.0
-68.9375,2.8125,0.0
-68.9375,2.9375,0.0
-68.9375,3.0625,0.0
-68.9375,3.1875,0.0
-68.9375,3.3125,0.0
-68.9375,3.4375,0.0
-68.9375,3.5625,0.0
-68.9375,3.6875,0.0
-68.9375,3.8125,0.0
-68.9375,3.9375,0.0
-68.9375,4.0625,0.0
-68.9375,4.1875,0.0
-68.9375,4.3125,0.0
-68.9375,4.4375,0.0
-68.9375,4.5625,0.0
-68.9375,4.6875,0.0
-68.9375,4.8125,0.0
-68.9375,4.9375,0.0
-68.9375,5.0625,0.0
-68.9375,5.1875,0.0
-68.9375,5.3125,0.0
-68.9375,5.4375,0.0
-68.9375,5.5625,0.0
-68.9375,5.6875,0.0
-68.9375,5.8125,0.0
-68.9375,5.9375,0.0
-68.9375,6.0625,0.0
-68.9375,6.1875,0.0
-68.9375,6.3125,0.0
-68.9375,6.4375,0.0
-68.9375,6.5625,0.0
-68.9375,6.6875,0.0
-68.9375,6.8125,0.0
-68.9375,6.9375,0.0
-68.9375,7.0625,0.0
-68.9375,7.1875,0.0
-68.9375,7.3125,0.0
-68.9375,7.4375,0.0
-68.9375,7.5625,0.0
-68.9375,7.6875,0.0
-68.9375,7.8125,0.0
-68.9375,7.9375,0.0
-68.9375,8.0625,0.0
-68.9375,8.1875,0.0
-68.9375,8.3125,0.0
-68.9375,8.4375,0.0
-68.9375,8.5625,0.0
-68.9375,8.6875,0.0
-68.9375,8.8125,0.0
-68.9375,8.9375,0.0
-68.9375,9.0625,0.0
-68.9375,9.1875,0.0
-68.9375,9.3125,0.0
-68.9375,9.4375,0.0
-68.9375,9.5625,0.0
-68.9375,9.6875,0.0
-68.9375,9.8125,0.0
-68.9375,9.9375,0.0
-68.9375,10.0625,0.0
-68.9375,10.1875,0.0
-68.9375,10.3125,0.0
-68.9375,10.4375,0.0
-68.9375,10.5625,0.0
-68.9375,10.6875,0.0
-68.9375,10.8125,0.0
-68.9375,10.9375,0.0
-68.9375,11.0625,0.0
-68.9375,11.1875,0.0
-68.9375,11.3125,0.0
-68.9375,11.4375,0.0
-68.9375,11.5625,0.0
-68.9375,11.6875,295.100006
-68.9375,11.8125,300.899994
-68.9375,11.9375,302.700012
-68.9375,12.0625,303.700012
-68.9375,12.1875,0.0
-68.9375,12.3125,0.0
-68.9375,12.4375,301.399994
-68.8125,-4.1875,0.0
-68.8125,-4.0625,0.0
-68.8125,-3.9375,0.0
-68.8125,-3.8125,0.0
-68.8125,-3.6875,0.0
-68.8125,-3.5625,0.0
-68.8125,-3.4375,0.0
-68.8125,-3.3125,0.0
-68.8125,-3.1875,0.0
-68.8125,-3.0625,0.0
-68.8125,-2.9375,0.0
-68.8125,-2.8125,0.0
-68.8125,-2.6875,0.0
-68.8125,-2.5625,0.0
-68.8125,-2.4375,0.0
-68.8125,-2.3125,0.0
-68.8125,-2.1875,0.0
-68.8125,-2.0625,0.0
-68.8125,-1.9375,0.0
-68.8125,-1.8125,0.0
-68.8125,-1.6875,0.0
-68.8125,-1.5625,0.0
-68.8125,-1.4375,0.0
-68.8125,-1.3125,0.0
-68.8125,-1.1875,0.0
-68.8125,-1.0625,0.0
-68.8125,-0.9375,0.0
-68.8125,-0.8125,0.0
-68.8125,-0.6875,0.0
-68.8125,-0.5625,0.0
-68.8125,-0.4375,0.0
-68.8125,-0.3125,0.0
-68.8125,-0.1875,0.0
-68.8125,-0.0625,0.0
-68.8125,0.0625,0.0
-68.8125,0.1875,0.0
-68.8125,0.3125,0.0
-68.8125,0.4375,0.0
-68.8125,0.5625,0.0
-68.8125,0.6875,0.0
-68.8125,0.8125,0.0
-68.8125,0.9375,0.0
-68.8125,1.0625,0.0
-68.8125,1.1875,0.0
-68.8125,1.3125,0.0
-68.8125,1.4375,0.0
-68.8125,1.5625,0.0
-68.8125,1.6875,0.0
-68.8125,1.8125,0.0
-68.8125,1.9375,0.0
-68.8125,2.0625,0.0
-68.8125,2.1875,0.0
-68.8125,2.3125,0.0
-68.8125,2.4375,0.0
-68.8125,2.5625,0.0
-68.8125,2.6875,0.0
-68.8125,2.8125,0.0
-68.8125,2.9375,0.0
-68.8125,3.0625,0.0
-68.8125,3.1875,0.0
-68.8125,3.3125,0.0
-68.8125,3.4375,0.0
-68.8125,3.5625,0.0
-68.8125,3.6875,0.0
-68.8125,3.8125,0.0
-68.8125,3.9375,0.0
-68.8125,4.0625,0.0
-68.8125,4.1875,0.0
-68.8125,4.3125,0.0
-68.8125,4.4375,0.0
-68.8125,4.5625,0.0
-68.8125,4.6875,0.0
-68.8125,4.8125,0.0
-68.8125,4.9375,0.0
-68.8125,5.0625,0.0
-68.8125,5.1875,0.0
-68.8125,5.3125,0.0
-68.8125,5.4375,0.0
-68.8125,5.5625,0.0
-68.8125,5.6875,0.0
-68.8125,5.8125,0.0
-68.8125,5.9375,0.0
-68.8125,6.0625,0.0
-68.8125,6.1875,0.0
-68.8125,6.3125,0.0
-68.8125,6.4375,0.0
-68.8125,6.5625,0.0
-68.8125,6.6875,0.0
-68.8125,6.8125,0.0
-68.8125,6.9375,0.0
-68.8125,7.0625,0.0
-68.8125,7.1875,0.0
-68.8125,7.3125,0.0
-68.8125,7.4375,0.0
-68.8125,7.5625,0.0
-68.8125,7.6875,0.0
-68.8125,7.8125,0.0
-68.8125,7.9375,0.0
-68.8125,8.0625,0.0
-68.8125,8.1875,0.0
-68.8125,8.3125,0.0
-68.8125,8.4375,0.0
-68.8125,8.5625,0.0
-68.8125,8.6875,0.0
-68.8125,8.8125,0.0
-68.8125,8.9375,0.0
-68.8125,9.0625,0.0
-68.8125,9.1875,0.0
-68.8125,9.3125,0.0
-68.8125,9.4375,0.0
-68.8125,9.5625,0.0
-68.8125,9.6875,0.0
-68.8125,9.8125,0.0
-68.8125,9.9375,0.0
-68.8125,10.0625,0.0
-68.8125,10.1875,0.0
-68.8125,10.3125,0.0
-68.8125,10.4375,0.0
-68.8125,10.5625,0.0
-68.8125,10.6875,0.0
-68.8125,10.8125,0.0
-68.8125,10.9375,0.0
-68.8125,11.0625,0.0
-68.8125,11.1875,0.0
-68.8125,11.3125,0.0
-68.8125,11.4375,0.0
-68.8125,11.5625,0.0
-68.8125,11.6875,298.200012
-68.8125,11.8125,302.700012
-68.8125,11.9375,301.399994
-68.8125,12.0625,302.299988
-68.8125,12.1875,0.0
-68.8125,12.3125,0.0
-68.8125,12.4375,306.0
-68.6875,-4.1875,0.0
-68.6875,-4.0625,0.0
-68.6875,-3.9375,0.0
-68.6875,-3.8125,0.0
-68.6875,-3.6875,0.0
-68.6875,-3.5625,0.0
-68.6875,-3.4375,0.0
-68.6875,-3.3125,0.0
-68.6875,-3.1875,0.0
-68.6875,-3.0625,0.0
-68.6875,-2.9375,0.0
-68.6875,-2.8125,0.0
-68.6875,-2.6875,0.0
-68.6875,-2.5625,0.0
-68.6875,-2.4375,0.0
-68.6875,-2.3125,0.0
-68.6875,-2.1875,0.0
-68.6875,-2.0625,0.0
-68.6875,-1.9375,0.0
-68.6875,-1.8125,0.0
-68.6875,-1.6875,0.0
-68.6875,-1.5625,0.0
-68.6875,-1.4375,0.0
-68.6875,-1.3125,0.0
-68.6875,-1.1875,0.0
-68.6875,-1.0625,0.0
-68.6875,-0.9375,0.0
-68.6875,-0.8125,0.0
-68.6875,-0.6875,0.0
-68.6875,-0.5625,0.0
-68.6875,-0.4375,0.0
-68.6875,-0.3125,0.0
-68.6875,-0.1875,0.0
-68.6875,-0.0625,0.0
-68.6875,0.0625,0.0
-68.6875,0.1875,0.0
-68.6875,0.3125,0.0
-68.6875,0.4375,0.0
-68.6875,0.5625,0.0
-68.6875,0.6875,0.0
-68.6875,0.8125,0.0
-68.6875,0.9375,0.0
-68.6875,1.0625,0.0
-68.6875,1.1875,0.0
-68.6875,1.3125,0.0
-68.6875,1.4375,0.0
-68.6875,1.5625,0.0
-68.6875,1.6875,0.0
-68.6875,1.8125,0.0
-68.6875,1.9375,0.0
-68.6875,2.0625,0.0
-68.6875,2.1875,0.0
-68.6875,2.3125,0.0
-68.6875,2.4375,0.0
-68.6875,2.5625,0.0
-68.6875,2.6875,0.0
-68.6875,2.8125,0.0
-68.6875,2.9375,0.0
-68.6875,3.0625,0.0
-68.6875,3.1875,0.0
-68.6875,3.3125,0.0
-68.6875,3.4375,0.0
-68.6875,3.5625,0.0
-68.6875,3.6875,0.0
-68.6875,3.8125,0.0
-68.6875,3.9375,0.0
-68.6875,4.0625,0.0
-68.6875,4.1875,0.0
-68.6875,4.3125,0.0
-68.6875,4.4375,0.0
-68.6875,4.5625,0.0
-68.6875,4.6875,0.0
-68.6875,4.8125,0.0
-68.6875,4.9375,0.0
-68.6875,5.0625,0.0
-68.6875,5.1875,0.0
-68.6875,5.3125,0.0
-68.6875,5.4375,0.0
-68.6875,5.5625,0.0
-68.6875,5.6875,0.0
-68.6875,5.8125,0.0
-68.6875,5.9375,0.0
-68.6875,6.0625,0.0
-68.6875,6.1875,0.0
-68.6875,6.3125,0.0
-68.6875,6.4375,0.0
-68.6875,6.5625,0.0
-68.6875,6.6875,0.0
-68.6875,6.8125,0.0
-68.6875,6.9375,0.0
-68.6875,7.0625,0.0
-68.6875,7.1875,0.0
-68.6875,7.3125,0.0
-68.6875,7.4375,0.0
-68.6875,7.5625,0.0
-68.6875,7.6875,0.0
-68.6875,7.8125,0.0
-68.6875,7.9375,0.0
-68.6875,8.0625,0.0
-68.6875,8.1875,0.0
-68.6875,8.3125,0.0
-68.6875,8.4375,0.0
-68.6875,8.5625,0.0
-68.6875,8.6875,0.0
-68.6875,8.8125,0.0
-68.6875,8.9375,0.0
-68.6875,9.0625,0.0
-68.6875,9.1875,0.0
-68.6875,9.3125,0.0
-68.6875,9.4375,0.0
-68.6875,9.5625,0.0
-68.6875,9.6875,0.0
-68.6875,9.8125,0.0
-68.6875,9.9375,0.0
-68.6875,10.0625,0.0
-68.6875,10.1875,0.0
-68.6875,10.3125,0.0
-68.6875,10.4375,0.0
-68.6875,10.5625,0.0
-68.6875,10.6875,0.0
-68.6875,10.8125,0.0
-68.6875,10.9375,0.0
-68.6875,11.0625,0.0
-68.6875,11.1875,0.0
-68.6875,11.3125,0.0
-68.6875,11.4375,0.0
-68.6875,11.5625,298.799988
-68.6875,11.6875,300.299988
-68.6875,11.8125,302.5
-68.6875,11.9375,301.899994
-68.6875,12.0625,303.700012
-68.6875,12.1875,0.0
-68.6875,12.3125,307.100006
-68.6875,12.4375,304.200012
-68.5625,-4.1875,0.0
-68.5625,-4.0625,0.0
-68.5625,-3.9375,0.0
-68.5625,-3.8125,0.0
-68.5625,-3.6875,0.0
-68.5625,-3.5625,0.0
-68.5625,-3.4375,0.0
-68.5625,-3.3125,0.0
-68.5625,-3.1875,0.0
-68.5625,-3.0625,0.0
-68.5625,-2.9375,0.0
-68.5625,-2.8125,0.0
-68.5625,-2.6875,0.0
-68.5625,-2.5625,0.0
-68.5625,-2.4375,0.0
-68.5625,-2.3125,0.0
-68.5625,-2.1875,0.0
-68.5625,-2.0625,0.0
-68.5625,-1.9375,0.0
-68.5625,-1.8125,0.0
-68.5625,-1.6875,0.0
-68.5625,-1.5625,0.0
-68.5625,-1.4375,0.0
-68.5625,-1.3125,0.0
-68.5625,-1.1875,0.0
-68.5625,-1.0625,0.0
-68.5625,-0.9375,0.0
-68.5625,-0.8125,0.0
-68.5625,-0.6875,0.0
-68.5625,-0.5625,0.0
-68.5625,-0.4375,0.0
-68.5625,-0.3125,0.0
-68.5625,-0.1875,0.0
-68.5625,-0.0625,0.0
-68.5625,0.0625,0.0
-68.5625,0.1875,0.0
-68.5625,0.3125,0.0
-68.5625,0.4375,0.0
-68.5625,0.5625,0.0
-68.5625,0.6875,0.0
-68.5625,0.8125,0.0
-68.5625,0.9375,0.0
-68.5625,1.0625,0.0
-68.5625,1.1875,0.0
-68.5625,1.3125,0.0
-68.5625,1.4375,0.0
-68.5625,1.5625,0.0
-68.5625,1.6875,0.0
-68.5625,1.8125,0.0
-68.5625,1.9375,0.0
-68.5625,2.0625,0.0
-68.5625,2.1875,0.0
-68.5625,2.3125,0.0
-68.5625,2.4375,0.0
-68.5625,2.5625,0.0
-68.5625,2.6875,0.0
-68.5625,2.8125,0.0
-68.5625,2.9375,0.0
-68.5625,3.0625,0.0
-68.5625,3.1875,0.0
-68.5625,3.3125,0.0
-68.5625,3.4375,0.0
-68.5625,3.5625,0.0
-68.5625,3.6875,0.0
-68.5625,3.8125,0.0
-68.5625,3.9375,0.0
-68.5625,4.0625,0.0
-68.5625,4.1875,0.0
-68.5625,4.3125,0.0
-68.5625,4.4375,0.0
-68.5625,4.5625,0.0
-68.5625,4.6875,0.0
-68.5625,4.8125,0.0
-68.5625,4.9375,0.0
-68.5625,5.0625,0.0
-68.5625,5.1875,0.0
-68.5625,5.3125,0.0
-68.5625,5.4375,0.0
-68.5625,5.5625,0.0
-68.5625,5.6875,0.0
-68.5625,5.8125,0.0
-68.5625,5.9375,0.0
-68.5625,6.0625,0.0
-68.5625,6.1875,0.0
-68.5625,6.3125,0.0
-68.5625,6.4375,0.0
-68.5625,6.5625,0.0
-68.5625,6.6875,0.0
-68.5625,6.8125,0.0
-68.5625,6.9375,0.0
-68.5625,7.0625,0.0
-68.5625,7.1875,0.0
-68.5625,7.3125,0.0
-68.5625,7.4375,0.0
-68.5625,7.5625,0.0
-68.5625,7.6875,0.0
-68.5625,7.8125,0.0
-68.5625,7.9375,0.0
-68.5625,8.0625,0.0
-68.5625,8.1875,0.0
-68.5625,8.3125,0.0
-68.5625,8.4375,0.0
-68.5625,8.5625,0.0
-68.5625,8.6875,0.0
-68.5625,8.8125,0.0
-68.5625,8.9375,0.0
-68.5625,9.0625,0.0
-68.5625,9.1875,0.0
-68.5625,9.3125,0.0
-68.5625,9.4375,0.0
-68.5625,9.5625,0.0
-68.5625,9.6875,0.0
-68.5625,9.8125,0.0
-68.5625,9.9375,0.0
-68.5625,10.0625,0.0
-68.5625,10.1875,0.0
-68.5625,10.3125,0.0
-68.5625,10.4375,0.0
-68.5625,10.5625,0.0
-68.5625,10.6875,0.0
-68.5625,10.8125,0.0
-68.5625,10.9375,0.0
-68.5625,11.0625,0.0
-68.5625,11.1875,0.0
-68.5625,11.3125,0.0
-68.5625,11.4375,0.0
-68.5625,11.5625,297.600006
-68.5625,11.6875,299.700012
-68.5625,11.8125,301.200012
-68.5625,11.9375,303.200012
-68.5625,12.0625,305.5
-68.5625,12.1875,307.5
-68.5625,12.3125,303.799988
-68.5625,12.4375,296.799988
-68.4375,-4.1875,0.0
-68.4375,-4.0625,0.0
-68.4375,-3.9375,0.0
-68.4375,-3.8125,0.0
-68.4375,-3.6875,0.0
-68.4375,-3.5625,0.0
-68.4375,-3.4375,0.0
-68.4375,-3.3125,0.0
-68.4375,-3.1875,0.0
-68.4375,-3.0625,0.0
-68.4375,-2.9375,0.0
-68.4375,-2.8125,0.0
-68.4375,-2.6875,0.0
-68.4375,-2.5625,0.0
-68.4375,-2.4375,0.0
-68.4375,-2.3125,0.0
-68.4375,-2.1875,0.0
-68.4375,-2.0625,0.0
-68.4375,-1.9375,0.0
-68.4375,-1.8125,0.0
-68.4375,-1.6875,0.0
-68.4375,-1.5625,0.0
-68.4375,-1.4375,0.0
-68.4375,-1.3125,0.0
-68.4375,-1.1875,0.0
-68.4375,-1.0625,0.0
-68.4375,-0.9375,0.0
-68.4375,-0.8125,0.0
-68.4375,-0.6875,0.0
-68.4375,-0.5625,0.0
-68.4375,-0.4375,0.0
-68.4375,-0.3125,0.0
-68.4375,-0.1875,0.0
-68.4375,-0.0625,0.0
-68.4375,0.0625,0.0
-68.4375,0.1875,0.0
-68.4375,0.3125,0.0
-68.4375,0.4375,0.0
-68.4375,0.5625,0.0
-68.4375,0.6875,0.0
-68.4375,0.8125,0.0
-68.4375,0.9375,0.0
-68.4375,1.0625,0.0
-68.4375,1.1875,0.0
-68.4375,1.3125,0.0
-68.4375,1.4375,0.0
-68.4375,1.5625,0.0
-68.4375,1.6875,0.0
-68.4375,1.8125,0.0
-68.4375,1.9375,0.0
-68.4375,2.0625,0.0
-68.4375,2.1875,0.0
-68.4375,2.3125,0.0
-68.4375,2.4375,0.0
-68.4375,2.5625,0.0
-68.4375,2.6875,0.0
-68.4375,2.8125,0.0
-68.4375,2.9375,0.0
-68.4375,3.0625,0.0
-68.4375,3.1875,0.0
-68.4375,3.3125,0.0
-68.4375,3.4375,0.0
-68.4375,3.5625,0.0
-68.4375,3.6875,0.0
-68.4375,3.8125,0.0
-68.4375,3.9375,0.0
-68.4375,4.0625,0.0
-68.4375,4.1875,0.0
-68.4375,4.3125,0.0
-68.4375,4.4375,0.0
-68.4375,4.5625,0.0
-68.4375,4.6875,0.0
-68.4375,4.8125,0.0
-68.4375,4.9375,0.0
-68.4375,5.0625,0.0
-68.4375,5.1875,0.0
-68.4375,5.3125,0.0
-68.4375,5.4375,0.0
-68.4375,5.5625,0.0
-68.4375,5.6875,0.0
-68.4375,5.8125,0.0
-68.4375,5.9375,0.0
-68.4375,6.0625,0.0
-68.4375,6.1875,0.0
-68.4375,6.3125,0.0
-68.4375,6.4375,0.0
-68.4375,6.5625,0.0
-68.4375,6.6875,0.0
-68.4375,6.8125,0.0
-68.4375,6.9375,0.0
-68.4375,7.0625,0.0
-68.4375,7.1875,0.0
-68.4375,7.3125,0.0
-68.4375,7.4375,0.0
-68.4375,7.5625,0.0
-68.4375,7.6875,0.0
-68.4375,7.8125,0.0
-68.4375,7.9375,0.0
-68.4375,8.0625,0.0
-68.4375,8.1875,0.0
-68.4375,8.3125,0.0
-68.4375,8.4375,0.0
-68.4375,8.5625,0.0
-68.4375,8.6875,0.0
-68.4375,8.8125,0.0
-68.4375,8.9375,0.0
-68.4375,9.0625,0.0
-68.4375,9.1875,0.0
-68.4375,9.3125,0.0
-68.4375,9.4375,0.0
-68.4375,9.5625,0.0
-68.4375,9.6875,0.0
-68.4375,9.8125,0.0
-68.4375,9.9375,0.0
-68.4375,10.0625,0.0
-68.4375,10.1875,0.0
-68.4375,10.3125,0.0
-68.4375,10.4375,0.0
-68.4375,10.5625,0.0
-68.4375,10.6875,0.0
-68.4375,10.8125,0.0
-68.4375,10.9375,0.0
-68.4375,11.0625,0.0
-68.4375,11.1875,0.0
-68.4375,11.3125,0.0
-68.4375,11.4375,0.0
-68.4375,11.5625,296.799988
-68.4375,11.6875,301.100006
-68.4375,11.8125,301.299988
-68.4375,11.9375,302.200012
-68.4375,12.0625,305.0
-68.4375,12.1875,303.600006
-68.4375,12.3125,298.799988
-68.4375,12.4375,292.200012
-68.3125,-4.1875,0.0
-68.3125,-4.0625,0.0
-68.3125,-3.9375,0.0
-68.3125,-3.8125,0.0
-68.3125,-3.6875,0.0
-68.3125,-3.5625,0.0
-68.3125,-3.4375,0.0
-68.3125,-3.3125,0.0
-68.3125,-3.1875,0.0
-68.3125,-3.0625,0.0
-68.3125,-2.9375,0.0
-68.3125,-2.8125,0.0
-68.3125,-2.6875,0.0
-68.3125,-2.5625,0.0
-68.3125,-2.4375,0.0
-68.3125,-2.3125,0.0
-68.3125,-2.1875,0.0
-68.3125,-2.0625,0.0
-68.3125,-1.9375,0.0
-68.3125,-1.8125,0.0
-68.3125,-1.6875,0.0
-68.3125,-1.5625,0.0
-68.3125,-1.4375,0.0
-68.3125,-1.3125,0.0
-68.3125,-1.1875,0.0
-68.3125,-1.0625,0.0
-68.3125,-0.9375,0.0
-68.3125,-0.8125,0.0
-68.3125,-0.6875,0.0
-68.3125,-0.5625,0.0
-68.3125,-0.4375,0.0
-68.3125,-0.3125,0.0
-68.3125,-0.1875,0.0
-68.3125,-0.0625,0.0
-68.3125,0.0625,0.0
-68.3125,0.1875,0.0
-68.3125,0.3125,0.0
-68.3125,0.4375,0.0
-68.3125,0.5625,0.0
-68.3125,0.6875,0.0
-68.3125,0.8125,0.0
-68.3125,0.9375,0.0
-68.3125,1.0625,0.0
-68.3125,1.1875,0.0
-68.3125,1.3125,0.0
-68.3125,1.4375,0.0
-68.3125,1.5625,0.0
-68.3125,1.6875,0.0
-68.3125,1.8125,0.0
-68.3125,1.9375,0.0
-68.3125,2.0625,0.0
-68.3125,2.1875,0.0
-68.3125,2.3125,0.0
-68.3125,2.4375,0.0
-68.3125,2.5625,0.0
-68.3125,2.6875,0.0
-68.3125,2.8125,0.0
-68.3125,2.9375,0.0
-68.3125,3.0625,0.0
-68.3125,3.1875,0.0
-68.3125,3.3125,0.0
-68.3125,3.4375,0.0
-68.3125,3.5625,0.0
-68.3125,3.6875,0.0
-68.3125,3.8125,0.0
-68.3125,3.9375,0.0
-68.3125,4.0625,0.0
-68.3125,4.1875,0.0
-68.3125,4.3125,0.0
-68.3125,4.4375,0.0
-68.3125,4.5625,0.0
-68.3125,4.6875,0.0
-68.3125,4.8125,0.0
-68.3125,4.9375,0.0
-68.3125,5.0625,0.0
-68.3125,5.1875,0.0
-68.3125,5.3125,0.0
-68.3125,5.4375,0.0
-68.3125,5.5625,0.0
-68.3125,5.6875,0.0
-68.3125,5.8125,0.0
-68.3125,5.9375,0.0
-68.3125,6.0625,0.0
-68.3125,6.1875,0.0
-68.3125,6.3125,0.0
-68.3125,6.4375,0.0
-68.3125,6.5625,0.0
-68.3125,6.6875,0.0
-68.3125,6.8125,0.0
-68.3125,6.9375,0.0
-68.3125,7.0625,0.0
-68.3125,7.1875,0.0
-68.3125,7.3125,0.0
-68.3125,7.4375,0.0
-68.3125,7.5625,0.0
-68.3125,7.6875,0.0
-68.3125,7.8125,0.0
-68.3125,7.9375,0.0
-68.3125,8.0625,0.0
-68.3125,8.1875,0.0
-68.3125,8.3125,0.0
-68.3125,8.4375,0.0
-68.3125,8.5625,0.0
-68.3125,8.6875,0.0
-68.3125,8.8125,0.0
-68.3125,8.9375,0.0
-68.3125,9.0625,0.0
-68.3125,9.1875,0.0
-68.3125,9.3125,0.0
-68.3125,9.4375,0.0
-68.3125,9.5625,0.0
-68.3125,9.6875,0.0
-68.3125,9.8125,0.0
-68.3125,9.9375,0.0
-68.3125,10.0625,0.0
-68.3125,10.1875,0.0
-68.3125,10.3125,0.0
-68.3125,10.4375,0.0
-68.3125,10.5625,0.0
-68.3125,10.6875,0.0
-68.3125,10.8125,0.0
-68.3125,10.9375,0.0
-68.3125,11.0625,0.0
-68.3125,11.1875,0.0
-68.3125,11.3125,0.0
-68.3125,11.4375,291.899994
-68.3125,11.5625,297.600006
-68.3125,11.6875,300.5
-68.3125,11.8125,297.799988
-68.3125,11.9375,299.5
-68.3125,12.0625,299.5
-68.3125,12.1875,0.0
-68.3125,12.3125,0.0
-68.3125,12.4375,0.0
-68.1875,-4.1875,0.0
-68.1875,-4.0625,0.0
-68.1875,-3.9375,0.0
-68.1875,-3.8125,0.0
-68.1875,-3.6875,0.0
-68.1875,-3.5625,0.0
-68.1875,-3.4375,0.0
-68.1875,-3.3125,0.0
-68.1875,-3.1875,0.0
-68.1875,-3.0625,0.0
-68.1875,-2.9375,0.0
-68.1875,-2.8125,0.0
-68.1875,-2.6875,0.0
-68.1875,-2.5625,0.0
-68.1875,-2.4375,0.0
-68.1875,-2.3125,0.0
-68.1875,-2.1875,0.0
-68.1875,-2.0625,0.0
-68.1875,-1.9375,0.0
-68.1875,-1.8125,0.0
-68.1875,-1.6875,0.0
-68.1875,-1.5625,0.0
-68.1875,-1.4375,0.0
-68.1875,-1.3125,0.0
-68.1875,-1.1875,0.0
-68.1875,-1.0625,0.0
-68.1875,-0.9375,0.0
-68.1875,-0.8125,0.0
-68.1875,-0.6875,0.0
-68.1875,-0.5625,0.0
-68.1875,-0.4375,0.0
-68.1875,-0.3125,0.0
-68.1875,-0.1875,0.0
-68.1875,-0.0625,0.0
-68.1875,0.0625,0.0
-68.1875,0.1875,0.0
-68.1875,0.3125,0.0
-68.1875,0.4375,0.0
-68.1875,0.5625,0.0
-68.1875,0.6875,0.0
-68.1875,0.8125,0.0
-68.1875,0.9375,0.0
-68.1875,1.0625,0.0
-68.1875,1.1875,0.0
-68.1875,1.3125,0.0
-68.1875,1.4375,0.0
-68.1875,1.5625,0.0
-68.1875,1.6875,0.0
-68.1875,1.8125,0.0
-68.1875,1.9375,0.0
-68.1875,2.0625,0.0
-68.1875,2.1875,0.0
-68.1875,2.3125,0.0
-68.1875,2.4375,0.0
-68.1875,2.5625,0.0
-68.1875,2.6875,0.0
-68.1875,2.8125,0.0
-68.1875,2.9375,0.0
-68.1875,3.0625,0.0
-68.1875,3.1875,0.0
-68.1875,3.3125,0.0
-68.1875,3.4375,0.0
-68.1875,3.5625,0.0
-68.1875,3.6875,0.0
-68.1875,3.8125,0.0
-68.1875,3.9375,0.0
-68.1875,4.0625,0.0
-68.1875,4.1875,0.0
-68.1875,4.3125,0.0
-68.1875,4.4375,0.0
-68.1875,4.5625,0.0
-68.1875,4.6875,0.0
-68.1875,4.8125,0.0
-68.1875,4.9375,0.0
-68.1875,5.0625,0.0
-68.1875,5.1875,0.0
-68.1875,5.3125,0.0
-68.1875,5.4375,0.0
-68.1875,5.5625,0.0
-68.1875,5.6875,0.0
-68.1875,5.8125,0.0
-68.1875,5.9375,0.0
-68.1875,6.0625,0.0
-68.1875,6.1875,0.0
-68.1875,6.3125,0.0
-68.1875,6.4375,0.0
-68.1875,6.5625,0.0
-68.1875,6.6875,0.0
-68.1875,6.8125,0.0
-68.1875,6.9375,0.0
-68.1875,7.0625,0.0
-68.1875,7.1875,0.0
-68.1875,7.3125,0.0
-68.1875,7.4375,0.0
-68.1875,7.5625,0.0
-68.1875,7.6875,0.0
-68.1875,7.8125,0.0
-68.1875,7.9375,0.0
-68.1875,8.0625,0.0
-68.1875,8.1875,0.0
-68.1875,8.3125,0.0
-68.1875,8.4375,0.0
-68.1875,8.5625,0.0
-68.1875,8.6875,0.0
-68.1875,8.8125,0.0
-68.1875,8.9375,0.0
-68.1875,9.0625,0.0
-68.1875,9.1875,0.0
-68.1875,9.3125,0.0
-68.1875,9.4375,0.0
-68.1875,9.5625,0.0
-68.1875,9.6875,0.0
-68.1875,9.8125,0.0
-68.1875,9.9375,0.0
-68.1875,10.0625,0.0
-68.1875,10.1875,0.0
-68.1875,10.3125,0.0
-68.1875,10.4375,0.0
-68.1875,10.5625,0.0
-68.1875,10.6875,0.0
-68.1875,10.8125,0.0
-68.1875,10.9375,0.0
-68.1875,11.0625,0.0
-68.1875,11.1875,292.399994
-68.1875,11.3125,291.5
-68.1875,11.4375,293.5
-68.1875,11.5625,299.799988
-68.1875,11.6875,301.799988
-68.1875,11.8125,296.100006
-68.1875,11.9375,297.0
-68.1875,12.0625,0.0
-68.1875,12.1875,0.0
-68.1875,12.3125,0.0
-68.1875,12.4375,0.0
-68.0625,-4.1875,0.0
-68.0625,-4.0625,0.0
-68.0625,-3.9375,0.0
-68.0625,-3.8125,0.0
-68.0625,-3.6875,0.0
-68.0625,-3.5625,0.0
-68.0625,-3.4375,0.0
-68.0625,-3.3125,0.0
-68.0625,-3.1875,0.0
-68.0625,-3.0625,0.0
-68.0625,-2.9375,0.0
-68.0625,-2.8125,0.0
-68.0625,-2.6875,0.0
-68.0625,-2.5625,0.0
-68.0625,-2.4375,0.0
-68.0625,-2.3125,0.0
-68.0625,-2.1875,0.0
-68.0625,-2.0625,0.0
-68.0625,-1.9375,0.0
-68.0625,-1.8125,0.0
-68.0625,-1.6875,0.0
-68.0625,-1.5625,0.0
-68.0625,-1.4375,0.0
-68.0625,-1.3125,0.0
-68.0625,-1.1875,0.0
-68.0625,-1.0625,0.0
-68.0625,-0.9375,0.0
-68.0625,-0.8125,0.0
-68.0625,-0.6875,0.0
-68.0625,-0.5625,0.0
-68.0625,-0.4375,0.0
-68.0625,-0.3125,0.0
-68.0625,-0.1875,0.0
-68.0625,-0.0625,0.0
-68.0625,0.0625,0.0
-68.0625,0.1875,0.0
-68.0625,0.3125,0.0
-68.0625,0.4375,0.0
-68.0625,0.5625,0.0
-68.0625,0.6875,0.0
-68.0625,0.8125,0.0
-68.0625,0.9375,0.0
-68.0625,1.0625,0.0
-68.0625,1.1875,0.0
-68.0625,1.3125,0.0
-68.0625,1.4375,0.0
-68.0625,1.5625,0.0
-68.0625,1.6875,0.0
-68.0625,1.8125,0.0
-68.0625,1.9375,0.0
-68.0625,2.0625,0.0
-68.0625,2.1875,0.0
-68.0625,2.3125,0.0
-68.0625,2.4375,0.0
-68.0625,2.5625,0.0
-68.0625,2.6875,0.0
-68.0625,2.8125,0.0
-68.0625,2.9375,0.0
-68.0625,3.0625,0.0
-68.0625,3.1875,0.0
-68.0625,3.3125,0.0
-68.0625,3.4375,0.0
-68.0625,3.5625,0.0
-68.0625,3.6875,0.0
-68.0625,3.8125,0.0
-68.0625,3.9375,0.0
-68.0625,4.0625,0.0
-68.0625,4.1875,0.0
-68.0625,4.3125,0.0
-68.0625,4.4375,0.0
-68.0625,4.5625,0.0
-68.0625,4.6875,0.0
-68.0625,4.8125,0.0
-68.0625,4.9375,0.0
-68.0625,5.0625,0.0
-68.0625,5.1875,0.0
-68.0625,5.3125,0.0
-68.0625,5.4375,0.0
-68.0625,5.5625,0.0
-68.0625,5.6875,0.0
-68.0625,5.8125,0.0
-68.0625,5.9375,0.0
-68.0625,6.0625,0.0
-68.0625,6.1875,0.0
-68.0625,6.3125,0.0
-68.0625,6.4375,0.0
-68.0625,6.5625,0.0
-68.0625,6.6875,0.0
-68.0625,6.8125,0.0
-68.0625,6.9375,0.0
-68.0625,7.0625,0.0
-68.0625,7.1875,0.0
-68.0625,7.3125,0.0
-68.0625,7.4375,0.0
-68.0625,7.5625,0.0
-68.0625,7.6875,0.0
-68.0625,7.8125,0.0
-68.0625,7.9375,0.0
-68.0625,8.0625,0.0
-68.0625,8.1875,0.0
-68.0625,8.3125,0.0
-68.0625,8.4375,0.0
-68.0625,8.5625,0.0
-68.0625,8.6875,0.0
-68.0625,8.8125,0.0
-68.0625,8.9375,0.0
-68.0625,9.0625,0.0
-68.0625,9.1875,0.0
-68.0625,9.3125,0.0
-68.0625,9.4375,0.0
-68.0625,9.5625,0.0
-68.0625,9.6875,0.0
-68.0625,9.8125,0.0
-68.0625,9.9375,0.0
-68.0625,10.0625,0.0
-68.0625,10.1875,0.0
-68.0625,10.3125,0.0
-68.0625,10.4375,0.0
-68.0625,10.5625,0.0
-68.0625,10.6875,304.600006
-68.0625,10.8125,304.0
-68.0625,10.9375,295.299988
-68.0625,11.0625,293.5
-68.0625,11.1875,291.0
-68.0625,11.3125,290.0
-68.0625,11.4375,291.899994
-68.0625,11.5625,299.700012
-68.0625,11.6875,301.5
-68.0625,11.8125,298.600006
-68.0625,11.9375,296.399994
-68.0625,12.0625,296.299988
-68.0625,12.1875,294.799988
-68.0625,12.3125,293.899994
-68.0625,12.4375,294.200012
-67.9375,-4.1875,0.0
-67.9375,-4.0625,0.0
-67.9375,-3.9375,0.0
-67.9375,-3.8125,0.0
-67.9375,-3.6875,0.0
-67.9375,-3.5625,0.0
-67.9375,-3.4375,0.0
-67.9375,-3.3125,0.0
-67.9375,-3.1875,0.0
-67.9375,-3.0625,0.0
-67.9375,-2.9375,0.0
-67.9375,-2.8125,0.0
-67.9375,-2.6875,0.0
-67.9375,-2.5625,0.0
-67.9375,-2.4375,0.0
-67.9375,-2.3125,0.0
-67.9375,-2.1875,0.0
-67.9375,-2.0625,0.0
-67.9375,-1.9375,0.0
-67.9375,-1.8125,0.0
-67.9375,-1.6875,0.0
-67.9375,-1.5625,0.0
-67.9375,-1.4375,0.0
-67.9375,-1.3125,0.0
-67.9375,-1.1875,0.0
-67.9375,-1.0625,0.0
-67.9375,-0.9375,0.0
-67.9375,-0.8125,0.0
-67.9375,-0.6875,0.0
-67.9375,-0.5625,0.0
-67.9375,-0.4375,0.0
-67.9375,-0.3125,0.0
-67.9375,-0.1875,0.0
-67.9375,-0.0625,0.0
-67.9375,0.0625,0.0
-67.9375,0.1875,0.0
-67.9375,0.3125,0.0
-67.9375,0.4375,0.0
-67.9375,0.5625,0.0
-67.9375,0.6875,0.0
-67.9375,0.8125,0.0
-67.9375,0.9375,0.0
-67.9375,1.0625,0.0
-67.9375,1.1875,0.0
-67.9375,1.3125,0.0
-67.9375,1.4375,0.0
-67.9375,1.5625,0.0
-67.9375,1.6875,0.0
-67.9375,1.8125,0.0
-67.9375,1.9375,0.0
-67.9375,2.0625,0.0
-67.9375,2.1875,0.0
-67.9375,2.3125,0.0
-67.9375,2.4375,0.0
-67.9375,2.5625,0.0
-67.9375,2.6875,0.0
-67.9375,2.8125,0.0
-67.9375,2.9375,0.0
-67.9375,3.0625,0.0
-67.9375,3.1875,0.0
-67.9375,3.3125,0.0
-67.9375,3.4375,0.0
-67.9375,3.5625,0.0
-67.9375,3.6875,0.0
-67.9375,3.8125,0.0
-67.9375,3.9375,0.0
-67.9375,4.0625,0.0
-67.9375,4.1875,0.0
-67.9375,4.3125,0.0
-67.9375,4.4375,0.0
-67.9375,4.5625,0.0
-67.9375,4.6875,0.0
-67.9375,4.8125,0.0
-67.9375,4.9375,0.0
-67.9375,5.0625,0.0
-67.9375,5.1875,0.0
-67.9375,5.3125,0.0
-67.9375,5.4375,0.0
-67.9375,5.5625,0.0
-67.9375,5.6875,0.0
-67.9375,5.8125,0.0
-67.9375,5.9375,0.0
-67.9375,6.0625,0.0
-67.9375,6.1875,0.0
-67.9375,6.3125,0.0
-67.9375,6.4375,0.0
-67.9375,6.5625,0.0
-67.9375,6.6875,0.0
-67.9375,6.8125,0.0
-67.9375,6.9375,0.0
-67.9375,7.0625,0.0
-67.9375,7.1875,0.0
-67.9375,7.3125,0.0
-67.9375,7.4375,0.0
-67.9375,7.5625,0.0
-67.9375,7.6875,0.0
-67.9375,7.8125,0.0
-67.9375,7.9375,0.0
-67.9375,8.0625,0.0
-67.9375,8.1875,0.0
-67.9375,8.3125,0.0
-67.9375,8.4375,0.0
-67.9375,8.5625,0.0
-67.9375,8.6875,0.0
-67.9375,8.8125,0.0
-67.9375,8.9375,0.0
-67.9375,9.0625,0.0
-67.9375,9.1875,0.0
-67.9375,9.3125,0.0
-67.9375,9.4375,0.0
-67.9375,9.5625,0.0
-67.9375,9.6875,0.0
-67.9375,9.8125,0.0
-67.9375,9.9375,0.0
-67.9375,10.0625,0.0
-67.9375,10.1875,0.0
-67.9375,10.3125,0.0
-67.9375,10.4375,0.0
-67.9375,10.5625,0.0
-67.9375,10.6875,303.299988
-67.9375,10.8125,302.799988
-67.9375,10.9375,147.699997
-67.9375,11.0625,289.5
-67.9375,11.1875,290.700012
-67.9375,11.3125,287.399994
-67.9375,11.4375,289.0
-67.9375,11.5625,294.600006
-67.9375,11.6875,296.200012
-67.9375,11.8125,294.200012
-67.9375,11.9375,293.700012
-67.9375,12.0625,293.700012
-67.9375,12.1875,293.0
-67.9375,12.3125,292.399994
-67.9375,12.4375,292.899994
-67.8125,-4.1875,0.0
-67.8125,-4.0625,0.0
-67.8125,-3.9375,0.0
-67.8125,-3.8125,0.0
-67.8125,-3.6875,0.0
-67.8125,-3.5625,0.0
-67.8125,-3.4375,0.0
-67.8125,-3.3125,0.0
-67.8125,-3.1875,0.0
-67.8125,-3.0625,0.0
-67.8125,-2.9375,0.0
-67.8125,-2.8125,0.0
-67.8125,-2.6875,0.0
-67.8125,-2.5625,0.0
-67.8125,-2.4375,0.0
-67.8125,-2.3125,0.0
-67.8125,-2.1875,0.0
-67.8125,-2.0625,0.0
-67.8125,-1.9375,0.0
-67.8125,-1.8125,0.0
-67.8125,-1.6875,0.0
-67.8125,-1.5625,0.0
-67.8125,-1.4375,0.0
-67.8125,-1.3125,0.0
-67.8125,-1.1875,0.0
-67.8125,-1.0625,0.0
-67.8125,-0.9375,0.0
-67.8125,-0.8125,0.0
-67.8125,-0.6875,0.0
-67.8125,-0.5625,0.0
-67.8125,-0.4375,0.0
-67.8125,-0.3125,0.0
-67.8125,-0.1875,0.0
-67.8125,-0.0625,0.0
-67.8125,0.0625,0.0
-67.8125,0.1875,0.0
-67.8125,0.3125,0.0
-67.8125,0.4375,0.0
-67.8125,0.5625,0.0
-67.8125,0.6875,0.0
-67.8125,0.8125,0.0
-67.8125,0.9375,0.0
-67.8125,1.0625,0.0
-67.8125,1.1875,0.0
-67.8125,1.3125,0.0
-67.8125,1.4375,0.0
-67.8125,1.5625,0.0
-67.8125,1.6875,0.0
-67.8125,1.8125,0.0
-67.8125,1.9375,0.0
-67.8125,2.0625,0.0
-67.8125,2.1875,0.0
-67.8125,2.3125,0.0
-67.8125,2.4375,0.0
-67.8125,2.5625,0.0
-67.8125,2.6875,0.0
-67.8125,2.8125,0.0
-67.8125,2.9375,0.0
-67.8125,3.0625,0.0
-67.8125,3.1875,0.0
-67.8125,3.3125,0.0
-67.8125,3.4375,0.0
-67.8125,3.5625,0.0
-67.8125,3.6875,0.0
-67.8125,3.8125,0.0
-67.8125,3.9375,0.0
-67.8125,4.0625,0.0
-67.8125,4.1875,0.0
-67.8125,4.3125,0.0
-67.8125,4.4375,0.0
-67.8125,4.5625,0.0
-67.8125,4.6875,0.0
-67.8125,4.8125,0.0
-67.8125,4.9375,0.0
-67.8125,5.0625,0.0
-67.8125,5.1875,0.0
-67.8125,5.3125,0.0
-67.8125,5.4375,0.0
-67.8125,5.5625,0.0
-67.8125,5.6875,0.0
-67.8125,5.8125,0.0
-67.8125,5.9375,0.0
-67.8125,6.0625,0.0
-67.8125,6.1875,0.0
-67.8125,6.3125,0.0
-67.8125,6.4375,0.0
-67.8125,6.5625,0.0
-67.8125,6.6875,0.0
-67.8125,6.8125,0.0
-67.8125,6.9375,0.0
-67.8125,7.0625,0.0
-67.8125,7.1875,0.0
-67.8125,7.3125,0.0
-67.8125,7.4375,0.0
-67.8125,7.5625,0.0
-67.8125,7.6875,0.0
-67.8125,7.8125,0.0
-67.8125,7.9375,0.0
-67.8125,8.0625,0.0
-67.8125,8.1875,0.0
-67.8125,8.3125,0.0
-67.8125,8.4375,0.0
-67.8125,8.5625,0.0
-67.8125,8.6875,0.0
-67.8125,8.8125,0.0
-67.8125,8.9375,0.0
-67.8125,9.0625,0.0
-67.8125,9.1875,0.0
-67.8125,9.3125,0.0
-67.8125,9.4375,0.0
-67.8125,9.5625,0.0
-67.8125,9.6875,0.0
-67.8125,9.8125,0.0
-67.8125,9.9375,0.0
-67.8125,10.0625,0.0
-67.8125,10.1875,0.0
-67.8125,10.3125,0.0
-67.8125,10.4375,0.0
-67.8125,10.5625,0.0
-67.8125,10.6875,298.299988
-67.8125,10.8125,290.299988
-67.8125,10.9375,253.5
-67.8125,11.0625,290.399994
-67.8125,11.1875,288.899994
-67.8125,11.3125,284.700012
-67.8125,11.4375,285.200012
-67.8125,11.5625,285.299988
-67.8125,11.6875,283.5
-67.8125,11.8125,283.600006
-67.8125,11.9375,286.799988
-67.8125,12.0625,287.700012
-67.8125,12.1875,288.0
-67.8125,12.3125,289.200012
-67.8125,12.4375,290.799988
-67.6875,-4.1875,0.0
-67.6875,-4.0625,0.0
-67.6875,-3.9375,0.0
-67.6875,-3.8125,0.0
-67.6875,-3.6875,0.0
-67.6875,-3.5625,0.0
-67.6875,-3.4375,0.0
-67.6875,-3.3125,0.0
-67.6875,-3.1875,0.0
-67.6875,-3.0625,0.0
-67.6875,-2.9375,0.0
-67.6875,-2.8125,0.0
-67.6875,-2.6875,0.0
-67.6875,-2.5625,0.0
-67.6875,-2.4375,0.0
-67.6875,-2.3125,0.0
-67.6875,-2.1875,0.0
-67.6875,-2.0625,0.0
-67.6875,-1.9375,0.0
-67.6875,-1.8125,0.0
-67.6875,-1.6875,0.0
-67.6875,-1.5625,0.0
-67.6875,-1.4375,0.0
-67.6875,-1.3125,0.0
-67.6875,-1.1875,0.0
-67.6875,-1.0625,0.0
-67.6875,-0.9375,0.0
-67.6875,-0.8125,0.0
-67.6875,-0.6875,0.0
-67.6875,-0.5625,0.0
-67.6875,-0.4375,0.0
-67.6875,-0.3125,0.0
-67.6875,-0.1875,0.0
-67.6875,-0.0625,0.0
-67.6875,0.0625,0.0
-67.6875,0.1875,0.0
-67.6875,0.3125,0.0
-67.6875,0.4375,0.0
-67.6875,0.5625,0.0
-67.6875,0.6875,0.0
-67.6875,0.8125,0.0
-67.6875,0.9375,0.0
-67.6875,1.0625,0.0
-67.6875,1.1875,0.0
-67.6875,1.3125,0.0
-67.6875,1.4375,0.0
-67.6875,1.5625,0.0
-67.6875,1.6875,0.0
-67.6875,1.8125,0.0
-67.6875,1.9375,0.0
-67.6875,2.0625,0.0
-67.6875,2.1875,0.0
-67.6875,2.3125,0.0
-67.6875,2.4375,0.0
-67.6875,2.5625,0.0
-67.6875,2.6875,0.0
-67.6875,2.8125,0.0
-67.6875,2.9375,0.0
-67.6875,3.0625,0.0
-67.6875,3.1875,0.0
-67.6875,3.3125,0.0
-67.6875,3.4375,0.0
-67.6875,3.5625,0.0
-67.6875,3.6875,0.0
-67.6875,3.8125,0.0
-67.6875,3.9375,0.0
-67.6875,4.0625,0.0
-67.6875,4.1875,0.0
-67.6875,4.3125,0.0
-67.6875,4.4375,0.0
-67.6875,4.5625,0.0
-67.6875,4.6875,0.0
-67.6875,4.8125,0.0
-67.6875,4.9375,0.0
-67.6875,5.0625,0.0
-67.6875,5.1875,0.0
-67.6875,5.3125,0.0
-67.6875,5.4375,0.0
-67.6875,5.5625,0.0
-67.6875,5.6875,0.0
-67.6875,5.8125,0.0
-67.6875,5.9375,0.0
-67.6875,6.0625,0.0
-67.6875,6.1875,0.0
-67.6875,6.3125,0.0
-67.6875,6.4375,0.0
-67.6875,6.5625,0.0
-67.6875,6.6875,0.0
-67.6875,6.8125,0.0
-67.6875,6.9375,0.0
-67.6875,7.0625,0.0
-67.6875,7.1875,0.0
-67.6875,7.3125,0.0
-67.6875,7.4375,0.0
-67.6875,7.5625,0.0
-67.6875,7.6875,0.0
-67.6875,7.8125,0.0
-67.6875,7.9375,0.0
-67.6875,8.0625,0.0
-67.6875,8.1875,0.0
-67.6875,8.3125,0.0
-67.6875,8.4375,0.0
-67.6875,8.5625,0.0
-67.6875,8.6875,0.0
-67.6875,8.8125,0.0
-67.6875,8.9375,0.0
-67.6875,9.0625,0.0
-67.6875,9.1875,0.0
-67.6875,9.3125,0.0
-67.6875,9.4375,0.0
-67.6875,9.5625,0.0
-67.6875,9.6875,0.0
-67.6875,9.8125,0.0
-67.6875,9.9375,0.0
-67.6875,10.0625,0.0
-67.6875,10.1875,0.0
-67.6875,10.3125,0.0
-67.6875,10.4375,0.0
-67.6875,10.5625,0.0
-67.6875,10.6875,0.0
-67.6875,10.8125,294.299988
-67.6875,10.9375,282.799988
-67.6875,11.0625,296.899994
-67.6875,11.1875,288.200012
-67.6875,11.3125,279.700012
-67.6875,11.4375,276.799988
-67.6875,11.5625,276.700012
-67.6875,11.6875,277.700012
-67.6875,11.8125,280.5
-67.6875,11.9375,283.600006
-67.6875,12.0625,283.5
-67.6875,12.1875,283.700012
-67.6875,12.3125,286.100006
-67.6875,12.4375,289.299988
-67.5625,-4.1875,0.0
-67.5625,-4.0625,0.0
-67.5625,-3.9375,0.0
-67.5625,-3.8125,0.0
-67.5625,-3.6875,0.0
-67.5625,-3.5625,0.0
-67.5625,-3.4375,0.0
-67.5625,-3.3125,0.0
-67.5625,-3.1875,0.0
-67.5625,-3.0625,0.0
-67.5625,-2.9375,0.0
-67.5625,-2.8125,0.0
-67.5625,-2.6875,0.0
-67.5625,-2.5625,0.0
-67.5625,-2.4375,0.0
-67.5625,-2.3125,0.0
-67.5625,-2.1875,0.0
-67.5625,-2.0625,0.0
-67.5625,-1.9375,0.0
-67.5625,-1.8125,0.0
-67.5625,-1.6875,0.0
-67.5625,-1.5625,0.0
-67.5625,-1.4375,0.0
-67.5625,-1.3125,0.0
-67.5625,-1.1875,0.0
-67.5625,-1.0625,0.0
-67.5625,-0.9375,0.0
-67.5625,-0.8125,0.0
-67.5625,-0.6875,0.0
-67.5625,-0.5625,0.0
-67.5625,-0.4375,0.0
-67.5625,-0.3125,0.0
-67.5625,-0.1875,0.0
-67.5625,-0.0625,0.0
-67.5625,0.0625,0.0
-67.5625,0.1875,0.0
-67.5625,0.3125,0.0
-67.5625,0.4375,0.0
-67.5625,0.5625,0.0
-67.5625,0.6875,0.0
-67.5625,0.8125,0.0
-67.5625,0.9375,0.0
-67.5625,1.0625,0.0
-67.5625,1.1875,0.0
-67.5625,1.3125,0.0
-67.5625,1.4375,0.0
-67.5625,1.5625,0.0
-67.5625,1.6875,0.0
-67.5625,1.8125,0.0
-67.5625,1.9375,0.0
-67.5625,2.0625,0.0
-67.5625,2.1875,0.0
-67.5625,2.3125,0.0
-67.5625,2.4375,0.0
-67.5625,2.5625,0.0
-67.5625,2.6875,0.0
-67.5625,2.8125,0.0
-67.5625,2.9375,0.0
-67.5625,3.0625,0.0
-67.5625,3.1875,0.0
-67.5625,3.3125,0.0
-67.5625,3.4375,0.0
-67.5625,3.5625,0.0
-67.5625,3.6875,0.0
-67.5625,3.8125,0.0
-67.5625,3.9375,0.0
-67.5625,4.0625,0.0
-67.5625,4.1875,0.0
-67.5625,4.3125,0.0
-67.5625,4.4375,0.0
-67.5625,4.5625,0.0
-67.5625,4.6875,0.0
-67.5625,4.8125,0.0
-67.5625,4.9375,0.0
-67.5625,5.0625,0.0
-67.5625,5.1875,0.0
-67.5625,5.3125,0.0
-67.5625,5.4375,0.0
-67.5625,5.5625,0.0
-67.5625,5.6875,0.0
-67.5625,5.8125,0.0
-67.5625,5.9375,0.0
-67.5625,6.0625,0.0
-67.5625,6.1875,0.0
-67.5625,6.3125,0.0
-67.5625,6.4375,0.0
-67.5625,6.5625,0.0
-67.5625,6.6875,0.0
-67.5625,6.8125,0.0
-67.5625,6.9375,0.0
-67.5625,7.0625,0.0
-67.5625,7.1875,0.0
-67.5625,7.3125,0.0
-67.5625,7.4375,0.0
-67.5625,7.5625,0.0
-67.5625,7.6875,0.0
-67.5625,7.8125,0.0
-67.5625,7.9375,0.0
-67.5625,8.0625,0.0
-67.5625,8.1875,0.0
-67.5625,8.3125,0.0
-67.5625,8.4375,0.0
-67.5625,8.5625,0.0
-67.5625,8.6875,0.0
-67.5625,8.8125,0.0
-67.5625,8.9375,0.0
-67.5625,9.0625,0.0
-67.5625,9.1875,0.0
-67.5625,9.3125,0.0
-67.5625,9.4375,0.0
-67.5625,9.5625,0.0
-67.5625,9.6875,0.0
-67.5625,9.8125,0.0
-67.5625,9.9375,0.0
-67.5625,10.0625,0.0
-67.5625,10.1875,0.0
-67.5625,10.3125,0.0
-67.5625,10.4375,0.0
-67.5625,10.5625,0.0
-67.5625,10.6875,0.0
-67.5625,10.8125,0.0
-67.5625,10.9375,0.0
-67.5625,11.0625,0.0
-67.5625,11.1875,290.200012
-67.5625,11.3125,277.0
-67.5625,11.4375,273.700012
-67.5625,11.5625,272.600006
-67.5625,11.6875,274.700012
-67.5625,11.8125,279.200012
-67.5625,11.9375,282.200012
-67.5625,12.0625,282.799988
-67.5625,12.1875,283.600006
-67.5625,12.3125,285.100006
-67.5625,12.4375,289.200012
-67.4375,-4.1875,0.0
-67.4375,-4.0625,0.0
-67.4375,-3.9375,0.0
-67.4375,-3.8125,0.0
-67.4375,-3.6875,0.0
-67.4375,-3.5625,0.0
-67.4375,-3.4375,0.0
-67.4375,-3.3125,0.0
-67.4375,-3.1875,0.0
-67.4375,-3.0625,0.0
-67.4375,-2.9375,0.0
-67.4375,-2.8125,0.0
-67.4375,-2.6875,0.0
-67.4375,-2.5625,0.0
-67.4375,-2.4375,0.0
-67.4375,-2.3125,0.0
-67.4375,-2.1875,0.0
-67.4375,-2.0625,0.0
-67.4375,-1.9375,0.0
-67.4375,-1.8125,0.0
-67.4375,-1.6875,0.0
-67.4375,-1.5625,0.0
-67.4375,-1.4375,0.0
-67.4375,-1.3125,0.0
-67.4375,-1.1875,0.0
-67.4375,-1.0625,0.0
-67.4375,-0.9375,0.0
-67.4375,-0.8125,0.0
-67.4375,-0.6875,0.0
-67.4375,-0.5625,0.0
-67.4375,-0.4375,0.0
-67.4375,-0.3125,0.0
-67.4375,-0.1875,0.0
-67.4375,-0.0625,0.0
-67.4375,0.0625,0.0
-67.4375,0.1875,0.0
-67.4375,0.3125,0.0
-67.4375,0.4375,0.0
-67.4375,0.5625,0.0
-67.4375,0.6875,0.0
-67.4375,0.8125,0.0
-67.4375,0.9375,0.0
-67.4375,1.0625,0.0
-67.4375,1.1875,0.0
-67.4375,1.3125,0.0
-67.4375,1.4375,0.0
-67.4375,1.5625,0.0
-67.4375,1.6875,0.0
-67.4375,1.8125,0.0
-67.4375,1.9375,0.0
-67.4375,2.0625,0.0
-67.4375,2.1875,0.0
-67.4375,2.3125,0.0
-67.4375,2.4375,0.0
-67.4375,2.5625,0.0
-67.4375,2.6875,0.0
-67.4375,2.8125,0.0
-67.4375,2.9375,0.0
-67.4375,3.0625,0.0
-67.4375,3.1875,0.0
-67.4375,3.3125,0.0
-67.4375,3.4375,0.0
-67.4375,3.5625,0.0
-67.4375,3.6875,0.0
-67.4375,3.8125,0.0
-67.4375,3.9375,0.0
-67.4375,4.0625,0.0
-67.4375,4.1875,0.0
-67.4375,4.3125,0.0
-67.4375,4.4375,0.0
-67.4375,4.5625,0.0
-67.4375,4.6875,0.0
-67.4375,4.8125,0.0
-67.4375,4.9375,0.0
-67.4375,5.0625,0.0
-67.4375,5.1875,0.0
-67.4375,5.3125,0.0
-67.4375,5.4375,0.0
-67.4375,5.5625,0.0
-67.4375,5.6875,0.0
-67.4375,5.8125,0.0
-67.4375,5.9375,0.0
-67.4375,6.0625,0.0
-67.4375,6.1875,0.0
-67.4375,6.3125,0.0
-67.4375,6.4375,0.0
-67.4375,6.5625,0.0
-67.4375,6.6875,0.0
-67.4375,6.8125,0.0
-67.4375,6.9375,0.0
-67.4375,7.0625,0.0
-67.4375,7.1875,0.0
-67.4375,7.3125,0.0
-67.4375,7.4375,0.0
-67.4375,7.5625,0.0
-67.4375,7.6875,0.0
-67.4375,7.8125,0.0
-67.4375,7.9375,0.0
-67.4375,8.0625,0.0
-67.4375,8.1875,0.0
-67.4375,8.3125,0.0
-67.4375,8.4375,0.0
-67.4375,8.5625,0.0
-67.4375,8.6875,0.0
-67.4375,8.8125,0.0
-67.4375,8.9375,0.0
-67.4375,9.0625,0.0
-67.4375,9.1875,0.0
-67.4375,9.3125,0.0
-67.4375,9.4375,0.0
-67.4375,9.5625,0.0
-67.4375,9.6875,0.0
-67.4375,9.8125,0.0
-67.4375,9.9375,0.0
-67.4375,10.0625,0.0
-67.4375,10.1875,0.0
-67.4375,10.3125,0.0
-67.4375,10.4375,0.0
-67.4375,10.5625,0.0
-67.4375,10.6875,0.0
-67.4375,10.8125,0.0
-67.4375,10.9375,0.0
-67.4375,11.0625,0.0
-67.4375,11.1875,0.0
-67.4375,11.3125,0.0
-67.4375,11.4375,0.0
-67.4375,11.5625,0.0
-67.4375,11.6875,274.5
-67.4375,11.8125,279.100006
-67.4375,11.9375,281.5
-67.4375,12.0625,284.0
-67.4375,12.1875,286.200012
-67.4375,12.3125,288.0
-67.4375,12.4375,290.799988
-67.3125,-4.1875,0.0
-67.3125,-4.0625,0.0
-67.3125,-3.9375,0.0
-67.3125,-3.8125,0.0
-67.3125,-3.6875,0.0
-67.3125,-3.5625,0.0
-67.3125,-3.4375,0.0
-67.3125,-3.3125,0.0
-67.3125,-3.1875,0.0
-67.3125,-3.0625,0.0
-67.3125,-2.9375,0.0
-67.3125,-2.8125,0.0
-67.3125,-2.6875,0.0
-67.3125,-2.5625,0.0
-67.3125,-2.4375,0.0
-67.3125,-2.3125,0.0
-67.3125,-2.1875,0.0
-67.3125,-2.0625,0.0
-67.3125,-1.9375,0.0
-67.3125,-1.8125,0.0
-67.3125,-1.6875,0.0
-67.3125,-1.5625,0.0
-67.3125,-1.4375,0.0
-67.3125,-1.3125,0.0
-67.3125,-1.1875,0.0
-67.3125,-1.0625,0.0
-67.3125,-0.9375,0.0
-67.3125,-0.8125,0.0
-67.3125,-0.6875,0.0
-67.3125,-0.5625,0.0
-67.3125,-0.4375,0.0
-67.3125,-0.3125,0.0
-67.3125,-0.1875,0.0
-67.3125,-0.0625,0.0
-67.3125,0.0625,0.0
-67.3125,0.1875,0.0
-67.3125,0.3125,0.0
-67.3125,0.4375,0.0
-67.3125,0.5625,0.0
-67.3125,0.6875,0.0
-67.3125,0.8125,0.0
-67.3125,0.9375,0.0
-67.3125,1.0625,0.0
-67.3125,1.1875,0.0
-67.3125,1.3125,0.0
-67.3125,1.4375,0.0
-67.3125,1.5625,0.0
-67.3125,1.6875,0.0
-67.3125,1.8125,0.0
-67.3125,1.9375,0.0
-67.3125,2.0625,0.0
-67.3125,2.1875,0.0
-67.3125,2.3125,0.0
-67.3125,2.4375,0.0
-67.3125,2.5625,0.0
-67.3125,2.6875,0.0
-67.3125,2.8125,0.0
-67.3125,2.9375,0.0
-67.3125,3.0625,0.0
-67.3125,3.1875,0.0
-67.3125,3.3125,0.0
-67.3125,3.4375,0.0
-67.3125,3.5625,0.0
-67.3125,3.6875,0.0
-67.3125,3.8125,0.0
-67.3125,3.9375,0.0
-67.3125,4.0625,0.0
-67.3125,4.1875,0.0
-67.3125,4.3125,0.0
-67.3125,4.4375,0.0
-67.3125,4.5625,0.0
-67.3125,4.6875,0.0
-67.3125,4.8125,0.0
-67.3125,4.9375,0.0
-67.3125,5.0625,0.0
-67.3125,5.1875,0.0
-67.3125,5.3125,0.0
-67.3125,5.4375,0.0
-67.3125,5.5625,0.0
-67.3125,5.6875,0.0
-67.3125,5.8125,0.0
-67.3125,5.9375,0.0
-67.3125,6.0625,0.0
-67.3125,6.1875,0.0
-67.3125,6.3125,0.0
-67.3125,6.4375,0.0
-67.3125,6.5625,0.0
-67.3125,6.6875,0.0
-67.3125,6.8125,0.0
-67.3125,6.9375,0.0
-67.3125,7.0625,0.0
-67.3125,7.1875,0.0
-67.3125,7.3125,0.0
-67.3125,7.4375,0.0
-67.3125,7.5625,0.0
-67.3125,7.6875,0.0
-67.3125,7.8125,0.0
-67.3125,7.9375,0.0
-67.3125,8.0625,0.0
-67.3125,8.1875,0.0
-67.3125,8.3125,0.0
-67.3125,8.4375,0.0
-67.3125,8.5625,0.0
-67.3125,8.6875,0.0
-67.3125,8.8125,0.0
-67.3125,8.9375,0.0
-67.3125,9.0625,0.0
-67.3125,9.1875,0.0
-67.3125,9.3125,0.0
-67.3125,9.4375,0.0
-67.3125,9.5625,0.0
-67.3125,9.6875,0.0
-67.3125,9.8125,0.0
-67.3125,9.9375,0.0
-67.3125,10.0625,0.0
-67.3125,10.1875,0.0
-67.3125,10.3125,0.0
-67.3125,10.4375,0.0
-67.3125,10.5625,0.0
-67.3125,10.6875,0.0
-67.3125,10.8125,0.0
-67.3125,10.9375,0.0
-67.3125,11.0625,0.0
-67.3125,11.1875,0.0
-67.3125,11.3125,0.0
-67.3125,11.4375,0.0
-67.3125,11.5625,0.0
-67.3125,11.6875,0.0
-67.3125,11.8125,0.0
-67.3125,11.9375,0.0
-67.3125,12.0625,0.0
-67.3125,12.1875,288.200012
-67.3125,12.3125,290.200012
-67.3125,12.4375,293.200012
-67.1875,-4.1875,0.0
-67.1875,-4.0625,0.0
-67.1875,-3.9375,0.0
-67.1875,-3.8125,0.0
-67.1875,-3.6875,0.0
-67.1875,-3.5625,0.0
-67.1875,-3.4375,0.0
-67.1875,-3.3125,0.0
-67.1875,-3.1875,0.0
-67.1875,-3.0625,0.0
-67.1875,-2.9375,0.0
-67.1875,-2.8125,0.0
-67.1875,-2.6875,0.0
-67.1875,-2.5625,0.0
-67.1875,-2.4375,0.0
-67.1875,-2.3125,0.0
-67.1875,-2.1875,0.0
-67.1875,-2.0625,0.0
-67.1875,-1.9375,0.0
-67.1875,-1.8125,0.0
-67.1875,-1.6875,0.0
-67.1875,-1.5625,0.0
-67.1875,-1.4375,0.0
-67.1875,-1.3125,0.0
-67.1875,-1.1875,0.0
-67.1875,-1.0625,0.0
-67.1875,-0.9375,0.0
-67.1875,-0.8125,0.0
-67.1875,-0.6875,0.0
-67.1875,-0.5625,0.0
-67.1875,-0.4375,0.0
-67.1875,-0.3125,0.0
-67.1875,-0.1875,0.0
-67.1875,-0.0625,0.0
-67.1875,0.0625,0.0
-67.1875,0.1875,0.0
-67.1875,0.3125,0.0
-67.1875,0.4375,0.0
-67.1875,0.5625,0.0
-67.1875,0.6875,0.0
-67.1875,0.8125,0.0
-67.1875,0.9375,0.0
-67.1875,1.0625,0.0
-67.1875,1.1875,0.0
-67.1875,1.3125,0.0
-67.1875,1.4375,0.0
-67.1875,1.5625,0.0
-67.1875,1.6875,0.0
-67.1875,1.8125,0.0
-67.1875,1.9375,0.0
-67.1875,2.0625,0.0
-67.1875,2.1875,0.0
-67.1875,2.3125,0.0
-67.1875,2.4375,0.0
-67.1875,2.5625,0.0
-67.1875,2.6875,0.0
-67.1875,2.8125,0.0
-67.1875,2.9375,0.0
-67.1875,3.0625,0.0
-67.1875,3.1875,0.0
-67.1875,3.3125,0.0
-67.1875,3.4375,0.0
-67.1875,3.5625,0.0
-67.1875,3.6875,0.0
-67.1875,3.8125,0.0
-67.1875,3.9375,0.0
-67.1875,4.0625,0.0
-67.1875,4.1875,0.0
-67.1875,4.3125,0.0
-67.1875,4.4375,0.0
-67.1875,4.5625,0.0
-67.1875,4.6875,0.0
-67.1875,4.8125,0.0
-67.1875,4.9375,0.0
-67.1875,5.0625,0.0
-67.1875,5.1875,0.0
-67.1875,5.3125,0.0
-67.1875,5.4375,0.0
-67.1875,5.5625,0.0
-67.1875,5.6875,0.0
-67.1875,5.8125,0.0
-67.1875,5.9375,0.0
-67.1875,6.0625,0.0
-67.1875,6.1875,0.0
-67.1875,6.3125,0.0
-67.1875,6.4375,0.0
-67.1875,6.5625,0.0
-67.1875,6.6875,0.0
-67.1875,6.8125,0.0
-67.1875,6.9375,0.0
-67.1875,7.0625,0.0
-67.1875,7.1875,0.0
-67.1875,7.3125,0.0
-67.1875,7.4375,0.0
-67.1875,7.5625,0.0
-67.1875,7.6875,0.0
-67.1875,7.8125,0.0
-67.1875,7.9375,0.0
-67.1875,8.0625,0.0
-67.1875,8.1875,0.0
-67.1875,8.3125,0.0
-67.1875,8.4375,0.0
-67.1875,8.5625,0.0
-67.1875,8.6875,0.0
-67.1875,8.8125,0.0
-67.1875,8.9375,0.0
-67.1875,9.0625,0.0
-67.1875,9.1875,0.0
-67.1875,9.3125,0.0
-67.1875,9.4375,0.0
-67.1875,9.5625,0.0
-67.1875,9.6875,0.0
-67.1875,9.8125,0.0
-67.1875,9.9375,0.0
-67.1875,10.0625,0.0
-67.1875,10.1875,0.0
-67.1875,10.3125,0.0
-67.1875,10.4375,0.0
-67.1875,10.5625,0.0
-67.1875,10.6875,0.0
-67.1875,10.8125,0.0
-67.1875,10.9375,0.0
-67.1875,11.0625,0.0
-67.1875,11.1875,0.0
-67.1875,11.3125,0.0
-67.1875,11.4375,0.0
-67.1875,11.5625,0.0
-67.1875,11.6875,0.0
-67.1875,11.8125,0.0
-67.1875,11.9375,0.0
-67.1875,12.0625,0.0
-67.1875,12.1875,0.0
-67.1875,12.3125,0.0
-67.1875,12.4375,0.0
-67.0625,-4.1875,0.0
-67.0625,-4.0625,0.0
-67.0625,-3.9375,0.0
-67.0625,-3.8125,0.0
-67.0625,-3.6875,0.0
-67.0625,-3.5625,0.0
-67.0625,-3.4375,0.0
-67.0625,-3.3125,0.0
-67.0625,-3.1875,0.0
-67.0625,-3.0625,0.0
-67.0625,-2.9375,0.0
-67.0625,-2.8125,0.0
-67.0625,-2.6875,0.0
-67.0625,-2.5625,0.0
-67.0625,-2.4375,0.0
-67.0625,-2.3125,0.0
-67.0625,-2.1875,0.0
-67.0625,-2.0625,0.0
-67.0625,-1.9375,0.0
-67.0625,-1.8125,0.0
-67.0625,-1.6875,0.0
-67.0625,-1.5625,0.0
-67.0625,-1.4375,0.0
-67.0625,-1.3125,0.0
-67.0625,-1.1875,0.0
-67.0625,-1.0625,0.0
-67.0625,-0.9375,0.0
-67.0625,-0.8125,0.0
-67.0625,-0.6875,0.0
-67.0625,-0.5625,0.0
-67.0625,-0.4375,0.0
-67.0625,-0.3125,0.0
-67.0625,-0.1875,0.0
-67.0625,-0.0625,0.0
-67.0625,0.0625,0.0
-67.0625,0.1875,0.0
-67.0625,0.3125,0.0
-67.0625,0.4375,0.0
-67.0625,0.5625,0.0
-67.0625,0.6875,0.0
-67.0625,0.8125,0.0
-67.0625,0.9375,0.0
-67.0625,1.0625,0.0
-67.0625,1.1875,0.0
-67.0625,1.3125,0.0
-67.0625,1.4375,0.0
-67.0625,1.5625,0.0
-67.0625,1.6875,0.0
-67.0625,1.8125,0.0
-67.0625,1.9375,0.0
-67.0625,2.0625,0.0
-67.0625,2.1875,0.0
-67.0625,2.3125,0.0
-67.0625,2.4375,0.0
-67.0625,2.5625,0.0
-67.0625,2.6875,0.0
-67.0625,2.8125,0.0
-67.0625,2.9375,0.0
-67.0625,3.0625,0.0
-67.0625,3.1875,0.0
-67.0625,3.3125,0.0
-67.0625,3.4375,0.0
-67.0625,3.5625,0.0
-67.0625,3.6875,0.0
-67.0625,3.8125,0.0
-67.0625,3.9375,0.0
-67.0625,4.0625,0.0
-67.0625,4.1875,0.0
-67.0625,4.3125,0.0
-67.0625,4.4375,0.0
-67.0625,4.5625,0.0
-67.0625,4.6875,0.0
-67.0625,4.8125,0.0
-67.0625,4.9375,0.0
-67.0625,5.0625,0.0
-67.0625,5.1875,0.0
-67.0625,5.3125,0.0
-67.0625,5.4375,0.0
-67.0625,5.5625,0.0
-67.0625,5.6875,0.0
-67.0625,5.8125,0.0
-67.0625,5.9375,0.0
-67.0625,6.0625,0.0
-67.0625,6.1875,0.0
-67.0625,6.3125,0.0
-67.0625,6.4375,0.0
-67.0625,6.5625,0.0
-67.0625,6.6875,0.0
-67.0625,6.8125,0.0
-67.0625,6.9375,0.0
-67.0625,7.0625,0.0
-67.0625,7.1875,0.0
-67.0625,7.3125,0.0
-67.0625,7.4375,0.0
-67.0625,7.5625,0.0
-67.0625,7.6875,0.0
-67.0625,7.8125,0.0
-67.0625,7.9375,0.0
-67.0625,8.0625,0.0
-67.0625,8.1875,0.0
-67.0625,8.3125,0.0
-67.0625,8.4375,0.0
-67.0625,8.5625,0.0
-67.0625,8.6875,0.0
-67.0625,8.8125,0.0
-67.0625,8.9375,0.0
-67.0625,9.0625,0.0
-67.0625,9.1875,0.0
-67.0625,9.3125,0.0
-67.0625,9.4375,0.0
-67.0625,9.5625,0.0
-67.0625,9.6875,0.0
-67.0625,9.8125,0.0
-67.0625,9.9375,0.0
-67.0625,10.0625,0.0
-67.0625,10.1875,0.0
-67.0625,10.3125,0.0
-67.0625,10.4375,0.0
-67.0625,10.5625,0.0
-67.0625,10.6875,0.0
-67.0625,10.8125,0.0
-67.0625,10.9375,0.0
-67.0625,11.0625,0.0
-67.0625,11.1875,0.0
-67.0625,11.3125,0.0
-67.0625,11.4375,0.0
-67.0625,11.5625,0.0
-67.0625,11.6875,0.0
-67.0625,11.8125,0.0
-67.0625,11.9375,0.0
-67.0625,12.0625,0.0
-67.0625,12.1875,0.0
-67.0625,12.3125,0.0
-67.0625,12.4375,0.0
-66.9375,-4.1875,0.0
-66.9375,-4.0625,0.0
-66.9375,-3.9375,0.0
-66.9375,-3.8125,0.0
-66.9375,-3.6875,0.0
-66.9375,-3.5625,0.0
-66.9375,-3.4375,0.0
-66.9375,-3.3125,0.0
-66.9375,-3.1875,0.0
-66.9375,-3.0625,0.0
-66.9375,-2.9375,0.0
-66.9375,-2.8125,0.0
-66.9375,-2.6875,0.0
-66.9375,-2.5625,0.0
-66.9375,-2.4375,0.0
-66.9375,-2.3125,0.0
-66.9375,-2.1875,0.0
-66.9375,-2.0625,0.0
-66.9375,-1.9375,0.0
-66.9375,-1.8125,0.0
-66.9375,-1.6875,0.0
-66.9375,-1.5625,0.0
-66.9375,-1.4375,0.0
-66.9375,-1.3125,0.0
-66.9375,-1.1875,0.0
-66.9375,-1.0625,0.0
-66.9375,-0.9375,0.0
-66.9375,-0.8125,0.0
-66.9375,-0.6875,0.0
-66.9375,-0.5625,0.0
-66.9375,-0.4375,0.0
-66.9375,-0.3125,0.0
-66.9375,-0.1875,0.0
-66.9375,-0.0625,0.0
-66.9375,0.0625,0.0
-66.9375,0.1875,0.0
-66.9375,0.3125,0.0
-66.9375,0.4375,0.0
-66.9375,0.5625,0.0
-66.9375,0.6875,0.0
-66.9375,0.8125,0.0
-66.9375,0.9375,0.0
-66.9375,1.0625,0.0
-66.9375,1.1875,0.0
-66.9375,1.3125,0.0
-66.9375,1.4375,0.0
-66.9375,1.5625,0.0
-66.9375,1.6875,0.0
-66.9375,1.8125,0.0
-66.9375,1.9375,0.0
-66.9375,2.0625,0.0
-66.9375,2.1875,0.0
-66.9375,2.3125,0.0
-66.9375,2.4375,0.0
-66.9375,2.5625,0.0
-66.9375,2.6875,0.0
-66.9375,2.8125,0.0
-66.9375,2.9375,0.0
-66.9375,3.0625,0.0
-66.9375,3.1875,0.0
-66.9375,3.3125,0.0
-66.9375,3.4375,0.0
-66.9375,3.5625,0.0
-66.9375,3.6875,0.0
-66.9375,3.8125,0.0
-66.9375,3.9375,0.0
-66.9375,4.0625,0.0
-66.9375,4.1875,0.0
-66.9375,4.3125,0.0
-66.9375,4.4375,0.0
-66.9375,4.5625,0.0
-66.9375,4.6875,0.0
-66.9375,4.8125,0.0
-66.9375,4.9375,0.0
-66.9375,5.0625,0.0
-66.9375,5.1875,0.0
-66.9375,5.3125,0.0
-66.9375,5.4375,0.0
-66.9375,5.5625,0.0
-66.9375,5.6875,0.0
-66.9375,5.8125,0.0
-66.9375,5.9375,0.0
-66.9375,6.0625,0.0
-66.9375,6.1875,0.0
-66.9375,6.3125,0.0
-66.9375,6.4375,0.0
-66.9375,6.5625,0.0
-66.9375,6.6875,0.0
-66.9375,6.8125,0.0
-66.9375,6.9375,0.0
-66.9375,7.0625,0.0
-66.9375,7.1875,0.0
-66.9375,7.3125,0.0
-66.9375,7.4375,0.0
-66.9375,7.5625,0.0
-66.9375,7.6875,0.0
-66.9375,7.8125,0.0
-66.9375,7.9375,0.0
-66.9375,8.0625,0.0
-66.9375,8.1875,0.0
-66.9375,8.3125,0.0
-66.9375,8.4375,0.0
-66.9375,8.5625,0.0
-66.9375,8.6875,0.0
-66.9375,8.8125,0.0
-66.9375,8.9375,0.0
-66.9375,9.0625,0.0
-66.9375,9.1875,0.0
-66.9375,9.3125,0.0
-66.9375,9.4375,0.0
-66.9375,9.5625,0.0
-66.9375,9.6875,0.0
-66.9375,9.8125,0.0
-66.9375,9.9375,0.0
-66.9375,10.0625,0.0
-66.9375,10.1875,0.0
-66.9375,10.3125,0.0
-66.9375,10.4375,0.0
-66.9375,10.5625,0.0
-66.9375,10.6875,0.0
-66.9375,10.8125,0.0
-66.9375,10.9375,0.0
-66.9375,11.0625,0.0
-66.9375,11.1875,0.0
-66.9375,11.3125,0.0
-66.9375,11.4375,0.0
-66.9375,11.5625,0.0
-66.9375,11.6875,0.0
-66.9375,11.8125,0.0
-66.9375,11.9375,0.0
-66.9375,12.0625,0.0
-66.9375,12.1875,0.0
-66.9375,12.3125,0.0
-66.9375,12.4375,0.0
-66.8125,-4.1875,0.0
-66.8125,-4.0625,0.0
-66.8125,-3.9375,0.0
-66.8125,-3.8125,0.0
-66.8125,-3.6875,0.0
-66.8125,-3.5625,0.0
-66.8125,-3.4375,0.0
-66.8125,-3.3125,0.0
-66.8125,-3.1875,0.0
-66.8125,-3.0625,0.0
-66.8125,-2.9375,0.0
-66.8125,-2.8125,0.0
-66.8125,-2.6875,0.0
-66.8125,-2.5625,0.0
-66.8125,-2.4375,0.0
-66.8125,-2.3125,0.0
-66.8125,-2.1875,0.0
-66.8125,-2.0625,0.0
-66.8125,-1.9375,0.0
-66.8125,-1.8125,0.0
-66.8125,-1.6875,0.0
-66.8125,-1.5625,0.0
-66.8125,-1.4375,0.0
-66.8125,-1.3125,0.0
-66.8125,-1.1875,0.0
-66.8125,-1.0625,0.0
-66.8125,-0.9375,0.0
-66.8125,-0.8125,0.0
-66.8125,-0.6875,0.0
-66.8125,-0.5625,0.0
-66.8125,-0.4375,0.0
-66.8125,-0.3125,0.0
-66.8125,-0.1875,0.0
-66.8125,-0.0625,0.0
-66.8125,0.0625,0.0
-66.8125,0.1875,0.0
-66.8125,0.3125,0.0
-66.8125,0.4375,0.0
-66.8125,0.5625,0.0
-66.8125,0.6875,0.0
-66.8125,0.8125,0.0
-66.8125,0.9375,0.0
-66.8125,1.0625,0.0
-66.8125,1.1875,0.0
-66.8125,1.3125,0.0
-66.8125,1.4375,0.0
-66.8125,1.5625,0.0
-66.8125,1.6875,0.0
-66.8125,1.8125,0.0
-66.8125,1.9375,0.0
-66.8125,2.0625,0.0
-66.8125,2.1875,0.0
-66.8125,2.3125,0.0
-66.8125,2.4375,0.0
-66.8125,2.5625,0.0
-66.8125,2.6875,0.0
-66.8125,2.8125,0.0
-66.8125,2.9375,0.0
-66.8125,3.0625,0.0
-66.8125,3.1875,0.0
-66.8125,3.3125,0.0
-66.8125,3.4375,0.0
-66.8125,3.5625,0.0
-66.8125,3.6875,0.0
-66.8125,3.8125,0.0
-66.8125,3.9375,0.0
-66.8125,4.0625,0.0
-66.8125,4.1875,0.0
-66.8125,4.3125,0.0
-66.8125,4.4375,0.0
-66.8125,4.5625,0.0
-66.8125,4.6875,0.0
-66.8125,4.8125,0.0
-66.8125,4.9375,0.0
-66.8125,5.0625,0.0
-66.8125,5.1875,0.0
-66.8125,5.3125,0.0
-66.8125,5.4375,0.0
-66.8125,5.5625,0.0
-66.8125,5.6875,0.0
-66.8125,5.8125,0.0
-66.8125,5.9375,0.0
-66.8125,6.0625,0.0
-66.8125,6.1875,0.0
-66.8125,6.3125,0.0
-66.8125,6.4375,0.0
-66.8125,6.5625,0.0
-66.8125,6.6875,0.0
-66.8125,6.8125,0.0
-66.8125,6.9375,0.0
-66.8125,7.0625,0.0
-66.8125,7.1875,0.0
-66.8125,7.3125,0.0
-66.8125,7.4375,0.0
-66.8125,7.5625,0.0
-66.8125,7.6875,0.0
-66.8125,7.8125,0.0
-66.8125,7.9375,0.0
-66.8125,8.0625,0.0
-66.8125,8.1875,0.0
-66.8125,8.3125,0.0
-66.8125,8.4375,0.0
-66.8125,8.5625,0.0
-66.8125,8.6875,0.0
-66.8125,8.8125,0.0
-66.8125,8.9375,0.0
-66.8125,9.0625,0.0
-66.8125,9.1875,0.0
-66.8125,9.3125,0.0
-66.8125,9.4375,0.0
-66.8125,9.5625,0.0
-66.8125,9.6875,0.0
-66.8125,9.8125,0.0
-66.8125,9.9375,0.0
-66.8125,10.0625,0.0
-66.8125,10.1875,0.0
-66.8125,10.3125,0.0
-66.8125,10.4375,0.0
-66.8125,10.5625,0.0
-66.8125,10.6875,0.0
-66.8125,10.8125,0.0
-66.8125,10.9375,0.0
-66.8125,11.0625,0.0
-66.8125,11.1875,0.0
-66.8125,11.3125,0.0
-66.8125,11.4375,0.0
-66.8125,11.5625,0.0
-66.8125,11.6875,0.0
-66.8125,11.8125,0.0
-66.8125,11.9375,0.0
-66.8125,12.0625,0.0
-66.8125,12.1875,0.0
-66.8125,12.3125,0.0
-66.8125,12.4375,0.0
-66.6875,-4.1875,0.0
-66.6875,-4.0625,0.0
-66.6875,-3.9375,0.0
-66.6875,-3.8125,0.0
-66.6875,-3.6875,0.0
-66.6875,-3.5625,0.0
-66.6875,-3.4375,0.0
-66.6875,-3.3125,0.0
-66.6875,-3.1875,0.0
-66.6875,-3.0625,0.0
-66.6875,-2.9375,0.0
-66.6875,-2.8125,0.0
-66.6875,-2.6875,0.0
-66.6875,-2.5625,0.0
-66.6875,-2.4375,0.0
-66.6875,-2.3125,0.0
-66.6875,-2.1875,0.0
-66.6875,-2.0625,0.0
-66.6875,-1.9375,0.0
-66.6875,-1.8125,0.0
-66.6875,-1.6875,0.0
-66.6875,-1.5625,0.0
-66.6875,-1.4375,0.0
-66.6875,-1.3125,0.0
-66.6875,-1.1875,0.0
-66.6875,-1.0625,0.0
-66.6875,-0.9375,0.0
-66.6875,-0.8125,0.0
-66.6875,-0.6875,0.0
-66.6875,-0.5625,0.0
-66.6875,-0.4375,0.0
-66.6875,-0.3125,0.0
-66.6875,-0.1875,0.0
-66.6875,-0.0625,0.0
-66.6875,0.0625,0.0
-66.6875,0.1875,0.0
-66.6875,0.3125,0.0
-66.6875,0.4375,0.0
-66.6875,0.5625,0.0
-66.6875,0.6875,0.0
-66.6875,0.8125,0.0
-66.6875,0.9375,0.0
-66.6875,1.0625,0.0
-66.6875,1.1875,0.0
-66.6875,1.3125,0.0
-66.6875,1.4375,0.0
-66.6875,1.5625,0.0
-66.6875,1.6875,0.0
-66.6875,1.8125,0.0
-66.6875,1.9375,0.0
-66.6875,2.0625,0.0
-66.6875,2.1875,0.0
-66.6875,2.3125,0.0
-66.6875,2.4375,0.0
-66.6875,2.5625,0.0
-66.6875,2.6875,0.0
-66.6875,2.8125,0.0
-66.6875,2.9375,0.0
-66.6875,3.0625,0.0
-66.6875,3.1875,0.0
-66.6875,3.3125,0.0
-66.6875,3.4375,0.0
-66.6875,3.5625,0.0
-66.6875,3.6875,0.0
-66.6875,3.8125,0.0
-66.6875,3.9375,0.0
-66.6875,4.0625,0.0
-66.6875,4.1875,0.0
-66.6875,4.3125,0.0
-66.6875,4.4375,0.0
-66.6875,4.5625,0.0
-66.6875,4.6875,0.0
-66.6875,4.8125,0.0
-66.6875,4.9375,0.0
-66.6875,5.0625,0.0
-66.6875,5.1875,0.0
-66.6875,5.3125,0.0
-66.6875,5.4375,0.0
-66.6875,5.5625,0.0
-66.6875,5.6875,0.0
-66.6875,5.8125,0.0
-66.6875,5.9375,0.0
-66.6875,6.0625,0.0
-66.6875,6.1875,0.0
-66.6875,6.3125,0.0
-66.6875,6.4375,0.0
-66.6875,6.5625,0.0
-66.6875,6.6875,0.0
-66.6875,6.8125,0.0
-66.6875,6.9375,0.0
-66.6875,7.0625,0.0
-66.6875,7.1875,0.0
-66.6875,7.3125,0.0
-66.6875,7.4375,0.0
-66.6875,7.5625,0.0
-66.6875,7.6875,0.0
-66.6875,7.8125,0.0
-66.6875,7.9375,0.0
-66.6875,8.0625,0.0
-66.6875,8.1875,0.0
-66.6875,8.3125,0.0
-66.6875,8.4375,0.0
-66.6875,8.5625,0.0
-66.6875,8.6875,0.0
-66.6875,8.8125,0.0
-66.6875,8.9375,0.0
-66.6875,9.0625,0.0
-66.6875,9.1875,0.0
-66.6875,9.3125,0.0
-66.6875,9.4375,0.0
-66.6875,9.5625,0.0
-66.6875,9.6875,0.0
-66.6875,9.8125,0.0
-66.6875,9.9375,0.0
-66.6875,10.0625,0.0
-66.6875,10.1875,0.0
-66.6875,10.3125,0.0
-66.6875,10.4375,0.0
-66.6875,10.5625,0.0
-66.6875,10.6875,0.0
-66.6875,10.8125,0.0
-66.6875,10.9375,0.0
-66.6875,11.0625,0.0
-66.6875,11.1875,0.0
-66.6875,11.3125,0.0
-66.6875,11.4375,0.0
-66.6875,11.5625,0.0
-66.6875,11.6875,0.0
-66.6875,11.8125,0.0
-66.6875,11.9375,0.0
-66.6875,12.0625,0.0
-66.6875,12.1875,0.0
-66.6875,12.3125,0.0
-66.6875,12.4375,0.0
-66.5625,-4.1875,0.0
-66.5625,-4.0625,0.0
-66.5625,-3.9375,0.0
-66.5625,-3.8125,0.0
-66.5625,-3.6875,0.0
-66.5625,-3.5625,0.0
-66.5625,-3.4375,0.0
-66.5625,-3.3125,0.0
-66.5625,-3.1875,0.0
-66.5625,-3.0625,0.0
-66.5625,-2.9375,0.0
-66.5625,-2.8125,0.0
-66.5625,-2.6875,0.0
-66.5625,-2.5625,0.0
-66.5625,-2.4375,0.0
-66.5625,-2.3125,0.0
-66.5625,-2.1875,0.0
-66.5625,-2.0625,0.0
-66.5625,-1.9375,0.0
-66.5625,-1.8125,0.0
-66.5625,-1.6875,0.0
-66.5625,-1.5625,0.0
-66.5625,-1.4375,0.0
-66.5625,-1.3125,0.0
-66.5625,-1.1875,0.0
-66.5625,-1.0625,0.0
-66.5625,-0.9375,0.0
-66.5625,-0.8125,0.0
-66.5625,-0.6875,0.0
-66.5625,-0.5625,0.0
-66.5625,-0.4375,0.0
-66.5625,-0.3125,0.0
-66.5625,-0.1875,0.0
-66.5625,-0.0625,0.0
-66.5625,0.0625,0.0
-66.5625,0.1875,0.0
-66.5625,0.3125,0.0
-66.5625,0.4375,0.0
-66.5625,0.5625,0.0
-66.5625,0.6875,0.0
-66.5625,0.8125,0.0
-66.5625,0.9375,0.0
-66.5625,1.0625,0.0
-66.5625,1.1875,0.0
-66.5625,1.3125,0.0
-66.5625,1.4375,0.0
-66.5625,1.5625,0.0
-66.5625,1.6875,0.0
-66.5625,1.8125,0.0
-66.5625,1.9375,0.0
-66.5625,2.0625,0.0
-66.5625,2.1875,0.0
-66.5625,2.3125,0.0
-66.5625,2.4375,0.0
-66.5625,2.5625,0.0
-66.5625,2.6875,0.0
-66.5625,2.8125,0.0
-66.5625,2.9375,0.0
-66.5625,3.0625,0.0
-66.5625,3.1875,0.0
-66.5625,3.3125,0.0
-66.5625,3.4375,0.0
-66.5625,3.5625,0.0
-66.5625,3.6875,0.0
-66.5625,3.8125,0.0
-66.5625,3.9375,0.0
-66.5625,4.0625,0.0
-66.5625,4.1875,0.0
-66.5625,4.3125,0.0
-66.5625,4.4375,0.0
-66.5625,4.5625,0.0
-66.5625,4.6875,0.0
-66.5625,4.8125,0.0
-66.5625,4.9375,0.0
-66.5625,5.0625,0.0
-66.5625,5.1875,0.0
-66.5625,5.3125,0.0
-66.5625,5.4375,0.0
-66.5625,5.5625,0.0
-66.5625,5.6875,0.0
-66.5625,5.8125,0.0
-66.5625,5.9375,0.0
-66.5625,6.0625,0.0
-66.5625,6.1875,0.0
-66.5625,6.3125,0.0
-66.5625,6.4375,0.0
-66.5625,6.5625,0.0
-66.5625,6.6875,0.0
-66.5625,6.8125,0.0
-66.5625,6.9375,0.0
-66.5625,7.0625,0.0
-66.5625,7.1875,0.0
-66.5625,7.3125,0.0
-66.5625,7.4375,0.0
-66.5625,7.5625,0.0
-66.5625,7.6875,0.0
-66.5625,7.8125,0.0
-66.5625,7.9375,0.0
-66.5625,8.0625,0.0
-66.5625,8.1875,0.0
-66.5625,8.3125,0.0
-66.5625,8.4375,0.0
-66.5625,8.5625,0.0
-66.5625,8.6875,0.0
-66.5625,8.8125,0.0
-66.5625,8.9375,0.0
-66.5625,9.0625,0.0
-66.5625,9.1875,0.0
-66.5625,9.3125,0.0
-66.5625,9.4375,0.0
-66.5625,9.5625,0.0
-66.5625,9.6875,0.0
-66.5625,9.8125,0.0
-66.5625,9.9375,0.0
-66.5625,10.0625,0.0
-66.5625,10.1875,0.0
-66.5625,10.3125,0.0
-66.5625,10.4375,0.0
-66.5625,10.5625,0.0
-66.5625,10.6875,0.0
-66.5625,10.8125,0.0
-66.5625,10.9375,0.0
-66.5625,11.0625,0.0
-66.5625,11.1875,0.0
-66.5625,11.3125,0.0
-66.5625,11.4375,0.0
-66.5625,11.5625,0.0
-66.5625,11.6875,0.0
-66.5625,11.8125,0.0
-66.5625,11.9375,0.0
-66.5625,12.0625,0.0
-66.5625,12.1875,0.0
-66.5625,12.3125,0.0
-66.5625,12.4375,0.0
