longitude,latitude,wind_velocity
-79.0625,-4.1875,0.0
-79.0625,-4.0625,0.0
-79.0625,-3.9375,0.0
-79.0625,-3.8125,0.0
-79.0625,-3.6875,0.0
-79.0625,-3.5625,0.0
-79.0625,-3.4375,0.0
-79.0625,-3.3125,0.0
-79.0625,-3.1875,0.0
-79.0625,-3.0625,0.0
-79.0625,-2.9375,0.0
-79.0625,-2.8125,0.0
-79.0625,-2.6875,0.0
-79.0625,-2.5625,0.0
-79.0625,-2.4375,0.0
-79.0625,-2.3125,0.0
-79.0625,-2.1875,0.0
-79.0625,-2.0625,0.0
-79.0625,-1.9375,0.0
-79.0625,-1.8125,0.0
-79.0625,-1.6875,0.0
-79.0625,-1.5625,0.0
-79.0625,-1.4375,0.0
-79.0625,-1.3125,0.0
-79.0625,-1.1875,0.0
-79.0625,-1.0625,0.0
-79.0625,-0.9375,0.0
-79.0625,-0.8125,0.0
-79.0625,-0.6875,0.0
-79.0625,-0.5625,0.0
-79.0625,-0.4375,0.0
-79.0625,-0.3125,0.0
-79.0625,-0.1875,0.0
-79.0625,-0.0625,0.0
-79.0625,0.0625,0.0
-79.0625,0.1875,0.0
-79.0625,0.3125,0.0
-79.0625,0.4375,0.0
-79.0625,0.5625,0.0
-79.0625,0.6875,0.0
-79.0625,0.8125,0.0
-79.0625,0.9375,0.0
-79.0625,1.0625,0.0
-79.0625,1.1875,0.0
-79.0625,1.3125,0.0
-79.0625,1.4375,0.0
-79.0625,1.5625,0.0
-79.0625,1.6875,0.0
-79.0625,1.8125,0.0
-79.0625,1.9375,0.0
-79.0625,2.0625,0.0
-79.0625,2.1875,0.0
-79.0625,2.3125,0.0
-79.0625,2.4375,0.0
-79.0625,2.5625,0.0
-79.0625,2.6875,0.0
-79.0625,2.8125,0.0
-79.0625,2.9375,0.0
-79.0625,3.0625,0.0
-79.0625,3.1875,0.0
-79.0625,3.3125,0.0
-79.0625,3.4375,0.0
-79.0625,3.5625,0.0
-79.0625,3.6875,0.0
-79.0625,3.8125,0.0
-79.0625,3.9375,0.0
-79.0625,4.0625,0.0
-79.0625,4.1875,0.0
-79.0625,4.3125,0.0
-79.0625,4.4375,0.0
-79.0625,4.5625,0.0
-79.0625,4.6875,0.0
-79.0625,4.8125,0.0
-79.0625,4.9375,0.0
-79.0625,5.0625,0.0
-79.0625,5.1875,0.0
-79.0625,5.3125,0.0
-79.0625,5.4375,0.0
-79.0625,5.5625,0.0
-79.0625,5.6875,0.0
-79.0625,5.8125,0.0
-79.0625,5.9375,0.0
-79.0625,6.0625,0.0
-79.0625,6.1875,0.0
-79.0625,6.3125,0.0
-79.0625,6.4375,0.0
-79.0625,6.5625,0.0
-79.0625,6.6875,0.0
-79.0625,6.8125,0.0
-79.0625,6.9375,0.0
-79.0625,7.0625,0.0
-79.0625,7.1875,0.0
-79.0625,7.3125,0.0
-79.0625,7.4375,0.0
-79.0625,7.5625,0.0
-79.0625,7.6875,0.0
-79.0625,7.8125,0.0
-79.0625,7.9375,0.0
-79.0625,8.0625,0.0
-79.0625,8.1875,0.0
-79.0625,8.3125,0.0
-79.0625,8.4375,0.0
-79.0625,8.5625,0.0
-79.0625,8.6875,0.0
-79.0625,8.8125,0.0
-79.0625,8.9375,0.0
-79.0625,9.0625,0.0
-79.0625,9.1875,0.0
-79.0625,9.3125,0.0
-79.0625,9.4375,0.0
-79.0625,9.5625,0.0
-79.0625,9.6875,0.0
-79.0625,9.8125,0.0
-79.0625,9.9375,0.0
-79.0625,10.0625,0.0
-79.0625,10.1875,0.0
-79.0625,10.3125,0.0
-79.0625,10.4375,0.0
-79.0625,10.5625,0.0
-79.0625,10.6875,0.0
-79.0625,10.8125,0.0
-79.0625,10.9375,0.0
-79.0625,11.0625,0.0
-79.0625,11.1875,0.0
-79.0625,11.3125,0.0
-79.0625,11.4375,0.0
-79.0625,11.5625,0.0
-79.0625,11.6875,0.0
-79.0625,11.8125,0.0
-79.0625,11.9375,0.0
-79.0625,12.0625,0.0
-79.0625,12.1875,0.0
-79.0625,12.3125,0.0
-79.0625,12.4375,0.0
-78.9375,-4.1875,0.0
-78.9375,-4.0625,0.0
-78.9375,-3.9375,0.0
-78.9375,-3.8125,0.0
-78.9375,-3.6875,0.0
-78.9375,-3.5625,0.0
-78.9375,-3.4375,0.0
-78.9375,-3.3125,0.0
-78.9375,-3.1875,0.0
-78.9375,-3.0625,0.0
-78.9375,-2.9375,0.0
-78.9375,-2.8125,0.0
-78.9375,-2.6875,0.0
-78.9375,-2.5625,0.0
-78.9375,-2.4375,0.0
-78.9375,-2.3125,0.0
-78.9375,-2.1875,0.0
-78.9375,-2.0625,0.0
-78.9375,-1.9375,0.0
-78.9375,-1.8125,0.0
-78.9375,-1.6875,0.0
-78.9375,-1.5625,0.0
-78.9375,-1.4375,0.0
-78.9375,-1.3125,0.0
-78.9375,-1.1875,0.0
-78.9375,-1.0625,0.0
-78.9375,-0.9375,0.0
-78.9375,-0.8125,0.0
-78.9375,-0.6875,0.0
-78.9375,-0.5625,0.0
-78.9375,-0.4375,0.0
-78.9375,-0.3125,0.0
-78.9375,-0.1875,0.0
-78.9375,-0.0625,0.0
-78.9375,0.0625,0.0
-78.9375,0.1875,0.0
-78.9375,0.3125,0.0
-78.9375,0.4375,0.0
-78.9375,0.5625,0.0
-78.9375,0.6875,0.0
-78.9375,0.8125,0.0
-78.9375,0.9375,0.0
-78.9375,1.0625,0.0
-78.9375,1.1875,0.0
-78.9375,1.3125,0.0
-78.9375,1.4375,0.0
-78.9375,1.5625,0.0
-78.9375,1.6875,0.0
-78.9375,1.8125,0.0
-78.9375,1.9375,0.0
-78.9375,2.0625,0.0
-78.9375,2.1875,0.0
-78.9375,2.3125,0.0
-78.9375,2.4375,0.0
-78.9375,2.5625,0.0
-78.9375,2.6875,0.0
-78.9375,2.8125,0.0
-78.9375,2.9375,0.0
-78.9375,3.0625,0.0
-78.9375,3.1875,0.0
-78.9375,3.3125,0.0
-78.9375,3.4375,0.0
-78.9375,3.5625,0.0
-78.9375,3.6875,0.0
-78.9375,3.8125,0.0
-78.9375,3.9375,0.0
-78.9375,4.0625,0.0
-78.9375,4.1875,0.0
-78.9375,4.3125,0.0
-78.9375,4.4375,0.0
-78.9375,4.5625,0.0
-78.9375,4.6875,0.0
-78.9375,4.8125,0.0
-78.9375,4.9375,0.0
-78.9375,5.0625,0.0
-78.9375,5.1875,0.0
-78.9375,5.3125,0.0
-78.9375,5.4375,0.0
-78.9375,5.5625,0.0
-78.9375,5.6875,0.0
-78.9375,5.8125,0.0
-78.9375,5.9375,0.0
-78.9375,6.0625,0.0
-78.9375,6.1875,0.0
-78.9375,6.3125,0.0
-78.9375,6.4375,0.0
-78.9375,6.5625,0.0
-78.9375,6.6875,0.0
-78.9375,6.8125,0.0
-78.9375,6.9375,0.0
-78.9375,7.0625,0.0
-78.9375,7.1875,0.0
-78.9375,7.3125,0.0
-78.9375,7.4375,0.0
-78.9375,7.5625,0.0
-78.9375,7.6875,0.0
-78.9375,7.8125,0.0
-78.9375,7.9375,0.0
-78.9375,8.0625,0.0
-78.9375,8.1875,0.0
-78.9375,8.3125,0.0
-78.9375,8.4375,0.0
-78.9375,8.5625,0.0
-78.9375,8.6875,0.0
-78.9375,8.8125,0.0
-78.9375,8.9375,0.0
-78.9375,9.0625,0.0
-78.9375,9.1875,0.0
-78.9375,9.3125,0.0
-78.9375,9.4375,0.0
-78.9375,9.5625,0.0
-78.9375,9.6875,0.0
-78.9375,9.8125,0.0
-78.9375,9.9375,0.0
-78.9375,10.0625,0.0
-78.9375,10.1875,0.0
-78.9375,10.3125,0.0
-78.9375,10.4375,0.0
-78.9375,10.5625,0.0
-78.9375,10.6875,0.0
-78.9375,10.8125,0.0
-78.9375,10.9375,0.0
-78.9375,11.0625,0.0
-78.9375,11.1875,0.0
-78.9375,11.3125,0.0
-78.9375,11.4375,0.0
-78.9375,11.5625,0.0
-78.9375,11.6875,0.0
-78.9375,11.8125,0.0
-78.9375,11.9375,0.0
-78.9375,12.0625,0.0
-78.9375,12.1875,0.0
-78.9375,12.3125,0.0
-78.9375,12.4375,0.0
-78.8125,-4.1875,0.0
-78.8125,-4.0625,0.0
-78.8125,-3.9375,0.0
-78.8125,-3.8125,0.0
-78.8125,-3.6875,0.0
-78.8125,-3.5625,0.0
-78.8125,-3.4375,0.0
-78.8125,-3.3125,0.0
-78.8125,-3.1875,0.0
-78.8125,-3.0625,0.0
-78.8125,-2.9375,0.0
-78.8125,-2.8125,0.0
-78.8125,-2.6875,0.0
-78.8125,-2.5625,0.0
-78.8125,-2.4375,0.0
-78.8125,-2.3125,0.0
-78.8125,-2.1875,0.0
-78.8125,-2.0625,0.0
-78.8125,-1.9375,0.0
-78.8125,-1.8125,0.0
-78.8125,-1.6875,0.0
-78.8125,-1.5625,0.0
-78.8125,-1.4375,0.0
-78.8125,-1.3125,0.0
-78.8125,-1.1875,0.0
-78.8125,-1.0625,0.0
-78.8125,-0.9375,0.0
-78.8125,-0.8125,0.0
-78.8125,-0.6875,0.0
-78.8125,-0.5625,0.0
-78.8125,-0.4375,0.0
-78.8125,-0.3125,0.0
-78.8125,-0.1875,0.0
-78.8125,-0.0625,0.0
-78.8125,0.0625,0.0
-78.8125,0.1875,0.0
-78.8125,0.3125,0.0
-78.8125,0.4375,0.0
-78.8125,0.5625,0.0
-78.8125,0.6875,0.0
-78.8125,0.8125,0.0
-78.8125,0.9375,0.0
-78.8125,1.0625,0.0
-78.8125,1.1875,0.0
-78.8125,1.3125,0.0
-78.8125,1.4375,0.0
-78.8125,1.5625,0.0
-78.8125,1.6875,0.0
-78.8125,1.8125,0.0
-78.8125,1.9375,0.0
-78.8125,2.0625,0.0
-78.8125,2.1875,0.0
-78.8125,2.3125,0.0
-78.8125,2.4375,0.0
-78.8125,2.5625,0.0
-78.8125,2.6875,0.0
-78.8125,2.8125,0.0
-78.8125,2.9375,0.0
-78.8125,3.0625,0.0
-78.8125,3.1875,0.0
-78.8125,3.3125,0.0
-78.8125,3.4375,0.0
-78.8125,3.5625,0.0
-78.8125,3.6875,0.0
-78.8125,3.8125,0.0
-78.8125,3.9375,0.0
-78.8125,4.0625,0.0
-78.8125,4.1875,0.0
-78.8125,4.3125,0.0
-78.8125,4.4375,0.0
-78.8125,4.5625,0.0
-78.8125,4.6875,0.0
-78.8125,4.8125,0.0
-78.8125,4.9375,0.0
-78.8125,5.0625,0.0
-78.8125,5.1875,0.0
-78.8125,5.3125,0.0
-78.8125,5.4375,0.0
-78.8125,5.5625,0.0
-78.8125,5.6875,0.0
-78.8125,5.8125,0.0
-78.8125,5.9375,0.0
-78.8125,6.0625,0.0
-78.8125,6.1875,0.0
-78.8125,6.3125,0.0
-78.8125,6.4375,0.0
-78.8125,6.5625,0.0
-78.8125,6.6875,0.0
-78.8125,6.8125,0.0
-78.8125,6.9375,0.0
-78.8125,7.0625,0.0
-78.8125,7.1875,0.0
-78.8125,7.3125,0.0
-78.8125,7.4375,0.0
-78.8125,7.5625,0.0
-78.8125,7.6875,0.0
-78.8125,7.8125,0.0
-78.8125,7.9375,0.0
-78.8125,8.0625,0.0
-78.8125,8.1875,0.0
-78.8125,8.3125,0.0
-78.8125,8.4375,0.0
-78.8125,8.5625,0.0
-78.8125,8.6875,0.0
-78.8125,8.8125,0.0
-78.8125,8.9375,0.0
-78.8125,9.0625,0.0
-78.8125,9.1875,0.0
-78.8125,9.3125,0.0
-78.8125,9.4375,0.0
-78.8125,9.5625,0.0
-78.8125,9.6875,0.0
-78.8125,9.8125,0.0
-78.8125,9.9375,0.0
-78.8125,10.0625,0.0
-78.8125,10.1875,0.0
-78.8125,10.3125,0.0
-78.8125,10.4375,0.0
-78.8125,10.5625,0.0
-78.8125,10.6875,0.0
-78.8125,10.8125,0.0
-78.8125,10.9375,0.0
-78.8125,11.0625,0.0
-78.8125,11.1875,0.0
-78.8125,11.3125,0.0
-78.8125,11.4375,0.0
-78.8125,11.5625,0.0
-78.8125,11.6875,0.0
-78.8125,11.8125,0.0
-78.8125,11.9375,0.0
-78.8125,12.0625,0.0
-78.8125,12.1875,0.0
-78.8125,12.3125,0.0
-78.8125,12.4375,0.0
-78.6875,-4.1875,0.0
-78.6875,-4.0625,0.0
-78.6875,-3.9375,0.0
-78.6875,-3.8125,0.0
-78.6875,-3.6875,0.0
-78.6875,-3.5625,0.0
-78.6875,-3.4375,0.0
-78.6875,-3.3125,0.0
-78.6875,-3.1875,0.0
-78.6875,-3.0625,0.0
-78.6875,-2.9375,0.0
-78.6875,-2.8125,0.0
-78.6875,-2.6875,0.0
-78.6875,-2.5625,0.0
-78.6875,-2.4375,0.0
-78.6875,-2.3125,0.0
-78.6875,-2.1875,0.0
-78.6875,-2.0625,0.0
-78.6875,-1.9375,0.0
-78.6875,-1.8125,0.0
-78.6875,-1.6875,0.0
-78.6875,-1.5625,0.0
-78.6875,-1.4375,0.0
-78.6875,-1.3125,0.0
-78.6875,-1.1875,0.0
-78.6875,-1.0625,0.0
-78.6875,-0.9375,0.0
-78.6875,-0.8125,0.0
-78.6875,-0.6875,0.0
-78.6875,-0.5625,0.0
-78.6875,-0.4375,0.0
-78.6875,-0.3125,0.0
-78.6875,-0.1875,0.0
-78.6875,-0.0625,0.0
-78.6875,0.0625,0.0
-78.6875,0.1875,0.0
-78.6875,0.3125,0.0
-78.6875,0.4375,0.0
-78.6875,0.5625,0.0
-78.6875,0.6875,0.0
-78.6875,0.8125,0.0
-78.6875,0.9375,0.0
-78.6875,1.0625,0.0
-78.6875,1.1875,0.0
-78.6875,1.3125,0.0
-78.6875,1.4375,0.0
-78.6875,1.5625,0.0
-78.6875,1.6875,0.0
-78.6875,1.8125,0.0
-78.6875,1.9375,0.0
-78.6875,2.0625,0.0
-78.6875,2.1875,0.0
-78.6875,2.3125,0.0
-78.6875,2.4375,0.0
-78.6875,2.5625,0.0
-78.6875,2.6875,0.0
-78.6875,2.8125,0.0
-78.6875,2.9375,0.0
-78.6875,3.0625,0.0
-78.6875,3.1875,0.0
-78.6875,3.3125,0.0
-78.6875,3.4375,0.0
-78.6875,3.5625,0.0
-78.6875,3.6875,0.0
-78.6875,3.8125,0.0
-78.6875,3.9375,0.0
-78.6875,4.0625,0.0
-78.6875,4.1875,0.0
-78.6875,4.3125,0.0
-78.6875,4.4375,0.0
-78.6875,4.5625,0.0
-78.6875,4.6875,0.0
-78.6875,4.8125,0.0
-78.6875,4.9375,0.0
-78.6875,5.0625,0.0
-78.6875,5.1875,0.0
-78.6875,5.3125,0.0
-78.6875,5.4375,0.0
-78.6875,5.5625,0.0
-78.6875,5.6875,0.0
-78.6875,5.8125,0.0
-78.6875,5.9375,0.0
-78.6875,6.0625,0.0
-78.6875,6.1875,0.0
-78.6875,6.3125,0.0
-78.6875,6.4375,0.0
-78.6875,6.5625,0.0
-78.6875,6.6875,0.0
-78.6875,6.8125,0.0
-78.6875,6.9375,0.0
-78.6875,7.0625,0.0
-78.6875,7.1875,0.0
-78.6875,7.3125,0.0
-78.6875,7.4375,0.0
-78.6875,7.5625,0.0
-78.6875,7.6875,0.0
-78.6875,7.8125,0.0
-78.6875,7.9375,0.0
-78.6875,8.0625,0.0
-78.6875,8.1875,0.0
-78.6875,8.3125,0.0
-78.6875,8.4375,0.0
-78.6875,8.5625,0.0
-78.6875,8.6875,0.0
-78.6875,8.8125,0.0
-78.6875,8.9375,0.0
-78.6875,9.0625,0.0
-78.6875,9.1875,0.0
-78.6875,9.3125,0.0
-78.6875,9.4375,0.0
-78.6875,9.5625,0.0
-78.6875,9.6875,0.0
-78.6875,9.8125,0.0
-78.6875,9.9375,0.0
-78.6875,10.0625,0.0
-78.6875,10.1875,0.0
-78.6875,10.3125,0.0
-78.6875,10.4375,0.0
-78.6875,10.5625,0.0
-78.6875,10.6875,0.0
-78.6875,10.8125,0.0
-78.6875,10.9375,0.0
-78.6875,11.0625,0.0
-78.6875,11.1875,0.0
-78.6875,11.3125,0.0
-78.6875,11.4375,0.0
-78.6875,11.5625,0.0
-78.6875,11.6875,0.0
-78.6875,11.8125,0.0
-78.6875,11.9375,0.0
-78.6875,12.0625,0.0
-78.6875,12.1875,0.0
-78.6875,12.3125,0.0
-78.6875,12.4375,0.0
-78.5625,-4.1875,0.0
-78.5625,-4.0625,0.0
-78.5625,-3.9375,0.0
-78.5625,-3.8125,0.0
-78.5625,-3.6875,0.0
-78.5625,-3.5625,0.0
-78.5625,-3.4375,0.0
-78.5625,-3.3125,0.0
-78.5625,-3.1875,0.0
-78.5625,-3.0625,0.0
-78.5625,-2.9375,0.0
-78.5625,-2.8125,0.0
-78.5625,-2.6875,0.0
-78.5625,-2.5625,0.0
-78.5625,-2.4375,0.0
-78.5625,-2.3125,0.0
-78.5625,-2.1875,0.0
-78.5625,-2.0625,0.0
-78.5625,-1.9375,0.0
-78.5625,-1.8125,0.0
-78.5625,-1.6875,0.0
-78.5625,-1.5625,0.0
-78.5625,-1.4375,0.0
-78.5625,-1.3125,0.0
-78.5625,-1.1875,0.0
-78.5625,-1.0625,0.0
-78.5625,-0.9375,0.0
-78.5625,-0.8125,0.0
-78.5625,-0.6875,0.0
-78.5625,-0.5625,0.0
-78.5625,-0.4375,0.0
-78.5625,-0.3125,0.0
-78.5625,-0.1875,0.0
-78.5625,-0.0625,0.0
-78.5625,0.0625,0.0
-78.5625,0.1875,0.0
-78.5625,0.3125,0.0
-78.5625,0.4375,0.0
-78.5625,0.5625,0.0
-78.5625,0.6875,0.0
-78.5625,0.8125,0.0
-78.5625,0.9375,0.0
-78.5625,1.0625,0.0
-78.5625,1.1875,0.0
-78.5625,1.3125,0.0
-78.5625,1.4375,0.0
-78.5625,1.5625,0.0
-78.5625,1.6875,0.0
-78.5625,1.8125,0.0
-78.5625,1.9375,0.0
-78.5625,2.0625,0.0
-78.5625,2.1875,0.0
-78.5625,2.3125,0.0
-78.5625,2.4375,0.0
-78.5625,2.5625,0.0
-78.5625,2.6875,0.0
-78.5625,2.8125,0.0
-78.5625,2.9375,0.0
-78.5625,3.0625,0.0
-78.5625,3.1875,0.0
-78.5625,3.3125,0.0
-78.5625,3.4375,0.0
-78.5625,3.5625,0.0
-78.5625,3.6875,0.0
-78.5625,3.8125,0.0
-78.5625,3.9375,0.0
-78.5625,4.0625,0.0
-78.5625,4.1875,0.0
-78.5625,4.3125,0.0
-78.5625,4.4375,0.0
-78.5625,4.5625,0.0
-78.5625,4.6875,0.0
-78.5625,4.8125,0.0
-78.5625,4.9375,0.0
-78.5625,5.0625,0.0
-78.5625,5.1875,0.0
-78.5625,5.3125,0.0
-78.5625,5.4375,0.0
-78.5625,5.5625,0.0
-78.5625,5.6875,0.0
-78.5625,5.8125,0.0
-78.5625,5.9375,0.0
-78.5625,6.0625,0.0
-78.5625,6.1875,0.0
-78.5625,6.3125,0.0
-78.5625,6.4375,0.0
-78.5625,6.5625,0.0
-78.5625,6.6875,0.0
-78.5625,6.8125,0.0
-78.5625,6.9375,0.0
-78.5625,7.0625,0.0
-78.5625,7.1875,0.0
-78.5625,7.3125,0.0
-78.5625,7.4375,0.0
-78.5625,7.5625,0.0
-78.5625,7.6875,0.0
-78.5625,7.8125,0.0
-78.5625,7.9375,0.0
-78.5625,8.0625,0.0
-78.5625,8.1875,0.0
-78.5625,8.3125,0.0
-78.5625,8.4375,0.0
-78.5625,8.5625,0.0
-78.5625,8.6875,0.0
-78.5625,8.8125,0.0
-78.5625,8.9375,0.0
-78.5625,9.0625,0.0
-78.5625,9.1875,0.0
-78.5625,9.3125,0.0
-78.5625,9.4375,0.0
-78.5625,9.5625,0.0
-78.5625,9.6875,0.0
-78.5625,9.8125,0.0
-78.5625,9.9375,0.0
-78.5625,10.0625,0.0
-78.5625,10.1875,0.0
-78.5625,10.3125,0.0
-78.5625,10.4375,0.0
-78.5625,10.5625,0.0
-78.5625,10.6875,0.0
-78.5625,10.8125,0.0
-78.5625,10.9375,0.0
-78.5625,11.0625,0.0
-78.5625,11.1875,0.0
-78.5625,11.3125,0.0
-78.5625,11.4375,0.0
-78.5625,11.5625,0.0
-78.5625,11.6875,0.0
-78.5625,11.8125,0.0
-78.5625,11.9375,0.0
-78.5625,12.0625,0.0
-78.5625,12.1875,0.0
-78.5625,12.3125,0.0
-78.5625,12.4375,0.0
-78.4375,-4.1875,0.0
-78.4375,-4.0625,0.0
-78.4375,-3.9375,0.0
-78.4375,-3.8125,0.0
-78.4375,-3.6875,0.0
-78.4375,-3.5625,0.0
-78.4375,-3.4375,0.0
-78.4375,-3.3125,0.0
-78.4375,-3.1875,0.0
-78.4375,-3.0625,0.0
-78.4375,-2.9375,0.0
-78.4375,-2.8125,0.0
-78.4375,-2.6875,0.0
-78.4375,-2.5625,0.0
-78.4375,-2.4375,0.0
-78.4375,-2.3125,0.0
-78.4375,-2.1875,0.0
-78.4375,-2.0625,0.0
-78.4375,-1.9375,0.0
-78.4375,-1.8125,0.0
-78.4375,-1.6875,0.0
-78.4375,-1.5625,0.0
-78.4375,-1.4375,0.0
-78.4375,-1.3125,0.0
-78.4375,-1.1875,0.0
-78.4375,-1.0625,0.0
-78.4375,-0.9375,0.0
-78.4375,-0.8125,0.0
-78.4375,-0.6875,0.0
-78.4375,-0.5625,0.0
-78.4375,-0.4375,0.0
-78.4375,-0.3125,0.0
-78.4375,-0.1875,0.0
-78.4375,-0.0625,0.0
-78.4375,0.0625,0.0
-78.4375,0.1875,0.0
-78.4375,0.3125,0.0
-78.4375,0.4375,0.0
-78.4375,0.5625,0.0
-78.4375,0.6875,0.0
-78.4375,0.8125,0.0
-78.4375,0.9375,0.0
-78.4375,1.0625,0.0
-78.4375,1.1875,0.0
-78.4375,1.3125,0.0
-78.4375,1.4375,0.0
-78.4375,1.5625,0.0
-78.4375,1.6875,0.0
-78.4375,1.8125,0.0
-78.4375,1.9375,0.0
-78.4375,2.0625,0.0
-78.4375,2.1875,0.0
-78.4375,2.3125,0.0
-78.4375,2.4375,0.0
-78.4375,2.5625,0.0
-78.4375,2.6875,0.0
-78.4375,2.8125,0.0
-78.4375,2.9375,0.0
-78.4375,3.0625,0.0
-78.4375,3.1875,0.0
-78.4375,3.3125,0.0
-78.4375,3.4375,0.0
-78.4375,3.5625,0.0
-78.4375,3.6875,0.0
-78.4375,3.8125,0.0
-78.4375,3.9375,0.0
-78.4375,4.0625,0.0
-78.4375,4.1875,0.0
-78.4375,4.3125,0.0
-78.4375,4.4375,0.0
-78.4375,4.5625,0.0
-78.4375,4.6875,0.0
-78.4375,4.8125,0.0
-78.4375,4.9375,0.0
-78.4375,5.0625,0.0
-78.4375,5.1875,0.0
-78.4375,5.3125,0.0
-78.4375,5.4375,0.0
-78.4375,5.5625,0.0
-78.4375,5.6875,0.0
-78.4375,5.8125,0.0
-78.4375,5.9375,0.0
-78.4375,6.0625,0.0
-78.4375,6.1875,0.0
-78.4375,6.3125,0.0
-78.4375,6.4375,0.0
-78.4375,6.5625,0.0
-78.4375,6.6875,0.0
-78.4375,6.8125,0.0
-78.4375,6.9375,0.0
-78.4375,7.0625,0.0
-78.4375,7.1875,0.0
-78.4375,7.3125,0.0
-78.4375,7.4375,0.0
-78.4375,7.5625,0.0
-78.4375,7.6875,0.0
-78.4375,7.8125,0.0
-78.4375,7.9375,0.0
-78.4375,8.0625,0.0
-78.4375,8.1875,0.0
-78.4375,8.3125,0.0
-78.4375,8.4375,0.0
-78.4375,8.5625,0.0
-78.4375,8.6875,0.0
-78.4375,8.8125,0.0
-78.4375,8.9375,0.0
-78.4375,9.0625,0.0
-78.4375,9.1875,0.0
-78.4375,9.3125,0.0
-78.4375,9.4375,0.0
-78.4375,9.5625,0.0
-78.4375,9.6875,0.0
-78.4375,9.8125,0.0
-78.4375,9.9375,0.0
-78.4375,10.0625,0.0
-78.4375,10.1875,0.0
-78.4375,10.3125,0.0
-78.4375,10.4375,0.0
-78.4375,10.5625,0.0
-78.4375,10.6875,0.0
-78.4375,10.8125,0.0
-78.4375,10.9375,0.0
-78.4375,11.0625,0.0
-78.4375,11.1875,0.0
-78.4375,11.3125,0.0
-78.4375,11.4375,0.0
-78.4375,11.5625,0.0
-78.4375,11.6875,0.0
-78.4375,11.8125,0.0
-78.4375,11.9375,0.0
-78.4375,12.0625,0.0
-78.4375,12.1875,0.0
-78.4375,12.3125,0.0
-78.4375,12.4375,0.0
-78.3125,-4.1875,0.0
-78.3125,-4.0625,0.0
-78.3125,-3.9375,0.0
-78.3125,-3.8125,0.0
-78.3125,-3.6875,0.0
-78.3125,-3.5625,0.0
-78.3125,-3.4375,0.0
-78.3125,-3.3125,0.0
-78.3125,-3.1875,0.0
-78.3125,-3.0625,0.0
-78.3125,-2.9375,0.0
-78.3125,-2.8125,0.0
-78.3125,-2.6875,0.0
-78.3125,-2.5625,0.0
-78.3125,-2.4375,0.0
-78.3125,-2.3125,0.0
-78.3125,-2.1875,0.0
-78.3125,-2.0625,0.0
-78.3125,-1.9375,0.0
-78.3125,-1.8125,0.0
-78.3125,-1.6875,0.0
-78.3125,-1.5625,0.0
-78.3125,-1.4375,0.0
-78.3125,-1.3125,0.0
-78.3125,-1.1875,0.0
-78.3125,-1.0625,0.0
-78.3125,-0.9375,0.0
-78.3125,-0.8125,0.0
-78.3125,-0.6875,0.0
-78.3125,-0.5625,0.0
-78.3125,-0.4375,0.0
-78.3125,-0.3125,0.0
-78.3125,-0.1875,0.0
-78.3125,-0.0625,0.0
-78.3125,0.0625,0.0
-78.3125,0.1875,0.0
-78.3125,0.3125,0.0
-78.3125,0.4375,0.0
-78.3125,0.5625,0.0
-78.3125,0.6875,0.0
-78.3125,0.8125,0.0
-78.3125,0.9375,0.0
-78.3125,1.0625,0.0
-78.3125,1.1875,0.0
-78.3125,1.3125,0.0
-78.3125,1.4375,0.0
-78.3125,1.5625,0.0
-78.3125,1.6875,0.0
-78.3125,1.8125,0.0
-78.3125,1.9375,0.0
-78.3125,2.0625,0.0
-78.3125,2.1875,0.0
-78.3125,2.3125,0.0
-78.3125,2.4375,0.0
-78.3125,2.5625,0.0
-78.3125,2.6875,0.0
-78.3125,2.8125,0.0
-78.3125,2.9375,0.0
-78.3125,3.0625,0.0
-78.3125,3.1875,0.0
-78.3125,3.3125,0.0
-78.3125,3.4375,0.0
-78.3125,3.5625,0.0
-78.3125,3.6875,0.0
-78.3125,3.8125,0.0
-78.3125,3.9375,0.0
-78.3125,4.0625,0.0
-78.3125,4.1875,0.0
-78.3125,4.3125,0.0
-78.3125,4.4375,0.0
-78.3125,4.5625,0.0
-78.3125,4.6875,0.0
-78.3125,4.8125,0.0
-78.3125,4.9375,0.0
-78.3125,5.0625,0.0
-78.3125,5.1875,0.0
-78.3125,5.3125,0.0
-78.3125,5.4375,0.0
-78.3125,5.5625,0.0
-78.3125,5.6875,0.0
-78.3125,5.8125,0.0
-78.3125,5.9375,0.0
-78.3125,6.0625,0.0
-78.3125,6.1875,0.0
-78.3125,6.3125,0.0
-78.3125,6.4375,0.0
-78.3125,6.5625,0.0
-78.3125,6.6875,0.0
-78.3125,6.8125,0.0
-78.3125,6.9375,0.0
-78.3125,7.0625,0.0
-78.3125,7.1875,0.0
-78.3125,7.3125,0.0
-78.3125,7.4375,0.0
-78.3125,7.5625,0.0
-78.3125,7.6875,0.0
-78.3125,7.8125,0.0
-78.3125,7.9375,0.0
-78.3125,8.0625,0.0
-78.3125,8.1875,0.0
-78.3125,8.3125,0.0
-78.3125,8.4375,0.0
-78.3125,8.5625,0.0
-78.3125,8.6875,0.0
-78.3125,8.8125,0.0
-78.3125,8.9375,0.0
-78.3125,9.0625,0.0
-78.3125,9.1875,0.0
-78.3125,9.3125,0.0
-78.3125,9.4375,0.0
-78.3125,9.5625,0.0
-78.3125,9.6875,0.0
-78.3125,9.8125,0.0
-78.3125,9.9375,0.0
-78.3125,10.0625,0.0
-78.3125,10.1875,0.0
-78.3125,10.3125,0.0
-78.3125,10.4375,0.0
-78.3125,10.5625,0.0
-78.3125,10.6875,0.0
-78.3125,10.8125,0.0
-78.3125,10.9375,0.0
-78.3125,11.0625,0.0
-78.3125,11.1875,0.0
-78.3125,11.3125,0.0
-78.3125,11.4375,0.0
-78.3125,11.5625,0.0
-78.3125,11.6875,0.0
-78.3125,11.8125,0.0
-78.3125,11.9375,0.0
-78.3125,12.0625,0.0
-78.3125,12.1875,0.0
-78.3125,12.3125,0.0
-78.3125,12.4375,0.0
-78.1875,-4.1875,0.0
-78.1875,-4.0625,0.0
-78.1875,-3.9375,0.0
-78.1875,-3.8125,0.0
-78.1875,-3.6875,0.0
-78.1875,-3.5625,0.0
-78.1875,-3.4375,0.0
-78.1875,-3.3125,0.0
-78.1875,-3.1875,0.0
-78.1875,-3.0625,0.0
-78.1875,-2.9375,0.0
-78.1875,-2.8125,0.0
-78.1875,-2.6875,0.0
-78.1875,-2.5625,0.0
-78.1875,-2.4375,0.0
-78.1875,-2.3125,0.0
-78.1875,-2.1875,0.0
-78.1875,-2.0625,0.0
-78.1875,-1.9375,0.0
-78.1875,-1.8125,0.0
-78.1875,-1.6875,0.0
-78.1875,-1.5625,0.0
-78.1875,-1.4375,0.0
-78.1875,-1.3125,0.0
-78.1875,-1.1875,0.0
-78.1875,-1.0625,0.0
-78.1875,-0.9375,0.0
-78.1875,-0.8125,0.0
-78.1875,-0.6875,0.0
-78.1875,-0.5625,0.0
-78.1875,-0.4375,0.0
-78.1875,-0.3125,0.0
-78.1875,-0.1875,0.0
-78.1875,-0.0625,0.0
-78.1875,0.0625,0.0
-78.1875,0.1875,0.0
-78.1875,0.3125,0.0
-78.1875,0.4375,0.0
-78.1875,0.5625,0.0
-78.1875,0.6875,0.0
-78.1875,0.8125,0.0
-78.1875,0.9375,0.0
-78.1875,1.0625,0.0
-78.1875,1.1875,0.0
-78.1875,1.3125,0.0
-78.1875,1.4375,0.0
-78.1875,1.5625,0.0
-78.1875,1.6875,0.0
-78.1875,1.8125,0.0
-78.1875,1.9375,0.0
-78.1875,2.0625,0.0
-78.1875,2.1875,0.0
-78.1875,2.3125,0.0
-78.1875,2.4375,0.0
-78.1875,2.5625,0.0
-78.1875,2.6875,0.0
-78.1875,2.8125,0.0
-78.1875,2.9375,0.0
-78.1875,3.0625,0.0
-78.1875,3.1875,0.0
-78.1875,3.3125,0.0
-78.1875,3.4375,0.0
-78.1875,3.5625,0.0
-78.1875,3.6875,0.0
-78.1875,3.8125,0.0
-78.1875,3.9375,0.0
-78.1875,4.0625,0.0
-78.1875,4.1875,0.0
-78.1875,4.3125,0.0
-78.1875,4.4375,0.0
-78.1875,4.5625,0.0
-78.1875,4.6875,0.0
-78.1875,4.8125,0.0
-78.1875,4.9375,0.0
-78.1875,5.0625,0.0
-78.1875,5.1875,0.0
-78.1875,5.3125,0.0
-78.1875,5.4375,0.0
-78.1875,5.5625,0.0
-78.1875,5.6875,0.0
-78.1875,5.8125,0.0
-78.1875,5.9375,0.0
-78.1875,6.0625,0.0
-78.1875,6.1875,0.0
-78.1875,6.3125,0.0
-78.1875,6.4375,0.0
-78.1875,6.5625,0.0
-78.1875,6.6875,0.0
-78.1875,6.8125,0.0
-78.1875,6.9375,0.0
-78.1875,7.0625,0.0
-78.1875,7.1875,0.0
-78.1875,7.3125,0.0
-78.1875,7.4375,0.0
-78.1875,7.5625,0.0
-78.1875,7.6875,0.0
-78.1875,7.8125,0.0
-78.1875,7.9375,0.0
-78.1875,8.0625,0.0
-78.1875,8.1875,0.0
-78.1875,8.3125,0.0
-78.1875,8.4375,0.0
-78.1875,8.5625,0.0
-78.1875,8.6875,0.0
-78.1875,8.8125,0.0
-78.1875,8.9375,0.0
-78.1875,9.0625,0.0
-78.1875,9.1875,0.0
-78.1875,9.3125,0.0
-78.1875,9.4375,0.0
-78.1875,9.5625,0.0
-78.1875,9.6875,0.0
-78.1875,9.8125,0.0
-78.1875,9.9375,0.0
-78.1875,10.0625,0.0
-78.1875,10.1875,0.0
-78.1875,10.3125,0.0
-78.1875,10.4375,0.0
-78.1875,10.5625,0.0
-78.1875,10.6875,0.0
-78.1875,10.8125,0.0
-78.1875,10.9375,0.0
-78.1875,11.0625,0.0
-78.1875,11.1875,0.0
-78.1875,11.3125,0.0
-78.1875,11.4375,0.0
-78.1875,11.5625,0.0
-78.1875,11.6875,0.0
-78.1875,11.8125,0.0
-78.1875,11.9375,0.0
-78.1875,12.0625,0.0
-78.1875,12.1875,0.0
-78.1875,12.3125,0.0
-78.1875,12.4375,0.0
-78.0625,-4.1875,0.0
-78.0625,-4.0625,0.0
-78.0625,-3.9375,0.0
-78.0625,-3.8125,0.0
-78.0625,-3.6875,0.0
-78.0625,-3.5625,0.0
-78.0625,-3.4375,0.0
-78.0625,-3.3125,0.0
-78.0625,-3.1875,0.0
-78.0625,-3.0625,0.0
-78.0625,-2.9375,0.0
-78.0625,-2.8125,0.0
-78.0625,-2.6875,0.0
-78.0625,-2.5625,0.0
-78.0625,-2.4375,0.0
-78.0625,-2.3125,0.0
-78.0625,-2.1875,0.0
-78.0625,-2.0625,0.0
-78.0625,-1.9375,0.0
-78.0625,-1.8125,0.0
-78.0625,-1.6875,0.0
-78.0625,-1.5625,0.0
-78.0625,-1.4375,0.0
-78.0625,-1.3125,0.0
-78.0625,-1.1875,0.0
-78.0625,-1.0625,0.0
-78.0625,-0.9375,0.0
-78.0625,-0.8125,0.0
-78.0625,-0.6875,0.0
-78.0625,-0.5625,0.0
-78.0625,-0.4375,0.0
-78.0625,-0.3125,0.0
-78.0625,-0.1875,0.0
-78.0625,-0.0625,0.0
-78.0625,0.0625,0.0
-78.0625,0.1875,0.0
-78.0625,0.3125,0.0
-78.0625,0.4375,0.0
-78.0625,0.5625,0.0
-78.0625,0.6875,0.0
-78.0625,0.8125,0.0
-78.0625,0.9375,0.0
-78.0625,1.0625,0.0
-78.0625,1.1875,0.0
-78.0625,1.3125,0.0
-78.0625,1.4375,0.0
-78.0625,1.5625,0.0
-78.0625,1.6875,0.0
-78.0625,1.8125,0.0
-78.0625,1.9375,0.0
-78.0625,2.0625,0.0
-78.0625,2.1875,0.0
-78.0625,2.3125,0.0
-78.0625,2.4375,0.0
-78.0625,2.5625,0.0
-78.0625,2.6875,0.0
-78.0625,2.8125,0.0
-78.0625,2.9375,0.0
-78.0625,3.0625,0.0
-78.0625,3.1875,0.0
-78.0625,3.3125,0.0
-78.0625,3.4375,0.0
-78.0625,3.5625,0.0
-78.0625,3.6875,0.0
-78.0625,3.8125,0.0
-78.0625,3.9375,0.0
-78.0625,4.0625,0.0
-78.0625,4.1875,0.0
-78.0625,4.3125,0.0
-78.0625,4.4375,0.0
-78.0625,4.5625,0.0
-78.0625,4.6875,0.0
-78.0625,4.8125,0.0
-78.0625,4.9375,0.0
-78.0625,5.0625,0.0
-78.0625,5.1875,0.0
-78.0625,5.3125,0.0
-78.0625,5.4375,0.0
-78.0625,5.5625,0.0
-78.0625,5.6875,0.0
-78.0625,5.8125,0.0
-78.0625,5.9375,0.0
-78.0625,6.0625,0.0
-78.0625,6.1875,0.0
-78.0625,6.3125,0.0
-78.0625,6.4375,0.0
-78.0625,6.5625,0.0
-78.0625,6.6875,0.0
-78.0625,6.8125,0.0
-78.0625,6.9375,0.0
-78.0625,7.0625,0.0
-78.0625,7.1875,0.0
-78.0625,7.3125,0.0
-78.0625,7.4375,0.0
-78.0625,7.5625,0.0
-78.0625,7.6875,0.0
-78.0625,7.8125,0.0
-78.0625,7.9375,0.0
-78.0625,8.0625,0.0
-78.0625,8.1875,0.0
-78.0625,8.3125,0.0
-78.0625,8.4375,0.0
-78.0625,8.5625,0.0
-78.0625,8.6875,0.0
-78.0625,8.8125,0.0
-78.0625,8.9375,0.0
-78.0625,9.0625,0.0
-78.0625,9.1875,0.0
-78.0625,9.3125,0.0
-78.0625,9.4375,0.0
-78.0625,9.5625,0.0
-78.0625,9.6875,0.0
-78.0625,9.8125,0.0
-78.0625,9.9375,0.0
-78.0625,10.0625,0.0
-78.0625,10.1875,0.0
-78.0625,10.3125,0.0
-78.0625,10.4375,0.0
-78.0625,10.5625,0.0
-78.0625,10.6875,0.0
-78.0625,10.8125,0.0
-78.0625,10.9375,0.0
-78.0625,11.0625,0.0
-78.0625,11.1875,0.0
-78.0625,11.3125,0.0
-78.0625,11.4375,0.0
-78.0625,11.5625,0.0
-78.0625,11.6875,0.0
-78.0625,11.8125,0.0
-78.0625,11.9375,0.0
-78.0625,12.0625,0.0
-78.0625,12.1875,0.0
-78.0625,12.3125,0.0
-78.0625,12.4375,0.0
-77.9375,-4.1875,0.0
-77.9375,-4.0625,0.0
-77.9375,-3.9375,0.0
-77.9375,-3.8125,0.0
-77.9375,-3.6875,0.0
-77.9375,-3.5625,0.0
-77.9375,-3.4375,0.0
-77.9375,-3.3125,0.0
-77.9375,-3.1875,0.0
-77.9375,-3.0625,0.0
-77.9375,-2.9375,0.0
-77.9375,-2.8125,0.0
-77.9375,-2.6875,0.0
-77.9375,-2.5625,0.0
-77.9375,-2.4375,0.0
-77.9375,-2.3125,0.0
-77.9375,-2.1875,0.0
-77.9375,-2.0625,0.0
-77.9375,-1.9375,0.0
-77.9375,-1.8125,0.0
-77.9375,-1.6875,0.0
-77.9375,-1.5625,0.0
-77.9375,-1.4375,0.0
-77.9375,-1.3125,0.0
-77.9375,-1.1875,0.0
-77.9375,-1.0625,0.0
-77.9375,-0.9375,0.0
-77.9375,-0.8125,0.0
-77.9375,-0.6875,0.0
-77.9375,-0.5625,0.0
-77.9375,-0.4375,0.0
-77.9375,-0.3125,0.0
-77.9375,-0.1875,0.0
-77.9375,-0.0625,0.0
-77.9375,0.0625,0.0
-77.9375,0.1875,0.0
-77.9375,0.3125,0.0
-77.9375,0.4375,0.0
-77.9375,0.5625,0.0
-77.9375,0.6875,0.0
-77.9375,0.8125,0.0
-77.9375,0.9375,0.0
-77.9375,1.0625,0.0
-77.9375,1.1875,0.0
-77.9375,1.3125,0.0
-77.9375,1.4375,0.0
-77.9375,1.5625,0.0
-77.9375,1.6875,0.0
-77.9375,1.8125,0.0
-77.9375,1.9375,0.0
-77.9375,2.0625,0.0
-77.9375,2.1875,0.0
-77.9375,2.3125,0.0
-77.9375,2.4375,0.0
-77.9375,2.5625,0.0
-77.9375,2.6875,0.0
-77.9375,2.8125,0.0
-77.9375,2.9375,0.0
-77.9375,3.0625,0.0
-77.9375,3.1875,0.0
-77.9375,3.3125,0.0
-77.9375,3.4375,0.0
-77.9375,3.5625,0.0
-77.9375,3.6875,0.0
-77.9375,3.8125,0.0
-77.9375,3.9375,0.0
-77.9375,4.0625,0.0
-77.9375,4.1875,0.0
-77.9375,4.3125,0.0
-77.9375,4.4375,0.0
-77.9375,4.5625,0.0
-77.9375,4.6875,0.0
-77.9375,4.8125,0.0
-77.9375,4.9375,0.0
-77.9375,5.0625,0.0
-77.9375,5.1875,0.0
-77.9375,5.3125,0.0
-77.9375,5.4375,0.0
-77.9375,5.5625,0.0
-77.9375,5.6875,0.0
-77.9375,5.8125,0.0
-77.9375,5.9375,0.0
-77.9375,6.0625,0.0
-77.9375,6.1875,0.0
-77.9375,6.3125,0.0
-77.9375,6.4375,0.0
-77.9375,6.5625,0.0
-77.9375,6.6875,0.0
-77.9375,6.8125,0.0
-77.9375,6.9375,0.0
-77.9375,7.0625,0.0
-77.9375,7.1875,0.0
-77.9375,7.3125,0.0
-77.9375,7.4375,0.0
-77.9375,7.5625,0.0
-77.9375,7.6875,0.0
-77.9375,7.8125,0.0
-77.9375,7.9375,0.0
-77.9375,8.0625,0.0
-77.9375,8.1875,0.0
-77.9375,8.3125,0.0
-77.9375,8.4375,0.0
-77.9375,8.5625,0.0
-77.9375,8.6875,0.0
-77.9375,8.8125,0.0
-77.9375,8.9375,0.0
-77.9375,9.0625,0.0
-77.9375,9.1875,0.0
-77.9375,9.3125,0.0
-77.9375,9.4375,0.0
-77.9375,9.5625,0.0
-77.9375,9.6875,0.0
-77.9375,9.8125,0.0
-77.9375,9.9375,0.0
-77.9375,10.0625,0.0
-77.9375,10.1875,0.0
-77.9375,10.3125,0.0
-77.9375,10.4375,0.0
-77.9375,10.5625,0.0
-77.9375,10.6875,0.0
-77.9375,10.8125,0.0
-77.9375,10.9375,0.0
-77.9375,11.0625,0.0
-77.9375,11.1875,0.0
-77.9375,11.3125,0.0
-77.9375,11.4375,0.0
-77.9375,11.5625,0.0
-77.9375,11.6875,0.0
-77.9375,11.8125,0.0
-77.9375,11.9375,0.0
-77.9375,12.0625,0.0
-77.9375,12.1875,0.0
-77.9375,12.3125,0.0
-77.9375,12.4375,0.0
-77.8125,-4.1875,0.0
-77.8125,-4.0625,0.0
-77.8125,-3.9375,0.0
-77.8125,-3.8125,0.0
-77.8125,-3.6875,0.0
-77.8125,-3.5625,0.0
-77.8125,-3.4375,0.0
-77.8125,-3.3125,0.0
-77.8125,-3.1875,0.0
-77.8125,-3.0625,0.0
-77.8125,-2.9375,0.0
-77.8125,-2.8125,0.0
-77.8125,-2.6875,0.0
-77.8125,-2.5625,0.0
-77.8125,-2.4375,0.0
-77.8125,-2.3125,0.0
-77.8125,-2.1875,0.0
-77.8125,-2.0625,0.0
-77.8125,-1.9375,0.0
-77.8125,-1.8125,0.0
-77.8125,-1.6875,0.0
-77.8125,-1.5625,0.0
-77.8125,-1.4375,0.0
-77.8125,-1.3125,0.0
-77.8125,-1.1875,0.0
-77.8125,-1.0625,0.0
-77.8125,-0.9375,0.0
-77.8125,-0.8125,0.0
-77.8125,-0.6875,0.0
-77.8125,-0.5625,0.0
-77.8125,-0.4375,0.0
-77.8125,-0.3125,0.0
-77.8125,-0.1875,0.0
-77.8125,-0.0625,0.0
-77.8125,0.0625,0.0
-77.8125,0.1875,0.0
-77.8125,0.3125,0.0
-77.8125,0.4375,0.0
-77.8125,0.5625,0.0
-77.8125,0.6875,0.0
-77.8125,0.8125,0.0
-77.8125,0.9375,0.0
-77.8125,1.0625,0.0
-77.8125,1.1875,0.0
-77.8125,1.3125,0.0
-77.8125,1.4375,0.0
-77.8125,1.5625,0.0
-77.8125,1.6875,0.0
-77.8125,1.8125,0.0
-77.8125,1.9375,0.0
-77.8125,2.0625,0.0
-77.8125,2.1875,0.0
-77.8125,2.3125,0.0
-77.8125,2.4375,0.0
-77.8125,2.5625,0.0
-77.8125,2.6875,0.0
-77.8125,2.8125,0.0
-77.8125,2.9375,0.0
-77.8125,3.0625,0.0
-77.8125,3.1875,0.0
-77.8125,3.3125,0.0
-77.8125,3.4375,0.0
-77.8125,3.5625,0.0
-77.8125,3.6875,0.0
-77.8125,3.8125,0.0
-77.8125,3.9375,0.0
-77.8125,4.0625,0.0
-77.8125,4.1875,0.0
-77.8125,4.3125,0.0
-77.8125,4.4375,0.0
-77.8125,4.5625,0.0
-77.8125,4.6875,0.0
-77.8125,4.8125,0.0
-77.8125,4.9375,0.0
-77.8125,5.0625,0.0
-77.8125,5.1875,0.0
-77.8125,5.3125,0.0
-77.8125,5.4375,0.0
-77.8125,5.5625,0.0
-77.8125,5.6875,0.0
-77.8125,5.8125,0.0
-77.8125,5.9375,0.0
-77.8125,6.0625,0.0
-77.8125,6.1875,0.0
-77.8125,6.3125,0.0
-77.8125,6.4375,0.0
-77.8125,6.5625,0.0
-77.8125,6.6875,0.0
-77.8125,6.8125,0.0
-77.8125,6.9375,0.0
-77.8125,7.0625,0.0
-77.8125,7.1875,0.0
-77.8125,7.3125,0.0
-77.8125,7.4375,0.0
-77.8125,7.5625,0.0
-77.8125,7.6875,0.0
-77.8125,7.8125,0.0
-77.8125,7.9375,0.0
-77.8125,8.0625,0.0
-77.8125,8.1875,0.0
-77.8125,8.3125,0.0
-77.8125,8.4375,0.0
-77.8125,8.5625,0.0
-77.8125,8.6875,0.0
-77.8125,8.8125,0.0
-77.8125,8.9375,0.0
-77.8125,9.0625,0.0
-77.8125,9.1875,0.0
-77.8125,9.3125,0.0
-77.8125,9.4375,0.0
-77.8125,9.5625,0.0
-77.8125,9.6875,0.0
-77.8125,9.8125,0.0
-77.8125,9.9375,0.0
-77.8125,10.0625,0.0
-77.8125,10.1875,0.0
-77.8125,10.3125,0.0
-77.8125,10.4375,0.0
-77.8125,10.5625,0.0
-77.8125,10.6875,0.0
-77.8125,10.8125,0.0
-77.8125,10.9375,0.0
-77.8125,11.0625,0.0
-77.8125,11.1875,0.0
-77.8125,11.3125,0.0
-77.8125,11.4375,0.0
-77.8125,11.5625,0.0
-77.8125,11.6875,0.0
-77.8125,11.8125,0.0
-77.8125,11.9375,0.0
-77.8125,12.0625,0.0
-77.8125,12.1875,0.0
-77.8125,12.3125,0.0
-77.8125,12.4375,0.0
-77.6875,-4.1875,0.0
-77.6875,-4.0625,0.0
-77.6875,-3.9375,0.0
-77.6875,-3.8125,0.0
-77.6875,-3.6875,0.0
-77.6875,-3.5625,0.0
-77.6875,-3.4375,0.0
-77.6875,-3.3125,0.0
-77.6875,-3.1875,0.0
-77.6875,-3.0625,0.0
-77.6875,-2.9375,0.0
-77.6875,-2.8125,0.0
-77.6875,-2.6875,0.0
-77.6875,-2.5625,0.0
-77.6875,-2.4375,0.0
-77.6875,-2.3125,0.0
-77.6875,-2.1875,0.0
-77.6875,-2.0625,0.0
-77.6875,-1.9375,0.0
-77.6875,-1.8125,0.0
-77.6875,-1.6875,0.0
-77.6875,-1.5625,0.0
-77.6875,-1.4375,0.0
-77.6875,-1.3125,0.0
-77.6875,-1.1875,0.0
-77.6875,-1.0625,0.0
-77.6875,-0.9375,0.0
-77.6875,-0.8125,0.0
-77.6875,-0.6875,0.0
-77.6875,-0.5625,0.0
-77.6875,-0.4375,0.0
-77.6875,-0.3125,0.0
-77.6875,-0.1875,0.0
-77.6875,-0.0625,0.0
-77.6875,0.0625,0.0
-77.6875,0.1875,0.0
-77.6875,0.3125,0.0
-77.6875,0.4375,0.0
-77.6875,0.5625,0.0
-77.6875,0.6875,0.0
-77.6875,0.8125,0.0
-77.6875,0.9375,0.0
-77.6875,1.0625,0.0
-77.6875,1.1875,0.0
-77.6875,1.3125,0.0
-77.6875,1.4375,0.0
-77.6875,1.5625,0.0
-77.6875,1.6875,0.0
-77.6875,1.8125,0.0
-77.6875,1.9375,0.0
-77.6875,2.0625,0.0
-77.6875,2.1875,0.0
-77.6875,2.3125,0.0
-77.6875,2.4375,0.0
-77.6875,2.5625,0.0
-77.6875,2.6875,0.0
-77.6875,2.8125,0.0
-77.6875,2.9375,0.0
-77.6875,3.0625,0.0
-77.6875,3.1875,0.0
-77.6875,3.3125,0.0
-77.6875,3.4375,0.0
-77.6875,3.5625,0.0
-77.6875,3.6875,0.0
-77.6875,3.8125,0.0
-77.6875,3.9375,0.0
-77.6875,4.0625,0.0
-77.6875,4.1875,0.0
-77.6875,4.3125,0.0
-77.6875,4.4375,0.0
-77.6875,4.5625,0.0
-77.6875,4.6875,0.0
-77.6875,4.8125,0.0
-77.6875,4.9375,0.0
-77.6875,5.0625,0.0
-77.6875,5.1875,0.0
-77.6875,5.3125,0.0
-77.6875,5.4375,0.0
-77.6875,5.5625,0.0
-77.6875,5.6875,0.0
-77.6875,5.8125,0.0
-77.6875,5.9375,0.0
-77.6875,6.0625,0.0
-77.6875,6.1875,0.0
-77.6875,6.3125,0.0
-77.6875,6.4375,0.0
-77.6875,6.5625,0.0
-77.6875,6.6875,0.0
-77.6875,6.8125,0.0
-77.6875,6.9375,0.0
-77.6875,7.0625,0.0
-77.6875,7.1875,0.0
-77.6875,7.3125,0.0
-77.6875,7.4375,0.0
-77.6875,7.5625,0.0
-77.6875,7.6875,0.0
-77.6875,7.8125,0.0
-77.6875,7.9375,0.0
-77.6875,8.0625,0.0
-77.6875,8.1875,0.0
-77.6875,8.3125,0.0
-77.6875,8.4375,0.0
-77.6875,8.5625,0.0
-77.6875,8.6875,0.0
-77.6875,8.8125,0.0
-77.6875,8.9375,0.0
-77.6875,9.0625,0.0
-77.6875,9.1875,0.0
-77.6875,9.3125,0.0
-77.6875,9.4375,0.0
-77.6875,9.5625,0.0
-77.6875,9.6875,0.0
-77.6875,9.8125,0.0
-77.6875,9.9375,0.0
-77.6875,10.0625,0.0
-77.6875,10.1875,0.0
-77.6875,10.3125,0.0
-77.6875,10.4375,0.0
-77.6875,10.5625,0.0
-77.6875,10.6875,0.0
-77.6875,10.8125,0.0
-77.6875,10.9375,0.0
-77.6875,11.0625,0.0
-77.6875,11.1875,0.0
-77.6875,11.3125,0.0
-77.6875,11.4375,0.0
-77.6875,11.5625,0.0
-77.6875,11.6875,0.0
-77.6875,11.8125,0.0
-77.6875,11.9375,0.0
-77.6875,12.0625,0.0
-77.6875,12.1875,0.0
-77.6875,12.3125,0.0
-77.6875,12.4375,0.0
-77.5625,-4.1875,0.0
-77.5625,-4.0625,0.0
-77.5625,-3.9375,0.0
-77.5625,-3.8125,0.0
-77.5625,-3.6875,0.0
-77.5625,-3.5625,0.0
-77.5625,-3.4375,0.0
-77.5625,-3.3125,0.0
-77.5625,-3.1875,0.0
-77.5625,-3.0625,0.0
-77.5625,-2.9375,0.0
-77.5625,-2.8125,0.0
-77.5625,-2.6875,0.0
-77.5625,-2.5625,0.0
-77.5625,-2.4375,0.0
-77.5625,-2.3125,0.0
-77.5625,-2.1875,0.0
-77.5625,-2.0625,0.0
-77.5625,-1.9375,0.0
-77.5625,-1.8125,0.0
-77.5625,-1.6875,0.0
-77.5625,-1.5625,0.0
-77.5625,-1.4375,0.0
-77.5625,-1.3125,0.0
-77.5625,-1.1875,0.0
-77.5625,-1.0625,0.0
-77.5625,-0.9375,0.0
-77.5625,-0.8125,0.0
-77.5625,-0.6875,0.0
-77.5625,-0.5625,0.0
-77.5625,-0.4375,0.0
-77.5625,-0.3125,0.0
-77.5625,-0.1875,0.0
-77.5625,-0.0625,0.0
-77.5625,0.0625,0.0
-77.5625,0.1875,0.0
-77.5625,0.3125,0.0
-77.5625,0.4375,0.0
-77.5625,0.5625,0.0
-77.5625,0.6875,0.0
-77.5625,0.8125,0.0
-77.5625,0.9375,0.0
-77.5625,1.0625,0.0
-77.5625,1.1875,0.0
-77.5625,1.3125,0.0
-77.5625,1.4375,0.0
-77.5625,1.5625,0.0
-77.5625,1.6875,0.0
-77.5625,1.8125,0.0
-77.5625,1.9375,0.0
-77.5625,2.0625,0.0
-77.5625,2.1875,0.0
-77.5625,2.3125,0.0
-77.5625,2.4375,0.0
-77.5625,2.5625,0.0
-77.5625,2.6875,0.0
-77.5625,2.8125,0.0
-77.5625,2.9375,0.0
-77.5625,3.0625,0.0
-77.5625,3.1875,0.0
-77.5625,3.3125,0.0
-77.5625,3.4375,0.0
-77.5625,3.5625,0.0
-77.5625,3.6875,0.0
-77.5625,3.8125,0.0
-77.5625,3.9375,0.0
-77.5625,4.0625,0.0
-77.5625,4.1875,0.0
-77.5625,4.3125,0.0
-77.5625,4.4375,0.0
-77.5625,4.5625,0.0
-77.5625,4.6875,0.0
-77.5625,4.8125,0.0
-77.5625,4.9375,0.0
-77.5625,5.0625,0.0
-77.5625,5.1875,0.0
-77.5625,5.3125,0.0
-77.5625,5.4375,0.0
-77.5625,5.5625,0.0
-77.5625,5.6875,0.0
-77.5625,5.8125,0.0
-77.5625,5.9375,0.0
-77.5625,6.0625,0.0
-77.5625,6.1875,0.0
-77.5625,6.3125,0.0
-77.5625,6.4375,0.0
-77.5625,6.5625,0.0
-77.5625,6.6875,0.0
-77.5625,6.8125,0.0
-77.5625,6.9375,0.0
-77.5625,7.0625,0.0
-77.5625,7.1875,0.0
-77.5625,7.3125,0.0
-77.5625,7.4375,0.0
-77.5625,7.5625,0.0
-77.5625,7.6875,0.0
-77.5625,7.8125,0.0
-77.5625,7.9375,0.0
-77.5625,8.0625,0.0
-77.5625,8.1875,0.0
-77.5625,8.3125,0.0
-77.5625,8.4375,0.0
-77.5625,8.5625,0.0
-77.5625,8.6875,0.0
-77.5625,8.8125,0.0
-77.5625,8.9375,0.0
-77.5625,9.0625,0.0
-77.5625,9.1875,0.0
-77.5625,9.3125,0.0
-77.5625,9.4375,0.0
-77.5625,9.5625,0.0
-77.5625,9.6875,0.0
-77.5625,9.8125,0.0
-77.5625,9.9375,0.0
-77.5625,10.0625,0.0
-77.5625,10.1875,0.0
-77.5625,10.3125,0.0
-77.5625,10.4375,0.0
-77.5625,10.5625,0.0
-77.5625,10.6875,0.0
-77.5625,10.8125,0.0
-77.5625,10.9375,0.0
-77.5625,11.0625,0.0
-77.5625,11.1875,0.0
-77.5625,11.3125,0.0
-77.5625,11.4375,0.0
-77.5625,11.5625,0.0
-77.5625,11.6875,0.0
-77.5625,11.8125,0.0
-77.5625,11.9375,0.0
-77.5625,12.0625,0.0
-77.5625,12.1875,0.0
-77.5625,12.3125,0.0
-77.5625,12.4375,0.0
-77.4375,-4.1875,0.0
-77.4375,-4.0625,0.0
-77.4375,-3.9375,0.0
-77.4375,-3.8125,0.0
-77.4375,-3.6875,0.0
-77.4375,-3.5625,0.0
-77.4375,-3.4375,0.0
-77.4375,-3.3125,0.0
-77.4375,-3.1875,0.0
-77.4375,-3.0625,0.0
-77.4375,-2.9375,0.0
-77.4375,-2.8125,0.0
-77.4375,-2.6875,0.0
-77.4375,-2.5625,0.0
-77.4375,-2.4375,0.0
-77.4375,-2.3125,0.0
-77.4375,-2.1875,0.0
-77.4375,-2.0625,0.0
-77.4375,-1.9375,0.0
-77.4375,-1.8125,0.0
-77.4375,-1.6875,0.0
-77.4375,-1.5625,0.0
-77.4375,-1.4375,0.0
-77.4375,-1.3125,0.0
-77.4375,-1.1875,0.0
-77.4375,-1.0625,0.0
-77.4375,-0.9375,0.0
-77.4375,-0.8125,0.0
-77.4375,-0.6875,0.0
-77.4375,-0.5625,0.0
-77.4375,-0.4375,0.0
-77.4375,-0.3125,0.0
-77.4375,-0.1875,0.0
-77.4375,-0.0625,0.0
-77.4375,0.0625,0.0
-77.4375,0.1875,0.0
-77.4375,0.3125,0.0
-77.4375,0.4375,0.0
-77.4375,0.5625,0.0
-77.4375,0.6875,0.0
-77.4375,0.8125,0.0
-77.4375,0.9375,0.0
-77.4375,1.0625,0.0
-77.4375,1.1875,0.0
-77.4375,1.3125,0.0
-77.4375,1.4375,0.0
-77.4375,1.5625,0.0
-77.4375,1.6875,0.0
-77.4375,1.8125,0.0
-77.4375,1.9375,0.0
-77.4375,2.0625,0.0
-77.4375,2.1875,0.0
-77.4375,2.3125,0.0
-77.4375,2.4375,0.0
-77.4375,2.5625,0.0
-77.4375,2.6875,0.0
-77.4375,2.8125,0.0
-77.4375,2.9375,0.0
-77.4375,3.0625,0.0
-77.4375,3.1875,0.0
-77.4375,3.3125,0.0
-77.4375,3.4375,0.0
-77.4375,3.5625,0.0
-77.4375,3.6875,0.0
-77.4375,3.8125,0.0
-77.4375,3.9375,0.0
-77.4375,4.0625,0.0
-77.4375,4.1875,0.0
-77.4375,4.3125,0.0
-77.4375,4.4375,0.0
-77.4375,4.5625,0.0
-77.4375,4.6875,0.0
-77.4375,4.8125,0.0
-77.4375,4.9375,0.0
-77.4375,5.0625,0.0
-77.4375,5.1875,0.0
-77.4375,5.3125,0.0
-77.4375,5.4375,0.0
-77.4375,5.5625,0.0
-77.4375,5.6875,0.0
-77.4375,5.8125,0.0
-77.4375,5.9375,0.0
-77.4375,6.0625,0.0
-77.4375,6.1875,0.0
-77.4375,6.3125,0.0
-77.4375,6.4375,0.0
-77.4375,6.5625,0.0
-77.4375,6.6875,0.0
-77.4375,6.8125,0.0
-77.4375,6.9375,0.0
-77.4375,7.0625,0.0
-77.4375,7.1875,0.0
-77.4375,7.3125,0.0
-77.4375,7.4375,0.0
-77.4375,7.5625,0.0
-77.4375,7.6875,0.0
-77.4375,7.8125,0.0
-77.4375,7.9375,0.0
-77.4375,8.0625,0.0
-77.4375,8.1875,0.0
-77.4375,8.3125,0.0
-77.4375,8.4375,0.0
-77.4375,8.5625,0.0
-77.4375,8.6875,0.0
-77.4375,8.8125,0.0
-77.4375,8.9375,0.0
-77.4375,9.0625,0.0
-77.4375,9.1875,0.0
-77.4375,9.3125,0.0
-77.4375,9.4375,0.0
-77.4375,9.5625,0.0
-77.4375,9.6875,0.0
-77.4375,9.8125,0.0
-77.4375,9.9375,0.0
-77.4375,10.0625,0.0
-77.4375,10.1875,0.0
-77.4375,10.3125,0.0
-77.4375,10.4375,0.0
-77.4375,10.5625,0.0
-77.4375,10.6875,0.0
-77.4375,10.8125,0.0
-77.4375,10.9375,0.0
-77.4375,11.0625,0.0
-77.4375,11.1875,0.0
-77.4375,11.3125,0.0
-77.4375,11.4375,0.0
-77.4375,11.5625,0.0
-77.4375,11.6875,0.0
-77.4375,11.8125,0.0
-77.4375,11.9375,0.0
-77.4375,12.0625,0.0
-77.4375,12.1875,0.0
-77.4375,12.3125,0.0
-77.4375,12.4375,0.0
-77.3125,-4.1875,0.0
-77.3125,-4.0625,0.0
-77.3125,-3.9375,0.0
-77.3125,-3.8125,0.0
-77.3125,-3.6875,0.0
-77.3125,-3.5625,0.0
-77.3125,-3.4375,0.0
-77.3125,-3.3125,0.0
-77.3125,-3.1875,0.0
-77.3125,-3.0625,0.0
-77.3125,-2.9375,0.0
-77.3125,-2.8125,0.0
-77.3125,-2.6875,0.0
-77.3125,-2.5625,0.0
-77.3125,-2.4375,0.0
-77.3125,-2.3125,0.0
-77.3125,-2.1875,0.0
-77.3125,-2.0625,0.0
-77.3125,-1.9375,0.0
-77.3125,-1.8125,0.0
-77.3125,-1.6875,0.0
-77.3125,-1.5625,0.0
-77.3125,-1.4375,0.0
-77.3125,-1.3125,0.0
-77.3125,-1.1875,0.0
-77.3125,-1.0625,0.0
-77.3125,-0.9375,0.0
-77.3125,-0.8125,0.0
-77.3125,-0.6875,0.0
-77.3125,-0.5625,0.0
-77.3125,-0.4375,0.0
-77.3125,-0.3125,0.0
-77.3125,-0.1875,0.0
-77.3125,-0.0625,0.0
-77.3125,0.0625,0.0
-77.3125,0.1875,0.0
-77.3125,0.3125,0.0
-77.3125,0.4375,0.0
-77.3125,0.5625,0.0
-77.3125,0.6875,0.0
-77.3125,0.8125,0.0
-77.3125,0.9375,0.0
-77.3125,1.0625,0.0
-77.3125,1.1875,0.0
-77.3125,1.3125,0.0
-77.3125,1.4375,0.0
-77.3125,1.5625,0.0
-77.3125,1.6875,0.0
-77.3125,1.8125,0.0
-77.3125,1.9375,0.0
-77.3125,2.0625,0.0
-77.3125,2.1875,0.0
-77.3125,2.3125,0.0
-77.3125,2.4375,0.0
-77.3125,2.5625,0.0
-77.3125,2.6875,0.0
-77.3125,2.8125,0.0
-77.3125,2.9375,0.0
-77.3125,3.0625,0.0
-77.3125,3.1875,0.0
-77.3125,3.3125,0.0
-77.3125,3.4375,0.0
-77.3125,3.5625,0.0
-77.3125,3.6875,0.0
-77.3125,3.8125,0.0
-77.3125,3.9375,0.0
-77.3125,4.0625,0.0
-77.3125,4.1875,0.0
-77.3125,4.3125,0.0
-77.3125,4.4375,0.0
-77.3125,4.5625,0.0
-77.3125,4.6875,0.0
-77.3125,4.8125,0.0
-77.3125,4.9375,0.0
-77.3125,5.0625,0.0
-77.3125,5.1875,0.0
-77.3125,5.3125,0.0
-77.3125,5.4375,0.0
-77.3125,5.5625,0.0
-77.3125,5.6875,0.0
-77.3125,5.8125,0.0
-77.3125,5.9375,0.0
-77.3125,6.0625,0.0
-77.3125,6.1875,0.0
-77.3125,6.3125,0.0
-77.3125,6.4375,0.0
-77.3125,6.5625,0.0
-77.3125,6.6875,0.0
-77.3125,6.8125,0.0
-77.3125,6.9375,0.0
-77.3125,7.0625,0.0
-77.3125,7.1875,0.0
-77.3125,7.3125,0.0
-77.3125,7.4375,0.0
-77.3125,7.5625,0.0
-77.3125,7.6875,0.0
-77.3125,7.8125,0.0
-77.3125,7.9375,0.0
-77.3125,8.0625,0.0
-77.3125,8.1875,0.0
-77.3125,8.3125,0.0
-77.3125,8.4375,0.0
-77.3125,8.5625,0.0
-77.3125,8.6875,0.0
-77.3125,8.8125,0.0
-77.3125,8.9375,0.0
-77.3125,9.0625,0.0
-77.3125,9.1875,0.0
-77.3125,9.3125,0.0
-77.3125,9.4375,0.0
-77.3125,9.5625,0.0
-77.3125,9.6875,0.0
-77.3125,9.8125,0.0
-77.3125,9.9375,0.0
-77.3125,10.0625,0.0
-77.3125,10.1875,0.0
-77.3125,10.3125,0.0
-77.3125,10.4375,0.0
-77.3125,10.5625,0.0
-77.3125,10.6875,0.0
-77.3125,10.8125,0.0
-77.3125,10.9375,0.0
-77.3125,11.0625,0.0
-77.3125,11.1875,0.0
-77.3125,11.3125,0.0
-77.3125,11.4375,0.0
-77.3125,11.5625,0.0
-77.3125,11.6875,0.0
-77.3125,11.8125,0.0
-77.3125,11.9375,0.0
-77.3125,12.0625,0.0
-77.3125,12.1875,0.0
-77.3125,12.3125,0.0
-77.3125,12.4375,0.0
-77.1875,-4.1875,0.0
-77.1875,-4.0625,0.0
-77.1875,-3.9375,0.0
-77.1875,-3.8125,0.0
-77.1875,-3.6875,0.0
-77.1875,-3.5625,0.0
-77.1875,-3.4375,0.0
-77.1875,-3.3125,0.0
-77.1875,-3.1875,0.0
-77.1875,-3.0625,0.0
-77.1875,-2.9375,0.0
-77.1875,-2.8125,0.0
-77.1875,-2.6875,0.0
-77.1875,-2.5625,0.0
-77.1875,-2.4375,0.0
-77.1875,-2.3125,0.0
-77.1875,-2.1875,0.0
-77.1875,-2.0625,0.0
-77.1875,-1.9375,0.0
-77.1875,-1.8125,0.0
-77.1875,-1.6875,0.0
-77.1875,-1.5625,0.0
-77.1875,-1.4375,0.0
-77.1875,-1.3125,0.0
-77.1875,-1.1875,0.0
-77.1875,-1.0625,0.0
-77.1875,-0.9375,0.0
-77.1875,-0.8125,0.0
-77.1875,-0.6875,0.0
-77.1875,-0.5625,0.0
-77.1875,-0.4375,0.0
-77.1875,-0.3125,0.0
-77.1875,-0.1875,0.0
-77.1875,-0.0625,0.0
-77.1875,0.0625,0.0
-77.1875,0.1875,0.0
-77.1875,0.3125,0.0
-77.1875,0.4375,0.0
-77.1875,0.5625,0.0
-77.1875,0.6875,0.0
-77.1875,0.8125,0.0
-77.1875,0.9375,0.0
-77.1875,1.0625,0.0
-77.1875,1.1875,0.0
-77.1875,1.3125,0.0
-77.1875,1.4375,0.0
-77.1875,1.5625,0.0
-77.1875,1.6875,0.0
-77.1875,1.8125,0.0
-77.1875,1.9375,0.0
-77.1875,2.0625,0.0
-77.1875,2.1875,0.0
-77.1875,2.3125,0.0
-77.1875,2.4375,0.0
-77.1875,2.5625,0.0
-77.1875,2.6875,0.0
-77.1875,2.8125,0.0
-77.1875,2.9375,0.0
-77.1875,3.0625,0.0
-77.1875,3.1875,0.0
-77.1875,3.3125,0.0
-77.1875,3.4375,0.0
-77.1875,3.5625,0.0
-77.1875,3.6875,0.0
-77.1875,3.8125,0.0
-77.1875,3.9375,0.0
-77.1875,4.0625,0.0
-77.1875,4.1875,0.0
-77.1875,4.3125,0.0
-77.1875,4.4375,0.0
-77.1875,4.5625,0.0
-77.1875,4.6875,0.0
-77.1875,4.8125,0.0
-77.1875,4.9375,0.0
-77.1875,5.0625,0.0
-77.1875,5.1875,0.0
-77.1875,5.3125,0.0
-77.1875,5.4375,0.0
-77.1875,5.5625,0.0
-77.1875,5.6875,0.0
-77.1875,5.8125,0.0
-77.1875,5.9375,0.0
-77.1875,6.0625,0.0
-77.1875,6.1875,0.0
-77.1875,6.3125,0.0
-77.1875,6.4375,0.0
-77.1875,6.5625,0.0
-77.1875,6.6875,0.0
-77.1875,6.8125,0.0
-77.1875,6.9375,0.0
-77.1875,7.0625,0.0
-77.1875,7.1875,0.0
-77.1875,7.3125,0.0
-77.1875,7.4375,0.0
-77.1875,7.5625,0.0
-77.1875,7.6875,0.0
-77.1875,7.8125,0.0
-77.1875,7.9375,0.0
-77.1875,8.0625,0.0
-77.1875,8.1875,0.0
-77.1875,8.3125,0.0
-77.1875,8.4375,0.0
-77.1875,8.5625,0.0
-77.1875,8.6875,0.0
-77.1875,8.8125,0.0
-77.1875,8.9375,0.0
-77.1875,9.0625,0.0
-77.1875,9.1875,0.0
-77.1875,9.3125,0.0
-77.1875,9.4375,0.0
-77.1875,9.5625,0.0
-77.1875,9.6875,0.0
-77.1875,9.8125,0.0
-77.1875,9.9375,0.0
-77.1875,10.0625,0.0
-77.1875,10.1875,0.0
-77.1875,10.3125,0.0
-77.1875,10.4375,0.0
-77.1875,10.5625,0.0
-77.1875,10.6875,0.0
-77.1875,10.8125,0.0
-77.1875,10.9375,0.0
-77.1875,11.0625,0.0
-77.1875,11.1875,0.0
-77.1875,11.3125,0.0
-77.1875,11.4375,0.0
-77.1875,11.5625,0.0
-77.1875,11.6875,0.0
-77.1875,11.8125,0.0
-77.1875,11.9375,0.0
-77.1875,12.0625,0.0
-77.1875,12.1875,0.0
-77.1875,12.3125,0.0
-77.1875,12.4375,0.0
-77.0625,-4.1875,0.0
-77.0625,-4.0625,0.0
-77.0625,-3.9375,0.0
-77.0625,-3.8125,0.0
-77.0625,-3.6875,0.0
-77.0625,-3.5625,0.0
-77.0625,-3.4375,0.0
-77.0625,-3.3125,0.0
-77.0625,-3.1875,0.0
-77.0625,-3.0625,0.0
-77.0625,-2.9375,0.0
-77.0625,-2.8125,0.0
-77.0625,-2.6875,0.0
-77.0625,-2.5625,0.0
-77.0625,-2.4375,0.0
-77.0625,-2.3125,0.0
-77.0625,-2.1875,0.0
-77.0625,-2.0625,0.0
-77.0625,-1.9375,0.0
-77.0625,-1.8125,0.0
-77.0625,-1.6875,0.0
-77.0625,-1.5625,0.0
-77.0625,-1.4375,0.0
-77.0625,-1.3125,0.0
-77.0625,-1.1875,0.0
-77.0625,-1.0625,0.0
-77.0625,-0.9375,0.0
-77.0625,-0.8125,0.0
-77.0625,-0.6875,0.0
-77.0625,-0.5625,0.0
-77.0625,-0.4375,0.0
-77.0625,-0.3125,0.0
-77.0625,-0.1875,0.0
-77.0625,-0.0625,0.0
-77.0625,0.0625,0.0
-77.0625,0.1875,0.0
-77.0625,0.3125,0.0
-77.0625,0.4375,0.0
-77.0625,0.5625,0.0
-77.0625,0.6875,0.0
-77.0625,0.8125,0.0
-77.0625,0.9375,0.0
-77.0625,1.0625,0.0
-77.0625,1.1875,0.0
-77.0625,1.3125,0.0
-77.0625,1.4375,0.0
-77.0625,1.5625,0.0
-77.0625,1.6875,0.0
-77.0625,1.8125,0.0
-77.0625,1.9375,0.0
-77.0625,2.0625,0.0
-77.0625,2.1875,0.0
-77.0625,2.3125,0.0
-77.0625,2.4375,0.0
-77.0625,2.5625,0.0
-77.0625,2.6875,0.0
-77.0625,2.8125,0.0
-77.0625,2.9375,0.0
-77.0625,3.0625,0.0
-77.0625,3.1875,0.0
-77.0625,3.3125,0.0
-77.0625,3.4375,0.0
-77.0625,3.5625,0.0
-77.0625,3.6875,0.0
-77.0625,3.8125,0.0
-77.0625,3.9375,0.0
-77.0625,4.0625,0.0
-77.0625,4.1875,0.0
-77.0625,4.3125,0.0
-77.0625,4.4375,0.0
-77.0625,4.5625,0.0
-77.0625,4.6875,0.0
-77.0625,4.8125,0.0
-77.0625,4.9375,0.0
-77.0625,5.0625,0.0
-77.0625,5.1875,0.0
-77.0625,5.3125,0.0
-77.0625,5.4375,0.0
-77.0625,5.5625,0.0
-77.0625,5.6875,0.0
-77.0625,5.8125,0.0
-77.0625,5.9375,0.0
-77.0625,6.0625,0.0
-77.0625,6.1875,0.0
-77.0625,6.3125,0.0
-77.0625,6.4375,0.0
-77.0625,6.5625,0.0
-77.0625,6.6875,0.0
-77.0625,6.8125,0.0
-77.0625,6.9375,0.0
-77.0625,7.0625,0.0
-77.0625,7.1875,0.0
-77.0625,7.3125,0.0
-77.0625,7.4375,0.0
-77.0625,7.5625,0.0
-77.0625,7.6875,0.0
-77.0625,7.8125,0.0
-77.0625,7.9375,0.0
-77.0625,8.0625,0.0
-77.0625,8.1875,0.0
-77.0625,8.3125,0.0
-77.0625,8.4375,0.0
-77.0625,8.5625,0.0
-77.0625,8.6875,0.0
-77.0625,8.8125,0.0
-77.0625,8.9375,0.0
-77.0625,9.0625,0.0
-77.0625,9.1875,0.0
-77.0625,9.3125,0.0
-77.0625,9.4375,0.0
-77.0625,9.5625,0.0
-77.0625,9.6875,0.0
-77.0625,9.8125,0.0
-77.0625,9.9375,0.0
-77.0625,10.0625,0.0
-77.0625,10.1875,0.0
-77.0625,10.3125,0.0
-77.0625,10.4375,0.0
-77.0625,10.5625,0.0
-77.0625,10.6875,0.0
-77.0625,10.8125,0.0
-77.0625,10.9375,0.0
-77.0625,11.0625,0.0
-77.0625,11.1875,0.0
-77.0625,11.3125,0.0
-77.0625,11.4375,0.0
-77.0625,11.5625,0.0
-77.0625,11.6875,0.0
-77.0625,11.8125,0.0
-77.0625,11.9375,0.0
-77.0625,12.0625,0.0
-77.0625,12.1875,0.0
-77.0625,12.3125,0.0
-77.0625,12.4375,0.0
-76.9375,-4.1875,0.0
-76.9375,-4.0625,0.0
-76.9375,-3.9375,0.0
-76.9375,-3.8125,0.0
-76.9375,-3.6875,0.0
-76.9375,-3.5625,0.0
-76.9375,-3.4375,0.0
-76.9375,-3.3125,0.0
-76.9375,-3.1875,0.0
-76.9375,-3.0625,0.0
-76.9375,-2.9375,0.0
-76.9375,-2.8125,0.0
-76.9375,-2.6875,0.0
-76.9375,-2.5625,0.0
-76.9375,-2.4375,0.0
-76.9375,-2.3125,0.0
-76.9375,-2.1875,0.0
-76.9375,-2.0625,0.0
-76.9375,-1.9375,0.0
-76.9375,-1.8125,0.0
-76.9375,-1.6875,0.0
-76.9375,-1.5625,0.0
-76.9375,-1.4375,0.0
-76.9375,-1.3125,0.0
-76.9375,-1.1875,0.0
-76.9375,-1.0625,0.0
-76.9375,-0.9375,0.0
-76.9375,-0.8125,0.0
-76.9375,-0.6875,0.0
-76.9375,-0.5625,0.0
-76.9375,-0.4375,0.0
-76.9375,-0.3125,0.0
-76.9375,-0.1875,0.0
-76.9375,-0.0625,0.0
-76.9375,0.0625,0.0
-76.9375,0.1875,0.0
-76.9375,0.3125,0.0
-76.9375,0.4375,0.0
-76.9375,0.5625,0.0
-76.9375,0.6875,0.0
-76.9375,0.8125,0.0
-76.9375,0.9375,0.0
-76.9375,1.0625,0.0
-76.9375,1.1875,0.0
-76.9375,1.3125,0.0
-76.9375,1.4375,0.0
-76.9375,1.5625,0.0
-76.9375,1.6875,0.0
-76.9375,1.8125,0.0
-76.9375,1.9375,0.0
-76.9375,2.0625,0.0
-76.9375,2.1875,0.0
-76.9375,2.3125,0.0
-76.9375,2.4375,0.0
-76.9375,2.5625,0.0
-76.9375,2.6875,0.0
-76.9375,2.8125,0.0
-76.9375,2.9375,0.0
-76.9375,3.0625,0.0
-76.9375,3.1875,0.0
-76.9375,3.3125,0.0
-76.9375,3.4375,0.0
-76.9375,3.5625,0.0
-76.9375,3.6875,0.0
-76.9375,3.8125,0.0
-76.9375,3.9375,0.0
-76.9375,4.0625,0.0
-76.9375,4.1875,0.0
-76.9375,4.3125,0.0
-76.9375,4.4375,0.0
-76.9375,4.5625,0.0
-76.9375,4.6875,0.0
-76.9375,4.8125,0.0
-76.9375,4.9375,0.0
-76.9375,5.0625,0.0
-76.9375,5.1875,0.0
-76.9375,5.3125,0.0
-76.9375,5.4375,0.0
-76.9375,5.5625,0.0
-76.9375,5.6875,0.0
-76.9375,5.8125,0.0
-76.9375,5.9375,0.0
-76.9375,6.0625,0.0
-76.9375,6.1875,0.0
-76.9375,6.3125,0.0
-76.9375,6.4375,0.0
-76.9375,6.5625,0.0
-76.9375,6.6875,0.0
-76.9375,6.8125,0.0
-76.9375,6.9375,0.0
-76.9375,7.0625,0.0
-76.9375,7.1875,0.0
-76.9375,7.3125,0.0
-76.9375,7.4375,0.0
-76.9375,7.5625,0.0
-76.9375,7.6875,0.0
-76.9375,7.8125,0.0
-76.9375,7.9375,0.0
-76.9375,8.0625,0.0
-76.9375,8.1875,0.0
-76.9375,8.3125,0.0
-76.9375,8.4375,0.0
-76.9375,8.5625,0.0
-76.9375,8.6875,0.0
-76.9375,8.8125,0.0
-76.9375,8.9375,0.0
-76.9375,9.0625,0.0
-76.9375,9.1875,0.0
-76.9375,9.3125,0.0
-76.9375,9.4375,0.0
-76.9375,9.5625,0.0
-76.9375,9.6875,0.0
-76.9375,9.8125,0.0
-76.9375,9.9375,0.0
-76.9375,10.0625,0.0
-76.9375,10.1875,0.0
-76.9375,10.3125,0.0
-76.9375,10.4375,0.0
-76.9375,10.5625,0.0
-76.9375,10.6875,0.0
-76.9375,10.8125,0.0
-76.9375,10.9375,0.0
-76.9375,11.0625,0.0
-76.9375,11.1875,0.0
-76.9375,11.3125,0.0
-76.9375,11.4375,0.0
-76.9375,11.5625,0.0
-76.9375,11.6875,0.0
-76.9375,11.8125,0.0
-76.9375,11.9375,0.0
-76.9375,12.0625,0.0
-76.9375,12.1875,0.0
-76.9375,12.3125,0.0
-76.9375,12.4375,0.0
-76.8125,-4.1875,0.0
-76.8125,-4.0625,0.0
-76.8125,-3.9375,0.0
-76.8125,-3.8125,0.0
-76.8125,-3.6875,0.0
-76.8125,-3.5625,0.0
-76.8125,-3.4375,0.0
-76.8125,-3.3125,0.0
-76.8125,-3.1875,0.0
-76.8125,-3.0625,0.0
-76.8125,-2.9375,0.0
-76.8125,-2.8125,0.0
-76.8125,-2.6875,0.0
-76.8125,-2.5625,0.0
-76.8125,-2.4375,0.0
-76.8125,-2.3125,0.0
-76.8125,-2.1875,0.0
-76.8125,-2.0625,0.0
-76.8125,-1.9375,0.0
-76.8125,-1.8125,0.0
-76.8125,-1.6875,0.0
-76.8125,-1.5625,0.0
-76.8125,-1.4375,0.0
-76.8125,-1.3125,0.0
-76.8125,-1.1875,0.0
-76.8125,-1.0625,0.0
-76.8125,-0.9375,0.0
-76.8125,-0.8125,0.0
-76.8125,-0.6875,0.0
-76.8125,-0.5625,0.0
-76.8125,-0.4375,0.0
-76.8125,-0.3125,0.0
-76.8125,-0.1875,0.0
-76.8125,-0.0625,0.0
-76.8125,0.0625,0.0
-76.8125,0.1875,0.0
-76.8125,0.3125,0.0
-76.8125,0.4375,0.0
-76.8125,0.5625,0.0
-76.8125,0.6875,0.0
-76.8125,0.8125,0.0
-76.8125,0.9375,0.0
-76.8125,1.0625,0.0
-76.8125,1.1875,0.0
-76.8125,1.3125,0.0
-76.8125,1.4375,0.0
-76.8125,1.5625,0.0
-76.8125,1.6875,0.0
-76.8125,1.8125,0.0
-76.8125,1.9375,0.0
-76.8125,2.0625,0.0
-76.8125,2.1875,0.0
-76.8125,2.3125,0.0
-76.8125,2.4375,0.0
-76.8125,2.5625,0.0
-76.8125,2.6875,0.0
-76.8125,2.8125,0.0
-76.8125,2.9375,0.0
-76.8125,3.0625,0.0
-76.8125,3.1875,0.0
-76.8125,3.3125,0.0
-76.8125,3.4375,0.0
-76.8125,3.5625,0.0
-76.8125,3.6875,0.0
-76.8125,3.8125,0.0
-76.8125,3.9375,0.0
-76.8125,4.0625,0.0
-76.8125,4.1875,0.0
-76.8125,4.3125,0.0
-76.8125,4.4375,0.0
-76.8125,4.5625,0.0
-76.8125,4.6875,0.0
-76.8125,4.8125,0.0
-76.8125,4.9375,0.0
-76.8125,5.0625,0.0
-76.8125,5.1875,0.0
-76.8125,5.3125,0.0
-76.8125,5.4375,0.0
-76.8125,5.5625,0.0
-76.8125,5.6875,0.0
-76.8125,5.8125,0.0
-76.8125,5.9375,0.0
-76.8125,6.0625,0.0
-76.8125,6.1875,0.0
-76.8125,6.3125,0.0
-76.8125,6.4375,0.0
-76.8125,6.5625,0.0
-76.8125,6.6875,0.0
-76.8125,6.8125,0.0
-76.8125,6.9375,0.0
-76.8125,7.0625,0.0
-76.8125,7.1875,0.0
-76.8125,7.3125,0.0
-76.8125,7.4375,0.0
-76.8125,7.5625,0.0
-76.8125,7.6875,0.0
-76.8125,7.8125,0.0
-76.8125,7.9375,0.0
-76.8125,8.0625,0.0
-76.8125,8.1875,0.0
-76.8125,8.3125,0.0
-76.8125,8.4375,0.0
-76.8125,8.5625,0.0
-76.8125,8.6875,0.0
-76.8125,8.8125,0.0
-76.8125,8.9375,0.0
-76.8125,9.0625,0.0
-76.8125,9.1875,0.0
-76.8125,9.3125,0.0
-76.8125,9.4375,0.0
-76.8125,9.5625,0.0
-76.8125,9.6875,0.0
-76.8125,9.8125,0.0
-76.8125,9.9375,0.0
-76.8125,10.0625,0.0
-76.8125,10.1875,0.0
-76.8125,10.3125,0.0
-76.8125,10.4375,0.0
-76.8125,10.5625,0.0
-76.8125,10.6875,0.0
-76.8125,10.8125,0.0
-76.8125,10.9375,0.0
-76.8125,11.0625,0.0
-76.8125,11.1875,0.0
-76.8125,11.3125,0.0
-76.8125,11.4375,0.0
-76.8125,11.5625,0.0
-76.8125,11.6875,0.0
-76.8125,11.8125,0.0
-76.8125,11.9375,0.0
-76.8125,12.0625,0.0
-76.8125,12.1875,0.0
-76.8125,12.3125,0.0
-76.8125,12.4375,0.0
-76.6875,-4.1875,0.0
-76.6875,-4.0625,0.0
-76.6875,-3.9375,0.0
-76.6875,-3.8125,0.0
-76.6875,-3.6875,0.0
-76.6875,-3.5625,0.0
-76.6875,-3.4375,0.0
-76.6875,-3.3125,0.0
-76.6875,-3.1875,0.0
-76.6875,-3.0625,0.0
-76.6875,-2.9375,0.0
-76.6875,-2.8125,0.0
-76.6875,-2.6875,0.0
-76.6875,-2.5625,0.0
-76.6875,-2.4375,0.0
-76.6875,-2.3125,0.0
-76.6875,-2.1875,0.0
-76.6875,-2.0625,0.0
-76.6875,-1.9375,0.0
-76.6875,-1.8125,0.0
-76.6875,-1.6875,0.0
-76.6875,-1.5625,0.0
-76.6875,-1.4375,0.0
-76.6875,-1.3125,0.0
-76.6875,-1.1875,0.0
-76.6875,-1.0625,0.0
-76.6875,-0.9375,0.0
-76.6875,-0.8125,0.0
-76.6875,-0.6875,0.0
-76.6875,-0.5625,0.0
-76.6875,-0.4375,0.0
-76.6875,-0.3125,0.0
-76.6875,-0.1875,0.0
-76.6875,-0.0625,0.0
-76.6875,0.0625,0.0
-76.6875,0.1875,0.0
-76.6875,0.3125,0.0
-76.6875,0.4375,0.0
-76.6875,0.5625,0.0
-76.6875,0.6875,0.0
-76.6875,0.8125,0.0
-76.6875,0.9375,0.0
-76.6875,1.0625,0.0
-76.6875,1.1875,0.0
-76.6875,1.3125,0.0
-76.6875,1.4375,0.0
-76.6875,1.5625,0.0
-76.6875,1.6875,0.0
-76.6875,1.8125,0.0
-76.6875,1.9375,0.0
-76.6875,2.0625,0.0
-76.6875,2.1875,0.0
-76.6875,2.3125,0.0
-76.6875,2.4375,0.0
-76.6875,2.5625,0.0
-76.6875,2.6875,0.0
-76.6875,2.8125,0.0
-76.6875,2.9375,0.0
-76.6875,3.0625,0.0
-76.6875,3.1875,0.0
-76.6875,3.3125,0.0
-76.6875,3.4375,0.0
-76.6875,3.5625,0.0
-76.6875,3.6875,0.0
-76.6875,3.8125,0.0
-76.6875,3.9375,0.0
-76.6875,4.0625,0.0
-76.6875,4.1875,0.0
-76.6875,4.3125,0.0
-76.6875,4.4375,0.0
-76.6875,4.5625,0.0
-76.6875,4.6875,0.0
-76.6875,4.8125,0.0
-76.6875,4.9375,0.0
-76.6875,5.0625,0.0
-76.6875,5.1875,0.0
-76.6875,5.3125,0.0
-76.6875,5.4375,0.0
-76.6875,5.5625,0.0
-76.6875,5.6875,0.0
-76.6875,5.8125,0.0
-76.6875,5.9375,0.0
-76.6875,6.0625,0.0
-76.6875,6.1875,0.0
-76.6875,6.3125,0.0
-76.6875,6.4375,0.0
-76.6875,6.5625,0.0
-76.6875,6.6875,0.0
-76.6875,6.8125,0.0
-76.6875,6.9375,0.0
-76.6875,7.0625,0.0
-76.6875,7.1875,0.0
-76.6875,7.3125,0.0
-76.6875,7.4375,0.0
-76.6875,7.5625,0.0
-76.6875,7.6875,0.0
-76.6875,7.8125,0.0
-76.6875,7.9375,0.0
-76.6875,8.0625,0.0
-76.6875,8.1875,0.0
-76.6875,8.3125,0.0
-76.6875,8.4375,0.0
-76.6875,8.5625,0.0
-76.6875,8.6875,0.0
-76.6875,8.8125,0.0
-76.6875,8.9375,0.0
-76.6875,9.0625,0.0
-76.6875,9.1875,0.0
-76.6875,9.3125,0.0
-76.6875,9.4375,0.0
-76.6875,9.5625,0.0
-76.6875,9.6875,0.0
-76.6875,9.8125,0.0
-76.6875,9.9375,0.0
-76.6875,10.0625,0.0
-76.6875,10.1875,0.0
-76.6875,10.3125,0.0
-76.6875,10.4375,0.0
-76.6875,10.5625,0.0
-76.6875,10.6875,0.0
-76.6875,10.8125,0.0
-76.6875,10.9375,0.0
-76.6875,11.0625,0.0
-76.6875,11.1875,0.0
-76.6875,11.3125,0.0
-76.6875,11.4375,0.0
-76.6875,11.5625,0.0
-76.6875,11.6875,0.0
-76.6875,11.8125,0.0
-76.6875,11.9375,0.0
-76.6875,12.0625,0.0
-76.6875,12.1875,0.0
-76.6875,12.3125,0.0
-76.6875,12.4375,0.0
-76.5625,-4.1875,0.0
-76.5625,-4.0625,0.0
-76.5625,-3.9375,0.0
-76.5625,-3.8125,0.0
-76.5625,-3.6875,0.0
-76.5625,-3.5625,0.0
-76.5625,-3.4375,0.0
-76.5625,-3.3125,0.0
-76.5625,-3.1875,0.0
-76.5625,-3.0625,0.0
-76.5625,-2.9375,0.0
-76.5625,-2.8125,0.0
-76.5625,-2.6875,0.0
-76.5625,-2.5625,0.0
-76.5625,-2.4375,0.0
-76.5625,-2.3125,0.0
-76.5625,-2.1875,0.0
-76.5625,-2.0625,0.0
-76.5625,-1.9375,0.0
-76.5625,-1.8125,0.0
-76.5625,-1.6875,0.0
-76.5625,-1.5625,0.0
-76.5625,-1.4375,0.0
-76.5625,-1.3125,0.0
-76.5625,-1.1875,0.0
-76.5625,-1.0625,0.0
-76.5625,-0.9375,0.0
-76.5625,-0.8125,0.0
-76.5625,-0.6875,0.0
-76.5625,-0.5625,0.0
-76.5625,-0.4375,0.0
-76.5625,-0.3125,0.0
-76.5625,-0.1875,0.0
-76.5625,-0.0625,0.0
-76.5625,0.0625,0.0
-76.5625,0.1875,0.0
-76.5625,0.3125,0.0
-76.5625,0.4375,0.0
-76.5625,0.5625,0.0
-76.5625,0.6875,0.0
-76.5625,0.8125,0.0
-76.5625,0.9375,0.0
-76.5625,1.0625,0.0
-76.5625,1.1875,0.0
-76.5625,1.3125,0.0
-76.5625,1.4375,0.0
-76.5625,1.5625,0.0
-76.5625,1.6875,0.0
-76.5625,1.8125,0.0
-76.5625,1.9375,0.0
-76.5625,2.0625,0.0
-76.5625,2.1875,0.0
-76.5625,2.3125,0.0
-76.5625,2.4375,0.0
-76.5625,2.5625,0.0
-76.5625,2.6875,0.0
-76.5625,2.8125,0.0
-76.5625,2.9375,0.0
-76.5625,3.0625,0.0
-76.5625,3.1875,0.0
-76.5625,3.3125,0.0
-76.5625,3.4375,0.0
-76.5625,3.5625,0.0
-76.5625,3.6875,0.0
-76.5625,3.8125,0.0
-76.5625,3.9375,0.0
-76.5625,4.0625,0.0
-76.5625,4.1875,0.0
-76.5625,4.3125,0.0
-76.5625,4.4375,0.0
-76.5625,4.5625,0.0
-76.5625,4.6875,0.0
-76.5625,4.8125,0.0
-76.5625,4.9375,0.0
-76.5625,5.0625,0.0
-76.5625,5.1875,0.0
-76.5625,5.3125,0.0
-76.5625,5.4375,0.0
-76.5625,5.5625,0.0
-76.5625,5.6875,0.0
-76.5625,5.8125,0.0
-76.5625,5.9375,0.0
-76.5625,6.0625,0.0
-76.5625,6.1875,0.0
-76.5625,6.3125,0.0
-76.5625,6.4375,0.0
-76.5625,6.5625,0.0
-76.5625,6.6875,0.0
-76.5625,6.8125,0.0
-76.5625,6.9375,0.0
-76.5625,7.0625,0.0
-76.5625,7.1875,0.0
-76.5625,7.3125,0.0
-76.5625,7.4375,0.0
-76.5625,7.5625,0.0
-76.5625,7.6875,0.0
-76.5625,7.8125,0.0
-76.5625,7.9375,0.0
-76.5625,8.0625,0.0
-76.5625,8.1875,0.0
-76.5625,8.3125,0.0
-76.5625,8.4375,0.0
-76.5625,8.5625,0.0
-76.5625,8.6875,0.0
-76.5625,8.8125,0.0
-76.5625,8.9375,0.0
-76.5625,9.0625,0.0
-76.5625,9.1875,0.0
-76.5625,9.3125,0.0
-76.5625,9.4375,0.0
-76.5625,9.5625,0.0
-76.5625,9.6875,0.0
-76.5625,9.8125,0.0
-76.5625,9.9375,0.0
-76.5625,10.0625,0.0
-76.5625,10.1875,0.0
-76.5625,10.3125,0.0
-76.5625,10.4375,0.0
-76.5625,10.5625,0.0
-76.5625,10.6875,0.0
-76.5625,10.8125,0.0
-76.5625,10.9375,0.0
-76.5625,11.0625,0.0
-76.5625,11.1875,0.0
-76.5625,11.3125,0.0
-76.5625,11.4375,0.0
-76.5625,11.5625,0.0
-76.5625,11.6875,0.0
-76.5625,11.8125,0.0
-76.5625,11.9375,0.0
-76.5625,12.0625,0.0
-76.5625,12.1875,0.0
-76.5625,12.3125,0.0
-76.5625,12.4375,0.0
-76.4375,-4.1875,0.0
-76.4375,-4.0625,0.0
-76.4375,-3.9375,0.0
-76.4375,-3.8125,0.0
-76.4375,-3.6875,0.0
-76.4375,-3.5625,0.0
-76.4375,-3.4375,0.0
-76.4375,-3.3125,0.0
-76.4375,-3.1875,0.0
-76.4375,-3.0625,0.0
-76.4375,-2.9375,0.0
-76.4375,-2.8125,0.0
-76.4375,-2.6875,0.0
-76.4375,-2.5625,0.0
-76.4375,-2.4375,0.0
-76.4375,-2.3125,0.0
-76.4375,-2.1875,0.0
-76.4375,-2.0625,0.0
-76.4375,-1.9375,0.0
-76.4375,-1.8125,0.0
-76.4375,-1.6875,0.0
-76.4375,-1.5625,0.0
-76.4375,-1.4375,0.0
-76.4375,-1.3125,0.0
-76.4375,-1.1875,0.0
-76.4375,-1.0625,0.0
-76.4375,-0.9375,0.0
-76.4375,-0.8125,0.0
-76.4375,-0.6875,0.0
-76.4375,-0.5625,0.0
-76.4375,-0.4375,0.0
-76.4375,-0.3125,0.0
-76.4375,-0.1875,0.0
-76.4375,-0.0625,0.0
-76.4375,0.0625,0.0
-76.4375,0.1875,0.0
-76.4375,0.3125,0.0
-76.4375,0.4375,0.0
-76.4375,0.5625,0.0
-76.4375,0.6875,0.0
-76.4375,0.8125,0.0
-76.4375,0.9375,0.0
-76.4375,1.0625,0.0
-76.4375,1.1875,0.0
-76.4375,1.3125,0.0
-76.4375,1.4375,0.0
-76.4375,1.5625,0.0
-76.4375,1.6875,0.0
-76.4375,1.8125,0.0
-76.4375,1.9375,0.0
-76.4375,2.0625,0.0
-76.4375,2.1875,0.0
-76.4375,2.3125,0.0
-76.4375,2.4375,0.0
-76.4375,2.5625,0.0
-76.4375,2.6875,0.0
-76.4375,2.8125,0.0
-76.4375,2.9375,0.0
-76.4375,3.0625,0.0
-76.4375,3.1875,0.0
-76.4375,3.3125,0.0
-76.4375,3.4375,0.0
-76.4375,3.5625,0.0
-76.4375,3.6875,0.0
-76.4375,3.8125,0.0
-76.4375,3.9375,0.0
-76.4375,4.0625,0.0
-76.4375,4.1875,0.0
-76.4375,4.3125,0.0
-76.4375,4.4375,0.0
-76.4375,4.5625,0.0
-76.4375,4.6875,0.0
-76.4375,4.8125,0.0
-76.4375,4.9375,0.0
-76.4375,5.0625,0.0
-76.4375,5.1875,0.0
-76.4375,5.3125,0.0
-76.4375,5.4375,0.0
-76.4375,5.5625,0.0
-76.4375,5.6875,0.0
-76.4375,5.8125,0.0
-76.4375,5.9375,0.0
-76.4375,6.0625,0.0
-76.4375,6.1875,0.0
-76.4375,6.3125,0.0
-76.4375,6.4375,0.0
-76.4375,6.5625,0.0
-76.4375,6.6875,0.0
-76.4375,6.8125,0.0
-76.4375,6.9375,0.0
-76.4375,7.0625,0.0
-76.4375,7.1875,0.0
-76.4375,7.3125,0.0
-76.4375,7.4375,0.0
-76.4375,7.5625,0.0
-76.4375,7.6875,0.0
-76.4375,7.8125,0.0
-76.4375,7.9375,0.0
-76.4375,8.0625,0.0
-76.4375,8.1875,0.0
-76.4375,8.3125,0.0
-76.4375,8.4375,0.0
-76.4375,8.5625,0.0
-76.4375,8.6875,0.0
-76.4375,8.8125,0.0
-76.4375,8.9375,0.0
-76.4375,9.0625,0.0
-76.4375,9.1875,0.0
-76.4375,9.3125,0.0
-76.4375,9.4375,0.0
-76.4375,9.5625,0.0
-76.4375,9.6875,0.0
-76.4375,9.8125,0.0
-76.4375,9.9375,0.0
-76.4375,10.0625,0.0
-76.4375,10.1875,0.0
-76.4375,10.3125,0.0
-76.4375,10.4375,0.0
-76.4375,10.5625,0.0
-76.4375,10.6875,0.0
-76.4375,10.8125,0.0
-76.4375,10.9375,0.0
-76.4375,11.0625,0.0
-76.4375,11.1875,0.0
-76.4375,11.3125,0.0
-76.4375,11.4375,0.0
-76.4375,11.5625,0.0
-76.4375,11.6875,0.0
-76.4375,11.8125,0.0
-76.4375,11.9375,0.0
-76.4375,12.0625,0.0
-76.4375,12.1875,0.0
-76.4375,12.3125,0.0
-76.4375,12.4375,0.0
-76.3125,-4.1875,0.0
-76.3125,-4.0625,0.0
-76.3125,-3.9375,0.0
-76.3125,-3.8125,0.0
-76.3125,-3.6875,0.0
-76.3125,-3.5625,0.0
-76.3125,-3.4375,0.0
-76.3125,-3.3125,0.0
-76.3125,-3.1875,0.0
-76.3125,-3.0625,0.0
-76.3125,-2.9375,0.0
-76.3125,-2.8125,0.0
-76.3125,-2.6875,0.0
-76.3125,-2.5625,0.0
-76.3125,-2.4375,0.0
-76.3125,-2.3125,0.0
-76.3125,-2.1875,0.0
-76.3125,-2.0625,0.0
-76.3125,-1.9375,0.0
-76.3125,-1.8125,0.0
-76.3125,-1.6875,0.0
-76.3125,-1.5625,0.0
-76.3125,-1.4375,0.0
-76.3125,-1.3125,0.0
-76.3125,-1.1875,0.0
-76.3125,-1.0625,0.0
-76.3125,-0.9375,0.0
-76.3125,-0.8125,0.0
-76.3125,-0.6875,0.0
-76.3125,-0.5625,0.0
-76.3125,-0.4375,0.0
-76.3125,-0.3125,0.0
-76.3125,-0.1875,0.0
-76.3125,-0.0625,0.0
-76.3125,0.0625,0.0
-76.3125,0.1875,0.0
-76.3125,0.3125,0.0
-76.3125,0.4375,0.0
-76.3125,0.5625,0.0
-76.3125,0.6875,0.0
-76.3125,0.8125,0.0
-76.3125,0.9375,0.0
-76.3125,1.0625,0.0
-76.3125,1.1875,0.0
-76.3125,1.3125,0.0
-76.3125,1.4375,0.0
-76.3125,1.5625,0.0
-76.3125,1.6875,0.0
-76.3125,1.8125,0.0
-76.3125,1.9375,0.0
-76.3125,2.0625,0.0
-76.3125,2.1875,0.0
-76.3125,2.3125,0.0
-76.3125,2.4375,0.0
-76.3125,2.5625,0.0
-76.3125,2.6875,0.0
-76.3125,2.8125,0.0
-76.3125,2.9375,0.0
-76.3125,3.0625,0.0
-76.3125,3.1875,0.0
-76.3125,3.3125,0.0
-76.3125,3.4375,0.0
-76.3125,3.5625,0.0
-76.3125,3.6875,0.0
-76.3125,3.8125,0.0
-76.3125,3.9375,0.0
-76.3125,4.0625,0.0
-76.3125,4.1875,0.0
-76.3125,4.3125,0.0
-76.3125,4.4375,0.0
-76.3125,4.5625,0.0
-76.3125,4.6875,0.0
-76.3125,4.8125,0.0
-76.3125,4.9375,0.0
-76.3125,5.0625,0.0
-76.3125,5.1875,0.0
-76.3125,5.3125,0.0
-76.3125,5.4375,0.0
-76.3125,5.5625,0.0
-76.3125,5.6875,0.0
-76.3125,5.8125,0.0
-76.3125,5.9375,0.0
-76.3125,6.0625,0.0
-76.3125,6.1875,0.0
-76.3125,6.3125,0.0
-76.3125,6.4375,0.0
-76.3125,6.5625,0.0
-76.3125,6.6875,0.0
-76.3125,6.8125,0.0
-76.3125,6.9375,0.0
-76.3125,7.0625,0.0
-76.3125,7.1875,0.0
-76.3125,7.3125,0.0
-76.3125,7.4375,0.0
-76.3125,7.5625,0.0
-76.3125,7.6875,0.0
-76.3125,7.8125,0.0
-76.3125,7.9375,0.0
-76.3125,8.0625,0.0
-76.3125,8.1875,0.0
-76.3125,8.3125,0.0
-76.3125,8.4375,0.0
-76.3125,8.5625,0.0
-76.3125,8.6875,0.0
-76.3125,8.8125,0.0
-76.3125,8.9375,0.0
-76.3125,9.0625,0.0
-76.3125,9.1875,0.0
-76.3125,9.3125,0.0
-76.3125,9.4375,0.0
-76.3125,9.5625,0.0
-76.3125,9.6875,0.0
-76.3125,9.8125,0.0
-76.3125,9.9375,0.0
-76.3125,10.0625,0.0
-76.3125,10.1875,0.0
-76.3125,10.3125,0.0
-76.3125,10.4375,0.0
-76.3125,10.5625,0.0
-76.3125,10.6875,0.0
-76.3125,10.8125,0.0
-76.3125,10.9375,0.0
-76.3125,11.0625,0.0
-76.3125,11.1875,0.0
-76.3125,11.3125,0.0
-76.3125,11.4375,0.0
-76.3125,11.5625,0.0
-76.3125,11.6875,0.0
-76.3125,11.8125,0.0
-76.3125,11.9375,0.0
-76.3125,12.0625,0.0
-76.3125,12.1875,0.0
-76.3125,12.3125,0.0
-76.3125,12.4375,0.0
-76.1875,-4.1875,0.0
-76.1875,-4.0625,0.0
-76.1875,-3.9375,0.0
-76.1875,-3.8125,0.0
-76.1875,-3.6875,0.0
-76.1875,-3.5625,0.0
-76.1875,-3.4375,0.0
-76.1875,-3.3125,0.0
-76.1875,-3.1875,0.0
-76.1875,-3.0625,0.0
-76.1875,-2.9375,0.0
-76.1875,-2.8125,0.0
-76.1875,-2.6875,0.0
-76.1875,-2.5625,0.0
-76.1875,-2.4375,0.0
-76.1875,-2.3125,0.0
-76.1875,-2.1875,0.0
-76.1875,-2.0625,0.0
-76.1875,-1.9375,0.0
-76.1875,-1.8125,0.0
-76.1875,-1.6875,0.0
-76.1875,-1.5625,0.0
-76.1875,-1.4375,0.0
-76.1875,-1.3125,0.0
-76.1875,-1.1875,0.0
-76.1875,-1.0625,0.0
-76.1875,-0.9375,0.0
-76.1875,-0.8125,0.0
-76.1875,-0.6875,0.0
-76.1875,-0.5625,0.0
-76.1875,-0.4375,0.0
-76.1875,-0.3125,0.0
-76.1875,-0.1875,0.0
-76.1875,-0.0625,0.0
-76.1875,0.0625,0.0
-76.1875,0.1875,0.0
-76.1875,0.3125,0.0
-76.1875,0.4375,0.0
-76.1875,0.5625,0.0
-76.1875,0.6875,0.0
-76.1875,0.8125,0.0
-76.1875,0.9375,0.0
-76.1875,1.0625,0.0
-76.1875,1.1875,0.0
-76.1875,1.3125,0.0
-76.1875,1.4375,0.0
-76.1875,1.5625,0.0
-76.1875,1.6875,0.0
-76.1875,1.8125,0.0
-76.1875,1.9375,0.0
-76.1875,2.0625,0.0
-76.1875,2.1875,0.0
-76.1875,2.3125,0.0
-76.1875,2.4375,0.0
-76.1875,2.5625,0.0
-76.1875,2.6875,0.0
-76.1875,2.8125,0.0
-76.1875,2.9375,0.0
-76.1875,3.0625,0.0
-76.1875,3.1875,0.0
-76.1875,3.3125,0.0
-76.1875,3.4375,0.0
-76.1875,3.5625,0.0
-76.1875,3.6875,0.0
-76.1875,3.8125,0.0
-76.1875,3.9375,0.0
-76.1875,4.0625,0.0
-76.1875,4.1875,0.0
-76.1875,4.3125,0.0
-76.1875,4.4375,0.0
-76.1875,4.5625,0.0
-76.1875,4.6875,0.0
-76.1875,4.8125,0.0
-76.1875,4.9375,0.0
-76.1875,5.0625,0.0
-76.1875,5.1875,0.0
-76.1875,5.3125,0.0
-76.1875,5.4375,0.0
-76.1875,5.5625,0.0
-76.1875,5.6875,0.0
-76.1875,5.8125,0.0
-76.1875,5.9375,0.0
-76.1875,6.0625,0.0
-76.1875,6.1875,0.0
-76.1875,6.3125,0.0
-76.1875,6.4375,0.0
-76.1875,6.5625,0.0
-76.1875,6.6875,0.0
-76.1875,6.8125,0.0
-76.1875,6.9375,0.0
-76.1875,7.0625,0.0
-76.1875,7.1875,0.0
-76.1875,7.3125,0.0
-76.1875,7.4375,0.0
-76.1875,7.5625,0.0
-76.1875,7.6875,0.0
-76.1875,7.8125,0.0
-76.1875,7.9375,0.0
-76.1875,8.0625,0.0
-76.1875,8.1875,0.0
-76.1875,8.3125,0.0
-76.1875,8.4375,0.0
-76.1875,8.5625,0.0
-76.1875,8.6875,0.0
-76.1875,8.8125,0.0
-76.1875,8.9375,0.0
-76.1875,9.0625,0.0
-76.1875,9.1875,0.0
-76.1875,9.3125,0.0
-76.1875,9.4375,0.0
-76.1875,9.5625,0.0
-76.1875,9.6875,0.0
-76.1875,9.8125,0.0
-76.1875,9.9375,0.0
-76.1875,10.0625,0.0
-76.1875,10.1875,0.0
-76.1875,10.3125,0.0
-76.1875,10.4375,0.0
-76.1875,10.5625,0.0
-76.1875,10.6875,0.0
-76.1875,10.8125,0.0
-76.1875,10.9375,0.0
-76.1875,11.0625,0.0
-76.1875,11.1875,0.0
-76.1875,11.3125,0.0
-76.1875,11.4375,0.0
-76.1875,11.5625,0.0
-76.1875,11.6875,0.0
-76.1875,11.8125,0.0
-76.1875,11.9375,0.0
-76.1875,12.0625,0.0
-76.1875,12.1875,0.0
-76.1875,12.3125,0.0
-76.1875,12.4375,0.0
-76.0625,-4.1875,0.0
-76.0625,-4.0625,0.0
-76.0625,-3.9375,0.0
-76.0625,-3.8125,0.0
-76.0625,-3.6875,0.0
-76.0625,-3.5625,0.0
-76.0625,-3.4375,0.0
-76.0625,-3.3125,0.0
-76.0625,-3.1875,0.0
-76.0625,-3.0625,0.0
-76.0625,-2.9375,0.0
-76.0625,-2.8125,0.0
-76.0625,-2.6875,0.0
-76.0625,-2.5625,0.0
-76.0625,-2.4375,0.0
-76.0625,-2.3125,0.0
-76.0625,-2.1875,0.0
-76.0625,-2.0625,0.0
-76.0625,-1.9375,0.0
-76.0625,-1.8125,0.0
-76.0625,-1.6875,0.0
-76.0625,-1.5625,0.0
-76.0625,-1.4375,0.0
-76.0625,-1.3125,0.0
-76.0625,-1.1875,0.0
-76.0625,-1.0625,0.0
-76.0625,-0.9375,0.0
-76.0625,-0.8125,0.0
-76.0625,-0.6875,0.0
-76.0625,-0.5625,0.0
-76.0625,-0.4375,0.0
-76.0625,-0.3125,0.0
-76.0625,-0.1875,0.0
-76.0625,-0.0625,0.0
-76.0625,0.0625,0.0
-76.0625,0.1875,0.0
-76.0625,0.3125,0.0
-76.0625,0.4375,0.0
-76.0625,0.5625,0.0
-76.0625,0.6875,0.0
-76.0625,0.8125,0.0
-76.0625,0.9375,0.0
-76.0625,1.0625,0.0
-76.0625,1.1875,0.0
-76.0625,1.3125,0.0
-76.0625,1.4375,0.0
-76.0625,1.5625,0.0
-76.0625,1.6875,0.0
-76.0625,1.8125,0.0
-76.0625,1.9375,0.0
-76.0625,2.0625,0.0
-76.0625,2.1875,0.0
-76.0625,2.3125,0.0
-76.0625,2.4375,0.0
-76.0625,2.5625,0.0
-76.0625,2.6875,0.0
-76.0625,2.8125,0.0
-76.0625,2.9375,0.0
-76.0625,3.0625,0.0
-76.0625,3.1875,0.0
-76.0625,3.3125,0.0
-76.0625,3.4375,0.0
-76.0625,3.5625,0.0
-76.0625,3.6875,0.0
-76.0625,3.8125,0.0
-76.0625,3.9375,0.0
-76.0625,4.0625,0.0
-76.0625,4.1875,0.0
-76.0625,4.3125,0.0
-76.0625,4.4375,0.0
-76.0625,4.5625,0.0
-76.0625,4.6875,0.0
-76.0625,4.8125,0.0
-76.0625,4.9375,0.0
-76.0625,5.0625,0.0
-76.0625,5.1875,0.0
-76.0625,5.3125,0.0
-76.0625,5.4375,0.0
-76.0625,5.5625,0.0
-76.0625,5.6875,0.0
-76.0625,5.8125,0.0
-76.0625,5.9375,0.0
-76.0625,6.0625,0.0
-76.0625,6.1875,0.0
-76.0625,6.3125,0.0
-76.0625,6.4375,0.0
-76.0625,6.5625,0.0
-76.0625,6.6875,0.0
-76.0625,6.8125,0.0
-76.0625,6.9375,0.0
-76.0625,7.0625,0.0
-76.0625,7.1875,0.0
-76.0625,7.3125,0.0
-76.0625,7.4375,0.0
-76.0625,7.5625,0.0
-76.0625,7.6875,0.0
-76.0625,7.8125,0.0
-76.0625,7.9375,0.0
-76.0625,8.0625,0.0
-76.0625,8.1875,0.0
-76.0625,8.3125,0.0
-76.0625,8.4375,0.0
-76.0625,8.5625,0.0
-76.0625,8.6875,0.0
-76.0625,8.8125,0.0
-76.0625,8.9375,0.0
-76.0625,9.0625,0.0
-76.0625,9.1875,0.0
-76.0625,9.3125,0.0
-76.0625,9.4375,0.0
-76.0625,9.5625,0.0
-76.0625,9.6875,0.0
-76.0625,9.8125,0.0
-76.0625,9.9375,0.0
-76.0625,10.0625,0.0
-76.0625,10.1875,0.0
-76.0625,10.3125,0.0
-76.0625,10.4375,0.0
-76.0625,10.5625,0.0
-76.0625,10.6875,0.0
-76.0625,10.8125,0.0
-76.0625,10.9375,0.0
-76.0625,11.0625,0.0
-76.0625,11.1875,0.0
-76.0625,11.3125,0.0
-76.0625,11.4375,0.0
-76.0625,11.5625,0.0
-76.0625,11.6875,0.0
-76.0625,11.8125,0.0
-76.0625,11.9375,0.0
-76.0625,12.0625,0.0
-76.0625,12.1875,0.0
-76.0625,12.3125,0.0
-76.0625,12.4375,0.0
-75.9375,-4.1875,0.0
-75.9375,-4.0625,0.0
-75.9375,-3.9375,0.0
-75.9375,-3.8125,0.0
-75.9375,-3.6875,0.0
-75.9375,-3.5625,0.0
-75.9375,-3.4375,0.0
-75.9375,-3.3125,0.0
-75.9375,-3.1875,0.0
-75.9375,-3.0625,0.0
-75.9375,-2.9375,0.0
-75.9375,-2.8125,0.0
-75.9375,-2.6875,0.0
-75.9375,-2.5625,0.0
-75.9375,-2.4375,0.0
-75.9375,-2.3125,0.0
-75.9375,-2.1875,0.0
-75.9375,-2.0625,0.0
-75.9375,-1.9375,0.0
-75.9375,-1.8125,0.0
-75.9375,-1.6875,0.0
-75.9375,-1.5625,0.0
-75.9375,-1.4375,0.0
-75.9375,-1.3125,0.0
-75.9375,-1.1875,0.0
-75.9375,-1.0625,0.0
-75.9375,-0.9375,0.0
-75.9375,-0.8125,0.0
-75.9375,-0.6875,0.0
-75.9375,-0.5625,0.0
-75.9375,-0.4375,0.0
-75.9375,-0.3125,0.0
-75.9375,-0.1875,0.0
-75.9375,-0.0625,0.0
-75.9375,0.0625,0.0
-75.9375,0.1875,0.0
-75.9375,0.3125,0.0
-75.9375,0.4375,0.0
-75.9375,0.5625,0.0
-75.9375,0.6875,0.0
-75.9375,0.8125,0.0
-75.9375,0.9375,0.0
-75.9375,1.0625,0.0
-75.9375,1.1875,0.0
-75.9375,1.3125,0.0
-75.9375,1.4375,0.0
-75.9375,1.5625,0.0
-75.9375,1.6875,0.0
-75.9375,1.8125,0.0
-75.9375,1.9375,0.0
-75.9375,2.0625,0.0
-75.9375,2.1875,0.0
-75.9375,2.3125,0.0
-75.9375,2.4375,0.0
-75.9375,2.5625,0.0
-75.9375,2.6875,0.0
-75.9375,2.8125,0.0
-75.9375,2.9375,0.0
-75.9375,3.0625,0.0
-75.9375,3.1875,0.0
-75.9375,3.3125,0.0
-75.9375,3.4375,0.0
-75.9375,3.5625,0.0
-75.9375,3.6875,0.0
-75.9375,3.8125,0.0
-75.9375,3.9375,0.0
-75.9375,4.0625,0.0
-75.9375,4.1875,0.0
-75.9375,4.3125,0.0
-75.9375,4.4375,0.0
-75.9375,4.5625,0.0
-75.9375,4.6875,0.0
-75.9375,4.8125,0.0
-75.9375,4.9375,0.0
-75.9375,5.0625,0.0
-75.9375,5.1875,0.0
-75.9375,5.3125,0.0
-75.9375,5.4375,0.0
-75.9375,5.5625,0.0
-75.9375,5.6875,0.0
-75.9375,5.8125,0.0
-75.9375,5.9375,0.0
-75.9375,6.0625,0.0
-75.9375,6.1875,0.0
-75.9375,6.3125,0.0
-75.9375,6.4375,0.0
-75.9375,6.5625,0.0
-75.9375,6.6875,0.0
-75.9375,6.8125,0.0
-75.9375,6.9375,0.0
-75.9375,7.0625,0.0
-75.9375,7.1875,0.0
-75.9375,7.3125,0.0
-75.9375,7.4375,0.0
-75.9375,7.5625,0.0
-75.9375,7.6875,0.0
-75.9375,7.8125,0.0
-75.9375,7.9375,0.0
-75.9375,8.0625,0.0
-75.9375,8.1875,0.0
-75.9375,8.3125,0.0
-75.9375,8.4375,0.0
-75.9375,8.5625,0.0
-75.9375,8.6875,0.0
-75.9375,8.8125,0.0
-75.9375,8.9375,0.0
-75.9375,9.0625,0.0
-75.9375,9.1875,0.0
-75.9375,9.3125,0.0
-75.9375,9.4375,0.0
-75.9375,9.5625,0.0
-75.9375,9.6875,0.0
-75.9375,9.8125,0.0
-75.9375,9.9375,0.0
-75.9375,10.0625,0.0
-75.9375,10.1875,0.0
-75.9375,10.3125,0.0
-75.9375,10.4375,0.0
-75.9375,10.5625,0.0
-75.9375,10.6875,0.0
-75.9375,10.8125,0.0
-75.9375,10.9375,0.0
-75.9375,11.0625,0.0
-75.9375,11.1875,0.0
-75.9375,11.3125,0.0
-75.9375,11.4375,0.0
-75.9375,11.5625,0.0
-75.9375,11.6875,0.0
-75.9375,11.8125,0.0
-75.9375,11.9375,0.0
-75.9375,12.0625,0.0
-75.9375,12.1875,0.0
-75.9375,12.3125,0.0
-75.9375,12.4375,0.0
-75.8125,-4.1875,0.0
-75.8125,-4.0625,0.0
-75.8125,-3.9375,0.0
-75.8125,-3.8125,0.0
-75.8125,-3.6875,0.0
-75.8125,-3.5625,0.0
-75.8125,-3.4375,0.0
-75.8125,-3.3125,0.0
-75.8125,-3.1875,0.0
-75.8125,-3.0625,0.0
-75.8125,-2.9375,0.0
-75.8125,-2.8125,0.0
-75.8125,-2.6875,0.0
-75.8125,-2.5625,0.0
-75.8125,-2.4375,0.0
-75.8125,-2.3125,0.0
-75.8125,-2.1875,0.0
-75.8125,-2.0625,0.0
-75.8125,-1.9375,0.0
-75.8125,-1.8125,0.0
-75.8125,-1.6875,0.0
-75.8125,-1.5625,0.0
-75.8125,-1.4375,0.0
-75.8125,-1.3125,0.0
-75.8125,-1.1875,0.0
-75.8125,-1.0625,0.0
-75.8125,-0.9375,0.0
-75.8125,-0.8125,0.0
-75.8125,-0.6875,0.0
-75.8125,-0.5625,0.0
-75.8125,-0.4375,0.0
-75.8125,-0.3125,0.0
-75.8125,-0.1875,0.0
-75.8125,-0.0625,0.0
-75.8125,0.0625,0.0
-75.8125,0.1875,0.0
-75.8125,0.3125,0.0
-75.8125,0.4375,0.0
-75.8125,0.5625,0.0
-75.8125,0.6875,0.0
-75.8125,0.8125,0.0
-75.8125,0.9375,0.0
-75.8125,1.0625,0.0
-75.8125,1.1875,0.0
-75.8125,1.3125,0.0
-75.8125,1.4375,0.0
-75.8125,1.5625,0.0
-75.8125,1.6875,0.0
-75.8125,1.8125,0.0
-75.8125,1.9375,0.0
-75.8125,2.0625,0.0
-75.8125,2.1875,0.0
-75.8125,2.3125,0.0
-75.8125,2.4375,0.0
-75.8125,2.5625,0.0
-75.8125,2.6875,0.0
-75.8125,2.8125,0.0
-75.8125,2.9375,0.0
-75.8125,3.0625,0.0
-75.8125,3.1875,0.0
-75.8125,3.3125,0.0
-75.8125,3.4375,0.0
-75.8125,3.5625,0.0
-75.8125,3.6875,0.0
-75.8125,3.8125,0.0
-75.8125,3.9375,0.0
-75.8125,4.0625,0.0
-75.8125,4.1875,0.0
-75.8125,4.3125,0.0
-75.8125,4.4375,0.0
-75.8125,4.5625,0.0
-75.8125,4.6875,0.0
-75.8125,4.8125,0.0
-75.8125,4.9375,0.0
-75.8125,5.0625,0.0
-75.8125,5.1875,0.0
-75.8125,5.3125,0.0
-75.8125,5.4375,0.0
-75.8125,5.5625,0.0
-75.8125,5.6875,0.0
-75.8125,5.8125,0.0
-75.8125,5.9375,0.0
-75.8125,6.0625,0.0
-75.8125,6.1875,0.0
-75.8125,6.3125,0.0
-75.8125,6.4375,0.0
-75.8125,6.5625,0.0
-75.8125,6.6875,0.0
-75.8125,6.8125,0.0
-75.8125,6.9375,0.0
-75.8125,7.0625,0.0
-75.8125,7.1875,0.0
-75.8125,7.3125,0.0
-75.8125,7.4375,0.0
-75.8125,7.5625,0.0
-75.8125,7.6875,0.0
-75.8125,7.8125,0.0
-75.8125,7.9375,0.0
-75.8125,8.0625,0.0
-75.8125,8.1875,0.0
-75.8125,8.3125,0.0
-75.8125,8.4375,0.0
-75.8125,8.5625,0.0
-75.8125,8.6875,0.0
-75.8125,8.8125,0.0
-75.8125,8.9375,0.0
-75.8125,9.0625,0.0
-75.8125,9.1875,0.0
-75.8125,9.3125,0.0
-75.8125,9.4375,0.0
-75.8125,9.5625,0.0
-75.8125,9.6875,0.0
-75.8125,9.8125,0.0
-75.8125,9.9375,0.0
-75.8125,10.0625,0.0
-75.8125,10.1875,0.0
-75.8125,10.3125,0.0
-75.8125,10.4375,0.0
-75.8125,10.5625,0.0
-75.8125,10.6875,0.0
-75.8125,10.8125,0.0
-75.8125,10.9375,0.0
-75.8125,11.0625,0.0
-75.8125,11.1875,0.0
-75.8125,11.3125,0.0
-75.8125,11.4375,0.0
-75.8125,11.5625,0.0
-75.8125,11.6875,0.0
-75.8125,11.8125,0.0
-75.8125,11.9375,0.0
-75.8125,12.0625,0.0
-75.8125,12.1875,0.0
-75.8125,12.3125,0.0
-75.8125,12.4375,0.0
-75.6875,-4.1875,0.0
-75.6875,-4.0625,0.0
-75.6875,-3.9375,0.0
-75.6875,-3.8125,0.0
-75.6875,-3.6875,0.0
-75.6875,-3.5625,0.0
-75.6875,-3.4375,0.0
-75.6875,-3.3125,0.0
-75.6875,-3.1875,0.0
-75.6875,-3.0625,0.0
-75.6875,-2.9375,0.0
-75.6875,-2.8125,0.0
-75.6875,-2.6875,0.0
-75.6875,-2.5625,0.0
-75.6875,-2.4375,0.0
-75.6875,-2.3125,0.0
-75.6875,-2.1875,0.0
-75.6875,-2.0625,0.0
-75.6875,-1.9375,0.0
-75.6875,-1.8125,0.0
-75.6875,-1.6875,0.0
-75.6875,-1.5625,0.0
-75.6875,-1.4375,0.0
-75.6875,-1.3125,0.0
-75.6875,-1.1875,0.0
-75.6875,-1.0625,0.0
-75.6875,-0.9375,0.0
-75.6875,-0.8125,0.0
-75.6875,-0.6875,0.0
-75.6875,-0.5625,0.0
-75.6875,-0.4375,0.0
-75.6875,-0.3125,0.0
-75.6875,-0.1875,0.0
-75.6875,-0.0625,0.0
-75.6875,0.0625,0.0
-75.6875,0.1875,0.0
-75.6875,0.3125,0.0
-75.6875,0.4375,0.0
-75.6875,0.5625,0.0
-75.6875,0.6875,0.0
-75.6875,0.8125,0.0
-75.6875,0.9375,0.0
-75.6875,1.0625,0.0
-75.6875,1.1875,0.0
-75.6875,1.3125,0.0
-75.6875,1.4375,0.0
-75.6875,1.5625,0.0
-75.6875,1.6875,0.0
-75.6875,1.8125,0.0
-75.6875,1.9375,0.0
-75.6875,2.0625,0.0
-75.6875,2.1875,0.0
-75.6875,2.3125,0.0
-75.6875,2.4375,0.0
-75.6875,2.5625,0.0
-75.6875,2.6875,0.0
-75.6875,2.8125,0.0
-75.6875,2.9375,0.0
-75.6875,3.0625,0.0
-75.6875,3.1875,0.0
-75.6875,3.3125,0.0
-75.6875,3.4375,0.0
-75.6875,3.5625,0.0
-75.6875,3.6875,0.0
-75.6875,3.8125,0.0
-75.6875,3.9375,0.0
-75.6875,4.0625,0.0
-75.6875,4.1875,0.0
-75.6875,4.3125,0.0
-75.6875,4.4375,0.0
-75.6875,4.5625,0.0
-75.6875,4.6875,0.0
-75.6875,4.8125,0.0
-75.6875,4.9375,0.0
-75.6875,5.0625,0.0
-75.6875,5.1875,0.0
-75.6875,5.3125,0.0
-75.6875,5.4375,0.0
-75.6875,5.5625,0.0
-75.6875,5.6875,0.0
-75.6875,5.8125,0.0
-75.6875,5.9375,0.0
-75.6875,6.0625,0.0
-75.6875,6.1875,0.0
-75.6875,6.3125,0.0
-75.6875,6.4375,0.0
-75.6875,6.5625,0.0
-75.6875,6.6875,0.0
-75.6875,6.8125,0.0
-75.6875,6.9375,0.0
-75.6875,7.0625,0.0
-75.6875,7.1875,0.0
-75.6875,7.3125,0.0
-75.6875,7.4375,0.0
-75.6875,7.5625,0.0
-75.6875,7.6875,0.0
-75.6875,7.8125,0.0
-75.6875,7.9375,0.0
-75.6875,8.0625,0.0
-75.6875,8.1875,0.0
-75.6875,8.3125,0.0
-75.6875,8.4375,0.0
-75.6875,8.5625,0.0
-75.6875,8.6875,0.0
-75.6875,8.8125,0.0
-75.6875,8.9375,0.0
-75.6875,9.0625,0.0
-75.6875,9.1875,0.0
-75.6875,9.3125,0.0
-75.6875,9.4375,0.0
-75.6875,9.5625,0.0
-75.6875,9.6875,0.0
-75.6875,9.8125,0.0
-75.6875,9.9375,0.0
-75.6875,10.0625,0.0
-75.6875,10.1875,0.0
-75.6875,10.3125,0.0
-75.6875,10.4375,0.0
-75.6875,10.5625,0.0
-75.6875,10.6875,0.0
-75.6875,10.8125,0.0
-75.6875,10.9375,0.0
-75.6875,11.0625,0.0
-75.6875,11.1875,0.0
-75.6875,11.3125,0.0
-75.6875,11.4375,0.0
-75.6875,11.5625,0.0
-75.6875,11.6875,0.0
-75.6875,11.8125,0.0
-75.6875,11.9375,0.0
-75.6875,12.0625,0.0
-75.6875,12.1875,0.0
-75.6875,12.3125,0.0
-75.6875,12.4375,0.0
-75.5625,-4.1875,0.0
-75.5625,-4.0625,0.0
-75.5625,-3.9375,0.0
-75.5625,-3.8125,0.0
-75.5625,-3.6875,0.0
-75.5625,-3.5625,0.0
-75.5625,-3.4375,0.0
-75.5625,-3.3125,0.0
-75.5625,-3.1875,0.0
-75.5625,-3.0625,0.0
-75.5625,-2.9375,0.0
-75.5625,-2.8125,0.0
-75.5625,-2.6875,0.0
-75.5625,-2.5625,0.0
-75.5625,-2.4375,0.0
-75.5625,-2.3125,0.0
-75.5625,-2.1875,0.0
-75.5625,-2.0625,0.0
-75.5625,-1.9375,0.0
-75.5625,-1.8125,0.0
-75.5625,-1.6875,0.0
-75.5625,-1.5625,0.0
-75.5625,-1.4375,0.0
-75.5625,-1.3125,0.0
-75.5625,-1.1875,0.0
-75.5625,-1.0625,0.0
-75.5625,-0.9375,0.0
-75.5625,-0.8125,0.0
-75.5625,-0.6875,0.0
-75.5625,-0.5625,0.0
-75.5625,-0.4375,0.0
-75.5625,-0.3125,0.0
-75.5625,-0.1875,0.0
-75.5625,-0.0625,0.0
-75.5625,0.0625,0.0
-75.5625,0.1875,0.0
-75.5625,0.3125,0.0
-75.5625,0.4375,0.0
-75.5625,0.5625,0.0
-75.5625,0.6875,0.0
-75.5625,0.8125,0.0
-75.5625,0.9375,0.0
-75.5625,1.0625,0.0
-75.5625,1.1875,0.0
-75.5625,1.3125,0.0
-75.5625,1.4375,0.0
-75.5625,1.5625,0.0
-75.5625,1.6875,0.0
-75.5625,1.8125,0.0
-75.5625,1.9375,0.0
-75.5625,2.0625,0.0
-75.5625,2.1875,0.0
-75.5625,2.3125,0.0
-75.5625,2.4375,0.0
-75.5625,2.5625,0.0
-75.5625,2.6875,0.0
-75.5625,2.8125,0.0
-75.5625,2.9375,0.0
-75.5625,3.0625,0.0
-75.5625,3.1875,0.0
-75.5625,3.3125,0.0
-75.5625,3.4375,0.0
-75.5625,3.5625,0.0
-75.5625,3.6875,0.0
-75.5625,3.8125,0.0
-75.5625,3.9375,0.0
-75.5625,4.0625,0.0
-75.5625,4.1875,0.0
-75.5625,4.3125,0.0
-75.5625,4.4375,0.0
-75.5625,4.5625,0.0
-75.5625,4.6875,0.0
-75.5625,4.8125,0.0
-75.5625,4.9375,0.0
-75.5625,5.0625,0.0
-75.5625,5.1875,0.0
-75.5625,5.3125,0.0
-75.5625,5.4375,0.0
-75.5625,5.5625,0.0
-75.5625,5.6875,0.0
-75.5625,5.8125,0.0
-75.5625,5.9375,0.0
-75.5625,6.0625,0.0
-75.5625,6.1875,0.0
-75.5625,6.3125,0.0
-75.5625,6.4375,0.0
-75.5625,6.5625,0.0
-75.5625,6.6875,0.0
-75.5625,6.8125,0.0
-75.5625,6.9375,0.0
-75.5625,7.0625,0.0
-75.5625,7.1875,0.0
-75.5625,7.3125,0.0
-75.5625,7.4375,0.0
-75.5625,7.5625,0.0
-75.5625,7.6875,0.0
-75.5625,7.8125,0.0
-75.5625,7.9375,0.0
-75.5625,8.0625,0.0
-75.5625,8.1875,0.0
-75.5625,8.3125,0.0
-75.5625,8.4375,0.0
-75.5625,8.5625,0.0
-75.5625,8.6875,0.0
-75.5625,8.8125,0.0
-75.5625,8.9375,0.0
-75.5625,9.0625,0.0
-75.5625,9.1875,0.0
-75.5625,9.3125,0.0
-75.5625,9.4375,0.0
-75.5625,9.5625,0.0
-75.5625,9.6875,0.0
-75.5625,9.8125,0.0
-75.5625,9.9375,0.0
-75.5625,10.0625,0.0
-75.5625,10.1875,0.0
-75.5625,10.3125,0.0
-75.5625,10.4375,0.0
-75.5625,10.5625,0.0
-75.5625,10.6875,0.0
-75.5625,10.8125,0.0
-75.5625,10.9375,0.0
-75.5625,11.0625,0.0
-75.5625,11.1875,0.0
-75.5625,11.3125,0.0
-75.5625,11.4375,0.0
-75.5625,11.5625,0.0
-75.5625,11.6875,0.0
-75.5625,11.8125,0.0
-75.5625,11.9375,0.0
-75.5625,12.0625,0.0
-75.5625,12.1875,0.0
-75.5625,12.3125,0.0
-75.5625,12.4375,0.0
-75.4375,-4.1875,0.0
-75.4375,-4.0625,0.0
-75.4375,-3.9375,0.0
-75.4375,-3.8125,0.0
-75.4375,-3.6875,0.0
-75.4375,-3.5625,0.0
-75.4375,-3.4375,0.0
-75.4375,-3.3125,0.0
-75.4375,-3.1875,0.0
-75.4375,-3.0625,0.0
-75.4375,-2.9375,0.0
-75.4375,-2.8125,0.0
-75.4375,-2.6875,0.0
-75.4375,-2.5625,0.0
-75.4375,-2.4375,0.0
-75.4375,-2.3125,0.0
-75.4375,-2.1875,0.0
-75.4375,-2.0625,0.0
-75.4375,-1.9375,0.0
-75.4375,-1.8125,0.0
-75.4375,-1.6875,0.0
-75.4375,-1.5625,0.0
-75.4375,-1.4375,0.0
-75.4375,-1.3125,0.0
-75.4375,-1.1875,0.0
-75.4375,-1.0625,0.0
-75.4375,-0.9375,0.0
-75.4375,-0.8125,0.0
-75.4375,-0.6875,0.0
-75.4375,-0.5625,0.0
-75.4375,-0.4375,0.0
-75.4375,-0.3125,0.0
-75.4375,-0.1875,0.0
-75.4375,-0.0625,0.0
-75.4375,0.0625,0.0
-75.4375,0.1875,0.0
-75.4375,0.3125,0.0
-75.4375,0.4375,0.0
-75.4375,0.5625,0.0
-75.4375,0.6875,0.0
-75.4375,0.8125,0.0
-75.4375,0.9375,0.0
-75.4375,1.0625,0.0
-75.4375,1.1875,0.0
-75.4375,1.3125,0.0
-75.4375,1.4375,0.0
-75.4375,1.5625,0.0
-75.4375,1.6875,0.0
-75.4375,1.8125,0.0
-75.4375,1.9375,0.0
-75.4375,2.0625,0.0
-75.4375,2.1875,0.0
-75.4375,2.3125,0.0
-75.4375,2.4375,0.0
-75.4375,2.5625,0.0
-75.4375,2.6875,0.0
-75.4375,2.8125,0.0
-75.4375,2.9375,0.0
-75.4375,3.0625,0.0
-75.4375,3.1875,0.0
-75.4375,3.3125,0.0
-75.4375,3.4375,0.0
-75.4375,3.5625,0.0
-75.4375,3.6875,0.0
-75.4375,3.8125,0.0
-75.4375,3.9375,0.0
-75.4375,4.0625,0.0
-75.4375,4.1875,0.0
-75.4375,4.3125,0.0
-75.4375,4.4375,0.0
-75.4375,4.5625,0.0
-75.4375,4.6875,0.0
-75.4375,4.8125,0.0
-75.4375,4.9375,0.0
-75.4375,5.0625,0.0
-75.4375,5.1875,0.0
-75.4375,5.3125,0.0
-75.4375,5.4375,0.0
-75.4375,5.5625,0.0
-75.4375,5.6875,0.0
-75.4375,5.8125,0.0
-75.4375,5.9375,0.0
-75.4375,6.0625,0.0
-75.4375,6.1875,0.0
-75.4375,6.3125,0.0
-75.4375,6.4375,0.0
-75.4375,6.5625,0.0
-75.4375,6.6875,0.0
-75.4375,6.8125,0.0
-75.4375,6.9375,0.0
-75.4375,7.0625,0.0
-75.4375,7.1875,0.0
-75.4375,7.3125,0.0
-75.4375,7.4375,0.0
-75.4375,7.5625,0.0
-75.4375,7.6875,0.0
-75.4375,7.8125,0.0
-75.4375,7.9375,0.0
-75.4375,8.0625,0.0
-75.4375,8.1875,0.0
-75.4375,8.3125,0.0
-75.4375,8.4375,0.0
-75.4375,8.5625,0.0
-75.4375,8.6875,0.0
-75.4375,8.8125,0.0
-75.4375,8.9375,0.0
-75.4375,9.0625,0.0
-75.4375,9.1875,0.0
-75.4375,9.3125,0.0
-75.4375,9.4375,0.0
-75.4375,9.5625,0.0
-75.4375,9.6875,0.0
-75.4375,9.8125,0.0
-75.4375,9.9375,0.0
-75.4375,10.0625,0.0
-75.4375,10.1875,0.0
-75.4375,10.3125,0.0
-75.4375,10.4375,0.0
-75.4375,10.5625,0.0
-75.4375,10.6875,0.0
-75.4375,10.8125,0.0
-75.4375,10.9375,0.0
-75.4375,11.0625,0.0
-75.4375,11.1875,0.0
-75.4375,11.3125,0.0
-75.4375,11.4375,0.0
-75.4375,11.5625,0.0
-75.4375,11.6875,0.0
-75.4375,11.8125,0.0
-75.4375,11.9375,0.0
-75.4375,12.0625,0.0
-75.4375,12.1875,0.0
-75.4375,12.3125,0.0
-75.4375,12.4375,0.0
-75.3125,-4.1875,0.0
-75.3125,-4.0625,0.0
-75.3125,-3.9375,0.0
-75.3125,-3.8125,0.0
-75.3125,-3.6875,0.0
-75.3125,-3.5625,0.0
-75.3125,-3.4375,0.0
-75.3125,-3.3125,0.0
-75.3125,-3.1875,0.0
-75.3125,-3.0625,0.0
-75.3125,-2.9375,0.0
-75.3125,-2.8125,0.0
-75.3125,-2.6875,0.0
-75.3125,-2.5625,0.0
-75.3125,-2.4375,0.0
-75.3125,-2.3125,0.0
-75.3125,-2.1875,0.0
-75.3125,-2.0625,0.0
-75.3125,-1.9375,0.0
-75.3125,-1.8125,0.0
-75.3125,-1.6875,0.0
-75.3125,-1.5625,0.0
-75.3125,-1.4375,0.0
-75.3125,-1.3125,0.0
-75.3125,-1.1875,0.0
-75.3125,-1.0625,0.0
-75.3125,-0.9375,0.0
-75.3125,-0.8125,0.0
-75.3125,-0.6875,0.0
-75.3125,-0.5625,0.0
-75.3125,-0.4375,0.0
-75.3125,-0.3125,0.0
-75.3125,-0.1875,0.0
-75.3125,-0.0625,0.0
-75.3125,0.0625,0.0
-75.3125,0.1875,0.0
-75.3125,0.3125,0.0
-75.3125,0.4375,0.0
-75.3125,0.5625,0.0
-75.3125,0.6875,0.0
-75.3125,0.8125,0.0
-75.3125,0.9375,0.0
-75.3125,1.0625,0.0
-75.3125,1.1875,0.0
-75.3125,1.3125,0.0
-75.3125,1.4375,0.0
-75.3125,1.5625,0.0
-75.3125,1.6875,0.0
-75.3125,1.8125,0.0
-75.3125,1.9375,0.0
-75.3125,2.0625,0.0
-75.3125,2.1875,0.0
-75.3125,2.3125,0.0
-75.3125,2.4375,0.0
-75.3125,2.5625,0.0
-75.3125,2.6875,0.0
-75.3125,2.8125,0.0
-75.3125,2.9375,0.0
-75.3125,3.0625,0.0
-75.3125,3.1875,0.0
-75.3125,3.3125,0.0
-75.3125,3.4375,0.0
-75.3125,3.5625,0.0
-75.3125,3.6875,0.0
-75.3125,3.8125,0.0
-75.3125,3.9375,0.0
-75.3125,4.0625,0.0
-75.3125,4.1875,0.0
-75.3125,4.3125,0.0
-75.3125,4.4375,0.0
-75.3125,4.5625,0.0
-75.3125,4.6875,0.0
-75.3125,4.8125,0.0
-75.3125,4.9375,0.0
-75.3125,5.0625,0.0
-75.3125,5.1875,0.0
-75.3125,5.3125,0.0
-75.3125,5.4375,0.0
-75.3125,5.5625,0.0
-75.3125,5.6875,0.0
-75.3125,5.8125,0.0
-75.3125,5.9375,0.0
-75.3125,6.0625,0.0
-75.3125,6.1875,0.0
-75.3125,6.3125,0.0
-75.3125,6.4375,0.0
-75.3125,6.5625,0.0
-75.3125,6.6875,0.0
-75.3125,6.8125,0.0
-75.3125,6.9375,0.0
-75.3125,7.0625,0.0
-75.3125,7.1875,0.0
-75.3125,7.3125,0.0
-75.3125,7.4375,0.0
-75.3125,7.5625,0.0
-75.3125,7.6875,0.0
-75.3125,7.8125,0.0
-75.3125,7.9375,0.0
-75.3125,8.0625,0.0
-75.3125,8.1875,0.0
-75.3125,8.3125,0.0
-75.3125,8.4375,0.0
-75.3125,8.5625,0.0
-75.3125,8.6875,0.0
-75.3125,8.8125,0.0
-75.3125,8.9375,0.0
-75.3125,9.0625,0.0
-75.3125,9.1875,0.0
-75.3125,9.3125,0.0
-75.3125,9.4375,0.0
-75.3125,9.5625,0.0
-75.3125,9.6875,0.0
-75.3125,9.8125,0.0
-75.3125,9.9375,0.0
-75.3125,10.0625,0.0
-75.3125,10.1875,0.0
-75.3125,10.3125,0.0
-75.3125,10.4375,0.0
-75.3125,10.5625,0.0
-75.3125,10.6875,0.0
-75.3125,10.8125,0.0
-75.3125,10.9375,0.0
-75.3125,11.0625,0.0
-75.3125,11.1875,0.0
-75.3125,11.3125,0.0
-75.3125,11.4375,0.0
-75.3125,11.5625,0.0
-75.3125,11.6875,0.0
-75.3125,11.8125,0.0
-75.3125,11.9375,0.0
-75.3125,12.0625,0.0
-75.3125,12.1875,0.0
-75.3125,12.3125,0.0
-75.3125,12.4375,0.0
-75.1875,-4.1875,0.0
-75.1875,-4.0625,0.0
-75.1875,-3.9375,0.0
-75.1875,-3.8125,0.0
-75.1875,-3.6875,0.0
-75.1875,-3.5625,0.0
-75.1875,-3.4375,0.0
-75.1875,-3.3125,0.0
-75.1875,-3.1875,0.0
-75.1875,-3.0625,0.0
-75.1875,-2.9375,0.0
-75.1875,-2.8125,0.0
-75.1875,-2.6875,0.0
-75.1875,-2.5625,0.0
-75.1875,-2.4375,0.0
-75.1875,-2.3125,0.0
-75.1875,-2.1875,0.0
-75.1875,-2.0625,0.0
-75.1875,-1.9375,0.0
-75.1875,-1.8125,0.0
-75.1875,-1.6875,0.0
-75.1875,-1.5625,0.0
-75.1875,-1.4375,0.0
-75.1875,-1.3125,0.0
-75.1875,-1.1875,0.0
-75.1875,-1.0625,0.0
-75.1875,-0.9375,0.0
-75.1875,-0.8125,0.0
-75.1875,-0.6875,0.0
-75.1875,-0.5625,0.0
-75.1875,-0.4375,0.0
-75.1875,-0.3125,0.0
-75.1875,-0.1875,0.0
-75.1875,-0.0625,0.0
-75.1875,0.0625,0.0
-75.1875,0.1875,0.0
-75.1875,0.3125,0.0
-75.1875,0.4375,0.0
-75.1875,0.5625,0.0
-75.1875,0.6875,0.0
-75.1875,0.8125,0.0
-75.1875,0.9375,0.0
-75.1875,1.0625,0.0
-75.1875,1.1875,0.0
-75.1875,1.3125,0.0
-75.1875,1.4375,0.0
-75.1875,1.5625,0.0
-75.1875,1.6875,0.0
-75.1875,1.8125,0.0
-75.1875,1.9375,0.0
-75.1875,2.0625,0.0
-75.1875,2.1875,0.0
-75.1875,2.3125,0.0
-75.1875,2.4375,0.0
-75.1875,2.5625,0.0
-75.1875,2.6875,0.0
-75.1875,2.8125,0.0
-75.1875,2.9375,0.0
-75.1875,3.0625,0.0
-75.1875,3.1875,0.0
-75.1875,3.3125,0.0
-75.1875,3.4375,0.0
-75.1875,3.5625,0.0
-75.1875,3.6875,0.0
-75.1875,3.8125,0.0
-75.1875,3.9375,0.0
-75.1875,4.0625,0.0
-75.1875,4.1875,0.0
-75.1875,4.3125,0.0
-75.1875,4.4375,0.0
-75.1875,4.5625,0.0
-75.1875,4.6875,0.0
-75.1875,4.8125,0.0
-75.1875,4.9375,0.0
-75.1875,5.0625,0.0
-75.1875,5.1875,0.0
-75.1875,5.3125,0.0
-75.1875,5.4375,0.0
-75.1875,5.5625,0.0
-75.1875,5.6875,0.0
-75.1875,5.8125,0.0
-75.1875,5.9375,0.0
-75.1875,6.0625,0.0
-75.1875,6.1875,0.0
-75.1875,6.3125,0.0
-75.1875,6.4375,0.0
-75.1875,6.5625,0.0
-75.1875,6.6875,0.0
-75.1875,6.8125,0.0
-75.1875,6.9375,0.0
-75.1875,7.0625,0.0
-75.1875,7.1875,0.0
-75.1875,7.3125,0.0
-75.1875,7.4375,0.0
-75.1875,7.5625,0.0
-75.1875,7.6875,0.0
-75.1875,7.8125,0.0
-75.1875,7.9375,0.0
-75.1875,8.0625,0.0
-75.1875,8.1875,0.0
-75.1875,8.3125,0.0
-75.1875,8.4375,0.0
-75.1875,8.5625,0.0
-75.1875,8.6875,0.0
-75.1875,8.8125,0.0
-75.1875,8.9375,0.0
-75.1875,9.0625,0.0
-75.1875,9.1875,0.0
-75.1875,9.3125,0.0
-75.1875,9.4375,0.0
-75.1875,9.5625,0.0
-75.1875,9.6875,0.0
-75.1875,9.8125,0.0
-75.1875,9.9375,0.0
-75.1875,10.0625,0.0
-75.1875,10.1875,0.0
-75.1875,10.3125,0.0
-75.1875,10.4375,0.0
-75.1875,10.5625,0.0
-75.1875,10.6875,0.0
-75.1875,10.8125,0.0
-75.1875,10.9375,0.0
-75.1875,11.0625,11.52
-75.1875,11.1875,11.68
-75.1875,11.3125,0.0
-75.1875,11.4375,0.0
-75.1875,11.5625,0.0
-75.1875,11.6875,0.0
-75.1875,11.8125,0.0
-75.1875,11.9375,0.0
-75.1875,12.0625,0.0
-75.1875,12.1875,0.0
-75.1875,12.3125,0.0
-75.1875,12.4375,0.0
-75.0625,-4.1875,0.0
-75.0625,-4.0625,0.0
-75.0625,-3.9375,0.0
-75.0625,-3.8125,0.0
-75.0625,-3.6875,0.0
-75.0625,-3.5625,0.0
-75.0625,-3.4375,0.0
-75.0625,-3.3125,0.0
-75.0625,-3.1875,0.0
-75.0625,-3.0625,0.0
-75.0625,-2.9375,0.0
-75.0625,-2.8125,0.0
-75.0625,-2.6875,0.0
-75.0625,-2.5625,0.0
-75.0625,-2.4375,0.0
-75.0625,-2.3125,0.0
-75.0625,-2.1875,0.0
-75.0625,-2.0625,0.0
-75.0625,-1.9375,0.0
-75.0625,-1.8125,0.0
-75.0625,-1.6875,0.0
-75.0625,-1.5625,0.0
-75.0625,-1.4375,0.0
-75.0625,-1.3125,0.0
-75.0625,-1.1875,0.0
-75.0625,-1.0625,0.0
-75.0625,-0.9375,0.0
-75.0625,-0.8125,0.0
-75.0625,-0.6875,0.0
-75.0625,-0.5625,0.0
-75.0625,-0.4375,0.0
-75.0625,-0.3125,0.0
-75.0625,-0.1875,0.0
-75.0625,-0.0625,0.0
-75.0625,0.0625,0.0
-75.0625,0.1875,0.0
-75.0625,0.3125,0.0
-75.0625,0.4375,0.0
-75.0625,0.5625,0.0
-75.0625,0.6875,0.0
-75.0625,0.8125,0.0
-75.0625,0.9375,0.0
-75.0625,1.0625,0.0
-75.0625,1.1875,0.0
-75.0625,1.3125,0.0
-75.0625,1.4375,0.0
-75.0625,1.5625,0.0
-75.0625,1.6875,0.0
-75.0625,1.8125,0.0
-75.0625,1.9375,0.0
-75.0625,2.0625,0.0
-75.0625,2.1875,0.0
-75.0625,2.3125,0.0
-75.0625,2.4375,0.0
-75.0625,2.5625,0.0
-75.0625,2.6875,0.0
-75.0625,2.8125,0.0
-75.0625,2.9375,0.0
-75.0625,3.0625,0.0
-75.0625,3.1875,0.0
-75.0625,3.3125,0.0
-75.0625,3.4375,0.0
-75.0625,3.5625,0.0
-75.0625,3.6875,0.0
-75.0625,3.8125,0.0
-75.0625,3.9375,0.0
-75.0625,4.0625,0.0
-75.0625,4.1875,0.0
-75.0625,4.3125,0.0
-75.0625,4.4375,0.0
-75.0625,4.5625,0.0
-75.0625,4.6875,0.0
-75.0625,4.8125,0.0
-75.0625,4.9375,0.0
-75.0625,5.0625,0.0
-75.0625,5.1875,0.0
-75.0625,5.3125,0.0
-75.0625,5.4375,0.0
-75.0625,5.5625,0.0
-75.0625,5.6875,0.0
-75.0625,5.8125,0.0
-75.0625,5.9375,0.0
-75.0625,6.0625,0.0
-75.0625,6.1875,0.0
-75.0625,6.3125,0.0
-75.0625,6.4375,0.0
-75.0625,6.5625,0.0
-75.0625,6.6875,0.0
-75.0625,6.8125,0.0
-75.0625,6.9375,0.0
-75.0625,7.0625,0.0
-75.0625,7.1875,0.0
-75.0625,7.3125,0.0
-75.0625,7.4375,0.0
-75.0625,7.5625,0.0
-75.0625,7.6875,0.0
-75.0625,7.8125,0.0
-75.0625,7.9375,0.0
-75.0625,8.0625,0.0
-75.0625,8.1875,0.0
-75.0625,8.3125,0.0
-75.0625,8.4375,0.0
-75.0625,8.5625,0.0
-75.0625,8.6875,0.0
-75.0625,8.8125,0.0
-75.0625,8.9375,0.0
-75.0625,9.0625,0.0
-75.0625,9.1875,0.0
-75.0625,9.3125,0.0
-75.0625,9.4375,0.0
-75.0625,9.5625,0.0
-75.0625,9.6875,0.0
-75.0625,9.8125,0.0
-75.0625,9.9375,0.0
-75.0625,10.0625,0.0
-75.0625,10.1875,0.0
-75.0625,10.3125,0.0
-75.0625,10.4375,0.0
-75.0625,10.5625,0.0
-75.0625,10.6875,0.0
-75.0625,10.8125,0.0
-75.0625,10.9375,0.0
-75.0625,11.0625,0.0
-75.0625,11.1875,11.44
-75.0625,11.3125,11.57
-75.0625,11.4375,11.6
-75.0625,11.5625,11.14
-75.0625,11.6875,0.0
-75.0625,11.8125,0.0
-75.0625,11.9375,0.0
-75.0625,12.0625,0.0
-75.0625,12.1875,0.0
-75.0625,12.3125,0.0
-75.0625,12.4375,0.0
-74.9375,-4.1875,0.0
-74.9375,-4.0625,0.0
-74.9375,-3.9375,0.0
-74.9375,-3.8125,0.0
-74.9375,-3.6875,0.0
-74.9375,-3.5625,0.0
-74.9375,-3.4375,0.0
-74.9375,-3.3125,0.0
-74.9375,-3.1875,0.0
-74.9375,-3.0625,0.0
-74.9375,-2.9375,0.0
-74.9375,-2.8125,0.0
-74.9375,-2.6875,0.0
-74.9375,-2.5625,0.0
-74.9375,-2.4375,0.0
-74.9375,-2.3125,0.0
-74.9375,-2.1875,0.0
-74.9375,-2.0625,0.0
-74.9375,-1.9375,0.0
-74.9375,-1.8125,0.0
-74.9375,-1.6875,0.0
-74.9375,-1.5625,0.0
-74.9375,-1.4375,0.0
-74.9375,-1.3125,0.0
-74.9375,-1.1875,0.0
-74.9375,-1.0625,0.0
-74.9375,-0.9375,0.0
-74.9375,-0.8125,0.0
-74.9375,-0.6875,0.0
-74.9375,-0.5625,0.0
-74.9375,-0.4375,0.0
-74.9375,-0.3125,0.0
-74.9375,-0.1875,0.0
-74.9375,-0.0625,0.0
-74.9375,0.0625,0.0
-74.9375,0.1875,0.0
-74.9375,0.3125,0.0
-74.9375,0.4375,0.0
-74.9375,0.5625,0.0
-74.9375,0.6875,0.0
-74.9375,0.8125,0.0
-74.9375,0.9375,0.0
-74.9375,1.0625,0.0
-74.9375,1.1875,0.0
-74.9375,1.3125,0.0
-74.9375,1.4375,0.0
-74.9375,1.5625,0.0
-74.9375,1.6875,0.0
-74.9375,1.8125,0.0
-74.9375,1.9375,0.0
-74.9375,2.0625,0.0
-74.9375,2.1875,0.0
-74.9375,2.3125,0.0
-74.9375,2.4375,0.0
-74.9375,2.5625,0.0
-74.9375,2.6875,0.0
-74.9375,2.8125,0.0
-74.9375,2.9375,0.0
-74.9375,3.0625,0.0
-74.9375,3.1875,0.0
-74.9375,3.3125,0.0
-74.9375,3.4375,0.0
-74.9375,3.5625,0.0
-74.9375,3.6875,0.0
-74.9375,3.8125,0.0
-74.9375,3.9375,0.0
-74.9375,4.0625,0.0
-74.9375,4.1875,0.0
-74.9375,4.3125,0.0
-74.9375,4.4375,0.0
-74.9375,4.5625,0.0
-74.9375,4.6875,0.0
-74.9375,4.8125,0.0
-74.9375,4.9375,0.0
-74.9375,5.0625,0.0
-74.9375,5.1875,0.0
-74.9375,5.3125,0.0
-74.9375,5.4375,0.0
-74.9375,5.5625,0.0
-74.9375,5.6875,0.0
-74.9375,5.8125,0.0
-74.9375,5.9375,0.0
-74.9375,6.0625,0.0
-74.9375,6.1875,0.0
-74.9375,6.3125,0.0
-74.9375,6.4375,0.0
-74.9375,6.5625,0.0
-74.9375,6.6875,0.0
-74.9375,6.8125,0.0
-74.9375,6.9375,0.0
-74.9375,7.0625,0.0
-74.9375,7.1875,0.0
-74.9375,7.3125,0.0
-74.9375,7.4375,0.0
-74.9375,7.5625,0.0
-74.9375,7.6875,0.0
-74.9375,7.8125,0.0
-74.9375,7.9375,0.0
-74.9375,8.0625,0.0
-74.9375,8.1875,0.0
-74.9375,8.3125,0.0
-74.9375,8.4375,0.0
-74.9375,8.5625,0.0
-74.9375,8.6875,0.0
-74.9375,8.8125,0.0
-74.9375,8.9375,0.0
-74.9375,9.0625,0.0
-74.9375,9.1875,0.0
-74.9375,9.3125,0.0
-74.9375,9.4375,0.0
-74.9375,9.5625,0.0
-74.9375,9.6875,0.0
-74.9375,9.8125,0.0
-74.9375,9.9375,0.0
-74.9375,10.0625,0.0
-74.9375,10.1875,0.0
-74.9375,10.3125,0.0
-74.9375,10.4375,0.0
-74.9375,10.5625,0.0
-74.9375,10.6875,0.0
-74.9375,10.8125,0.0
-74.9375,10.9375,0.0
-74.9375,11.0625,0.0
-74.9375,11.1875,0.0
-74.9375,11.3125,11.56
-74.9375,11.4375,11.77
-74.9375,11.5625,11.36
-74.9375,11.6875,10.84
-74.9375,11.8125,10.65
-74.9375,11.9375,10.56
-74.9375,12.0625,10.31
-74.9375,12.1875,9.91
-74.9375,12.3125,0.0
-74.9375,12.4375,0.0
-74.8125,-4.1875,0.0
-74.8125,-4.0625,0.0
-74.8125,-3.9375,0.0
-74.8125,-3.8125,0.0
-74.8125,-3.6875,0.0
-74.8125,-3.5625,0.0
-74.8125,-3.4375,0.0
-74.8125,-3.3125,0.0
-74.8125,-3.1875,0.0
-74.8125,-3.0625,0.0
-74.8125,-2.9375,0.0
-74.8125,-2.8125,0.0
-74.8125,-2.6875,0.0
-74.8125,-2.5625,0.0
-74.8125,-2.4375,0.0
-74.8125,-2.3125,0.0
-74.8125,-2.1875,0.0
-74.8125,-2.0625,0.0
-74.8125,-1.9375,0.0
-74.8125,-1.8125,0.0
-74.8125,-1.6875,0.0
-74.8125,-1.5625,0.0
-74.8125,-1.4375,0.0
-74.8125,-1.3125,0.0
-74.8125,-1.1875,0.0
-74.8125,-1.0625,0.0
-74.8125,-0.9375,0.0
-74.8125,-0.8125,0.0
-74.8125,-0.6875,0.0
-74.8125,-0.5625,0.0
-74.8125,-0.4375,0.0
-74.8125,-0.3125,0.0
-74.8125,-0.1875,0.0
-74.8125,-0.0625,0.0
-74.8125,0.0625,0.0
-74.8125,0.1875,0.0
-74.8125,0.3125,0.0
-74.8125,0.4375,0.0
-74.8125,0.5625,0.0
-74.8125,0.6875,0.0
-74.8125,0.8125,0.0
-74.8125,0.9375,0.0
-74.8125,1.0625,0.0
-74.8125,1.1875,0.0
-74.8125,1.3125,0.0
-74.8125,1.4375,0.0
-74.8125,1.5625,0.0
-74.8125,1.6875,0.0
-74.8125,1.8125,0.0
-74.8125,1.9375,0.0
-74.8125,2.0625,0.0
-74.8125,2.1875,0.0
-74.8125,2.3125,0.0
-74.8125,2.4375,0.0
-74.8125,2.5625,0.0
-74.8125,2.6875,0.0
-74.8125,2.8125,0.0
-74.8125,2.9375,0.0
-74.8125,3.0625,0.0
-74.8125,3.1875,0.0
-74.8125,3.3125,0.0
-74.8125,3.4375,0.0
-74.8125,3.5625,0.0
-74.8125,3.6875,0.0
-74.8125,3.8125,0.0
-74.8125,3.9375,0.0
-74.8125,4.0625,0.0
-74.8125,4.1875,0.0
-74.8125,4.3125,0.0
-74.8125,4.4375,0.0
-74.8125,4.5625,0.0
-74.8125,4.6875,0.0
-74.8125,4.8125,0.0
-74.8125,4.9375,0.0
-74.8125,5.0625,0.0
-74.8125,5.1875,0.0
-74.8125,5.3125,0.0
-74.8125,5.4375,0.0
-74.8125,5.5625,0.0
-74.8125,5.6875,0.0
-74.8125,5.8125,0.0
-74.8125,5.9375,0.0
-74.8125,6.0625,0.0
-74.8125,6.1875,0.0
-74.8125,6.3125,0.0
-74.8125,6.4375,0.0
-74.8125,6.5625,0.0
-74.8125,6.6875,0.0
-74.8125,6.8125,0.0
-74.8125,6.9375,0.0
-74.8125,7.0625,0.0
-74.8125,7.1875,0.0
-74.8125,7.3125,0.0
-74.8125,7.4375,0.0
-74.8125,7.5625,0.0
-74.8125,7.6875,0.0
-74.8125,7.8125,0.0
-74.8125,7.9375,0.0
-74.8125,8.0625,0.0
-74.8125,8.1875,0.0
-74.8125,8.3125,0.0
-74.8125,8.4375,0.0
-74.8125,8.5625,0.0
-74.8125,8.6875,0.0
-74.8125,8.8125,0.0
-74.8125,8.9375,0.0
-74.8125,9.0625,0.0
-74.8125,9.1875,0.0
-74.8125,9.3125,0.0
-74.8125,9.4375,0.0
-74.8125,9.5625,0.0
-74.8125,9.6875,0.0
-74.8125,9.8125,0.0
-74.8125,9.9375,0.0
-74.8125,10.0625,0.0
-74.8125,10.1875,0.0
-74.8125,10.3125,0.0
-74.8125,10.4375,0.0
-74.8125,10.5625,0.0
-74.8125,10.6875,0.0
-74.8125,10.8125,0.0
-74.8125,10.9375,0.0
-74.8125,11.0625,0.0
-74.8125,11.1875,0.0
-74.8125,11.3125,11.51
-74.8125,11.4375,11.95
-74.8125,11.5625,11.4
-74.8125,11.6875,10.78
-74.8125,11.8125,10.47
-74.8125,11.9375,10.36
-74.8125,12.0625,10.21
-74.8125,12.1875,9.89
-74.8125,12.3125,9.6
-74.8125,12.4375,9.26
-74.6875,-4.1875,0.0
-74.6875,-4.0625,0.0
-74.6875,-3.9375,0.0
-74.6875,-3.8125,0.0
-74.6875,-3.6875,0.0
-74.6875,-3.5625,0.0
-74.6875,-3.4375,0.0
-74.6875,-3.3125,0.0
-74.6875,-3.1875,0.0
-74.6875,-3.0625,0.0
-74.6875,-2.9375,0.0
-74.6875,-2.8125,0.0
-74.6875,-2.6875,0.0
-74.6875,-2.5625,0.0
-74.6875,-2.4375,0.0
-74.6875,-2.3125,0.0
-74.6875,-2.1875,0.0
-74.6875,-2.0625,0.0
-74.6875,-1.9375,0.0
-74.6875,-1.8125,0.0
-74.6875,-1.6875,0.0
-74.6875,-1.5625,0.0
-74.6875,-1.4375,0.0
-74.6875,-1.3125,0.0
-74.6875,-1.1875,0.0
-74.6875,-1.0625,0.0
-74.6875,-0.9375,0.0
-74.6875,-0.8125,0.0
-74.6875,-0.6875,0.0
-74.6875,-0.5625,0.0
-74.6875,-0.4375,0.0
-74.6875,-0.3125,0.0
-74.6875,-0.1875,0.0
-74.6875,-0.0625,0.0
-74.6875,0.0625,0.0
-74.6875,0.1875,0.0
-74.6875,0.3125,0.0
-74.6875,0.4375,0.0
-74.6875,0.5625,0.0
-74.6875,0.6875,0.0
-74.6875,0.8125,0.0
-74.6875,0.9375,0.0
-74.6875,1.0625,0.0
-74.6875,1.1875,0.0
-74.6875,1.3125,0.0
-74.6875,1.4375,0.0
-74.6875,1.5625,0.0
-74.6875,1.6875,0.0
-74.6875,1.8125,0.0
-74.6875,1.9375,0.0
-74.6875,2.0625,0.0
-74.6875,2.1875,0.0
-74.6875,2.3125,0.0
-74.6875,2.4375,0.0
-74.6875,2.5625,0.0
-74.6875,2.6875,0.0
-74.6875,2.8125,0.0
-74.6875,2.9375,0.0
-74.6875,3.0625,0.0
-74.6875,3.1875,0.0
-74.6875,3.3125,0.0
-74.6875,3.4375,0.0
-74.6875,3.5625,0.0
-74.6875,3.6875,0.0
-74.6875,3.8125,0.0
-74.6875,3.9375,0.0
-74.6875,4.0625,0.0
-74.6875,4.1875,0.0
-74.6875,4.3125,0.0
-74.6875,4.4375,0.0
-74.6875,4.5625,0.0
-74.6875,4.6875,0.0
-74.6875,4.8125,0.0
-74.6875,4.9375,0.0
-74.6875,5.0625,0.0
-74.6875,5.1875,0.0
-74.6875,5.3125,0.0
-74.6875,5.4375,0.0
-74.6875,5.5625,0.0
-74.6875,5.6875,0.0
-74.6875,5.8125,0.0
-74.6875,5.9375,0.0
-74.6875,6.0625,0.0
-74.6875,6.1875,0.0
-74.6875,6.3125,0.0
-74.6875,6.4375,0.0
-74.6875,6.5625,0.0
-74.6875,6.6875,0.0
-74.6875,6.8125,0.0
-74.6875,6.9375,0.0
-74.6875,7.0625,0.0
-74.6875,7.1875,0.0
-74.6875,7.3125,0.0
-74.6875,7.4375,0.0
-74.6875,7.5625,0.0
-74.6875,7.6875,0.0
-74.6875,7.8125,0.0
-74.6875,7.9375,0.0
-74.6875,8.0625,0.0
-74.6875,8.1875,0.0
-74.6875,8.3125,0.0
-74.6875,8.4375,0.0
-74.6875,8.5625,0.0
-74.6875,8.6875,0.0
-74.6875,8.8125,0.0
-74.6875,8.9375,0.0
-74.6875,9.0625,0.0
-74.6875,9.1875,0.0
-74.6875,9.3125,0.0
-74.6875,9.4375,0.0
-74.6875,9.5625,0.0
-74.6875,9.6875,0.0
-74.6875,9.8125,0.0
-74.6875,9.9375,0.0
-74.6875,10.0625,0.0
-74.6875,10.1875,0.0
-74.6875,10.3125,0.0
-74.6875,10.4375,0.0
-74.6875,10.5625,0.0
-74.6875,10.6875,0.0
-74.6875,10.8125,0.0
-74.6875,10.9375,0.0
-74.6875,11.0625,0.0
-74.6875,11.1875,0.0
-74.6875,11.3125,11.31
-74.6875,11.4375,11.81
-74.6875,11.5625,11.38
-74.6875,11.6875,10.63
-74.6875,11.8125,10.16
-74.6875,11.9375,9.96
-74.6875,12.0625,10.01
-74.6875,12.1875,9.82
-74.6875,12.3125,9.58
-74.6875,12.4375,9.28
-74.5625,-4.1875,0.0
-74.5625,-4.0625,0.0
-74.5625,-3.9375,0.0
-74.5625,-3.8125,0.0
-74.5625,-3.6875,0.0
-74.5625,-3.5625,0.0
-74.5625,-3.4375,0.0
-74.5625,-3.3125,0.0
-74.5625,-3.1875,0.0
-74.5625,-3.0625,0.0
-74.5625,-2.9375,0.0
-74.5625,-2.8125,0.0
-74.5625,-2.6875,0.0
-74.5625,-2.5625,0.0
-74.5625,-2.4375,0.0
-74.5625,-2.3125,0.0
-74.5625,-2.1875,0.0
-74.5625,-2.0625,0.0
-74.5625,-1.9375,0.0
-74.5625,-1.8125,0.0
-74.5625,-1.6875,0.0
-74.5625,-1.5625,0.0
-74.5625,-1.4375,0.0
-74.5625,-1.3125,0.0
-74.5625,-1.1875,0.0
-74.5625,-1.0625,0.0
-74.5625,-0.9375,0.0
-74.5625,-0.8125,0.0
-74.5625,-0.6875,0.0
-74.5625,-0.5625,0.0
-74.5625,-0.4375,0.0
-74.5625,-0.3125,0.0
-74.5625,-0.1875,0.0
-74.5625,-0.0625,0.0
-74.5625,0.0625,0.0
-74.5625,0.1875,0.0
-74.5625,0.3125,0.0
-74.5625,0.4375,0.0
-74.5625,0.5625,0.0
-74.5625,0.6875,0.0
-74.5625,0.8125,0.0
-74.5625,0.9375,0.0
-74.5625,1.0625,0.0
-74.5625,1.1875,0.0
-74.5625,1.3125,0.0
-74.5625,1.4375,0.0
-74.5625,1.5625,0.0
-74.5625,1.6875,0.0
-74.5625,1.8125,0.0
-74.5625,1.9375,0.0
-74.5625,2.0625,0.0
-74.5625,2.1875,0.0
-74.5625,2.3125,0.0
-74.5625,2.4375,0.0
-74.5625,2.5625,0.0
-74.5625,2.6875,0.0
-74.5625,2.8125,0.0
-74.5625,2.9375,0.0
-74.5625,3.0625,0.0
-74.5625,3.1875,0.0
-74.5625,3.3125,0.0
-74.5625,3.4375,0.0
-74.5625,3.5625,0.0
-74.5625,3.6875,0.0
-74.5625,3.8125,0.0
-74.5625,3.9375,0.0
-74.5625,4.0625,0.0
-74.5625,4.1875,0.0
-74.5625,4.3125,0.0
-74.5625,4.4375,0.0
-74.5625,4.5625,0.0
-74.5625,4.6875,0.0
-74.5625,4.8125,0.0
-74.5625,4.9375,0.0
-74.5625,5.0625,0.0
-74.5625,5.1875,0.0
-74.5625,5.3125,0.0
-74.5625,5.4375,0.0
-74.5625,5.5625,0.0
-74.5625,5.6875,0.0
-74.5625,5.8125,0.0
-74.5625,5.9375,0.0
-74.5625,6.0625,0.0
-74.5625,6.1875,0.0
-74.5625,6.3125,0.0
-74.5625,6.4375,0.0
-74.5625,6.5625,0.0
-74.5625,6.6875,0.0
-74.5625,6.8125,0.0
-74.5625,6.9375,0.0
-74.5625,7.0625,0.0
-74.5625,7.1875,0.0
-74.5625,7.3125,0.0
-74.5625,7.4375,0.0
-74.5625,7.5625,0.0
-74.5625,7.6875,0.0
-74.5625,7.8125,0.0
-74.5625,7.9375,0.0
-74.5625,8.0625,0.0
-74.5625,8.1875,0.0
-74.5625,8.3125,0.0
-74.5625,8.4375,0.0
-74.5625,8.5625,0.0
-74.5625,8.6875,0.0
-74.5625,8.8125,0.0
-74.5625,8.9375,0.0
-74.5625,9.0625,0.0
-74.5625,9.1875,0.0
-74.5625,9.3125,0.0
-74.5625,9.4375,0.0
-74.5625,9.5625,0.0
-74.5625,9.6875,0.0
-74.5625,9.8125,0.0
-74.5625,9.9375,0.0
-74.5625,10.0625,0.0
-74.5625,10.1875,0.0
-74.5625,10.3125,0.0
-74.5625,10.4375,0.0
-74.5625,10.5625,0.0
-74.5625,10.6875,0.0
-74.5625,10.8125,0.0
-74.5625,10.9375,0.0
-74.5625,11.0625,0.0
-74.5625,11.1875,0.0
-74.5625,11.3125,10.27
-74.5625,11.4375,11.69
-74.5625,11.5625,11.43
-74.5625,11.6875,10.51
-74.5625,11.8125,9.88
-74.5625,11.9375,9.56
-74.5625,12.0625,9.66
-74.5625,12.1875,9.67
-74.5625,12.3125,9.54
-74.5625,12.4375,9.33
-74.4375,-4.1875,0.0
-74.4375,-4.0625,0.0
-74.4375,-3.9375,0.0
-74.4375,-3.8125,0.0
-74.4375,-3.6875,0.0
-74.4375,-3.5625,0.0
-74.4375,-3.4375,0.0
-74.4375,-3.3125,0.0
-74.4375,-3.1875,0.0
-74.4375,-3.0625,0.0
-74.4375,-2.9375,0.0
-74.4375,-2.8125,0.0
-74.4375,-2.6875,0.0
-74.4375,-2.5625,0.0
-74.4375,-2.4375,0.0
-74.4375,-2.3125,0.0
-74.4375,-2.1875,0.0
-74.4375,-2.0625,0.0
-74.4375,-1.9375,0.0
-74.4375,-1.8125,0.0
-74.4375,-1.6875,0.0
-74.4375,-1.5625,0.0
-74.4375,-1.4375,0.0
-74.4375,-1.3125,0.0
-74.4375,-1.1875,0.0
-74.4375,-1.0625,0.0
-74.4375,-0.9375,0.0
-74.4375,-0.8125,0.0
-74.4375,-0.6875,0.0
-74.4375,-0.5625,0.0
-74.4375,-0.4375,0.0
-74.4375,-0.3125,0.0
-74.4375,-0.1875,0.0
-74.4375,-0.0625,0.0
-74.4375,0.0625,0.0
-74.4375,0.1875,0.0
-74.4375,0.3125,0.0
-74.4375,0.4375,0.0
-74.4375,0.5625,0.0
-74.4375,0.6875,0.0
-74.4375,0.8125,0.0
-74.4375,0.9375,0.0
-74.4375,1.0625,0.0
-74.4375,1.1875,0.0
-74.4375,1.3125,0.0
-74.4375,1.4375,0.0
-74.4375,1.5625,0.0
-74.4375,1.6875,0.0
-74.4375,1.8125,0.0
-74.4375,1.9375,0.0
-74.4375,2.0625,0.0
-74.4375,2.1875,0.0
-74.4375,2.3125,0.0
-74.4375,2.4375,0.0
-74.4375,2.5625,0.0
-74.4375,2.6875,0.0
-74.4375,2.8125,0.0
-74.4375,2.9375,0.0
-74.4375,3.0625,0.0
-74.4375,3.1875,0.0
-74.4375,3.3125,0.0
-74.4375,3.4375,0.0
-74.4375,3.5625,0.0
-74.4375,3.6875,0.0
-74.4375,3.8125,0.0
-74.4375,3.9375,0.0
-74.4375,4.0625,0.0
-74.4375,4.1875,0.0
-74.4375,4.3125,0.0
-74.4375,4.4375,0.0
-74.4375,4.5625,0.0
-74.4375,4.6875,0.0
-74.4375,4.8125,0.0
-74.4375,4.9375,0.0
-74.4375,5.0625,0.0
-74.4375,5.1875,0.0
-74.4375,5.3125,0.0
-74.4375,5.4375,0.0
-74.4375,5.5625,0.0
-74.4375,5.6875,0.0
-74.4375,5.8125,0.0
-74.4375,5.9375,0.0
-74.4375,6.0625,0.0
-74.4375,6.1875,0.0
-74.4375,6.3125,0.0
-74.4375,6.4375,0.0
-74.4375,6.5625,0.0
-74.4375,6.6875,0.0
-74.4375,6.8125,0.0
-74.4375,6.9375,0.0
-74.4375,7.0625,0.0
-74.4375,7.1875,0.0
-74.4375,7.3125,0.0
-74.4375,7.4375,0.0
-74.4375,7.5625,0.0
-74.4375,7.6875,0.0
-74.4375,7.8125,0.0
-74.4375,7.9375,0.0
-74.4375,8.0625,0.0
-74.4375,8.1875,0.0
-74.4375,8.3125,0.0
-74.4375,8.4375,0.0
-74.4375,8.5625,0.0
-74.4375,8.6875,0.0
-74.4375,8.8125,0.0
-74.4375,8.9375,0.0
-74.4375,9.0625,0.0
-74.4375,9.1875,0.0
-74.4375,9.3125,0.0
-74.4375,9.4375,0.0
-74.4375,9.5625,0.0
-74.4375,9.6875,0.0
-74.4375,9.8125,0.0
-74.4375,9.9375,0.0
-74.4375,10.0625,0.0
-74.4375,10.1875,0.0
-74.4375,10.3125,0.0
-74.4375,10.4375,0.0
-74.4375,10.5625,0.0
-74.4375,10.6875,0.0
-74.4375,10.8125,0.0
-74.4375,10.9375,0.0
-74.4375,11.0625,0.0
-74.4375,11.1875,0.0
-74.4375,11.3125,9.01
-74.4375,11.4375,11.48
-74.4375,11.5625,11.67
-74.4375,11.6875,10.63
-74.4375,11.8125,9.85
-74.4375,11.9375,9.39
-74.4375,12.0625,9.33
-74.4375,12.1875,9.43
-74.4375,12.3125,9.48
-74.4375,12.4375,9.3
-74.3125,-4.1875,0.0
-74.3125,-4.0625,0.0
-74.3125,-3.9375,0.0
-74.3125,-3.8125,0.0
-74.3125,-3.6875,0.0
-74.3125,-3.5625,0.0
-74.3125,-3.4375,0.0
-74.3125,-3.3125,0.0
-74.3125,-3.1875,0.0
-74.3125,-3.0625,0.0
-74.3125,-2.9375,0.0
-74.3125,-2.8125,0.0
-74.3125,-2.6875,0.0
-74.3125,-2.5625,0.0
-74.3125,-2.4375,0.0
-74.3125,-2.3125,0.0
-74.3125,-2.1875,0.0
-74.3125,-2.0625,0.0
-74.3125,-1.9375,0.0
-74.3125,-1.8125,0.0
-74.3125,-1.6875,0.0
-74.3125,-1.5625,0.0
-74.3125,-1.4375,0.0
-74.3125,-1.3125,0.0
-74.3125,-1.1875,0.0
-74.3125,-1.0625,0.0
-74.3125,-0.9375,0.0
-74.3125,-0.8125,0.0
-74.3125,-0.6875,0.0
-74.3125,-0.5625,0.0
-74.3125,-0.4375,0.0
-74.3125,-0.3125,0.0
-74.3125,-0.1875,0.0
-74.3125,-0.0625,0.0
-74.3125,0.0625,0.0
-74.3125,0.1875,0.0
-74.3125,0.3125,0.0
-74.3125,0.4375,0.0
-74.3125,0.5625,0.0
-74.3125,0.6875,0.0
-74.3125,0.8125,0.0
-74.3125,0.9375,0.0
-74.3125,1.0625,0.0
-74.3125,1.1875,0.0
-74.3125,1.3125,0.0
-74.3125,1.4375,0.0
-74.3125,1.5625,0.0
-74.3125,1.6875,0.0
-74.3125,1.8125,0.0
-74.3125,1.9375,0.0
-74.3125,2.0625,0.0
-74.3125,2.1875,0.0
-74.3125,2.3125,0.0
-74.3125,2.4375,0.0
-74.3125,2.5625,0.0
-74.3125,2.6875,0.0
-74.3125,2.8125,0.0
-74.3125,2.9375,0.0
-74.3125,3.0625,0.0
-74.3125,3.1875,0.0
-74.3125,3.3125,0.0
-74.3125,3.4375,0.0
-74.3125,3.5625,0.0
-74.3125,3.6875,0.0
-74.3125,3.8125,0.0
-74.3125,3.9375,0.0
-74.3125,4.0625,0.0
-74.3125,4.1875,0.0
-74.3125,4.3125,0.0
-74.3125,4.4375,0.0
-74.3125,4.5625,0.0
-74.3125,4.6875,0.0
-74.3125,4.8125,0.0
-74.3125,4.9375,0.0
-74.3125,5.0625,0.0
-74.3125,5.1875,0.0
-74.3125,5.3125,0.0
-74.3125,5.4375,0.0
-74.3125,5.5625,0.0
-74.3125,5.6875,0.0
-74.3125,5.8125,0.0
-74.3125,5.9375,0.0
-74.3125,6.0625,0.0
-74.3125,6.1875,0.0
-74.3125,6.3125,0.0
-74.3125,6.4375,0.0
-74.3125,6.5625,0.0
-74.3125,6.6875,0.0
-74.3125,6.8125,0.0
-74.3125,6.9375,0.0
-74.3125,7.0625,0.0
-74.3125,7.1875,0.0
-74.3125,7.3125,0.0
-74.3125,7.4375,0.0
-74.3125,7.5625,0.0
-74.3125,7.6875,0.0
-74.3125,7.8125,0.0
-74.3125,7.9375,0.0
-74.3125,8.0625,0.0
-74.3125,8.1875,0.0
-74.3125,8.3125,0.0
-74.3125,8.4375,0.0
-74.3125,8.5625,0.0
-74.3125,8.6875,0.0
-74.3125,8.8125,0.0
-74.3125,8.9375,0.0
-74.3125,9.0625,0.0
-74.3125,9.1875,0.0
-74.3125,9.3125,0.0
-74.3125,9.4375,0.0
-74.3125,9.5625,0.0
-74.3125,9.6875,0.0
-74.3125,9.8125,0.0
-74.3125,9.9375,0.0
-74.3125,10.0625,0.0
-74.3125,10.1875,0.0
-74.3125,10.3125,0.0
-74.3125,10.4375,0.0
-74.3125,10.5625,0.0
-74.3125,10.6875,0.0
-74.3125,10.8125,0.0
-74.3125,10.9375,0.0
-74.3125,11.0625,0.0
-74.3125,11.1875,0.0
-74.3125,11.3125,10.7
-74.3125,11.4375,12.14
-74.3125,11.5625,11.84
-74.3125,11.6875,10.74
-74.3125,11.8125,9.83
-74.3125,11.9375,9.17
-74.3125,12.0625,8.89
-74.3125,12.1875,9.09
-74.3125,12.3125,9.32
-74.3125,12.4375,9.15
-74.1875,-4.1875,0.0
-74.1875,-4.0625,0.0
-74.1875,-3.9375,0.0
-74.1875,-3.8125,0.0
-74.1875,-3.6875,0.0
-74.1875,-3.5625,0.0
-74.1875,-3.4375,0.0
-74.1875,-3.3125,0.0
-74.1875,-3.1875,0.0
-74.1875,-3.0625,0.0
-74.1875,-2.9375,0.0
-74.1875,-2.8125,0.0
-74.1875,-2.6875,0.0
-74.1875,-2.5625,0.0
-74.1875,-2.4375,0.0
-74.1875,-2.3125,0.0
-74.1875,-2.1875,0.0
-74.1875,-2.0625,0.0
-74.1875,-1.9375,0.0
-74.1875,-1.8125,0.0
-74.1875,-1.6875,0.0
-74.1875,-1.5625,0.0
-74.1875,-1.4375,0.0
-74.1875,-1.3125,0.0
-74.1875,-1.1875,0.0
-74.1875,-1.0625,0.0
-74.1875,-0.9375,0.0
-74.1875,-0.8125,0.0
-74.1875,-0.6875,0.0
-74.1875,-0.5625,0.0
-74.1875,-0.4375,0.0
-74.1875,-0.3125,0.0
-74.1875,-0.1875,0.0
-74.1875,-0.0625,0.0
-74.1875,0.0625,0.0
-74.1875,0.1875,0.0
-74.1875,0.3125,0.0
-74.1875,0.4375,0.0
-74.1875,0.5625,0.0
-74.1875,0.6875,0.0
-74.1875,0.8125,0.0
-74.1875,0.9375,0.0
-74.1875,1.0625,0.0
-74.1875,1.1875,0.0
-74.1875,1.3125,0.0
-74.1875,1.4375,0.0
-74.1875,1.5625,0.0
-74.1875,1.6875,0.0
-74.1875,1.8125,0.0
-74.1875,1.9375,0.0
-74.1875,2.0625,0.0
-74.1875,2.1875,0.0
-74.1875,2.3125,0.0
-74.1875,2.4375,0.0
-74.1875,2.5625,0.0
-74.1875,2.6875,0.0
-74.1875,2.8125,0.0
-74.1875,2.9375,0.0
-74.1875,3.0625,0.0
-74.1875,3.1875,0.0
-74.1875,3.3125,0.0
-74.1875,3.4375,0.0
-74.1875,3.5625,0.0
-74.1875,3.6875,0.0
-74.1875,3.8125,0.0
-74.1875,3.9375,0.0
-74.1875,4.0625,0.0
-74.1875,4.1875,0.0
-74.1875,4.3125,0.0
-74.1875,4.4375,0.0
-74.1875,4.5625,0.0
-74.1875,4.6875,0.0
-74.1875,4.8125,0.0
-74.1875,4.9375,0.0
-74.1875,5.0625,0.0
-74.1875,5.1875,0.0
-74.1875,5.3125,0.0
-74.1875,5.4375,0.0
-74.1875,5.5625,0.0
-74.1875,5.6875,0.0
-74.1875,5.8125,0.0
-74.1875,5.9375,0.0
-74.1875,6.0625,0.0
-74.1875,6.1875,0.0
-74.1875,6.3125,0.0
-74.1875,6.4375,0.0
-74.1875,6.5625,0.0
-74.1875,6.6875,0.0
-74.1875,6.8125,0.0
-74.1875,6.9375,0.0
-74.1875,7.0625,0.0
-74.1875,7.1875,0.0
-74.1875,7.3125,0.0
-74.1875,7.4375,0.0
-74.1875,7.5625,0.0
-74.1875,7.6875,0.0
-74.1875,7.8125,0.0
-74.1875,7.9375,0.0
-74.1875,8.0625,0.0
-74.1875,8.1875,0.0
-74.1875,8.3125,0.0
-74.1875,8.4375,0.0
-74.1875,8.5625,0.0
-74.1875,8.6875,0.0
-74.1875,8.8125,0.0
-74.1875,8.9375,0.0
-74.1875,9.0625,0.0
-74.1875,9.1875,0.0
-74.1875,9.3125,0.0
-74.1875,9.4375,0.0
-74.1875,9.5625,0.0
-74.1875,9.6875,0.0
-74.1875,9.8125,0.0
-74.1875,9.9375,0.0
-74.1875,10.0625,0.0
-74.1875,10.1875,0.0
-74.1875,10.3125,0.0
-74.1875,10.4375,0.0
-74.1875,10.5625,0.0
-74.1875,10.6875,0.0
-74.1875,10.8125,0.0
-74.1875,10.9375,0.0
-74.1875,11.0625,0.0
-74.1875,11.1875,0.0
-74.1875,11.3125,0.0
-74.1875,11.4375,0.0
-74.1875,11.5625,11.48
-74.1875,11.6875,10.28
-74.1875,11.8125,9.43
-74.1875,11.9375,8.85
-74.1875,12.0625,8.6
-74.1875,12.1875,8.87
-74.1875,12.3125,9.19
-74.1875,12.4375,8.85
-74.0625,-4.1875,0.0
-74.0625,-4.0625,0.0
-74.0625,-3.9375,0.0
-74.0625,-3.8125,0.0
-74.0625,-3.6875,0.0
-74.0625,-3.5625,0.0
-74.0625,-3.4375,0.0
-74.0625,-3.3125,0.0
-74.0625,-3.1875,0.0
-74.0625,-3.0625,0.0
-74.0625,-2.9375,0.0
-74.0625,-2.8125,0.0
-74.0625,-2.6875,0.0
-74.0625,-2.5625,0.0
-74.0625,-2.4375,0.0
-74.0625,-2.3125,0.0
-74.0625,-2.1875,0.0
-74.0625,-2.0625,0.0
-74.0625,-1.9375,0.0
-74.0625,-1.8125,0.0
-74.0625,-1.6875,0.0
-74.0625,-1.5625,0.0
-74.0625,-1.4375,0.0
-74.0625,-1.3125,0.0
-74.0625,-1.1875,0.0
-74.0625,-1.0625,0.0
-74.0625,-0.9375,0.0
-74.0625,-0.8125,0.0
-74.0625,-0.6875,0.0
-74.0625,-0.5625,0.0
-74.0625,-0.4375,0.0
-74.0625,-0.3125,0.0
-74.0625,-0.1875,0.0
-74.0625,-0.0625,0.0
-74.0625,0.0625,0.0
-74.0625,0.1875,0.0
-74.0625,0.3125,0.0
-74.0625,0.4375,0.0
-74.0625,0.5625,0.0
-74.0625,0.6875,0.0
-74.0625,0.8125,0.0
-74.0625,0.9375,0.0
-74.0625,1.0625,0.0
-74.0625,1.1875,0.0
-74.0625,1.3125,0.0
-74.0625,1.4375,0.0
-74.0625,1.5625,0.0
-74.0625,1.6875,0.0
-74.0625,1.8125,0.0
-74.0625,1.9375,0.0
-74.0625,2.0625,0.0
-74.0625,2.1875,0.0
-74.0625,2.3125,0.0
-74.0625,2.4375,0.0
-74.0625,2.5625,0.0
-74.0625,2.6875,0.0
-74.0625,2.8125,0.0
-74.0625,2.9375,0.0
-74.0625,3.0625,0.0
-74.0625,3.1875,0.0
-74.0625,3.3125,0.0
-74.0625,3.4375,0.0
-74.0625,3.5625,0.0
-74.0625,3.6875,0.0
-74.0625,3.8125,0.0
-74.0625,3.9375,0.0
-74.0625,4.0625,0.0
-74.0625,4.1875,0.0
-74.0625,4.3125,0.0
-74.0625,4.4375,0.0
-74.0625,4.5625,0.0
-74.0625,4.6875,0.0
-74.0625,4.8125,0.0
-74.0625,4.9375,0.0
-74.0625,5.0625,0.0
-74.0625,5.1875,0.0
-74.0625,5.3125,0.0
-74.0625,5.4375,0.0
-74.0625,5.5625,0.0
-74.0625,5.6875,0.0
-74.0625,5.8125,0.0
-74.0625,5.9375,0.0
-74.0625,6.0625,0.0
-74.0625,6.1875,0.0
-74.0625,6.3125,0.0
-74.0625,6.4375,0.0
-74.0625,6.5625,0.0
-74.0625,6.6875,0.0
-74.0625,6.8125,0.0
-74.0625,6.9375,0.0
-74.0625,7.0625,0.0
-74.0625,7.1875,0.0
-74.0625,7.3125,0.0
-74.0625,7.4375,0.0
-74.0625,7.5625,0.0
-74.0625,7.6875,0.0
-74.0625,7.8125,0.0
-74.0625,7.9375,0.0
-74.0625,8.0625,0.0
-74.0625,8.1875,0.0
-74.0625,8.3125,0.0
-74.0625,8.4375,0.0
-74.0625,8.5625,0.0
-74.0625,8.6875,0.0
-74.0625,8.8125,0.0
-74.0625,8.9375,0.0
-74.0625,9.0625,0.0
-74.0625,9.1875,0.0
-74.0625,9.3125,0.0
-74.0625,9.4375,0.0
-74.0625,9.5625,0.0
-74.0625,9.6875,0.0
-74.0625,9.8125,0.0
-74.0625,9.9375,0.0
-74.0625,10.0625,0.0
-74.0625,10.1875,0.0
-74.0625,10.3125,0.0
-74.0625,10.4375,0.0
-74.0625,10.5625,0.0
-74.0625,10.6875,0.0
-74.0625,10.8125,0.0
-74.0625,10.9375,0.0
-74.0625,11.0625,0.0
-74.0625,11.1875,0.0
-74.0625,11.3125,0.0
-74.0625,11.4375,0.0
-74.0625,11.5625,10.28
-74.0625,11.6875,9.47
-74.0625,11.8125,8.72
-74.0625,11.9375,8.33
-74.0625,12.0625,8.23
-74.0625,12.1875,8.45
-74.0625,12.3125,8.69
-74.0625,12.4375,8.37
-73.9375,-4.1875,0.0
-73.9375,-4.0625,0.0
-73.9375,-3.9375,0.0
-73.9375,-3.8125,0.0
-73.9375,-3.6875,0.0
-73.9375,-3.5625,0.0
-73.9375,-3.4375,0.0
-73.9375,-3.3125,0.0
-73.9375,-3.1875,0.0
-73.9375,-3.0625,0.0
-73.9375,-2.9375,0.0
-73.9375,-2.8125,0.0
-73.9375,-2.6875,0.0
-73.9375,-2.5625,0.0
-73.9375,-2.4375,0.0
-73.9375,-2.3125,0.0
-73.9375,-2.1875,0.0
-73.9375,-2.0625,0.0
-73.9375,-1.9375,0.0
-73.9375,-1.8125,0.0
-73.9375,-1.6875,0.0
-73.9375,-1.5625,0.0
-73.9375,-1.4375,0.0
-73.9375,-1.3125,0.0
-73.9375,-1.1875,0.0
-73.9375,-1.0625,0.0
-73.9375,-0.9375,0.0
-73.9375,-0.8125,0.0
-73.9375,-0.6875,0.0
-73.9375,-0.5625,0.0
-73.9375,-0.4375,0.0
-73.9375,-0.3125,0.0
-73.9375,-0.1875,0.0
-73.9375,-0.0625,0.0
-73.9375,0.0625,0.0
-73.9375,0.1875,0.0
-73.9375,0.3125,0.0
-73.9375,0.4375,0.0
-73.9375,0.5625,0.0
-73.9375,0.6875,0.0
-73.9375,0.8125,0.0
-73.9375,0.9375,0.0
-73.9375,1.0625,0.0
-73.9375,1.1875,0.0
-73.9375,1.3125,0.0
-73.9375,1.4375,0.0
-73.9375,1.5625,0.0
-73.9375,1.6875,0.0
-73.9375,1.8125,0.0
-73.9375,1.9375,0.0
-73.9375,2.0625,0.0
-73.9375,2.1875,0.0
-73.9375,2.3125,0.0
-73.9375,2.4375,0.0
-73.9375,2.5625,0.0
-73.9375,2.6875,0.0
-73.9375,2.8125,0.0
-73.9375,2.9375,0.0
-73.9375,3.0625,0.0
-73.9375,3.1875,0.0
-73.9375,3.3125,0.0
-73.9375,3.4375,0.0
-73.9375,3.5625,0.0
-73.9375,3.6875,0.0
-73.9375,3.8125,0.0
-73.9375,3.9375,0.0
-73.9375,4.0625,0.0
-73.9375,4.1875,0.0
-73.9375,4.3125,0.0
-73.9375,4.4375,0.0
-73.9375,4.5625,0.0
-73.9375,4.6875,0.0
-73.9375,4.8125,0.0
-73.9375,4.9375,0.0
-73.9375,5.0625,0.0
-73.9375,5.1875,0.0
-73.9375,5.3125,0.0
-73.9375,5.4375,0.0
-73.9375,5.5625,0.0
-73.9375,5.6875,0.0
-73.9375,5.8125,0.0
-73.9375,5.9375,0.0
-73.9375,6.0625,0.0
-73.9375,6.1875,0.0
-73.9375,6.3125,0.0
-73.9375,6.4375,0.0
-73.9375,6.5625,0.0
-73.9375,6.6875,0.0
-73.9375,6.8125,0.0
-73.9375,6.9375,0.0
-73.9375,7.0625,0.0
-73.9375,7.1875,0.0
-73.9375,7.3125,0.0
-73.9375,7.4375,0.0
-73.9375,7.5625,0.0
-73.9375,7.6875,0.0
-73.9375,7.8125,0.0
-73.9375,7.9375,0.0
-73.9375,8.0625,0.0
-73.9375,8.1875,0.0
-73.9375,8.3125,0.0
-73.9375,8.4375,0.0
-73.9375,8.5625,0.0
-73.9375,8.6875,0.0
-73.9375,8.8125,0.0
-73.9375,8.9375,0.0
-73.9375,9.0625,0.0
-73.9375,9.1875,0.0
-73.9375,9.3125,0.0
-73.9375,9.4375,0.0
-73.9375,9.5625,0.0
-73.9375,9.6875,0.0
-73.9375,9.8125,0.0
-73.9375,9.9375,0.0
-73.9375,10.0625,0.0
-73.9375,10.1875,0.0
-73.9375,10.3125,0.0
-73.9375,10.4375,0.0
-73.9375,10.5625,0.0
-73.9375,10.6875,0.0
-73.9375,10.8125,0.0
-73.9375,10.9375,0.0
-73.9375,11.0625,0.0
-73.9375,11.1875,0.0
-73.9375,11.3125,0.0
-73.9375,11.4375,0.0
-73.9375,11.5625,9.02
-73.9375,11.6875,8.4
-73.9375,11.8125,7.92
-73.9375,11.9375,7.66
-73.9375,12.0625,7.67
-73.9375,12.1875,7.95
-73.9375,12.3125,8.23
-73.9375,12.4375,8.1
-73.8125,-4.1875,0.0
-73.8125,-4.0625,0.0
-73.8125,-3.9375,0.0
-73.8125,-3.8125,0.0
-73.8125,-3.6875,0.0
-73.8125,-3.5625,0.0
-73.8125,-3.4375,0.0
-73.8125,-3.3125,0.0
-73.8125,-3.1875,0.0
-73.8125,-3.0625,0.0
-73.8125,-2.9375,0.0
-73.8125,-2.8125,0.0
-73.8125,-2.6875,0.0
-73.8125,-2.5625,0.0
-73.8125,-2.4375,0.0
-73.8125,-2.3125,0.0
-73.8125,-2.1875,0.0
-73.8125,-2.0625,0.0
-73.8125,-1.9375,0.0
-73.8125,-1.8125,0.0
-73.8125,-1.6875,0.0
-73.8125,-1.5625,0.0
-73.8125,-1.4375,0.0
-73.8125,-1.3125,0.0
-73.8125,-1.1875,0.0
-73.8125,-1.0625,0.0
-73.8125,-0.9375,0.0
-73.8125,-0.8125,0.0
-73.8125,-0.6875,0.0
-73.8125,-0.5625,0.0
-73.8125,-0.4375,0.0
-73.8125,-0.3125,0.0
-73.8125,-0.1875,0.0
-73.8125,-0.0625,0.0
-73.8125,0.0625,0.0
-73.8125,0.1875,0.0
-73.8125,0.3125,0.0
-73.8125,0.4375,0.0
-73.8125,0.5625,0.0
-73.8125,0.6875,0.0
-73.8125,0.8125,0.0
-73.8125,0.9375,0.0
-73.8125,1.0625,0.0
-73.8125,1.1875,0.0
-73.8125,1.3125,0.0
-73.8125,1.4375,0.0
-73.8125,1.5625,0.0
-73.8125,1.6875,0.0
-73.8125,1.8125,0.0
-73.8125,1.9375,0.0
-73.8125,2.0625,0.0
-73.8125,2.1875,0.0
-73.8125,2.3125,0.0
-73.8125,2.4375,0.0
-73.8125,2.5625,0.0
-73.8125,2.6875,0.0
-73.8125,2.8125,0.0
-73.8125,2.9375,0.0
-73.8125,3.0625,0.0
-73.8125,3.1875,0.0
-73.8125,3.3125,0.0
-73.8125,3.4375,0.0
-73.8125,3.5625,0.0
-73.8125,3.6875,0.0
-73.8125,3.8125,0.0
-73.8125,3.9375,0.0
-73.8125,4.0625,0.0
-73.8125,4.1875,0.0
-73.8125,4.3125,0.0
-73.8125,4.4375,0.0
-73.8125,4.5625,0.0
-73.8125,4.6875,0.0
-73.8125,4.8125,0.0
-73.8125,4.9375,0.0
-73.8125,5.0625,0.0
-73.8125,5.1875,0.0
-73.8125,5.3125,0.0
-73.8125,5.4375,0.0
-73.8125,5.5625,0.0
-73.8125,5.6875,0.0
-73.8125,5.8125,0.0
-73.8125,5.9375,0.0
-73.8125,6.0625,0.0
-73.8125,6.1875,0.0
-73.8125,6.3125,0.0
-73.8125,6.4375,0.0
-73.8125,6.5625,0.0
-73.8125,6.6875,0.0
-73.8125,6.8125,0.0
-73.8125,6.9375,0.0
-73.8125,7.0625,0.0
-73.8125,7.1875,0.0
-73.8125,7.3125,0.0
-73.8125,7.4375,0.0
-73.8125,7.5625,0.0
-73.8125,7.6875,0.0
-73.8125,7.8125,0.0
-73.8125,7.9375,0.0
-73.8125,8.0625,0.0
-73.8125,8.1875,0.0
-73.8125,8.3125,0.0
-73.8125,8.4375,0.0
-73.8125,8.5625,0.0
-73.8125,8.6875,0.0
-73.8125,8.8125,0.0
-73.8125,8.9375,0.0
-73.8125,9.0625,0.0
-73.8125,9.1875,0.0
-73.8125,9.3125,0.0
-73.8125,9.4375,0.0
-73.8125,9.5625,0.0
-73.8125,9.6875,0.0
-73.8125,9.8125,0.0
-73.8125,9.9375,0.0
-73.8125,10.0625,0.0
-73.8125,10.1875,0.0
-73.8125,10.3125,0.0
-73.8125,10.4375,0.0
-73.8125,10.5625,0.0
-73.8125,10.6875,0.0
-73.8125,10.8125,0.0
-73.8125,10.9375,0.0
-73.8125,11.0625,0.0
-73.8125,11.1875,0.0
-73.8125,11.3125,0.0
-73.8125,11.4375,7.76
-73.8125,11.5625,0.0
-73.8125,11.6875,7.48
-73.8125,11.8125,7.14
-73.8125,11.9375,7.09
-73.8125,12.0625,7.19
-73.8125,12.1875,7.52
-73.8125,12.3125,8.02
-73.8125,12.4375,8.21
-73.6875,-4.1875,0.0
-73.6875,-4.0625,0.0
-73.6875,-3.9375,0.0
-73.6875,-3.8125,0.0
-73.6875,-3.6875,0.0
-73.6875,-3.5625,0.0
-73.6875,-3.4375,0.0
-73.6875,-3.3125,0.0
-73.6875,-3.1875,0.0
-73.6875,-3.0625,0.0
-73.6875,-2.9375,0.0
-73.6875,-2.8125,0.0
-73.6875,-2.6875,0.0
-73.6875,-2.5625,0.0
-73.6875,-2.4375,0.0
-73.6875,-2.3125,0.0
-73.6875,-2.1875,0.0
-73.6875,-2.0625,0.0
-73.6875,-1.9375,0.0
-73.6875,-1.8125,0.0
-73.6875,-1.6875,0.0
-73.6875,-1.5625,0.0
-73.6875,-1.4375,0.0
-73.6875,-1.3125,0.0
-73.6875,-1.1875,0.0
-73.6875,-1.0625,0.0
-73.6875,-0.9375,0.0
-73.6875,-0.8125,0.0
-73.6875,-0.6875,0.0
-73.6875,-0.5625,0.0
-73.6875,-0.4375,0.0
-73.6875,-0.3125,0.0
-73.6875,-0.1875,0.0
-73.6875,-0.0625,0.0
-73.6875,0.0625,0.0
-73.6875,0.1875,0.0
-73.6875,0.3125,0.0
-73.6875,0.4375,0.0
-73.6875,0.5625,0.0
-73.6875,0.6875,0.0
-73.6875,0.8125,0.0
-73.6875,0.9375,0.0
-73.6875,1.0625,0.0
-73.6875,1.1875,0.0
-73.6875,1.3125,0.0
-73.6875,1.4375,0.0
-73.6875,1.5625,0.0
-73.6875,1.6875,0.0
-73.6875,1.8125,0.0
-73.6875,1.9375,0.0
-73.6875,2.0625,0.0
-73.6875,2.1875,0.0
-73.6875,2.3125,0.0
-73.6875,2.4375,0.0
-73.6875,2.5625,0.0
-73.6875,2.6875,0.0
-73.6875,2.8125,0.0
-73.6875,2.9375,0.0
-73.6875,3.0625,0.0
-73.6875,3.1875,0.0
-73.6875,3.3125,0.0
-73.6875,3.4375,0.0
-73.6875,3.5625,0.0
-73.6875,3.6875,0.0
-73.6875,3.8125,0.0
-73.6875,3.9375,0.0
-73.6875,4.0625,0.0
-73.6875,4.1875,0.0
-73.6875,4.3125,0.0
-73.6875,4.4375,0.0
-73.6875,4.5625,0.0
-73.6875,4.6875,0.0
-73.6875,4.8125,0.0
-73.6875,4.9375,0.0
-73.6875,5.0625,0.0
-73.6875,5.1875,0.0
-73.6875,5.3125,0.0
-73.6875,5.4375,0.0
-73.6875,5.5625,0.0
-73.6875,5.6875,0.0
-73.6875,5.8125,0.0
-73.6875,5.9375,0.0
-73.6875,6.0625,0.0
-73.6875,6.1875,0.0
-73.6875,6.3125,0.0
-73.6875,6.4375,0.0
-73.6875,6.5625,0.0
-73.6875,6.6875,0.0
-73.6875,6.8125,0.0
-73.6875,6.9375,0.0
-73.6875,7.0625,0.0
-73.6875,7.1875,0.0
-73.6875,7.3125,0.0
-73.6875,7.4375,0.0
-73.6875,7.5625,0.0
-73.6875,7.6875,0.0
-73.6875,7.8125,0.0
-73.6875,7.9375,0.0
-73.6875,8.0625,0.0
-73.6875,8.1875,0.0
-73.6875,8.3125,0.0
-73.6875,8.4375,0.0
-73.6875,8.5625,0.0
-73.6875,8.6875,0.0
-73.6875,8.8125,0.0
-73.6875,8.9375,0.0
-73.6875,9.0625,0.0
-73.6875,9.1875,0.0
-73.6875,9.3125,0.0
-73.6875,9.4375,0.0
-73.6875,9.5625,0.0
-73.6875,9.6875,0.0
-73.6875,9.8125,0.0
-73.6875,9.9375,0.0
-73.6875,10.0625,0.0
-73.6875,10.1875,0.0
-73.6875,10.3125,0.0
-73.6875,10.4375,0.0
-73.6875,10.5625,0.0
-73.6875,10.6875,0.0
-73.6875,10.8125,0.0
-73.6875,10.9375,0.0
-73.6875,11.0625,0.0
-73.6875,11.1875,0.0
-73.6875,11.3125,0.0
-73.6875,11.4375,0.0
-73.6875,11.5625,7.39
-73.6875,11.6875,6.73
-73.6875,11.8125,6.62
-73.6875,11.9375,6.81
-73.6875,12.0625,6.95
-73.6875,12.1875,7.36
-73.6875,12.3125,8.08
-73.6875,12.4375,8.26
-73.5625,-4.1875,0.0
-73.5625,-4.0625,0.0
-73.5625,-3.9375,0.0
-73.5625,-3.8125,0.0
-73.5625,-3.6875,0.0
-73.5625,-3.5625,0.0
-73.5625,-3.4375,0.0
-73.5625,-3.3125,0.0
-73.5625,-3.1875,0.0
-73.5625,-3.0625,0.0
-73.5625,-2.9375,0.0
-73.5625,-2.8125,0.0
-73.5625,-2.6875,0.0
-73.5625,-2.5625,0.0
-73.5625,-2.4375,0.0
-73.5625,-2.3125,0.0
-73.5625,-2.1875,0.0
-73.5625,-2.0625,0.0
-73.5625,-1.9375,0.0
-73.5625,-1.8125,0.0
-73.5625,-1.6875,0.0
-73.5625,-1.5625,0.0
-73.5625,-1.4375,0.0
-73.5625,-1.3125,0.0
-73.5625,-1.1875,0.0
-73.5625,-1.0625,0.0
-73.5625,-0.9375,0.0
-73.5625,-0.8125,0.0
-73.5625,-0.6875,0.0
-73.5625,-0.5625,0.0
-73.5625,-0.4375,0.0
-73.5625,-0.3125,0.0
-73.5625,-0.1875,0.0
-73.5625,-0.0625,0.0
-73.5625,0.0625,0.0
-73.5625,0.1875,0.0
-73.5625,0.3125,0.0
-73.5625,0.4375,0.0
-73.5625,0.5625,0.0
-73.5625,0.6875,0.0
-73.5625,0.8125,0.0
-73.5625,0.9375,0.0
-73.5625,1.0625,0.0
-73.5625,1.1875,0.0
-73.5625,1.3125,0.0
-73.5625,1.4375,0.0
-73.5625,1.5625,0.0
-73.5625,1.6875,0.0
-73.5625,1.8125,0.0
-73.5625,1.9375,0.0
-73.5625,2.0625,0.0
-73.5625,2.1875,0.0
-73.5625,2.3125,0.0
-73.5625,2.4375,0.0
-73.5625,2.5625,0.0
-73.5625,2.6875,0.0
-73.5625,2.8125,0.0
-73.5625,2.9375,0.0
-73.5625,3.0625,0.0
-73.5625,3.1875,0.0
-73.5625,3.3125,0.0
-73.5625,3.4375,0.0
-73.5625,3.5625,0.0
-73.5625,3.6875,0.0
-73.5625,3.8125,0.0
-73.5625,3.9375,0.0
-73.5625,4.0625,0.0
-73.5625,4.1875,0.0
-73.5625,4.3125,0.0
-73.5625,4.4375,0.0
-73.5625,4.5625,0.0
-73.5625,4.6875,0.0
-73.5625,4.8125,0.0
-73.5625,4.9375,0.0
-73.5625,5.0625,0.0
-73.5625,5.1875,0.0
-73.5625,5.3125,0.0
-73.5625,5.4375,0.0
-73.5625,5.5625,0.0
-73.5625,5.6875,0.0
-73.5625,5.8125,0.0
-73.5625,5.9375,0.0
-73.5625,6.0625,0.0
-73.5625,6.1875,0.0
-73.5625,6.3125,0.0
-73.5625,6.4375,0.0
-73.5625,6.5625,0.0
-73.5625,6.6875,0.0
-73.5625,6.8125,0.0
-73.5625,6.9375,0.0
-73.5625,7.0625,0.0
-73.5625,7.1875,0.0
-73.5625,7.3125,0.0
-73.5625,7.4375,0.0
-73.5625,7.5625,0.0
-73.5625,7.6875,0.0
-73.5625,7.8125,0.0
-73.5625,7.9375,0.0
-73.5625,8.0625,0.0
-73.5625,8.1875,0.0
-73.5625,8.3125,0.0
-73.5625,8.4375,0.0
-73.5625,8.5625,0.0
-73.5625,8.6875,0.0
-73.5625,8.8125,0.0
-73.5625,8.9375,0.0
-73.5625,9.0625,0.0
-73.5625,9.1875,0.0
-73.5625,9.3125,0.0
-73.5625,9.4375,0.0
-73.5625,9.5625,0.0
-73.5625,9.6875,0.0
-73.5625,9.8125,0.0
-73.5625,9.9375,0.0
-73.5625,10.0625,0.0
-73.5625,10.1875,0.0
-73.5625,10.3125,0.0
-73.5625,10.4375,0.0
-73.5625,10.5625,0.0
-73.5625,10.6875,0.0
-73.5625,10.8125,0.0
-73.5625,10.9375,0.0
-73.5625,11.0625,0.0
-73.5625,11.1875,0.0
-73.5625,11.3125,0.0
-73.5625,11.4375,0.0
-73.5625,11.5625,6.64
-73.5625,11.6875,6.03
-73.5625,11.8125,6.27
-73.5625,11.9375,6.63
-73.5625,12.0625,6.83
-73.5625,12.1875,7.35
-73.5625,12.3125,7.99
-73.5625,12.4375,8.18
-73.4375,-4.1875,0.0
-73.4375,-4.0625,0.0
-73.4375,-3.9375,0.0
-73.4375,-3.8125,0.0
-73.4375,-3.6875,0.0
-73.4375,-3.5625,0.0
-73.4375,-3.4375,0.0
-73.4375,-3.3125,0.0
-73.4375,-3.1875,0.0
-73.4375,-3.0625,0.0
-73.4375,-2.9375,0.0
-73.4375,-2.8125,0.0
-73.4375,-2.6875,0.0
-73.4375,-2.5625,0.0
-73.4375,-2.4375,0.0
-73.4375,-2.3125,0.0
-73.4375,-2.1875,0.0
-73.4375,-2.0625,0.0
-73.4375,-1.9375,0.0
-73.4375,-1.8125,0.0
-73.4375,-1.6875,0.0
-73.4375,-1.5625,0.0
-73.4375,-1.4375,0.0
-73.4375,-1.3125,0.0
-73.4375,-1.1875,0.0
-73.4375,-1.0625,0.0
-73.4375,-0.9375,0.0
-73.4375,-0.8125,0.0
-73.4375,-0.6875,0.0
-73.4375,-0.5625,0.0
-73.4375,-0.4375,0.0
-73.4375,-0.3125,0.0
-73.4375,-0.1875,0.0
-73.4375,-0.0625,0.0
-73.4375,0.0625,0.0
-73.4375,0.1875,0.0
-73.4375,0.3125,0.0
-73.4375,0.4375,0.0
-73.4375,0.5625,0.0
-73.4375,0.6875,0.0
-73.4375,0.8125,0.0
-73.4375,0.9375,0.0
-73.4375,1.0625,0.0
-73.4375,1.1875,0.0
-73.4375,1.3125,0.0
-73.4375,1.4375,0.0
-73.4375,1.5625,0.0
-73.4375,1.6875,0.0
-73.4375,1.8125,0.0
-73.4375,1.9375,0.0
-73.4375,2.0625,0.0
-73.4375,2.1875,0.0
-73.4375,2.3125,0.0
-73.4375,2.4375,0.0
-73.4375,2.5625,0.0
-73.4375,2.6875,0.0
-73.4375,2.8125,0.0
-73.4375,2.9375,0.0
-73.4375,3.0625,0.0
-73.4375,3.1875,0.0
-73.4375,3.3125,0.0
-73.4375,3.4375,0.0
-73.4375,3.5625,0.0
-73.4375,3.6875,0.0
-73.4375,3.8125,0.0
-73.4375,3.9375,0.0
-73.4375,4.0625,0.0
-73.4375,4.1875,0.0
-73.4375,4.3125,0.0
-73.4375,4.4375,0.0
-73.4375,4.5625,0.0
-73.4375,4.6875,0.0
-73.4375,4.8125,0.0
-73.4375,4.9375,0.0
-73.4375,5.0625,0.0
-73.4375,5.1875,0.0
-73.4375,5.3125,0.0
-73.4375,5.4375,0.0
-73.4375,5.5625,0.0
-73.4375,5.6875,0.0
-73.4375,5.8125,0.0
-73.4375,5.9375,0.0
-73.4375,6.0625,0.0
-73.4375,6.1875,0.0
-73.4375,6.3125,0.0
-73.4375,6.4375,0.0
-73.4375,6.5625,0.0
-73.4375,6.6875,0.0
-73.4375,6.8125,0.0
-73.4375,6.9375,0.0
-73.4375,7.0625,0.0
-73.4375,7.1875,0.0
-73.4375,7.3125,0.0
-73.4375,7.4375,0.0
-73.4375,7.5625,0.0
-73.4375,7.6875,0.0
-73.4375,7.8125,0.0
-73.4375,7.9375,0.0
-73.4375,8.0625,0.0
-73.4375,8.1875,0.0
-73.4375,8.3125,0.0
-73.4375,8.4375,0.0
-73.4375,8.5625,0.0
-73.4375,8.6875,0.0
-73.4375,8.8125,0.0
-73.4375,8.9375,0.0
-73.4375,9.0625,0.0
-73.4375,9.1875,0.0
-73.4375,9.3125,0.0
-73.4375,9.4375,0.0
-73.4375,9.5625,0.0
-73.4375,9.6875,0.0
-73.4375,9.8125,0.0
-73.4375,9.9375,0.0
-73.4375,10.0625,0.0
-73.4375,10.1875,0.0
-73.4375,10.3125,0.0
-73.4375,10.4375,0.0
-73.4375,10.5625,0.0
-73.4375,10.6875,0.0
-73.4375,10.8125,0.0
-73.4375,10.9375,0.0
-73.4375,11.0625,0.0
-73.4375,11.1875,0.0
-73.4375,11.3125,0.0
-73.4375,11.4375,0.0
-73.4375,11.5625,6.09
-73.4375,11.6875,5.43
-73.4375,11.8125,5.85
-73.4375,11.9375,6.33
-73.4375,12.0625,6.56
-73.4375,12.1875,7.25
-73.4375,12.3125,7.98
-73.4375,12.4375,8.06
-73.3125,-4.1875,0.0
-73.3125,-4.0625,0.0
-73.3125,-3.9375,0.0
-73.3125,-3.8125,0.0
-73.3125,-3.6875,0.0
-73.3125,-3.5625,0.0
-73.3125,-3.4375,0.0
-73.3125,-3.3125,0.0
-73.3125,-3.1875,0.0
-73.3125,-3.0625,0.0
-73.3125,-2.9375,0.0
-73.3125,-2.8125,0.0
-73.3125,-2.6875,0.0
-73.3125,-2.5625,0.0
-73.3125,-2.4375,0.0
-73.3125,-2.3125,0.0
-73.3125,-2.1875,0.0
-73.3125,-2.0625,0.0
-73.3125,-1.9375,0.0
-73.3125,-1.8125,0.0
-73.3125,-1.6875,0.0
-73.3125,-1.5625,0.0
-73.3125,-1.4375,0.0
-73.3125,-1.3125,0.0
-73.3125,-1.1875,0.0
-73.3125,-1.0625,0.0
-73.3125,-0.9375,0.0
-73.3125,-0.8125,0.0
-73.3125,-0.6875,0.0
-73.3125,-0.5625,0.0
-73.3125,-0.4375,0.0
-73.3125,-0.3125,0.0
-73.3125,-0.1875,0.0
-73.3125,-0.0625,0.0
-73.3125,0.0625,0.0
-73.3125,0.1875,0.0
-73.3125,0.3125,0.0
-73.3125,0.4375,0.0
-73.3125,0.5625,0.0
-73.3125,0.6875,0.0
-73.3125,0.8125,0.0
-73.3125,0.9375,0.0
-73.3125,1.0625,0.0
-73.3125,1.1875,0.0
-73.3125,1.3125,0.0
-73.3125,1.4375,0.0
-73.3125,1.5625,0.0
-73.3125,1.6875,0.0
-73.3125,1.8125,0.0
-73.3125,1.9375,0.0
-73.3125,2.0625,0.0
-73.3125,2.1875,0.0
-73.3125,2.3125,0.0
-73.3125,2.4375,0.0
-73.3125,2.5625,0.0
-73.3125,2.6875,0.0
-73.3125,2.8125,0.0
-73.3125,2.9375,0.0
-73.3125,3.0625,0.0
-73.3125,3.1875,0.0
-73.3125,3.3125,0.0
-73.3125,3.4375,0.0
-73.3125,3.5625,0.0
-73.3125,3.6875,0.0
-73.3125,3.8125,0.0
-73.3125,3.9375,0.0
-73.3125,4.0625,0.0
-73.3125,4.1875,0.0
-73.3125,4.3125,0.0
-73.3125,4.4375,0.0
-73.3125,4.5625,0.0
-73.3125,4.6875,0.0
-73.3125,4.8125,0.0
-73.3125,4.9375,0.0
-73.3125,5.0625,0.0
-73.3125,5.1875,0.0
-73.3125,5.3125,0.0
-73.3125,5.4375,0.0
-73.3125,5.5625,0.0
-73.3125,5.6875,0.0
-73.3125,5.8125,0.0
-73.3125,5.9375,0.0
-73.3125,6.0625,0.0
-73.3125,6.1875,0.0
-73.3125,6.3125,0.0
-73.3125,6.4375,0.0
-73.3125,6.5625,0.0
-73.3125,6.6875,0.0
-73.3125,6.8125,0.0
-73.3125,6.9375,0.0
-73.3125,7.0625,0.0
-73.3125,7.1875,0.0
-73.3125,7.3125,0.0
-73.3125,7.4375,0.0
-73.3125,7.5625,0.0
-73.3125,7.6875,0.0
-73.3125,7.8125,0.0
-73.3125,7.9375,0.0
-73.3125,8.0625,0.0
-73.3125,8.1875,0.0
-73.3125,8.3125,0.0
-73.3125,8.4375,0.0
-73.3125,8.5625,0.0
-73.3125,8.6875,0.0
-73.3125,8.8125,0.0
-73.3125,8.9375,0.0
-73.3125,9.0625,0.0
-73.3125,9.1875,0.0
-73.3125,9.3125,0.0
-73.3125,9.4375,0.0
-73.3125,9.5625,0.0
-73.3125,9.6875,0.0
-73.3125,9.8125,0.0
-73.3125,9.9375,0.0
-73.3125,10.0625,0.0
-73.3125,10.1875,0.0
-73.3125,10.3125,0.0
-73.3125,10.4375,0.0
-73.3125,10.5625,0.0
-73.3125,10.6875,0.0
-73.3125,10.8125,0.0
-73.3125,10.9375,0.0
-73.3125,11.0625,0.0
-73.3125,11.1875,0.0
-73.3125,11.3125,0.0
-73.3125,11.4375,6.01
-73.3125,11.5625,5.51
-73.3125,11.6875,5.0
-73.3125,11.8125,5.4
-73.3125,11.9375,5.92
-73.3125,12.0625,6.18
-73.3125,12.1875,6.92
-73.3125,12.3125,7.7
-73.3125,12.4375,7.74
-73.1875,-4.1875,0.0
-73.1875,-4.0625,0.0
-73.1875,-3.9375,0.0
-73.1875,-3.8125,0.0
-73.1875,-3.6875,0.0
-73.1875,-3.5625,0.0
-73.1875,-3.4375,0.0
-73.1875,-3.3125,0.0
-73.1875,-3.1875,0.0
-73.1875,-3.0625,0.0
-73.1875,-2.9375,0.0
-73.1875,-2.8125,0.0
-73.1875,-2.6875,0.0
-73.1875,-2.5625,0.0
-73.1875,-2.4375,0.0
-73.1875,-2.3125,0.0
-73.1875,-2.1875,0.0
-73.1875,-2.0625,0.0
-73.1875,-1.9375,0.0
-73.1875,-1.8125,0.0
-73.1875,-1.6875,0.0
-73.1875,-1.5625,0.0
-73.1875,-1.4375,0.0
-73.1875,-1.3125,0.0
-73.1875,-1.1875,0.0
-73.1875,-1.0625,0.0
-73.1875,-0.9375,0.0
-73.1875,-0.8125,0.0
-73.1875,-0.6875,0.0
-73.1875,-0.5625,0.0
-73.1875,-0.4375,0.0
-73.1875,-0.3125,0.0
-73.1875,-0.1875,0.0
-73.1875,-0.0625,0.0
-73.1875,0.0625,0.0
-73.1875,0.1875,0.0
-73.1875,0.3125,0.0
-73.1875,0.4375,0.0
-73.1875,0.5625,0.0
-73.1875,0.6875,0.0
-73.1875,0.8125,0.0
-73.1875,0.9375,0.0
-73.1875,1.0625,0.0
-73.1875,1.1875,0.0
-73.1875,1.3125,0.0
-73.1875,1.4375,0.0
-73.1875,1.5625,0.0
-73.1875,1.6875,0.0
-73.1875,1.8125,0.0
-73.1875,1.9375,0.0
-73.1875,2.0625,0.0
-73.1875,2.1875,0.0
-73.1875,2.3125,0.0
-73.1875,2.4375,0.0
-73.1875,2.5625,0.0
-73.1875,2.6875,0.0
-73.1875,2.8125,0.0
-73.1875,2.9375,0.0
-73.1875,3.0625,0.0
-73.1875,3.1875,0.0
-73.1875,3.3125,0.0
-73.1875,3.4375,0.0
-73.1875,3.5625,0.0
-73.1875,3.6875,0.0
-73.1875,3.8125,0.0
-73.1875,3.9375,0.0
-73.1875,4.0625,0.0
-73.1875,4.1875,0.0
-73.1875,4.3125,0.0
-73.1875,4.4375,0.0
-73.1875,4.5625,0.0
-73.1875,4.6875,0.0
-73.1875,4.8125,0.0
-73.1875,4.9375,0.0
-73.1875,5.0625,0.0
-73.1875,5.1875,0.0
-73.1875,5.3125,0.0
-73.1875,5.4375,0.0
-73.1875,5.5625,0.0
-73.1875,5.6875,0.0
-73.1875,5.8125,0.0
-73.1875,5.9375,0.0
-73.1875,6.0625,0.0
-73.1875,6.1875,0.0
-73.1875,6.3125,0.0
-73.1875,6.4375,0.0
-73.1875,6.5625,0.0
-73.1875,6.6875,0.0
-73.1875,6.8125,0.0
-73.1875,6.9375,0.0
-73.1875,7.0625,0.0
-73.1875,7.1875,0.0
-73.1875,7.3125,0.0
-73.1875,7.4375,0.0
-73.1875,7.5625,0.0
-73.1875,7.6875,0.0
-73.1875,7.8125,0.0
-73.1875,7.9375,0.0
-73.1875,8.0625,0.0
-73.1875,8.1875,0.0
-73.1875,8.3125,0.0
-73.1875,8.4375,0.0
-73.1875,8.5625,0.0
-73.1875,8.6875,0.0
-73.1875,8.8125,0.0
-73.1875,8.9375,0.0
-73.1875,9.0625,0.0
-73.1875,9.1875,0.0
-73.1875,9.3125,0.0
-73.1875,9.4375,0.0
-73.1875,9.5625,0.0
-73.1875,9.6875,0.0
-73.1875,9.8125,0.0
-73.1875,9.9375,0.0
-73.1875,10.0625,0.0
-73.1875,10.1875,0.0
-73.1875,10.3125,0.0
-73.1875,10.4375,0.0
-73.1875,10.5625,0.0
-73.1875,10.6875,0.0
-73.1875,10.8125,0.0
-73.1875,10.9375,0.0
-73.1875,11.0625,0.0
-73.1875,11.1875,0.0
-73.1875,11.3125,0.0
-73.1875,11.4375,0.0
-73.1875,11.5625,4.91
-73.1875,11.6875,4.71
-73.1875,11.8125,5.02
-73.1875,11.9375,5.42
-73.1875,12.0625,5.74
-73.1875,12.1875,6.53
-73.1875,12.3125,7.29
-73.1875,12.4375,7.52
-73.0625,-4.1875,0.0
-73.0625,-4.0625,0.0
-73.0625,-3.9375,0.0
-73.0625,-3.8125,0.0
-73.0625,-3.6875,0.0
-73.0625,-3.5625,0.0
-73.0625,-3.4375,0.0
-73.0625,-3.3125,0.0
-73.0625,-3.1875,0.0
-73.0625,-3.0625,0.0
-73.0625,-2.9375,0.0
-73.0625,-2.8125,0.0
-73.0625,-2.6875,0.0
-73.0625,-2.5625,0.0
-73.0625,-2.4375,0.0
-73.0625,-2.3125,0.0
-73.0625,-2.1875,0.0
-73.0625,-2.0625,0.0
-73.0625,-1.9375,0.0
-73.0625,-1.8125,0.0
-73.0625,-1.6875,0.0
-73.0625,-1.5625,0.0
-73.0625,-1.4375,0.0
-73.0625,-1.3125,0.0
-73.0625,-1.1875,0.0
-73.0625,-1.0625,0.0
-73.0625,-0.9375,0.0
-73.0625,-0.8125,0.0
-73.0625,-0.6875,0.0
-73.0625,-0.5625,0.0
-73.0625,-0.4375,0.0
-73.0625,-0.3125,0.0
-73.0625,-0.1875,0.0
-73.0625,-0.0625,0.0
-73.0625,0.0625,0.0
-73.0625,0.1875,0.0
-73.0625,0.3125,0.0
-73.0625,0.4375,0.0
-73.0625,0.5625,0.0
-73.0625,0.6875,0.0
-73.0625,0.8125,0.0
-73.0625,0.9375,0.0
-73.0625,1.0625,0.0
-73.0625,1.1875,0.0
-73.0625,1.3125,0.0
-73.0625,1.4375,0.0
-73.0625,1.5625,0.0
-73.0625,1.6875,0.0
-73.0625,1.8125,0.0
-73.0625,1.9375,0.0
-73.0625,2.0625,0.0
-73.0625,2.1875,0.0
-73.0625,2.3125,0.0
-73.0625,2.4375,0.0
-73.0625,2.5625,0.0
-73.0625,2.6875,0.0
-73.0625,2.8125,0.0
-73.0625,2.9375,0.0
-73.0625,3.0625,0.0
-73.0625,3.1875,0.0
-73.0625,3.3125,0.0
-73.0625,3.4375,0.0
-73.0625,3.5625,0.0
-73.0625,3.6875,0.0
-73.0625,3.8125,0.0
-73.0625,3.9375,0.0
-73.0625,4.0625,0.0
-73.0625,4.1875,0.0
-73.0625,4.3125,0.0
-73.0625,4.4375,0.0
-73.0625,4.5625,0.0
-73.0625,4.6875,0.0
-73.0625,4.8125,0.0
-73.0625,4.9375,0.0
-73.0625,5.0625,0.0
-73.0625,5.1875,0.0
-73.0625,5.3125,0.0
-73.0625,5.4375,0.0
-73.0625,5.5625,0.0
-73.0625,5.6875,0.0
-73.0625,5.8125,0.0
-73.0625,5.9375,0.0
-73.0625,6.0625,0.0
-73.0625,6.1875,0.0
-73.0625,6.3125,0.0
-73.0625,6.4375,0.0
-73.0625,6.5625,0.0
-73.0625,6.6875,0.0
-73.0625,6.8125,0.0
-73.0625,6.9375,0.0
-73.0625,7.0625,0.0
-73.0625,7.1875,0.0
-73.0625,7.3125,0.0
-73.0625,7.4375,0.0
-73.0625,7.5625,0.0
-73.0625,7.6875,0.0
-73.0625,7.8125,0.0
-73.0625,7.9375,0.0
-73.0625,8.0625,0.0
-73.0625,8.1875,0.0
-73.0625,8.3125,0.0
-73.0625,8.4375,0.0
-73.0625,8.5625,0.0
-73.0625,8.6875,0.0
-73.0625,8.8125,0.0
-73.0625,8.9375,0.0
-73.0625,9.0625,0.0
-73.0625,9.1875,0.0
-73.0625,9.3125,0.0
-73.0625,9.4375,0.0
-73.0625,9.5625,0.0
-73.0625,9.6875,0.0
-73.0625,9.8125,0.0
-73.0625,9.9375,0.0
-73.0625,10.0625,0.0
-73.0625,10.1875,0.0
-73.0625,10.3125,0.0
-73.0625,10.4375,0.0
-73.0625,10.5625,0.0
-73.0625,10.6875,0.0
-73.0625,10.8125,0.0
-73.0625,10.9375,0.0
-73.0625,11.0625,0.0
-73.0625,11.1875,0.0
-73.0625,11.3125,0.0
-73.0625,11.4375,0.0
-73.0625,11.5625,0.0
-73.0625,11.6875,5.1
-73.0625,11.8125,4.81
-73.0625,11.9375,4.86
-73.0625,12.0625,5.25
-73.0625,12.1875,6.17
-73.0625,12.3125,7.07
-73.0625,12.4375,7.44
-72.9375,-4.1875,0.0
-72.9375,-4.0625,0.0
-72.9375,-3.9375,0.0
-72.9375,-3.8125,0.0
-72.9375,-3.6875,0.0
-72.9375,-3.5625,0.0
-72.9375,-3.4375,0.0
-72.9375,-3.3125,0.0
-72.9375,-3.1875,0.0
-72.9375,-3.0625,0.0
-72.9375,-2.9375,0.0
-72.9375,-2.8125,0.0
-72.9375,-2.6875,0.0
-72.9375,-2.5625,0.0
-72.9375,-2.4375,0.0
-72.9375,-2.3125,0.0
-72.9375,-2.1875,0.0
-72.9375,-2.0625,0.0
-72.9375,-1.9375,0.0
-72.9375,-1.8125,0.0
-72.9375,-1.6875,0.0
-72.9375,-1.5625,0.0
-72.9375,-1.4375,0.0
-72.9375,-1.3125,0.0
-72.9375,-1.1875,0.0
-72.9375,-1.0625,0.0
-72.9375,-0.9375,0.0
-72.9375,-0.8125,0.0
-72.9375,-0.6875,0.0
-72.9375,-0.5625,0.0
-72.9375,-0.4375,0.0
-72.9375,-0.3125,0.0
-72.9375,-0.1875,0.0
-72.9375,-0.0625,0.0
-72.9375,0.0625,0.0
-72.9375,0.1875,0.0
-72.9375,0.3125,0.0
-72.9375,0.4375,0.0
-72.9375,0.5625,0.0
-72.9375,0.6875,0.0
-72.9375,0.8125,0.0
-72.9375,0.9375,0.0
-72.9375,1.0625,0.0
-72.9375,1.1875,0.0
-72.9375,1.3125,0.0
-72.9375,1.4375,0.0
-72.9375,1.5625,0.0
-72.9375,1.6875,0.0
-72.9375,1.8125,0.0
-72.9375,1.9375,0.0
-72.9375,2.0625,0.0
-72.9375,2.1875,0.0
-72.9375,2.3125,0.0
-72.9375,2.4375,0.0
-72.9375,2.5625,0.0
-72.9375,2.6875,0.0
-72.9375,2.8125,0.0
-72.9375,2.9375,0.0
-72.9375,3.0625,0.0
-72.9375,3.1875,0.0
-72.9375,3.3125,0.0
-72.9375,3.4375,0.0
-72.9375,3.5625,0.0
-72.9375,3.6875,0.0
-72.9375,3.8125,0.0
-72.9375,3.9375,0.0
-72.9375,4.0625,0.0
-72.9375,4.1875,0.0
-72.9375,4.3125,0.0
-72.9375,4.4375,0.0
-72.9375,4.5625,0.0
-72.9375,4.6875,0.0
-72.9375,4.8125,0.0
-72.9375,4.9375,0.0
-72.9375,5.0625,0.0
-72.9375,5.1875,0.0
-72.9375,5.3125,0.0
-72.9375,5.4375,0.0
-72.9375,5.5625,0.0
-72.9375,5.6875,0.0
-72.9375,5.8125,0.0
-72.9375,5.9375,0.0
-72.9375,6.0625,0.0
-72.9375,6.1875,0.0
-72.9375,6.3125,0.0
-72.9375,6.4375,0.0
-72.9375,6.5625,0.0
-72.9375,6.6875,0.0
-72.9375,6.8125,0.0
-72.9375,6.9375,0.0
-72.9375,7.0625,0.0
-72.9375,7.1875,0.0
-72.9375,7.3125,0.0
-72.9375,7.4375,0.0
-72.9375,7.5625,0.0
-72.9375,7.6875,0.0
-72.9375,7.8125,0.0
-72.9375,7.9375,0.0
-72.9375,8.0625,0.0
-72.9375,8.1875,0.0
-72.9375,8.3125,0.0
-72.9375,8.4375,0.0
-72.9375,8.5625,0.0
-72.9375,8.6875,0.0
-72.9375,8.8125,0.0
-72.9375,8.9375,0.0
-72.9375,9.0625,0.0
-72.9375,9.1875,0.0
-72.9375,9.3125,0.0
-72.9375,9.4375,0.0
-72.9375,9.5625,0.0
-72.9375,9.6875,0.0
-72.9375,9.8125,0.0
-72.9375,9.9375,0.0
-72.9375,10.0625,0.0
-72.9375,10.1875,0.0
-72.9375,10.3125,0.0
-72.9375,10.4375,0.0
-72.9375,10.5625,0.0
-72.9375,10.6875,0.0
-72.9375,10.8125,0.0
-72.9375,10.9375,0.0
-72.9375,11.0625,0.0
-72.9375,11.1875,0.0
-72.9375,11.3125,0.0
-72.9375,11.4375,0.0
-72.9375,11.5625,0.0
-72.9375,11.6875,5.38
-72.9375,11.8125,5.12
-72.9375,11.9375,4.49
-72.9375,12.0625,4.83
-72.9375,12.1875,5.75
-72.9375,12.3125,6.84
-72.9375,12.4375,7.43
-72.8125,-4.1875,0.0
-72.8125,-4.0625,0.0
-72.8125,-3.9375,0.0
-72.8125,-3.8125,0.0
-72.8125,-3.6875,0.0
-72.8125,-3.5625,0.0
-72.8125,-3.4375,0.0
-72.8125,-3.3125,0.0
-72.8125,-3.1875,0.0
-72.8125,-3.0625,0.0
-72.8125,-2.9375,0.0
-72.8125,-2.8125,0.0
-72.8125,-2.6875,0.0
-72.8125,-2.5625,0.0
-72.8125,-2.4375,0.0
-72.8125,-2.3125,0.0
-72.8125,-2.1875,0.0
-72.8125,-2.0625,0.0
-72.8125,-1.9375,0.0
-72.8125,-1.8125,0.0
-72.8125,-1.6875,0.0
-72.8125,-1.5625,0.0
-72.8125,-1.4375,0.0
-72.8125,-1.3125,0.0
-72.8125,-1.1875,0.0
-72.8125,-1.0625,0.0
-72.8125,-0.9375,0.0
-72.8125,-0.8125,0.0
-72.8125,-0.6875,0.0
-72.8125,-0.5625,0.0
-72.8125,-0.4375,0.0
-72.8125,-0.3125,0.0
-72.8125,-0.1875,0.0
-72.8125,-0.0625,0.0
-72.8125,0.0625,0.0
-72.8125,0.1875,0.0
-72.8125,0.3125,0.0
-72.8125,0.4375,0.0
-72.8125,0.5625,0.0
-72.8125,0.6875,0.0
-72.8125,0.8125,0.0
-72.8125,0.9375,0.0
-72.8125,1.0625,0.0
-72.8125,1.1875,0.0
-72.8125,1.3125,0.0
-72.8125,1.4375,0.0
-72.8125,1.5625,0.0
-72.8125,1.6875,0.0
-72.8125,1.8125,0.0
-72.8125,1.9375,0.0
-72.8125,2.0625,0.0
-72.8125,2.1875,0.0
-72.8125,2.3125,0.0
-72.8125,2.4375,0.0
-72.8125,2.5625,0.0
-72.8125,2.6875,0.0
-72.8125,2.8125,0.0
-72.8125,2.9375,0.0
-72.8125,3.0625,0.0
-72.8125,3.1875,0.0
-72.8125,3.3125,0.0
-72.8125,3.4375,0.0
-72.8125,3.5625,0.0
-72.8125,3.6875,0.0
-72.8125,3.8125,0.0
-72.8125,3.9375,0.0
-72.8125,4.0625,0.0
-72.8125,4.1875,0.0
-72.8125,4.3125,0.0
-72.8125,4.4375,0.0
-72.8125,4.5625,0.0
-72.8125,4.6875,0.0
-72.8125,4.8125,0.0
-72.8125,4.9375,0.0
-72.8125,5.0625,0.0
-72.8125,5.1875,0.0
-72.8125,5.3125,0.0
-72.8125,5.4375,0.0
-72.8125,5.5625,0.0
-72.8125,5.6875,0.0
-72.8125,5.8125,0.0
-72.8125,5.9375,0.0
-72.8125,6.0625,0.0
-72.8125,6.1875,0.0
-72.8125,6.3125,0.0
-72.8125,6.4375,0.0
-72.8125,6.5625,0.0
-72.8125,6.6875,0.0
-72.8125,6.8125,0.0
-72.8125,6.9375,0.0
-72.8125,7.0625,0.0
-72.8125,7.1875,0.0
-72.8125,7.3125,0.0
-72.8125,7.4375,0.0
-72.8125,7.5625,0.0
-72.8125,7.6875,0.0
-72.8125,7.8125,0.0
-72.8125,7.9375,0.0
-72.8125,8.0625,0.0
-72.8125,8.1875,0.0
-72.8125,8.3125,0.0
-72.8125,8.4375,0.0
-72.8125,8.5625,0.0
-72.8125,8.6875,0.0
-72.8125,8.8125,0.0
-72.8125,8.9375,0.0
-72.8125,9.0625,0.0
-72.8125,9.1875,0.0
-72.8125,9.3125,0.0
-72.8125,9.4375,0.0
-72.8125,9.5625,0.0
-72.8125,9.6875,0.0
-72.8125,9.8125,0.0
-72.8125,9.9375,0.0
-72.8125,10.0625,0.0
-72.8125,10.1875,0.0
-72.8125,10.3125,0.0
-72.8125,10.4375,0.0
-72.8125,10.5625,0.0
-72.8125,10.6875,0.0
-72.8125,10.8125,0.0
-72.8125,10.9375,0.0
-72.8125,11.0625,0.0
-72.8125,11.1875,0.0
-72.8125,11.3125,0.0
-72.8125,11.4375,0.0
-72.8125,11.5625,0.0
-72.8125,11.6875,0.0
-72.8125,11.8125,5.2
-72.8125,11.9375,4.55
-72.8125,12.0625,4.57
-72.8125,12.1875,5.47
-72.8125,12.3125,6.66
-72.8125,12.4375,7.42
-72.6875,-4.1875,0.0
-72.6875,-4.0625,0.0
-72.6875,-3.9375,0.0
-72.6875,-3.8125,0.0
-72.6875,-3.6875,0.0
-72.6875,-3.5625,0.0
-72.6875,-3.4375,0.0
-72.6875,-3.3125,0.0
-72.6875,-3.1875,0.0
-72.6875,-3.0625,0.0
-72.6875,-2.9375,0.0
-72.6875,-2.8125,0.0
-72.6875,-2.6875,0.0
-72.6875,-2.5625,0.0
-72.6875,-2.4375,0.0
-72.6875,-2.3125,0.0
-72.6875,-2.1875,0.0
-72.6875,-2.0625,0.0
-72.6875,-1.9375,0.0
-72.6875,-1.8125,0.0
-72.6875,-1.6875,0.0
-72.6875,-1.5625,0.0
-72.6875,-1.4375,0.0
-72.6875,-1.3125,0.0
-72.6875,-1.1875,0.0
-72.6875,-1.0625,0.0
-72.6875,-0.9375,0.0
-72.6875,-0.8125,0.0
-72.6875,-0.6875,0.0
-72.6875,-0.5625,0.0
-72.6875,-0.4375,0.0
-72.6875,-0.3125,0.0
-72.6875,-0.1875,0.0
-72.6875,-0.0625,0.0
-72.6875,0.0625,0.0
-72.6875,0.1875,0.0
-72.6875,0.3125,0.0
-72.6875,0.4375,0.0
-72.6875,0.5625,0.0
-72.6875,0.6875,0.0
-72.6875,0.8125,0.0
-72.6875,0.9375,0.0
-72.6875,1.0625,0.0
-72.6875,1.1875,0.0
-72.6875,1.3125,0.0
-72.6875,1.4375,0.0
-72.6875,1.5625,0.0
-72.6875,1.6875,0.0
-72.6875,1.8125,0.0
-72.6875,1.9375,0.0
-72.6875,2.0625,0.0
-72.6875,2.1875,0.0
-72.6875,2.3125,0.0
-72.6875,2.4375,0.0
-72.6875,2.5625,0.0
-72.6875,2.6875,0.0
-72.6875,2.8125,0.0
-72.6875,2.9375,0.0
-72.6875,3.0625,0.0
-72.6875,3.1875,0.0
-72.6875,3.3125,0.0
-72.6875,3.4375,0.0
-72.6875,3.5625,0.0
-72.6875,3.6875,0.0
-72.6875,3.8125,0.0
-72.6875,3.9375,0.0
-72.6875,4.0625,0.0
-72.6875,4.1875,0.0
-72.6875,4.3125,0.0
-72.6875,4.4375,0.0
-72.6875,4.5625,0.0
-72.6875,4.6875,0.0
-72.6875,4.8125,0.0
-72.6875,4.9375,0.0
-72.6875,5.0625,0.0
-72.6875,5.1875,0.0
-72.6875,5.3125,0.0
-72.6875,5.4375,0.0
-72.6875,5.5625,0.0
-72.6875,5.6875,0.0
-72.6875,5.8125,0.0
-72.6875,5.9375,0.0
-72.6875,6.0625,0.0
-72.6875,6.1875,0.0
-72.6875,6.3125,0.0
-72.6875,6.4375,0.0
-72.6875,6.5625,0.0
-72.6875,6.6875,0.0
-72.6875,6.8125,0.0
-72.6875,6.9375,0.0
-72.6875,7.0625,0.0
-72.6875,7.1875,0.0
-72.6875,7.3125,0.0
-72.6875,7.4375,0.0
-72.6875,7.5625,0.0
-72.6875,7.6875,0.0
-72.6875,7.8125,0.0
-72.6875,7.9375,0.0
-72.6875,8.0625,0.0
-72.6875,8.1875,0.0
-72.6875,8.3125,0.0
-72.6875,8.4375,0.0
-72.6875,8.5625,0.0
-72.6875,8.6875,0.0
-72.6875,8.8125,0.0
-72.6875,8.9375,0.0
-72.6875,9.0625,0.0
-72.6875,9.1875,0.0
-72.6875,9.3125,0.0
-72.6875,9.4375,0.0
-72.6875,9.5625,0.0
-72.6875,9.6875,0.0
-72.6875,9.8125,0.0
-72.6875,9.9375,0.0
-72.6875,10.0625,0.0
-72.6875,10.1875,0.0
-72.6875,10.3125,0.0
-72.6875,10.4375,0.0
-72.6875,10.5625,0.0
-72.6875,10.6875,0.0
-72.6875,10.8125,0.0
-72.6875,10.9375,0.0
-72.6875,11.0625,0.0
-72.6875,11.1875,0.0
-72.6875,11.3125,0.0
-72.6875,11.4375,0.0
-72.6875,11.5625,0.0
-72.6875,11.6875,0.0
-72.6875,11.8125,0.0
-72.6875,11.9375,4.53
-72.6875,12.0625,4.35
-72.6875,12.1875,5.23
-72.6875,12.3125,6.47
-72.6875,12.4375,7.44
-72.5625,-4.1875,0.0
-72.5625,-4.0625,0.0
-72.5625,-3.9375,0.0
-72.5625,-3.8125,0.0
-72.5625,-3.6875,0.0
-72.5625,-3.5625,0.0
-72.5625,-3.4375,0.0
-72.5625,-3.3125,0.0
-72.5625,-3.1875,0.0
-72.5625,-3.0625,0.0
-72.5625,-2.9375,0.0
-72.5625,-2.8125,0.0
-72.5625,-2.6875,0.0
-72.5625,-2.5625,0.0
-72.5625,-2.4375,0.0
-72.5625,-2.3125,0.0
-72.5625,-2.1875,0.0
-72.5625,-2.0625,0.0
-72.5625,-1.9375,0.0
-72.5625,-1.8125,0.0
-72.5625,-1.6875,0.0
-72.5625,-1.5625,0.0
-72.5625,-1.4375,0.0
-72.5625,-1.3125,0.0
-72.5625,-1.1875,0.0
-72.5625,-1.0625,0.0
-72.5625,-0.9375,0.0
-72.5625,-0.8125,0.0
-72.5625,-0.6875,0.0
-72.5625,-0.5625,0.0
-72.5625,-0.4375,0.0
-72.5625,-0.3125,0.0
-72.5625,-0.1875,0.0
-72.5625,-0.0625,0.0
-72.5625,0.0625,0.0
-72.5625,0.1875,0.0
-72.5625,0.3125,0.0
-72.5625,0.4375,0.0
-72.5625,0.5625,0.0
-72.5625,0.6875,0.0
-72.5625,0.8125,0.0
-72.5625,0.9375,0.0
-72.5625,1.0625,0.0
-72.5625,1.1875,0.0
-72.5625,1.3125,0.0
-72.5625,1.4375,0.0
-72.5625,1.5625,0.0
-72.5625,1.6875,0.0
-72.5625,1.8125,0.0
-72.5625,1.9375,0.0
-72.5625,2.0625,0.0
-72.5625,2.1875,0.0
-72.5625,2.3125,0.0
-72.5625,2.4375,0.0
-72.5625,2.5625,0.0
-72.5625,2.6875,0.0
-72.5625,2.8125,0.0
-72.5625,2.9375,0.0
-72.5625,3.0625,0.0
-72.5625,3.1875,0.0
-72.5625,3.3125,0.0
-72.5625,3.4375,0.0
-72.5625,3.5625,0.0
-72.5625,3.6875,0.0
-72.5625,3.8125,0.0
-72.5625,3.9375,0.0
-72.5625,4.0625,0.0
-72.5625,4.1875,0.0
-72.5625,4.3125,0.0
-72.5625,4.4375,0.0
-72.5625,4.5625,0.0
-72.5625,4.6875,0.0
-72.5625,4.8125,0.0
-72.5625,4.9375,0.0
-72.5625,5.0625,0.0
-72.5625,5.1875,0.0
-72.5625,5.3125,0.0
-72.5625,5.4375,0.0
-72.5625,5.5625,0.0
-72.5625,5.6875,0.0
-72.5625,5.8125,0.0
-72.5625,5.9375,0.0
-72.5625,6.0625,0.0
-72.5625,6.1875,0.0
-72.5625,6.3125,0.0
-72.5625,6.4375,0.0
-72.5625,6.5625,0.0
-72.5625,6.6875,0.0
-72.5625,6.8125,0.0
-72.5625,6.9375,0.0
-72.5625,7.0625,0.0
-72.5625,7.1875,0.0
-72.5625,7.3125,0.0
-72.5625,7.4375,0.0
-72.5625,7.5625,0.0
-72.5625,7.6875,0.0
-72.5625,7.8125,0.0
-72.5625,7.9375,0.0
-72.5625,8.0625,0.0
-72.5625,8.1875,0.0
-72.5625,8.3125,0.0
-72.5625,8.4375,0.0
-72.5625,8.5625,0.0
-72.5625,8.6875,0.0
-72.5625,8.8125,0.0
-72.5625,8.9375,0.0
-72.5625,9.0625,0.0
-72.5625,9.1875,0.0
-72.5625,9.3125,0.0
-72.5625,9.4375,0.0
-72.5625,9.5625,0.0
-72.5625,9.6875,0.0
-72.5625,9.8125,0.0
-72.5625,9.9375,0.0
-72.5625,10.0625,0.0
-72.5625,10.1875,0.0
-72.5625,10.3125,0.0
-72.5625,10.4375,0.0
-72.5625,10.5625,0.0
-72.5625,10.6875,0.0
-72.5625,10.8125,0.0
-72.5625,10.9375,0.0
-72.5625,11.0625,0.0
-72.5625,11.1875,0.0
-72.5625,11.3125,0.0
-72.5625,11.4375,0.0
-72.5625,11.5625,0.0
-72.5625,11.6875,0.0
-72.5625,11.8125,0.0
-72.5625,11.9375,0.0
-72.5625,12.0625,3.92
-72.5625,12.1875,4.69
-72.5625,12.3125,6.22
-72.5625,12.4375,7.38
-72.4375,-4.1875,0.0
-72.4375,-4.0625,0.0
-72.4375,-3.9375,0.0
-72.4375,-3.8125,0.0
-72.4375,-3.6875,0.0
-72.4375,-3.5625,0.0
-72.4375,-3.4375,0.0
-72.4375,-3.3125,0.0
-72.4375,-3.1875,0.0
-72.4375,-3.0625,0.0
-72.4375,-2.9375,0.0
-72.4375,-2.8125,0.0
-72.4375,-2.6875,0.0
-72.4375,-2.5625,0.0
-72.4375,-2.4375,0.0
-72.4375,-2.3125,0.0
-72.4375,-2.1875,0.0
-72.4375,-2.0625,0.0
-72.4375,-1.9375,0.0
-72.4375,-1.8125,0.0
-72.4375,-1.6875,0.0
-72.4375,-1.5625,0.0
-72.4375,-1.4375,0.0
-72.4375,-1.3125,0.0
-72.4375,-1.1875,0.0
-72.4375,-1.0625,0.0
-72.4375,-0.9375,0.0
-72.4375,-0.8125,0.0
-72.4375,-0.6875,0.0
-72.4375,-0.5625,0.0
-72.4375,-0.4375,0.0
-72.4375,-0.3125,0.0
-72.4375,-0.1875,0.0
-72.4375,-0.0625,0.0
-72.4375,0.0625,0.0
-72.4375,0.1875,0.0
-72.4375,0.3125,0.0
-72.4375,0.4375,0.0
-72.4375,0.5625,0.0
-72.4375,0.6875,0.0
-72.4375,0.8125,0.0
-72.4375,0.9375,0.0
-72.4375,1.0625,0.0
-72.4375,1.1875,0.0
-72.4375,1.3125,0.0
-72.4375,1.4375,0.0
-72.4375,1.5625,0.0
-72.4375,1.6875,0.0
-72.4375,1.8125,0.0
-72.4375,1.9375,0.0
-72.4375,2.0625,0.0
-72.4375,2.1875,0.0
-72.4375,2.3125,0.0
-72.4375,2.4375,0.0
-72.4375,2.5625,0.0
-72.4375,2.6875,0.0
-72.4375,2.8125,0.0
-72.4375,2.9375,0.0
-72.4375,3.0625,0.0
-72.4375,3.1875,0.0
-72.4375,3.3125,0.0
-72.4375,3.4375,0.0
-72.4375,3.5625,0.0
-72.4375,3.6875,0.0
-72.4375,3.8125,0.0
-72.4375,3.9375,0.0
-72.4375,4.0625,0.0
-72.4375,4.1875,0.0
-72.4375,4.3125,0.0
-72.4375,4.4375,0.0
-72.4375,4.5625,0.0
-72.4375,4.6875,0.0
-72.4375,4.8125,0.0
-72.4375,4.9375,0.0
-72.4375,5.0625,0.0
-72.4375,5.1875,0.0
-72.4375,5.3125,0.0
-72.4375,5.4375,0.0
-72.4375,5.5625,0.0
-72.4375,5.6875,0.0
-72.4375,5.8125,0.0
-72.4375,5.9375,0.0
-72.4375,6.0625,0.0
-72.4375,6.1875,0.0
-72.4375,6.3125,0.0
-72.4375,6.4375,0.0
-72.4375,6.5625,0.0
-72.4375,6.6875,0.0
-72.4375,6.8125,0.0
-72.4375,6.9375,0.0
-72.4375,7.0625,0.0
-72.4375,7.1875,0.0
-72.4375,7.3125,0.0
-72.4375,7.4375,0.0
-72.4375,7.5625,0.0
-72.4375,7.6875,0.0
-72.4375,7.8125,0.0
-72.4375,7.9375,0.0
-72.4375,8.0625,0.0
-72.4375,8.1875,0.0
-72.4375,8.3125,0.0
-72.4375,8.4375,0.0
-72.4375,8.5625,0.0
-72.4375,8.6875,0.0
-72.4375,8.8125,0.0
-72.4375,8.9375,0.0
-72.4375,9.0625,0.0
-72.4375,9.1875,0.0
-72.4375,9.3125,0.0
-72.4375,9.4375,0.0
-72.4375,9.5625,0.0
-72.4375,9.6875,0.0
-72.4375,9.8125,0.0
-72.4375,9.9375,0.0
-72.4375,10.0625,0.0
-72.4375,10.1875,0.0
-72.4375,10.3125,0.0
-72.4375,10.4375,0.0
-72.4375,10.5625,0.0
-72.4375,10.6875,0.0
-72.4375,10.8125,0.0
-72.4375,10.9375,0.0
-72.4375,11.0625,0.0
-72.4375,11.1875,0.0
-72.4375,11.3125,0.0
-72.4375,11.4375,0.0
-72.4375,11.5625,0.0
-72.4375,11.6875,0.0
-72.4375,11.8125,0.0
-72.4375,11.9375,0.0
-72.4375,12.0625,3.25
-72.4375,12.1875,3.69
-72.4375,12.3125,5.78
-72.4375,12.4375,7.16
-72.3125,-4.1875,0.0
-72.3125,-4.0625,0.0
-72.3125,-3.9375,0.0
-72.3125,-3.8125,0.0
-72.3125,-3.6875,0.0
-72.3125,-3.5625,0.0
-72.3125,-3.4375,0.0
-72.3125,-3.3125,0.0
-72.3125,-3.1875,0.0
-72.3125,-3.0625,0.0
-72.3125,-2.9375,0.0
-72.3125,-2.8125,0.0
-72.3125,-2.6875,0.0
-72.3125,-2.5625,0.0
-72.3125,-2.4375,0.0
-72.3125,-2.3125,0.0
-72.3125,-2.1875,0.0
-72.3125,-2.0625,0.0
-72.3125,-1.9375,0.0
-72.3125,-1.8125,0.0
-72.3125,-1.6875,0.0
-72.3125,-1.5625,0.0
-72.3125,-1.4375,0.0
-72.3125,-1.3125,0.0
-72.3125,-1.1875,0.0
-72.3125,-1.0625,0.0
-72.3125,-0.9375,0.0
-72.3125,-0.8125,0.0
-72.3125,-0.6875,0.0
-72.3125,-0.5625,0.0
-72.3125,-0.4375,0.0
-72.3125,-0.3125,0.0
-72.3125,-0.1875,0.0
-72.3125,-0.0625,0.0
-72.3125,0.0625,0.0
-72.3125,0.1875,0.0
-72.3125,0.3125,0.0
-72.3125,0.4375,0.0
-72.3125,0.5625,0.0
-72.3125,0.6875,0.0
-72.3125,0.8125,0.0
-72.3125,0.9375,0.0
-72.3125,1.0625,0.0
-72.3125,1.1875,0.0
-72.3125,1.3125,0.0
-72.3125,1.4375,0.0
-72.3125,1.5625,0.0
-72.3125,1.6875,0.0
-72.3125,1.8125,0.0
-72.3125,1.9375,0.0
-72.3125,2.0625,0.0
-72.3125,2.1875,0.0
-72.3125,2.3125,0.0
-72.3125,2.4375,0.0
-72.3125,2.5625,0.0
-72.3125,2.6875,0.0
-72.3125,2.8125,0.0
-72.3125,2.9375,0.0
-72.3125,3.0625,0.0
-72.3125,3.1875,0.0
-72.3125,3.3125,0.0
-72.3125,3.4375,0.0
-72.3125,3.5625,0.0
-72.3125,3.6875,0.0
-72.3125,3.8125,0.0
-72.3125,3.9375,0.0
-72.3125,4.0625,0.0
-72.3125,4.1875,0.0
-72.3125,4.3125,0.0
-72.3125,4.4375,0.0
-72.3125,4.5625,0.0
-72.3125,4.6875,0.0
-72.3125,4.8125,0.0
-72.3125,4.9375,0.0
-72.3125,5.0625,0.0
-72.3125,5.1875,0.0
-72.3125,5.3125,0.0
-72.3125,5.4375,0.0
-72.3125,5.5625,0.0
-72.3125,5.6875,0.0
-72.3125,5.8125,0.0
-72.3125,5.9375,0.0
-72.3125,6.0625,0.0
-72.3125,6.1875,0.0
-72.3125,6.3125,0.0
-72.3125,6.4375,0.0
-72.3125,6.5625,0.0
-72.3125,6.6875,0.0
-72.3125,6.8125,0.0
-72.3125,6.9375,0.0
-72.3125,7.0625,0.0
-72.3125,7.1875,0.0
-72.3125,7.3125,0.0
-72.3125,7.4375,0.0
-72.3125,7.5625,0.0
-72.3125,7.6875,0.0
-72.3125,7.8125,0.0
-72.3125,7.9375,0.0
-72.3125,8.0625,0.0
-72.3125,8.1875,0.0
-72.3125,8.3125,0.0
-72.3125,8.4375,0.0
-72.3125,8.5625,0.0
-72.3125,8.6875,0.0
-72.3125,8.8125,0.0
-72.3125,8.9375,0.0
-72.3125,9.0625,0.0
-72.3125,9.1875,0.0
-72.3125,9.3125,0.0
-72.3125,9.4375,0.0
-72.3125,9.5625,0.0
-72.3125,9.6875,0.0
-72.3125,9.8125,0.0
-72.3125,9.9375,0.0
-72.3125,10.0625,0.0
-72.3125,10.1875,0.0
-72.3125,10.3125,0.0
-72.3125,10.4375,0.0
-72.3125,10.5625,0.0
-72.3125,10.6875,0.0
-72.3125,10.8125,0.0
-72.3125,10.9375,0.0
-72.3125,11.0625,0.0
-72.3125,11.1875,0.0
-72.3125,11.3125,0.0
-72.3125,11.4375,0.0
-72.3125,11.5625,0.0
-72.3125,11.6875,0.0
-72.3125,11.8125,0.0
-72.3125,11.9375,0.0
-72.3125,12.0625,0.0
-72.3125,12.1875,2.79
-72.3125,12.3125,4.99
-72.3125,12.4375,6.67
-72.1875,-4.1875,0.0
-72.1875,-4.0625,0.0
-72.1875,-3.9375,0.0
-72.1875,-3.8125,0.0
-72.1875,-3.6875,0.0
-72.1875,-3.5625,0.0
-72.1875,-3.4375,0.0
-72.1875,-3.3125,0.0
-72.1875,-3.1875,0.0
-72.1875,-3.0625,0.0
-72.1875,-2.9375,0.0
-72.1875,-2.8125,0.0
-72.1875,-2.6875,0.0
-72.1875,-2.5625,0.0
-72.1875,-2.4375,0.0
-72.1875,-2.3125,0.0
-72.1875,-2.1875,0.0
-72.1875,-2.0625,0.0
-72.1875,-1.9375,0.0
-72.1875,-1.8125,0.0
-72.1875,-1.6875,0.0
-72.1875,-1.5625,0.0
-72.1875,-1.4375,0.0
-72.1875,-1.3125,0.0
-72.1875,-1.1875,0.0
-72.1875,-1.0625,0.0
-72.1875,-0.9375,0.0
-72.1875,-0.8125,0.0
-72.1875,-0.6875,0.0
-72.1875,-0.5625,0.0
-72.1875,-0.4375,0.0
-72.1875,-0.3125,0.0
-72.1875,-0.1875,0.0
-72.1875,-0.0625,0.0
-72.1875,0.0625,0.0
-72.1875,0.1875,0.0
-72.1875,0.3125,0.0
-72.1875,0.4375,0.0
-72.1875,0.5625,0.0
-72.1875,0.6875,0.0
-72.1875,0.8125,0.0
-72.1875,0.9375,0.0
-72.1875,1.0625,0.0
-72.1875,1.1875,0.0
-72.1875,1.3125,0.0
-72.1875,1.4375,0.0
-72.1875,1.5625,0.0
-72.1875,1.6875,0.0
-72.1875,1.8125,0.0
-72.1875,1.9375,0.0
-72.1875,2.0625,0.0
-72.1875,2.1875,0.0
-72.1875,2.3125,0.0
-72.1875,2.4375,0.0
-72.1875,2.5625,0.0
-72.1875,2.6875,0.0
-72.1875,2.8125,0.0
-72.1875,2.9375,0.0
-72.1875,3.0625,0.0
-72.1875,3.1875,0.0
-72.1875,3.3125,0.0
-72.1875,3.4375,0.0
-72.1875,3.5625,0.0
-72.1875,3.6875,0.0
-72.1875,3.8125,0.0
-72.1875,3.9375,0.0
-72.1875,4.0625,0.0
-72.1875,4.1875,0.0
-72.1875,4.3125,0.0
-72.1875,4.4375,0.0
-72.1875,4.5625,0.0
-72.1875,4.6875,0.0
-72.1875,4.8125,0.0
-72.1875,4.9375,0.0
-72.1875,5.0625,0.0
-72.1875,5.1875,0.0
-72.1875,5.3125,0.0
-72.1875,5.4375,0.0
-72.1875,5.5625,0.0
-72.1875,5.6875,0.0
-72.1875,5.8125,0.0
-72.1875,5.9375,0.0
-72.1875,6.0625,0.0
-72.1875,6.1875,0.0
-72.1875,6.3125,0.0
-72.1875,6.4375,0.0
-72.1875,6.5625,0.0
-72.1875,6.6875,0.0
-72.1875,6.8125,0.0
-72.1875,6.9375,0.0
-72.1875,7.0625,0.0
-72.1875,7.1875,0.0
-72.1875,7.3125,0.0
-72.1875,7.4375,0.0
-72.1875,7.5625,0.0
-72.1875,7.6875,0.0
-72.1875,7.8125,0.0
-72.1875,7.9375,0.0
-72.1875,8.0625,0.0
-72.1875,8.1875,0.0
-72.1875,8.3125,0.0
-72.1875,8.4375,0.0
-72.1875,8.5625,0.0
-72.1875,8.6875,0.0
-72.1875,8.8125,0.0
-72.1875,8.9375,0.0
-72.1875,9.0625,0.0
-72.1875,9.1875,0.0
-72.1875,9.3125,0.0
-72.1875,9.4375,0.0
-72.1875,9.5625,0.0
-72.1875,9.6875,0.0
-72.1875,9.8125,0.0
-72.1875,9.9375,0.0
-72.1875,10.0625,0.0
-72.1875,10.1875,0.0
-72.1875,10.3125,0.0
-72.1875,10.4375,0.0
-72.1875,10.5625,0.0
-72.1875,10.6875,0.0
-72.1875,10.8125,0.0
-72.1875,10.9375,0.0
-72.1875,11.0625,0.0
-72.1875,11.1875,0.0
-72.1875,11.3125,0.0
-72.1875,11.4375,0.0
-72.1875,11.5625,0.0
-72.1875,11.6875,0.0
-72.1875,11.8125,0.0
-72.1875,11.9375,0.0
-72.1875,12.0625,0.0
-72.1875,12.1875,0.0
-72.1875,12.3125,5.15
-72.1875,12.4375,6.23
-72.0625,-4.1875,0.0
-72.0625,-4.0625,0.0
-72.0625,-3.9375,0.0
-72.0625,-3.8125,0.0
-72.0625,-3.6875,0.0
-72.0625,-3.5625,0.0
-72.0625,-3.4375,0.0
-72.0625,-3.3125,0.0
-72.0625,-3.1875,0.0
-72.0625,-3.0625,0.0
-72.0625,-2.9375,0.0
-72.0625,-2.8125,0.0
-72.0625,-2.6875,0.0
-72.0625,-2.5625,0.0
-72.0625,-2.4375,0.0
-72.0625,-2.3125,0.0
-72.0625,-2.1875,0.0
-72.0625,-2.0625,0.0
-72.0625,-1.9375,0.0
-72.0625,-1.8125,0.0
-72.0625,-1.6875,0.0
-72.0625,-1.5625,0.0
-72.0625,-1.4375,0.0
-72.0625,-1.3125,0.0
-72.0625,-1.1875,0.0
-72.0625,-1.0625,0.0
-72.0625,-0.9375,0.0
-72.0625,-0.8125,0.0
-72.0625,-0.6875,0.0
-72.0625,-0.5625,0.0
-72.0625,-0.4375,0.0
-72.0625,-0.3125,0.0
-72.0625,-0.1875,0.0
-72.0625,-0.0625,0.0
-72.0625,0.0625,0.0
-72.0625,0.1875,0.0
-72.0625,0.3125,0.0
-72.0625,0.4375,0.0
-72.0625,0.5625,0.0
-72.0625,0.6875,0.0
-72.0625,0.8125,0.0
-72.0625,0.9375,0.0
-72.0625,1.0625,0.0
-72.0625,1.1875,0.0
-72.0625,1.3125,0.0
-72.0625,1.4375,0.0
-72.0625,1.5625,0.0
-72.0625,1.6875,0.0
-72.0625,1.8125,0.0
-72.0625,1.9375,0.0
-72.0625,2.0625,0.0
-72.0625,2.1875,0.0
-72.0625,2.3125,0.0
-72.0625,2.4375,0.0
-72.0625,2.5625,0.0
-72.0625,2.6875,0.0
-72.0625,2.8125,0.0
-72.0625,2.9375,0.0
-72.0625,3.0625,0.0
-72.0625,3.1875,0.0
-72.0625,3.3125,0.0
-72.0625,3.4375,0.0
-72.0625,3.5625,0.0
-72.0625,3.6875,0.0
-72.0625,3.8125,0.0
-72.0625,3.9375,0.0
-72.0625,4.0625,0.0
-72.0625,4.1875,0.0
-72.0625,4.3125,0.0
-72.0625,4.4375,0.0
-72.0625,4.5625,0.0
-72.0625,4.6875,0.0
-72.0625,4.8125,0.0
-72.0625,4.9375,0.0
-72.0625,5.0625,0.0
-72.0625,5.1875,0.0
-72.0625,5.3125,0.0
-72.0625,5.4375,0.0
-72.0625,5.5625,0.0
-72.0625,5.6875,0.0
-72.0625,5.8125,0.0
-72.0625,5.9375,0.0
-72.0625,6.0625,0.0
-72.0625,6.1875,0.0
-72.0625,6.3125,0.0
-72.0625,6.4375,0.0
-72.0625,6.5625,0.0
-72.0625,6.6875,0.0
-72.0625,6.8125,0.0
-72.0625,6.9375,0.0
-72.0625,7.0625,0.0
-72.0625,7.1875,0.0
-72.0625,7.3125,0.0
-72.0625,7.4375,0.0
-72.0625,7.5625,0.0
-72.0625,7.6875,0.0
-72.0625,7.8125,0.0
-72.0625,7.9375,0.0
-72.0625,8.0625,0.0
-72.0625,8.1875,0.0
-72.0625,8.3125,0.0
-72.0625,8.4375,0.0
-72.0625,8.5625,0.0
-72.0625,8.6875,0.0
-72.0625,8.8125,0.0
-72.0625,8.9375,0.0
-72.0625,9.0625,0.0
-72.0625,9.1875,0.0
-72.0625,9.3125,0.0
-72.0625,9.4375,0.0
-72.0625,9.5625,0.0
-72.0625,9.6875,0.0
-72.0625,9.8125,0.0
-72.0625,9.9375,0.0
-72.0625,10.0625,0.0
-72.0625,10.1875,0.0
-72.0625,10.3125,0.0
-72.0625,10.4375,0.0
-72.0625,10.5625,0.0
-72.0625,10.6875,0.0
-72.0625,10.8125,0.0
-72.0625,10.9375,0.0
-72.0625,11.0625,0.0
-72.0625,11.1875,0.0
-72.0625,11.3125,0.0
-72.0625,11.4375,0.0
-72.0625,11.5625,0.0
-72.0625,11.6875,0.0
-72.0625,11.8125,0.0
-72.0625,11.9375,0.0
-72.0625,12.0625,0.0
-72.0625,12.1875,0.0
-72.0625,12.3125,0.0
-72.0625,12.4375,6.19
-71.9375,-4.1875,0.0
-71.9375,-4.0625,0.0
-71.9375,-3.9375,0.0
-71.9375,-3.8125,0.0
-71.9375,-3.6875,0.0
-71.9375,-3.5625,0.0
-71.9375,-3.4375,0.0
-71.9375,-3.3125,0.0
-71.9375,-3.1875,0.0
-71.9375,-3.0625,0.0
-71.9375,-2.9375,0.0
-71.9375,-2.8125,0.0
-71.9375,-2.6875,0.0
-71.9375,-2.5625,0.0
-71.9375,-2.4375,0.0
-71.9375,-2.3125,0.0
-71.9375,-2.1875,0.0
-71.9375,-2.0625,0.0
-71.9375,-1.9375,0.0
-71.9375,-1.8125,0.0
-71.9375,-1.6875,0.0
-71.9375,-1.5625,0.0
-71.9375,-1.4375,0.0
-71.9375,-1.3125,0.0
-71.9375,-1.1875,0.0
-71.9375,-1.0625,0.0
-71.9375,-0.9375,0.0
-71.9375,-0.8125,0.0
-71.9375,-0.6875,0.0
-71.9375,-0.5625,0.0
-71.9375,-0.4375,0.0
-71.9375,-0.3125,0.0
-71.9375,-0.1875,0.0
-71.9375,-0.0625,0.0
-71.9375,0.0625,0.0
-71.9375,0.1875,0.0
-71.9375,0.3125,0.0
-71.9375,0.4375,0.0
-71.9375,0.5625,0.0
-71.9375,0.6875,0.0
-71.9375,0.8125,0.0
-71.9375,0.9375,0.0
-71.9375,1.0625,0.0
-71.9375,1.1875,0.0
-71.9375,1.3125,0.0
-71.9375,1.4375,0.0
-71.9375,1.5625,0.0
-71.9375,1.6875,0.0
-71.9375,1.8125,0.0
-71.9375,1.9375,0.0
-71.9375,2.0625,0.0
-71.9375,2.1875,0.0
-71.9375,2.3125,0.0
-71.9375,2.4375,0.0
-71.9375,2.5625,0.0
-71.9375,2.6875,0.0
-71.9375,2.8125,0.0
-71.9375,2.9375,0.0
-71.9375,3.0625,0.0
-71.9375,3.1875,0.0
-71.9375,3.3125,0.0
-71.9375,3.4375,0.0
-71.9375,3.5625,0.0
-71.9375,3.6875,0.0
-71.9375,3.8125,0.0
-71.9375,3.9375,0.0
-71.9375,4.0625,0.0
-71.9375,4.1875,0.0
-71.9375,4.3125,0.0
-71.9375,4.4375,0.0
-71.9375,4.5625,0.0
-71.9375,4.6875,0.0
-71.9375,4.8125,0.0
-71.9375,4.9375,0.0
-71.9375,5.0625,0.0
-71.9375,5.1875,0.0
-71.9375,5.3125,0.0
-71.9375,5.4375,0.0
-71.9375,5.5625,0.0
-71.9375,5.6875,0.0
-71.9375,5.8125,0.0
-71.9375,5.9375,0.0
-71.9375,6.0625,0.0
-71.9375,6.1875,0.0
-71.9375,6.3125,0.0
-71.9375,6.4375,0.0
-71.9375,6.5625,0.0
-71.9375,6.6875,0.0
-71.9375,6.8125,0.0
-71.9375,6.9375,0.0
-71.9375,7.0625,0.0
-71.9375,7.1875,0.0
-71.9375,7.3125,0.0
-71.9375,7.4375,0.0
-71.9375,7.5625,0.0
-71.9375,7.6875,0.0
-71.9375,7.8125,0.0
-71.9375,7.9375,0.0
-71.9375,8.0625,0.0
-71.9375,8.1875,0.0
-71.9375,8.3125,0.0
-71.9375,8.4375,0.0
-71.9375,8.5625,0.0
-71.9375,8.6875,0.0
-71.9375,8.8125,0.0
-71.9375,8.9375,0.0
-71.9375,9.0625,0.0
-71.9375,9.1875,0.0
-71.9375,9.3125,0.0
-71.9375,9.4375,0.0
-71.9375,9.5625,0.0
-71.9375,9.6875,0.0
-71.9375,9.8125,0.0
-71.9375,9.9375,0.0
-71.9375,10.0625,0.0
-71.9375,10.1875,0.0
-71.9375,10.3125,0.0
-71.9375,10.4375,0.0
-71.9375,10.5625,0.0
-71.9375,10.6875,0.0
-71.9375,10.8125,0.0
-71.9375,10.9375,0.0
-71.9375,11.0625,0.0
-71.9375,11.1875,0.0
-71.9375,11.3125,0.0
-71.9375,11.4375,0.0
-71.9375,11.5625,0.0
-71.9375,11.6875,0.0
-71.9375,11.8125,0.0
-71.9375,11.9375,0.0
-71.9375,12.0625,0.0
-71.9375,12.1875,0.0
-71.9375,12.3125,0.0
-71.9375,12.4375,6.26
-71.8125,-4.1875,0.0
-71.8125,-4.0625,0.0
-71.8125,-3.9375,0.0
-71.8125,-3.8125,0.0
-71.8125,-3.6875,0.0
-71.8125,-3.5625,0.0
-71.8125,-3.4375,0.0
-71.8125,-3.3125,0.0
-71.8125,-3.1875,0.0
-71.8125,-3.0625,0.0
-71.8125,-2.9375,0.0
-71.8125,-2.8125,0.0
-71.8125,-2.6875,0.0
-71.8125,-2.5625,0.0
-71.8125,-2.4375,0.0
-71.8125,-2.3125,0.0
-71.8125,-2.1875,0.0
-71.8125,-2.0625,0.0
-71.8125,-1.9375,0.0
-71.8125,-1.8125,0.0
-71.8125,-1.6875,0.0
-71.8125,-1.5625,0.0
-71.8125,-1.4375,0.0
-71.8125,-1.3125,0.0
-71.8125,-1.1875,0.0
-71.8125,-1.0625,0.0
-71.8125,-0.9375,0.0
-71.8125,-0.8125,0.0
-71.8125,-0.6875,0.0
-71.8125,-0.5625,0.0
-71.8125,-0.4375,0.0
-71.8125,-0.3125,0.0
-71.8125,-0.1875,0.0
-71.8125,-0.0625,0.0
-71.8125,0.0625,0.0
-71.8125,0.1875,0.0
-71.8125,0.3125,0.0
-71.8125,0.4375,0.0
-71.8125,0.5625,0.0
-71.8125,0.6875,0.0
-71.8125,0.8125,0.0
-71.8125,0.9375,0.0
-71.8125,1.0625,0.0
-71.8125,1.1875,0.0
-71.8125,1.3125,0.0
-71.8125,1.4375,0.0
-71.8125,1.5625,0.0
-71.8125,1.6875,0.0
-71.8125,1.8125,0.0
-71.8125,1.9375,0.0
-71.8125,2.0625,0.0
-71.8125,2.1875,0.0
-71.8125,2.3125,0.0
-71.8125,2.4375,0.0
-71.8125,2.5625,0.0
-71.8125,2.6875,0.0
-71.8125,2.8125,0.0
-71.8125,2.9375,0.0
-71.8125,3.0625,0.0
-71.8125,3.1875,0.0
-71.8125,3.3125,0.0
-71.8125,3.4375,0.0
-71.8125,3.5625,0.0
-71.8125,3.6875,0.0
-71.8125,3.8125,0.0
-71.8125,3.9375,0.0
-71.8125,4.0625,0.0
-71.8125,4.1875,0.0
-71.8125,4.3125,0.0
-71.8125,4.4375,0.0
-71.8125,4.5625,0.0
-71.8125,4.6875,0.0
-71.8125,4.8125,0.0
-71.8125,4.9375,0.0
-71.8125,5.0625,0.0
-71.8125,5.1875,0.0
-71.8125,5.3125,0.0
-71.8125,5.4375,0.0
-71.8125,5.5625,0.0
-71.8125,5.6875,0.0
-71.8125,5.8125,0.0
-71.8125,5.9375,0.0
-71.8125,6.0625,0.0
-71.8125,6.1875,0.0
-71.8125,6.3125,0.0
-71.8125,6.4375,0.0
-71.8125,6.5625,0.0
-71.8125,6.6875,0.0
-71.8125,6.8125,0.0
-71.8125,6.9375,0.0
-71.8125,7.0625,0.0
-71.8125,7.1875,0.0
-71.8125,7.3125,0.0
-71.8125,7.4375,0.0
-71.8125,7.5625,0.0
-71.8125,7.6875,0.0
-71.8125,7.8125,0.0
-71.8125,7.9375,0.0
-71.8125,8.0625,0.0
-71.8125,8.1875,0.0
-71.8125,8.3125,0.0
-71.8125,8.4375,0.0
-71.8125,8.5625,0.0
-71.8125,8.6875,0.0
-71.8125,8.8125,0.0
-71.8125,8.9375,0.0
-71.8125,9.0625,0.0
-71.8125,9.1875,0.0
-71.8125,9.3125,0.0
-71.8125,9.4375,0.0
-71.8125,9.5625,0.0
-71.8125,9.6875,3.69
-71.8125,9.8125,4.54
-71.8125,9.9375,4.3
-71.8125,10.0625,3.62
-71.8125,10.1875,0.0
-71.8125,10.3125,0.0
-71.8125,10.4375,0.0
-71.8125,10.5625,0.0
-71.8125,10.6875,0.0
-71.8125,10.8125,0.0
-71.8125,10.9375,0.0
-71.8125,11.0625,0.0
-71.8125,11.1875,0.0
-71.8125,11.3125,0.0
-71.8125,11.4375,0.0
-71.8125,11.5625,0.0
-71.8125,11.6875,0.0
-71.8125,11.8125,0.0
-71.8125,11.9375,0.0
-71.8125,12.0625,0.0
-71.8125,12.1875,0.0
-71.8125,12.3125,0.0
-71.8125,12.4375,0.0
-71.6875,-4.1875,0.0
-71.6875,-4.0625,0.0
-71.6875,-3.9375,0.0
-71.6875,-3.8125,0.0
-71.6875,-3.6875,0.0
-71.6875,-3.5625,0.0
-71.6875,-3.4375,0.0
-71.6875,-3.3125,0.0
-71.6875,-3.1875,0.0
-71.6875,-3.0625,0.0
-71.6875,-2.9375,0.0
-71.6875,-2.8125,0.0
-71.6875,-2.6875,0.0
-71.6875,-2.5625,0.0
-71.6875,-2.4375,0.0
-71.6875,-2.3125,0.0
-71.6875,-2.1875,0.0
-71.6875,-2.0625,0.0
-71.6875,-1.9375,0.0
-71.6875,-1.8125,0.0
-71.6875,-1.6875,0.0
-71.6875,-1.5625,0.0
-71.6875,-1.4375,0.0
-71.6875,-1.3125,0.0
-71.6875,-1.1875,0.0
-71.6875,-1.0625,0.0
-71.6875,-0.9375,0.0
-71.6875,-0.8125,0.0
-71.6875,-0.6875,0.0
-71.6875,-0.5625,0.0
-71.6875,-0.4375,0.0
-71.6875,-0.3125,0.0
-71.6875,-0.1875,0.0
-71.6875,-0.0625,0.0
-71.6875,0.0625,0.0
-71.6875,0.1875,0.0
-71.6875,0.3125,0.0
-71.6875,0.4375,0.0
-71.6875,0.5625,0.0
-71.6875,0.6875,0.0
-71.6875,0.8125,0.0
-71.6875,0.9375,0.0
-71.6875,1.0625,0.0
-71.6875,1.1875,0.0
-71.6875,1.3125,0.0
-71.6875,1.4375,0.0
-71.6875,1.5625,0.0
-71.6875,1.6875,0.0
-71.6875,1.8125,0.0
-71.6875,1.9375,0.0
-71.6875,2.0625,0.0
-71.6875,2.1875,0.0
-71.6875,2.3125,0.0
-71.6875,2.4375,0.0
-71.6875,2.5625,0.0
-71.6875,2.6875,0.0
-71.6875,2.8125,0.0
-71.6875,2.9375,0.0
-71.6875,3.0625,0.0
-71.6875,3.1875,0.0
-71.6875,3.3125,0.0
-71.6875,3.4375,0.0
-71.6875,3.5625,0.0
-71.6875,3.6875,0.0
-71.6875,3.8125,0.0
-71.6875,3.9375,0.0
-71.6875,4.0625,0.0
-71.6875,4.1875,0.0
-71.6875,4.3125,0.0
-71.6875,4.4375,0.0
-71.6875,4.5625,0.0
-71.6875,4.6875,0.0
-71.6875,4.8125,0.0
-71.6875,4.9375,0.0
-71.6875,5.0625,0.0
-71.6875,5.1875,0.0
-71.6875,5.3125,0.0
-71.6875,5.4375,0.0
-71.6875,5.5625,0.0
-71.6875,5.6875,0.0
-71.6875,5.8125,0.0
-71.6875,5.9375,0.0
-71.6875,6.0625,0.0
-71.6875,6.1875,0.0
-71.6875,6.3125,0.0
-71.6875,6.4375,0.0
-71.6875,6.5625,0.0
-71.6875,6.6875,0.0
-71.6875,6.8125,0.0
-71.6875,6.9375,0.0
-71.6875,7.0625,0.0
-71.6875,7.1875,0.0
-71.6875,7.3125,0.0
-71.6875,7.4375,0.0
-71.6875,7.5625,0.0
-71.6875,7.6875,0.0
-71.6875,7.8125,0.0
-71.6875,7.9375,0.0
-71.6875,8.0625,0.0
-71.6875,8.1875,0.0
-71.6875,8.3125,0.0
-71.6875,8.4375,0.0
-71.6875,8.5625,0.0
-71.6875,8.6875,0.0
-71.6875,8.8125,0.0
-71.6875,8.9375,0.0
-71.6875,9.0625,0.0
-71.6875,9.1875,0.0
-71.6875,9.3125,0.0
-71.6875,9.4375,0.0
-71.6875,9.5625,3.7
-71.6875,9.6875,3.81
-71.6875,9.8125,4.33
-71.6875,9.9375,3.6
-71.6875,10.0625,3.11
-71.6875,10.1875,3.12
-71.6875,10.3125,3.22
-71.6875,10.4375,0.0
-71.6875,10.5625,0.0
-71.6875,10.6875,0.0
-71.6875,10.8125,0.0
-71.6875,10.9375,0.0
-71.6875,11.0625,0.0
-71.6875,11.1875,0.0
-71.6875,11.3125,0.0
-71.6875,11.4375,6.87
-71.6875,11.5625,7.13
-71.6875,11.6875,0.0
-71.6875,11.8125,0.0
-71.6875,11.9375,0.0
-71.6875,12.0625,0.0
-71.6875,12.1875,0.0
-71.6875,12.3125,0.0
-71.6875,12.4375,0.0
-71.5625,-4.1875,0.0
-71.5625,-4.0625,0.0
-71.5625,-3.9375,0.0
-71.5625,-3.8125,0.0
-71.5625,-3.6875,0.0
-71.5625,-3.5625,0.0
-71.5625,-3.4375,0.0
-71.5625,-3.3125,0.0
-71.5625,-3.1875,0.0
-71.5625,-3.0625,0.0
-71.5625,-2.9375,0.0
-71.5625,-2.8125,0.0
-71.5625,-2.6875,0.0
-71.5625,-2.5625,0.0
-71.5625,-2.4375,0.0
-71.5625,-2.3125,0.0
-71.5625,-2.1875,0.0
-71.5625,-2.0625,0.0
-71.5625,-1.9375,0.0
-71.5625,-1.8125,0.0
-71.5625,-1.6875,0.0
-71.5625,-1.5625,0.0
-71.5625,-1.4375,0.0
-71.5625,-1.3125,0.0
-71.5625,-1.1875,0.0
-71.5625,-1.0625,0.0
-71.5625,-0.9375,0.0
-71.5625,-0.8125,0.0
-71.5625,-0.6875,0.0
-71.5625,-0.5625,0.0
-71.5625,-0.4375,0.0
-71.5625,-0.3125,0.0
-71.5625,-0.1875,0.0
-71.5625,-0.0625,0.0
-71.5625,0.0625,0.0
-71.5625,0.1875,0.0
-71.5625,0.3125,0.0
-71.5625,0.4375,0.0
-71.5625,0.5625,0.0
-71.5625,0.6875,0.0
-71.5625,0.8125,0.0
-71.5625,0.9375,0.0
-71.5625,1.0625,0.0
-71.5625,1.1875,0.0
-71.5625,1.3125,0.0
-71.5625,1.4375,0.0
-71.5625,1.5625,0.0
-71.5625,1.6875,0.0
-71.5625,1.8125,0.0
-71.5625,1.9375,0.0
-71.5625,2.0625,0.0
-71.5625,2.1875,0.0
-71.5625,2.3125,0.0
-71.5625,2.4375,0.0
-71.5625,2.5625,0.0
-71.5625,2.6875,0.0
-71.5625,2.8125,0.0
-71.5625,2.9375,0.0
-71.5625,3.0625,0.0
-71.5625,3.1875,0.0
-71.5625,3.3125,0.0
-71.5625,3.4375,0.0
-71.5625,3.5625,0.0
-71.5625,3.6875,0.0
-71.5625,3.8125,0.0
-71.5625,3.9375,0.0
-71.5625,4.0625,0.0
-71.5625,4.1875,0.0
-71.5625,4.3125,0.0
-71.5625,4.4375,0.0
-71.5625,4.5625,0.0
-71.5625,4.6875,0.0
-71.5625,4.8125,0.0
-71.5625,4.9375,0.0
-71.5625,5.0625,0.0
-71.5625,5.1875,0.0
-71.5625,5.3125,0.0
-71.5625,5.4375,0.0
-71.5625,5.5625,0.0
-71.5625,5.6875,0.0
-71.5625,5.8125,0.0
-71.5625,5.9375,0.0
-71.5625,6.0625,0.0
-71.5625,6.1875,0.0
-71.5625,6.3125,0.0
-71.5625,6.4375,0.0
-71.5625,6.5625,0.0
-71.5625,6.6875,0.0
-71.5625,6.8125,0.0
-71.5625,6.9375,0.0
-71.5625,7.0625,0.0
-71.5625,7.1875,0.0
-71.5625,7.3125,0.0
-71.5625,7.4375,0.0
-71.5625,7.5625,0.0
-71.5625,7.6875,0.0
-71.5625,7.8125,0.0
-71.5625,7.9375,0.0
-71.5625,8.0625,0.0
-71.5625,8.1875,0.0
-71.5625,8.3125,0.0
-71.5625,8.4375,0.0
-71.5625,8.5625,0.0
-71.5625,8.6875,0.0
-71.5625,8.8125,0.0
-71.5625,8.9375,0.0
-71.5625,9.0625,0.0
-71.5625,9.1875,0.0
-71.5625,9.3125,0.0
-71.5625,9.4375,0.0
-71.5625,9.5625,3.81
-71.5625,9.6875,3.72
-71.5625,9.8125,3.64
-71.5625,9.9375,2.75
-71.5625,10.0625,2.03
-71.5625,10.1875,2.36
-71.5625,10.3125,2.86
-71.5625,10.4375,0.0
-71.5625,10.5625,0.0
-71.5625,10.6875,0.0
-71.5625,10.8125,0.0
-71.5625,10.9375,0.0
-71.5625,11.0625,0.0
-71.5625,11.1875,0.0
-71.5625,11.3125,6.61
-71.5625,11.4375,6.94
-71.5625,11.5625,7.68
-71.5625,11.6875,0.0
-71.5625,11.8125,0.0
-71.5625,11.9375,0.0
-71.5625,12.0625,0.0
-71.5625,12.1875,0.0
-71.5625,12.3125,0.0
-71.5625,12.4375,0.0
-71.4375,-4.1875,0.0
-71.4375,-4.0625,0.0
-71.4375,-3.9375,0.0
-71.4375,-3.8125,0.0
-71.4375,-3.6875,0.0
-71.4375,-3.5625,0.0
-71.4375,-3.4375,0.0
-71.4375,-3.3125,0.0
-71.4375,-3.1875,0.0
-71.4375,-3.0625,0.0
-71.4375,-2.9375,0.0
-71.4375,-2.8125,0.0
-71.4375,-2.6875,0.0
-71.4375,-2.5625,0.0
-71.4375,-2.4375,0.0
-71.4375,-2.3125,0.0
-71.4375,-2.1875,0.0
-71.4375,-2.0625,0.0
-71.4375,-1.9375,0.0
-71.4375,-1.8125,0.0
-71.4375,-1.6875,0.0
-71.4375,-1.5625,0.0
-71.4375,-1.4375,0.0
-71.4375,-1.3125,0.0
-71.4375,-1.1875,0.0
-71.4375,-1.0625,0.0
-71.4375,-0.9375,0.0
-71.4375,-0.8125,0.0
-71.4375,-0.6875,0.0
-71.4375,-0.5625,0.0
-71.4375,-0.4375,0.0
-71.4375,-0.3125,0.0
-71.4375,-0.1875,0.0
-71.4375,-0.0625,0.0
-71.4375,0.0625,0.0
-71.4375,0.1875,0.0
-71.4375,0.3125,0.0
-71.4375,0.4375,0.0
-71.4375,0.5625,0.0
-71.4375,0.6875,0.0
-71.4375,0.8125,0.0
-71.4375,0.9375,0.0
-71.4375,1.0625,0.0
-71.4375,1.1875,0.0
-71.4375,1.3125,0.0
-71.4375,1.4375,0.0
-71.4375,1.5625,0.0
-71.4375,1.6875,0.0
-71.4375,1.8125,0.0
-71.4375,1.9375,0.0
-71.4375,2.0625,0.0
-71.4375,2.1875,0.0
-71.4375,2.3125,0.0
-71.4375,2.4375,0.0
-71.4375,2.5625,0.0
-71.4375,2.6875,0.0
-71.4375,2.8125,0.0
-71.4375,2.9375,0.0
-71.4375,3.0625,0.0
-71.4375,3.1875,0.0
-71.4375,3.3125,0.0
-71.4375,3.4375,0.0
-71.4375,3.5625,0.0
-71.4375,3.6875,0.0
-71.4375,3.8125,0.0
-71.4375,3.9375,0.0
-71.4375,4.0625,0.0
-71.4375,4.1875,0.0
-71.4375,4.3125,0.0
-71.4375,4.4375,0.0
-71.4375,4.5625,0.0
-71.4375,4.6875,0.0
-71.4375,4.8125,0.0
-71.4375,4.9375,0.0
-71.4375,5.0625,0.0
-71.4375,5.1875,0.0
-71.4375,5.3125,0.0
-71.4375,5.4375,0.0
-71.4375,5.5625,0.0
-71.4375,5.6875,0.0
-71.4375,5.8125,0.0
-71.4375,5.9375,0.0
-71.4375,6.0625,0.0
-71.4375,6.1875,0.0
-71.4375,6.3125,0.0
-71.4375,6.4375,0.0
-71.4375,6.5625,0.0
-71.4375,6.6875,0.0
-71.4375,6.8125,0.0
-71.4375,6.9375,0.0
-71.4375,7.0625,0.0
-71.4375,7.1875,0.0
-71.4375,7.3125,0.0
-71.4375,7.4375,0.0
-71.4375,7.5625,0.0
-71.4375,7.6875,0.0
-71.4375,7.8125,0.0
-71.4375,7.9375,0.0
-71.4375,8.0625,0.0
-71.4375,8.1875,0.0
-71.4375,8.3125,0.0
-71.4375,8.4375,0.0
-71.4375,8.5625,0.0
-71.4375,8.6875,0.0
-71.4375,8.8125,0.0
-71.4375,8.9375,0.0
-71.4375,9.0625,0.0
-71.4375,9.1875,0.0
-71.4375,9.3125,6.05
-71.4375,9.4375,4.61
-71.4375,9.5625,3.58
-71.4375,9.6875,3.55
-71.4375,9.8125,3.98
-71.4375,9.9375,2.37
-71.4375,10.0625,1.17
-71.4375,10.1875,1.08
-71.4375,10.3125,0.0
-71.4375,10.4375,0.0
-71.4375,10.5625,0.0
-71.4375,10.6875,0.0
-71.4375,10.8125,0.0
-71.4375,10.9375,0.0
-71.4375,11.0625,0.0
-71.4375,11.1875,6.43
-71.4375,11.3125,6.67
-71.4375,11.4375,7.02
-71.4375,11.5625,7.61
-71.4375,11.6875,0.0
-71.4375,11.8125,0.0
-71.4375,11.9375,0.0
-71.4375,12.0625,0.0
-71.4375,12.1875,0.0
-71.4375,12.3125,0.0
-71.4375,12.4375,0.0
-71.3125,-4.1875,0.0
-71.3125,-4.0625,0.0
-71.3125,-3.9375,0.0
-71.3125,-3.8125,0.0
-71.3125,-3.6875,0.0
-71.3125,-3.5625,0.0
-71.3125,-3.4375,0.0
-71.3125,-3.3125,0.0
-71.3125,-3.1875,0.0
-71.3125,-3.0625,0.0
-71.3125,-2.9375,0.0
-71.3125,-2.8125,0.0
-71.3125,-2.6875,0.0
-71.3125,-2.5625,0.0
-71.3125,-2.4375,0.0
-71.3125,-2.3125,0.0
-71.3125,-2.1875,0.0
-71.3125,-2.0625,0.0
-71.3125,-1.9375,0.0
-71.3125,-1.8125,0.0
-71.3125,-1.6875,0.0
-71.3125,-1.5625,0.0
-71.3125,-1.4375,0.0
-71.3125,-1.3125,0.0
-71.3125,-1.1875,0.0
-71.3125,-1.0625,0.0
-71.3125,-0.9375,0.0
-71.3125,-0.8125,0.0
-71.3125,-0.6875,0.0
-71.3125,-0.5625,0.0
-71.3125,-0.4375,0.0
-71.3125,-0.3125,0.0
-71.3125,-0.1875,0.0
-71.3125,-0.0625,0.0
-71.3125,0.0625,0.0
-71.3125,0.1875,0.0
-71.3125,0.3125,0.0
-71.3125,0.4375,0.0
-71.3125,0.5625,0.0
-71.3125,0.6875,0.0
-71.3125,0.8125,0.0
-71.3125,0.9375,0.0
-71.3125,1.0625,0.0
-71.3125,1.1875,0.0
-71.3125,1.3125,0.0
-71.3125,1.4375,0.0
-71.3125,1.5625,0.0
-71.3125,1.6875,0.0
-71.3125,1.8125,0.0
-71.3125,1.9375,0.0
-71.3125,2.0625,0.0
-71.3125,2.1875,0.0
-71.3125,2.3125,0.0
-71.3125,2.4375,0.0
-71.3125,2.5625,0.0
-71.3125,2.6875,0.0
-71.3125,2.8125,0.0
-71.3125,2.9375,0.0
-71.3125,3.0625,0.0
-71.3125,3.1875,0.0
-71.3125,3.3125,0.0
-71.3125,3.4375,0.0
-71.3125,3.5625,0.0
-71.3125,3.6875,0.0
-71.3125,3.8125,0.0
-71.3125,3.9375,0.0
-71.3125,4.0625,0.0
-71.3125,4.1875,0.0
-71.3125,4.3125,0.0
-71.3125,4.4375,0.0
-71.3125,4.5625,0.0
-71.3125,4.6875,0.0
-71.3125,4.8125,0.0
-71.3125,4.9375,0.0
-71.3125,5.0625,0.0
-71.3125,5.1875,0.0
-71.3125,5.3125,0.0
-71.3125,5.4375,0.0
-71.3125,5.5625,0.0
-71.3125,5.6875,0.0
-71.3125,5.8125,0.0
-71.3125,5.9375,0.0
-71.3125,6.0625,0.0
-71.3125,6.1875,0.0
-71.3125,6.3125,0.0
-71.3125,6.4375,0.0
-71.3125,6.5625,0.0
-71.3125,6.6875,0.0
-71.3125,6.8125,0.0
-71.3125,6.9375,0.0
-71.3125,7.0625,0.0
-71.3125,7.1875,0.0
-71.3125,7.3125,0.0
-71.3125,7.4375,0.0
-71.3125,7.5625,0.0
-71.3125,7.6875,0.0
-71.3125,7.8125,0.0
-71.3125,7.9375,0.0
-71.3125,8.0625,0.0
-71.3125,8.1875,0.0
-71.3125,8.3125,0.0
-71.3125,8.4375,0.0
-71.3125,8.5625,0.0
-71.3125,8.6875,0.0
-71.3125,8.8125,0.0
-71.3125,8.9375,0.0
-71.3125,9.0625,0.0
-71.3125,9.1875,0.0
-71.3125,9.3125,0.0
-71.3125,9.4375,3.63
-71.3125,9.5625,2.88
-71.3125,9.6875,2.81
-71.3125,9.8125,3.01
-71.3125,9.9375,1.99
-71.3125,10.0625,0.0
-71.3125,10.1875,0.9
-71.3125,10.3125,0.0
-71.3125,10.4375,0.0
-71.3125,10.5625,0.0
-71.3125,10.6875,0.0
-71.3125,10.8125,0.0
-71.3125,10.9375,0.0
-71.3125,11.0625,0.0
-71.3125,11.1875,6.54
-71.3125,11.3125,6.62
-71.3125,11.4375,6.96
-71.3125,11.5625,7.39
-71.3125,11.6875,7.43
-71.3125,11.8125,0.0
-71.3125,11.9375,0.0
-71.3125,12.0625,0.0
-71.3125,12.1875,0.0
-71.3125,12.3125,0.0
-71.3125,12.4375,0.0
-71.1875,-4.1875,0.0
-71.1875,-4.0625,0.0
-71.1875,-3.9375,0.0
-71.1875,-3.8125,0.0
-71.1875,-3.6875,0.0
-71.1875,-3.5625,0.0
-71.1875,-3.4375,0.0
-71.1875,-3.3125,0.0
-71.1875,-3.1875,0.0
-71.1875,-3.0625,0.0
-71.1875,-2.9375,0.0
-71.1875,-2.8125,0.0
-71.1875,-2.6875,0.0
-71.1875,-2.5625,0.0
-71.1875,-2.4375,0.0
-71.1875,-2.3125,0.0
-71.1875,-2.1875,0.0
-71.1875,-2.0625,0.0
-71.1875,-1.9375,0.0
-71.1875,-1.8125,0.0
-71.1875,-1.6875,0.0
-71.1875,-1.5625,0.0
-71.1875,-1.4375,0.0
-71.1875,-1.3125,0.0
-71.1875,-1.1875,0.0
-71.1875,-1.0625,0.0
-71.1875,-0.9375,0.0
-71.1875,-0.8125,0.0
-71.1875,-0.6875,0.0
-71.1875,-0.5625,0.0
-71.1875,-0.4375,0.0
-71.1875,-0.3125,0.0
-71.1875,-0.1875,0.0
-71.1875,-0.0625,0.0
-71.1875,0.0625,0.0
-71.1875,0.1875,0.0
-71.1875,0.3125,0.0
-71.1875,0.4375,0.0
-71.1875,0.5625,0.0
-71.1875,0.6875,0.0
-71.1875,0.8125,0.0
-71.1875,0.9375,0.0
-71.1875,1.0625,0.0
-71.1875,1.1875,0.0
-71.1875,1.3125,0.0
-71.1875,1.4375,0.0
-71.1875,1.5625,0.0
-71.1875,1.6875,0.0
-71.1875,1.8125,0.0
-71.1875,1.9375,0.0
-71.1875,2.0625,0.0
-71.1875,2.1875,0.0
-71.1875,2.3125,0.0
-71.1875,2.4375,0.0
-71.1875,2.5625,0.0
-71.1875,2.6875,0.0
-71.1875,2.8125,0.0
-71.1875,2.9375,0.0
-71.1875,3.0625,0.0
-71.1875,3.1875,0.0
-71.1875,3.3125,0.0
-71.1875,3.4375,0.0
-71.1875,3.5625,0.0
-71.1875,3.6875,0.0
-71.1875,3.8125,0.0
-71.1875,3.9375,0.0
-71.1875,4.0625,0.0
-71.1875,4.1875,0.0
-71.1875,4.3125,0.0
-71.1875,4.4375,0.0
-71.1875,4.5625,0.0
-71.1875,4.6875,0.0
-71.1875,4.8125,0.0
-71.1875,4.9375,0.0
-71.1875,5.0625,0.0
-71.1875,5.1875,0.0
-71.1875,5.3125,0.0
-71.1875,5.4375,0.0
-71.1875,5.5625,0.0
-71.1875,5.6875,0.0
-71.1875,5.8125,0.0
-71.1875,5.9375,0.0
-71.1875,6.0625,0.0
-71.1875,6.1875,0.0
-71.1875,6.3125,0.0
-71.1875,6.4375,0.0
-71.1875,6.5625,0.0
-71.1875,6.6875,0.0
-71.1875,6.8125,0.0
-71.1875,6.9375,0.0
-71.1875,7.0625,0.0
-71.1875,7.1875,0.0
-71.1875,7.3125,0.0
-71.1875,7.4375,0.0
-71.1875,7.5625,0.0
-71.1875,7.6875,0.0
-71.1875,7.8125,0.0
-71.1875,7.9375,0.0
-71.1875,8.0625,0.0
-71.1875,8.1875,0.0
-71.1875,8.3125,0.0
-71.1875,8.4375,0.0
-71.1875,8.5625,0.0
-71.1875,8.6875,0.0
-71.1875,8.8125,0.0
-71.1875,8.9375,0.0
-71.1875,9.0625,0.0
-71.1875,9.1875,0.0
-71.1875,9.3125,0.0
-71.1875,9.4375,3.11
-71.1875,9.5625,2.35
-71.1875,9.6875,2.23
-71.1875,9.8125,0.0
-71.1875,9.9375,0.0
-71.1875,10.0625,0.0
-71.1875,10.1875,0.0
-71.1875,10.3125,0.0
-71.1875,10.4375,0.0
-71.1875,10.5625,0.0
-71.1875,10.6875,0.0
-71.1875,10.8125,0.0
-71.1875,10.9375,0.0
-71.1875,11.0625,0.0
-71.1875,11.1875,0.0
-71.1875,11.3125,6.44
-71.1875,11.4375,6.79
-71.1875,11.5625,7.21
-71.1875,11.6875,7.53
-71.1875,11.8125,7.66
-71.1875,11.9375,0.0
-71.1875,12.0625,0.0
-71.1875,12.1875,0.0
-71.1875,12.3125,0.0
-71.1875,12.4375,0.0
-71.0625,-4.1875,0.0
-71.0625,-4.0625,0.0
-71.0625,-3.9375,0.0
-71.0625,-3.8125,0.0
-71.0625,-3.6875,0.0
-71.0625,-3.5625,0.0
-71.0625,-3.4375,0.0
-71.0625,-3.3125,0.0
-71.0625,-3.1875,0.0
-71.0625,-3.0625,0.0
-71.0625,-2.9375,0.0
-71.0625,-2.8125,0.0
-71.0625,-2.6875,0.0
-71.0625,-2.5625,0.0
-71.0625,-2.4375,0.0
-71.0625,-2.3125,0.0
-71.0625,-2.1875,0.0
-71.0625,-2.0625,0.0
-71.0625,-1.9375,0.0
-71.0625,-1.8125,0.0
-71.0625,-1.6875,0.0
-71.0625,-1.5625,0.0
-71.0625,-1.4375,0.0
-71.0625,-1.3125,0.0
-71.0625,-1.1875,0.0
-71.0625,-1.0625,0.0
-71.0625,-0.9375,0.0
-71.0625,-0.8125,0.0
-71.0625,-0.6875,0.0
-71.0625,-0.5625,0.0
-71.0625,-0.4375,0.0
-71.0625,-0.3125,0.0
-71.0625,-0.1875,0.0
-71.0625,-0.0625,0.0
-71.0625,0.0625,0.0
-71.0625,0.1875,0.0
-71.0625,0.3125,0.0
-71.0625,0.4375,0.0
-71.0625,0.5625,0.0
-71.0625,0.6875,0.0
-71.0625,0.8125,0.0
-71.0625,0.9375,0.0
-71.0625,1.0625,0.0
-71.0625,1.1875,0.0
-71.0625,1.3125,0.0
-71.0625,1.4375,0.0
-71.0625,1.5625,0.0
-71.0625,1.6875,0.0
-71.0625,1.8125,0.0
-71.0625,1.9375,0.0
-71.0625,2.0625,0.0
-71.0625,2.1875,0.0
-71.0625,2.3125,0.0
-71.0625,2.4375,0.0
-71.0625,2.5625,0.0
-71.0625,2.6875,0.0
-71.0625,2.8125,0.0
-71.0625,2.9375,0.0
-71.0625,3.0625,0.0
-71.0625,3.1875,0.0
-71.0625,3.3125,0.0
-71.0625,3.4375,0.0
-71.0625,3.5625,0.0
-71.0625,3.6875,0.0
-71.0625,3.8125,0.0
-71.0625,3.9375,0.0
-71.0625,4.0625,0.0
-71.0625,4.1875,0.0
-71.0625,4.3125,0.0
-71.0625,4.4375,0.0
-71.0625,4.5625,0.0
-71.0625,4.6875,0.0
-71.0625,4.8125,0.0
-71.0625,4.9375,0.0
-71.0625,5.0625,0.0
-71.0625,5.1875,0.0
-71.0625,5.3125,0.0
-71.0625,5.4375,0.0
-71.0625,5.5625,0.0
-71.0625,5.6875,0.0
-71.0625,5.8125,0.0
-71.0625,5.9375,0.0
-71.0625,6.0625,0.0
-71.0625,6.1875,0.0
-71.0625,6.3125,0.0
-71.0625,6.4375,0.0
-71.0625,6.5625,0.0
-71.0625,6.6875,0.0
-71.0625,6.8125,0.0
-71.0625,6.9375,0.0
-71.0625,7.0625,0.0
-71.0625,7.1875,0.0
-71.0625,7.3125,0.0
-71.0625,7.4375,0.0
-71.0625,7.5625,0.0
-71.0625,7.6875,0.0
-71.0625,7.8125,0.0
-71.0625,7.9375,0.0
-71.0625,8.0625,0.0
-71.0625,8.1875,0.0
-71.0625,8.3125,0.0
-71.0625,8.4375,0.0
-71.0625,8.5625,0.0
-71.0625,8.6875,0.0
-71.0625,8.8125,0.0
-71.0625,8.9375,0.0
-71.0625,9.0625,0.0
-71.0625,9.1875,0.0
-71.0625,9.3125,0.0
-71.0625,9.4375,0.0
-71.0625,9.5625,0.0
-71.0625,9.6875,0.0
-71.0625,9.8125,0.0
-71.0625,9.9375,0.0
-71.0625,10.0625,0.0
-71.0625,10.1875,0.0
-71.0625,10.3125,0.0
-71.0625,10.4375,0.0
-71.0625,10.5625,0.0
-71.0625,10.6875,0.0
-71.0625,10.8125,0.0
-71.0625,10.9375,0.0
-71.0625,11.0625,0.0
-71.0625,11.1875,6.06
-71.0625,11.3125,6.05
-71.0625,11.4375,6.62
-71.0625,11.5625,7.07
-71.0625,11.6875,7.05
-71.0625,11.8125,7.03
-71.0625,11.9375,6.49
-71.0625,12.0625,0.0
-71.0625,12.1875,0.0
-71.0625,12.3125,0.0
-71.0625,12.4375,6.61
-70.9375,-4.1875,0.0
-70.9375,-4.0625,0.0
-70.9375,-3.9375,0.0
-70.9375,-3.8125,0.0
-70.9375,-3.6875,0.0
-70.9375,-3.5625,0.0
-70.9375,-3.4375,0.0
-70.9375,-3.3125,0.0
-70.9375,-3.1875,0.0
-70.9375,-3.0625,0.0
-70.9375,-2.9375,0.0
-70.9375,-2.8125,0.0
-70.9375,-2.6875,0.0
-70.9375,-2.5625,0.0
-70.9375,-2.4375,0.0
-70.9375,-2.3125,0.0
-70.9375,-2.1875,0.0
-70.9375,-2.0625,0.0
-70.9375,-1.9375,0.0
-70.9375,-1.8125,0.0
-70.9375,-1.6875,0.0
-70.9375,-1.5625,0.0
-70.9375,-1.4375,0.0
-70.9375,-1.3125,0.0
-70.9375,-1.1875,0.0
-70.9375,-1.0625,0.0
-70.9375,-0.9375,0.0
-70.9375,-0.8125,0.0
-70.9375,-0.6875,0.0
-70.9375,-0.5625,0.0
-70.9375,-0.4375,0.0
-70.9375,-0.3125,0.0
-70.9375,-0.1875,0.0
-70.9375,-0.0625,0.0
-70.9375,0.0625,0.0
-70.9375,0.1875,0.0
-70.9375,0.3125,0.0
-70.9375,0.4375,0.0
-70.9375,0.5625,0.0
-70.9375,0.6875,0.0
-70.9375,0.8125,0.0
-70.9375,0.9375,0.0
-70.9375,1.0625,0.0
-70.9375,1.1875,0.0
-70.9375,1.3125,0.0
-70.9375,1.4375,0.0
-70.9375,1.5625,0.0
-70.9375,1.6875,0.0
-70.9375,1.8125,0.0
-70.9375,1.9375,0.0
-70.9375,2.0625,0.0
-70.9375,2.1875,0.0
-70.9375,2.3125,0.0
-70.9375,2.4375,0.0
-70.9375,2.5625,0.0
-70.9375,2.6875,0.0
-70.9375,2.8125,0.0
-70.9375,2.9375,0.0
-70.9375,3.0625,0.0
-70.9375,3.1875,0.0
-70.9375,3.3125,0.0
-70.9375,3.4375,0.0
-70.9375,3.5625,0.0
-70.9375,3.6875,0.0
-70.9375,3.8125,0.0
-70.9375,3.9375,0.0
-70.9375,4.0625,0.0
-70.9375,4.1875,0.0
-70.9375,4.3125,0.0
-70.9375,4.4375,0.0
-70.9375,4.5625,0.0
-70.9375,4.6875,0.0
-70.9375,4.8125,0.0
-70.9375,4.9375,0.0
-70.9375,5.0625,0.0
-70.9375,5.1875,0.0
-70.9375,5.3125,0.0
-70.9375,5.4375,0.0
-70.9375,5.5625,0.0
-70.9375,5.6875,0.0
-70.9375,5.8125,0.0
-70.9375,5.9375,0.0
-70.9375,6.0625,0.0
-70.9375,6.1875,0.0
-70.9375,6.3125,0.0
-70.9375,6.4375,0.0
-70.9375,6.5625,0.0
-70.9375,6.6875,0.0
-70.9375,6.8125,0.0
-70.9375,6.9375,0.0
-70.9375,7.0625,0.0
-70.9375,7.1875,0.0
-70.9375,7.3125,0.0
-70.9375,7.4375,0.0
-70.9375,7.5625,0.0
-70.9375,7.6875,0.0
-70.9375,7.8125,0.0
-70.9375,7.9375,0.0
-70.9375,8.0625,0.0
-70.9375,8.1875,0.0
-70.9375,8.3125,0.0
-70.9375,8.4375,0.0
-70.9375,8.5625,0.0
-70.9375,8.6875,0.0
-70.9375,8.8125,0.0
-70.9375,8.9375,0.0
-70.9375,9.0625,0.0
-70.9375,9.1875,0.0
-70.9375,9.3125,0.0
-70.9375,9.4375,0.0
-70.9375,9.5625,0.0
-70.9375,9.6875,0.0
-70.9375,9.8125,0.0
-70.9375,9.9375,0.0
-70.9375,10.0625,0.0
-70.9375,10.1875,0.0
-70.9375,10.3125,0.0
-70.9375,10.4375,0.0
-70.9375,10.5625,0.0
-70.9375,10.6875,0.0
-70.9375,10.8125,0.0
-70.9375,10.9375,0.0
-70.9375,11.0625,0.0
-70.9375,11.1875,0.0
-70.9375,11.3125,6.16
-70.9375,11.4375,6.45
-70.9375,11.5625,6.92
-70.9375,11.6875,6.64
-70.9375,11.8125,6.14
-70.9375,11.9375,6.07
-70.9375,12.0625,0.0
-70.9375,12.1875,0.0
-70.9375,12.3125,6.2
-70.9375,12.4375,7.24
-70.8125,-4.1875,0.0
-70.8125,-4.0625,0.0
-70.8125,-3.9375,0.0
-70.8125,-3.8125,0.0
-70.8125,-3.6875,0.0
-70.8125,-3.5625,0.0
-70.8125,-3.4375,0.0
-70.8125,-3.3125,0.0
-70.8125,-3.1875,0.0
-70.8125,-3.0625,0.0
-70.8125,-2.9375,0.0
-70.8125,-2.8125,0.0
-70.8125,-2.6875,0.0
-70.8125,-2.5625,0.0
-70.8125,-2.4375,0.0
-70.8125,-2.3125,0.0
-70.8125,-2.1875,0.0
-70.8125,-2.0625,0.0
-70.8125,-1.9375,0.0
-70.8125,-1.8125,0.0
-70.8125,-1.6875,0.0
-70.8125,-1.5625,0.0
-70.8125,-1.4375,0.0
-70.8125,-1.3125,0.0
-70.8125,-1.1875,0.0
-70.8125,-1.0625,0.0
-70.8125,-0.9375,0.0
-70.8125,-0.8125,0.0
-70.8125,-0.6875,0.0
-70.8125,-0.5625,0.0
-70.8125,-0.4375,0.0
-70.8125,-0.3125,0.0
-70.8125,-0.1875,0.0
-70.8125,-0.0625,0.0
-70.8125,0.0625,0.0
-70.8125,0.1875,0.0
-70.8125,0.3125,0.0
-70.8125,0.4375,0.0
-70.8125,0.5625,0.0
-70.8125,0.6875,0.0
-70.8125,0.8125,0.0
-70.8125,0.9375,0.0
-70.8125,1.0625,0.0
-70.8125,1.1875,0.0
-70.8125,1.3125,0.0
-70.8125,1.4375,0.0
-70.8125,1.5625,0.0
-70.8125,1.6875,0.0
-70.8125,1.8125,0.0
-70.8125,1.9375,0.0
-70.8125,2.0625,0.0
-70.8125,2.1875,0.0
-70.8125,2.3125,0.0
-70.8125,2.4375,0.0
-70.8125,2.5625,0.0
-70.8125,2.6875,0.0
-70.8125,2.8125,0.0
-70.8125,2.9375,0.0
-70.8125,3.0625,0.0
-70.8125,3.1875,0.0
-70.8125,3.3125,0.0
-70.8125,3.4375,0.0
-70.8125,3.5625,0.0
-70.8125,3.6875,0.0
-70.8125,3.8125,0.0
-70.8125,3.9375,0.0
-70.8125,4.0625,0.0
-70.8125,4.1875,0.0
-70.8125,4.3125,0.0
-70.8125,4.4375,0.0
-70.8125,4.5625,0.0
-70.8125,4.6875,0.0
-70.8125,4.8125,0.0
-70.8125,4.9375,0.0
-70.8125,5.0625,0.0
-70.8125,5.1875,0.0
-70.8125,5.3125,0.0
-70.8125,5.4375,0.0
-70.8125,5.5625,0.0
-70.8125,5.6875,0.0
-70.8125,5.8125,0.0
-70.8125,5.9375,0.0
-70.8125,6.0625,0.0
-70.8125,6.1875,0.0
-70.8125,6.3125,0.0
-70.8125,6.4375,0.0
-70.8125,6.5625,0.0
-70.8125,6.6875,0.0
-70.8125,6.8125,0.0
-70.8125,6.9375,0.0
-70.8125,7.0625,0.0
-70.8125,7.1875,0.0
-70.8125,7.3125,0.0
-70.8125,7.4375,0.0
-70.8125,7.5625,0.0
-70.8125,7.6875,0.0
-70.8125,7.8125,0.0
-70.8125,7.9375,0.0
-70.8125,8.0625,0.0
-70.8125,8.1875,0.0
-70.8125,8.3125,0.0
-70.8125,8.4375,0.0
-70.8125,8.5625,0.0
-70.8125,8.6875,0.0
-70.8125,8.8125,0.0
-70.8125,8.9375,0.0
-70.8125,9.0625,0.0
-70.8125,9.1875,0.0
-70.8125,9.3125,0.0
-70.8125,9.4375,0.0
-70.8125,9.5625,0.0
-70.8125,9.6875,0.0
-70.8125,9.8125,0.0
-70.8125,9.9375,0.0
-70.8125,10.0625,0.0
-70.8125,10.1875,0.0
-70.8125,10.3125,0.0
-70.8125,10.4375,0.0
-70.8125,10.5625,0.0
-70.8125,10.6875,0.0
-70.8125,10.8125,0.0
-70.8125,10.9375,0.0
-70.8125,11.0625,0.0
-70.8125,11.1875,0.0
-70.8125,11.3125,0.0
-70.8125,11.4375,6.08
-70.8125,11.5625,6.43
-70.8125,11.6875,6.09
-70.8125,11.8125,5.58
-70.8125,11.9375,5.38
-70.8125,12.0625,5.92
-70.8125,12.1875,6.22
-70.8125,12.3125,6.69
-70.8125,12.4375,7.45
-70.6875,-4.1875,0.0
-70.6875,-4.0625,0.0
-70.6875,-3.9375,0.0
-70.6875,-3.8125,0.0
-70.6875,-3.6875,0.0
-70.6875,-3.5625,0.0
-70.6875,-3.4375,0.0
-70.6875,-3.3125,0.0
-70.6875,-3.1875,0.0
-70.6875,-3.0625,0.0
-70.6875,-2.9375,0.0
-70.6875,-2.8125,0.0
-70.6875,-2.6875,0.0
-70.6875,-2.5625,0.0
-70.6875,-2.4375,0.0
-70.6875,-2.3125,0.0
-70.6875,-2.1875,0.0
-70.6875,-2.0625,0.0
-70.6875,-1.9375,0.0
-70.6875,-1.8125,0.0
-70.6875,-1.6875,0.0
-70.6875,-1.5625,0.0
-70.6875,-1.4375,0.0
-70.6875,-1.3125,0.0
-70.6875,-1.1875,0.0
-70.6875,-1.0625,0.0
-70.6875,-0.9375,0.0
-70.6875,-0.8125,0.0
-70.6875,-0.6875,0.0
-70.6875,-0.5625,0.0
-70.6875,-0.4375,0.0
-70.6875,-0.3125,0.0
-70.6875,-0.1875,0.0
-70.6875,-0.0625,0.0
-70.6875,0.0625,0.0
-70.6875,0.1875,0.0
-70.6875,0.3125,0.0
-70.6875,0.4375,0.0
-70.6875,0.5625,0.0
-70.6875,0.6875,0.0
-70.6875,0.8125,0.0
-70.6875,0.9375,0.0
-70.6875,1.0625,0.0
-70.6875,1.1875,0.0
-70.6875,1.3125,0.0
-70.6875,1.4375,0.0
-70.6875,1.5625,0.0
-70.6875,1.6875,0.0
-70.6875,1.8125,0.0
-70.6875,1.9375,0.0
-70.6875,2.0625,0.0
-70.6875,2.1875,0.0
-70.6875,2.3125,0.0
-70.6875,2.4375,0.0
-70.6875,2.5625,0.0
-70.6875,2.6875,0.0
-70.6875,2.8125,0.0
-70.6875,2.9375,0.0
-70.6875,3.0625,0.0
-70.6875,3.1875,0.0
-70.6875,3.3125,0.0
-70.6875,3.4375,0.0
-70.6875,3.5625,0.0
-70.6875,3.6875,0.0
-70.6875,3.8125,0.0
-70.6875,3.9375,0.0
-70.6875,4.0625,0.0
-70.6875,4.1875,0.0
-70.6875,4.3125,0.0
-70.6875,4.4375,0.0
-70.6875,4.5625,0.0
-70.6875,4.6875,0.0
-70.6875,4.8125,0.0
-70.6875,4.9375,0.0
-70.6875,5.0625,0.0
-70.6875,5.1875,0.0
-70.6875,5.3125,0.0
-70.6875,5.4375,0.0
-70.6875,5.5625,0.0
-70.6875,5.6875,0.0
-70.6875,5.8125,0.0
-70.6875,5.9375,0.0
-70.6875,6.0625,0.0
-70.6875,6.1875,0.0
-70.6875,6.3125,0.0
-70.6875,6.4375,0.0
-70.6875,6.5625,0.0
-70.6875,6.6875,0.0
-70.6875,6.8125,0.0
-70.6875,6.9375,0.0
-70.6875,7.0625,0.0
-70.6875,7.1875,0.0
-70.6875,7.3125,0.0
-70.6875,7.4375,0.0
-70.6875,7.5625,0.0
-70.6875,7.6875,0.0
-70.6875,7.8125,0.0
-70.6875,7.9375,0.0
-70.6875,8.0625,0.0
-70.6875,8.1875,0.0
-70.6875,8.3125,0.0
-70.6875,8.4375,0.0
-70.6875,8.5625,0.0
-70.6875,8.6875,0.0
-70.6875,8.8125,0.0
-70.6875,8.9375,0.0
-70.6875,9.0625,0.0
-70.6875,9.1875,0.0
-70.6875,9.3125,0.0
-70.6875,9.4375,0.0
-70.6875,9.5625,0.0
-70.6875,9.6875,0.0
-70.6875,9.8125,0.0
-70.6875,9.9375,0.0
-70.6875,10.0625,0.0
-70.6875,10.1875,0.0
-70.6875,10.3125,0.0
-70.6875,10.4375,0.0
-70.6875,10.5625,0.0
-70.6875,10.6875,0.0
-70.6875,10.8125,0.0
-70.6875,10.9375,0.0
-70.6875,11.0625,0.0
-70.6875,11.1875,0.0
-70.6875,11.3125,0.0
-70.6875,11.4375,5.75
-70.6875,11.5625,5.8
-70.6875,11.6875,5.54
-70.6875,11.8125,5.28
-70.6875,11.9375,5.26
-70.6875,12.0625,5.86
-70.6875,12.1875,6.42
-70.6875,12.3125,6.73
-70.6875,12.4375,7.42
-70.5625,-4.1875,0.0
-70.5625,-4.0625,0.0
-70.5625,-3.9375,0.0
-70.5625,-3.8125,0.0
-70.5625,-3.6875,0.0
-70.5625,-3.5625,0.0
-70.5625,-3.4375,0.0
-70.5625,-3.3125,0.0
-70.5625,-3.1875,0.0
-70.5625,-3.0625,0.0
-70.5625,-2.9375,0.0
-70.5625,-2.8125,0.0
-70.5625,-2.6875,0.0
-70.5625,-2.5625,0.0
-70.5625,-2.4375,0.0
-70.5625,-2.3125,0.0
-70.5625,-2.1875,0.0
-70.5625,-2.0625,0.0
-70.5625,-1.9375,0.0
-70.5625,-1.8125,0.0
-70.5625,-1.6875,0.0
-70.5625,-1.5625,0.0
-70.5625,-1.4375,0.0
-70.5625,-1.3125,0.0
-70.5625,-1.1875,0.0
-70.5625,-1.0625,0.0
-70.5625,-0.9375,0.0
-70.5625,-0.8125,0.0
-70.5625,-0.6875,0.0
-70.5625,-0.5625,0.0
-70.5625,-0.4375,0.0
-70.5625,-0.3125,0.0
-70.5625,-0.1875,0.0
-70.5625,-0.0625,0.0
-70.5625,0.0625,0.0
-70.5625,0.1875,0.0
-70.5625,0.3125,0.0
-70.5625,0.4375,0.0
-70.5625,0.5625,0.0
-70.5625,0.6875,0.0
-70.5625,0.8125,0.0
-70.5625,0.9375,0.0
-70.5625,1.0625,0.0
-70.5625,1.1875,0.0
-70.5625,1.3125,0.0
-70.5625,1.4375,0.0
-70.5625,1.5625,0.0
-70.5625,1.6875,0.0
-70.5625,1.8125,0.0
-70.5625,1.9375,0.0
-70.5625,2.0625,0.0
-70.5625,2.1875,0.0
-70.5625,2.3125,0.0
-70.5625,2.4375,0.0
-70.5625,2.5625,0.0
-70.5625,2.6875,0.0
-70.5625,2.8125,0.0
-70.5625,2.9375,0.0
-70.5625,3.0625,0.0
-70.5625,3.1875,0.0
-70.5625,3.3125,0.0
-70.5625,3.4375,0.0
-70.5625,3.5625,0.0
-70.5625,3.6875,0.0
-70.5625,3.8125,0.0
-70.5625,3.9375,0.0
-70.5625,4.0625,0.0
-70.5625,4.1875,0.0
-70.5625,4.3125,0.0
-70.5625,4.4375,0.0
-70.5625,4.5625,0.0
-70.5625,4.6875,0.0
-70.5625,4.8125,0.0
-70.5625,4.9375,0.0
-70.5625,5.0625,0.0
-70.5625,5.1875,0.0
-70.5625,5.3125,0.0
-70.5625,5.4375,0.0
-70.5625,5.5625,0.0
-70.5625,5.6875,0.0
-70.5625,5.8125,0.0
-70.5625,5.9375,0.0
-70.5625,6.0625,0.0
-70.5625,6.1875,0.0
-70.5625,6.3125,0.0
-70.5625,6.4375,0.0
-70.5625,6.5625,0.0
-70.5625,6.6875,0.0
-70.5625,6.8125,0.0
-70.5625,6.9375,0.0
-70.5625,7.0625,0.0
-70.5625,7.1875,0.0
-70.5625,7.3125,0.0
-70.5625,7.4375,0.0
-70.5625,7.5625,0.0
-70.5625,7.6875,0.0
-70.5625,7.8125,0.0
-70.5625,7.9375,0.0
-70.5625,8.0625,0.0
-70.5625,8.1875,0.0
-70.5625,8.3125,0.0
-70.5625,8.4375,0.0
-70.5625,8.5625,0.0
-70.5625,8.6875,0.0
-70.5625,8.8125,0.0
-70.5625,8.9375,0.0
-70.5625,9.0625,0.0
-70.5625,9.1875,0.0
-70.5625,9.3125,0.0
-70.5625,9.4375,0.0
-70.5625,9.5625,0.0
-70.5625,9.6875,0.0
-70.5625,9.8125,0.0
-70.5625,9.9375,0.0
-70.5625,10.0625,0.0
-70.5625,10.1875,0.0
-70.5625,10.3125,0.0
-70.5625,10.4375,0.0
-70.5625,10.5625,0.0
-70.5625,10.6875,0.0
-70.5625,10.8125,0.0
-70.5625,10.9375,0.0
-70.5625,11.0625,0.0
-70.5625,11.1875,0.0
-70.5625,11.3125,0.0
-70.5625,11.4375,0.0
-70.5625,11.5625,5.33
-70.5625,11.6875,5.1
-70.5625,11.8125,5.28
-70.5625,11.9375,5.35
-70.5625,12.0625,5.58
-70.5625,12.1875,6.09
-70.5625,12.3125,6.75
-70.5625,12.4375,7.51
-70.4375,-4.1875,0.0
-70.4375,-4.0625,0.0
-70.4375,-3.9375,0.0
-70.4375,-3.8125,0.0
-70.4375,-3.6875,0.0
-70.4375,-3.5625,0.0
-70.4375,-3.4375,0.0
-70.4375,-3.3125,0.0
-70.4375,-3.1875,0.0
-70.4375,-3.0625,0.0
-70.4375,-2.9375,0.0
-70.4375,-2.8125,0.0
-70.4375,-2.6875,0.0
-70.4375,-2.5625,0.0
-70.4375,-2.4375,0.0
-70.4375,-2.3125,0.0
-70.4375,-2.1875,0.0
-70.4375,-2.0625,0.0
-70.4375,-1.9375,0.0
-70.4375,-1.8125,0.0
-70.4375,-1.6875,0.0
-70.4375,-1.5625,0.0
-70.4375,-1.4375,0.0
-70.4375,-1.3125,0.0
-70.4375,-1.1875,0.0
-70.4375,-1.0625,0.0
-70.4375,-0.9375,0.0
-70.4375,-0.8125,0.0
-70.4375,-0.6875,0.0
-70.4375,-0.5625,0.0
-70.4375,-0.4375,0.0
-70.4375,-0.3125,0.0
-70.4375,-0.1875,0.0
-70.4375,-0.0625,0.0
-70.4375,0.0625,0.0
-70.4375,0.1875,0.0
-70.4375,0.3125,0.0
-70.4375,0.4375,0.0
-70.4375,0.5625,0.0
-70.4375,0.6875,0.0
-70.4375,0.8125,0.0
-70.4375,0.9375,0.0
-70.4375,1.0625,0.0
-70.4375,1.1875,0.0
-70.4375,1.3125,0.0
-70.4375,1.4375,0.0
-70.4375,1.5625,0.0
-70.4375,1.6875,0.0
-70.4375,1.8125,0.0
-70.4375,1.9375,0.0
-70.4375,2.0625,0.0
-70.4375,2.1875,0.0
-70.4375,2.3125,0.0
-70.4375,2.4375,0.0
-70.4375,2.5625,0.0
-70.4375,2.6875,0.0
-70.4375,2.8125,0.0
-70.4375,2.9375,0.0
-70.4375,3.0625,0.0
-70.4375,3.1875,0.0
-70.4375,3.3125,0.0
-70.4375,3.4375,0.0
-70.4375,3.5625,0.0
-70.4375,3.6875,0.0
-70.4375,3.8125,0.0
-70.4375,3.9375,0.0
-70.4375,4.0625,0.0
-70.4375,4.1875,0.0
-70.4375,4.3125,0.0
-70.4375,4.4375,0.0
-70.4375,4.5625,0.0
-70.4375,4.6875,0.0
-70.4375,4.8125,0.0
-70.4375,4.9375,0.0
-70.4375,5.0625,0.0
-70.4375,5.1875,0.0
-70.4375,5.3125,0.0
-70.4375,5.4375,0.0
-70.4375,5.5625,0.0
-70.4375,5.6875,0.0
-70.4375,5.8125,0.0
-70.4375,5.9375,0.0
-70.4375,6.0625,0.0
-70.4375,6.1875,0.0
-70.4375,6.3125,0.0
-70.4375,6.4375,0.0
-70.4375,6.5625,0.0
-70.4375,6.6875,0.0
-70.4375,6.8125,0.0
-70.4375,6.9375,0.0
-70.4375,7.0625,0.0
-70.4375,7.1875,0.0
-70.4375,7.3125,0.0
-70.4375,7.4375,0.0
-70.4375,7.5625,0.0
-70.4375,7.6875,0.0
-70.4375,7.8125,0.0
-70.4375,7.9375,0.0
-70.4375,8.0625,0.0
-70.4375,8.1875,0.0
-70.4375,8.3125,0.0
-70.4375,8.4375,0.0
-70.4375,8.5625,0.0
-70.4375,8.6875,0.0
-70.4375,8.8125,0.0
-70.4375,8.9375,0.0
-70.4375,9.0625,0.0
-70.4375,9.1875,0.0
-70.4375,9.3125,0.0
-70.4375,9.4375,0.0
-70.4375,9.5625,0.0
-70.4375,9.6875,0.0
-70.4375,9.8125,0.0
-70.4375,9.9375,0.0
-70.4375,10.0625,0.0
-70.4375,10.1875,0.0
-70.4375,10.3125,0.0
-70.4375,10.4375,0.0
-70.4375,10.5625,0.0
-70.4375,10.6875,0.0
-70.4375,10.8125,0.0
-70.4375,10.9375,0.0
-70.4375,11.0625,0.0
-70.4375,11.1875,0.0
-70.4375,11.3125,0.0
-70.4375,11.4375,0.0
-70.4375,11.5625,5.08
-70.4375,11.6875,5.15
-70.4375,11.8125,5.9
-70.4375,11.9375,5.82
-70.4375,12.0625,5.39
-70.4375,12.1875,5.89
-70.4375,12.3125,7.14
-70.4375,12.4375,8.01
-70.3125,-4.1875,0.0
-70.3125,-4.0625,0.0
-70.3125,-3.9375,0.0
-70.3125,-3.8125,0.0
-70.3125,-3.6875,0.0
-70.3125,-3.5625,0.0
-70.3125,-3.4375,0.0
-70.3125,-3.3125,0.0
-70.3125,-3.1875,0.0
-70.3125,-3.0625,0.0
-70.3125,-2.9375,0.0
-70.3125,-2.8125,0.0
-70.3125,-2.6875,0.0
-70.3125,-2.5625,0.0
-70.3125,-2.4375,0.0
-70.3125,-2.3125,0.0
-70.3125,-2.1875,0.0
-70.3125,-2.0625,0.0
-70.3125,-1.9375,0.0
-70.3125,-1.8125,0.0
-70.3125,-1.6875,0.0
-70.3125,-1.5625,0.0
-70.3125,-1.4375,0.0
-70.3125,-1.3125,0.0
-70.3125,-1.1875,0.0
-70.3125,-1.0625,0.0
-70.3125,-0.9375,0.0
-70.3125,-0.8125,0.0
-70.3125,-0.6875,0.0
-70.3125,-0.5625,0.0
-70.3125,-0.4375,0.0
-70.3125,-0.3125,0.0
-70.3125,-0.1875,0.0
-70.3125,-0.0625,0.0
-70.3125,0.0625,0.0
-70.3125,0.1875,0.0
-70.3125,0.3125,0.0
-70.3125,0.4375,0.0
-70.3125,0.5625,0.0
-70.3125,0.6875,0.0
-70.3125,0.8125,0.0
-70.3125,0.9375,0.0
-70.3125,1.0625,0.0
-70.3125,1.1875,0.0
-70.3125,1.3125,0.0
-70.3125,1.4375,0.0
-70.3125,1.5625,0.0
-70.3125,1.6875,0.0
-70.3125,1.8125,0.0
-70.3125,1.9375,0.0
-70.3125,2.0625,0.0
-70.3125,2.1875,0.0
-70.3125,2.3125,0.0
-70.3125,2.4375,0.0
-70.3125,2.5625,0.0
-70.3125,2.6875,0.0
-70.3125,2.8125,0.0
-70.3125,2.9375,0.0
-70.3125,3.0625,0.0
-70.3125,3.1875,0.0
-70.3125,3.3125,0.0
-70.3125,3.4375,0.0
-70.3125,3.5625,0.0
-70.3125,3.6875,0.0
-70.3125,3.8125,0.0
-70.3125,3.9375,0.0
-70.3125,4.0625,0.0
-70.3125,4.1875,0.0
-70.3125,4.3125,0.0
-70.3125,4.4375,0.0
-70.3125,4.5625,0.0
-70.3125,4.6875,0.0
-70.3125,4.8125,0.0
-70.3125,4.9375,0.0
-70.3125,5.0625,0.0
-70.3125,5.1875,0.0
-70.3125,5.3125,0.0
-70.3125,5.4375,0.0
-70.3125,5.5625,0.0
-70.3125,5.6875,0.0
-70.3125,5.8125,0.0
-70.3125,5.9375,0.0
-70.3125,6.0625,0.0
-70.3125,6.1875,0.0
-70.3125,6.3125,0.0
-70.3125,6.4375,0.0
-70.3125,6.5625,0.0
-70.3125,6.6875,0.0
-70.3125,6.8125,0.0
-70.3125,6.9375,0.0
-70.3125,7.0625,0.0
-70.3125,7.1875,0.0
-70.3125,7.3125,0.0
-70.3125,7.4375,0.0
-70.3125,7.5625,0.0
-70.3125,7.6875,0.0
-70.3125,7.8125,0.0
-70.3125,7.9375,0.0
-70.3125,8.0625,0.0
-70.3125,8.1875,0.0
-70.3125,8.3125,0.0
-70.3125,8.4375,0.0
-70.3125,8.5625,0.0
-70.3125,8.6875,0.0
-70.3125,8.8125,0.0
-70.3125,8.9375,0.0
-70.3125,9.0625,0.0
-70.3125,9.1875,0.0
-70.3125,9.3125,0.0
-70.3125,9.4375,0.0
-70.3125,9.5625,0.0
-70.3125,9.6875,0.0
-70.3125,9.8125,0.0
-70.3125,9.9375,0.0
-70.3125,10.0625,0.0
-70.3125,10.1875,0.0
-70.3125,10.3125,0.0
-70.3125,10.4375,0.0
-70.3125,10.5625,0.0
-70.3125,10.6875,0.0
-70.3125,10.8125,0.0
-70.3125,10.9375,0.0
-70.3125,11.0625,0.0
-70.3125,11.1875,0.0
-70.3125,11.3125,0.0
-70.3125,11.4375,0.0
-70.3125,11.5625,0.0
-70.3125,11.6875,0.0
-70.3125,11.8125,6.97
-70.3125,11.9375,0.0
-70.3125,12.0625,0.0
-70.3125,12.1875,6.66
-70.3125,12.3125,7.79
-70.3125,12.4375,8.73
-70.1875,-4.1875,0.0
-70.1875,-4.0625,0.0
-70.1875,-3.9375,0.0
-70.1875,-3.8125,0.0
-70.1875,-3.6875,0.0
-70.1875,-3.5625,0.0
-70.1875,-3.4375,0.0
-70.1875,-3.3125,0.0
-70.1875,-3.1875,0.0
-70.1875,-3.0625,0.0
-70.1875,-2.9375,0.0
-70.1875,-2.8125,0.0
-70.1875,-2.6875,0.0
-70.1875,-2.5625,0.0
-70.1875,-2.4375,0.0
-70.1875,-2.3125,0.0
-70.1875,-2.1875,0.0
-70.1875,-2.0625,0.0
-70.1875,-1.9375,0.0
-70.1875,-1.8125,0.0
-70.1875,-1.6875,0.0
-70.1875,-1.5625,0.0
-70.1875,-1.4375,0.0
-70.1875,-1.3125,0.0
-70.1875,-1.1875,0.0
-70.1875,-1.0625,0.0
-70.1875,-0.9375,0.0
-70.1875,-0.8125,0.0
-70.1875,-0.6875,0.0
-70.1875,-0.5625,0.0
-70.1875,-0.4375,0.0
-70.1875,-0.3125,0.0
-70.1875,-0.1875,0.0
-70.1875,-0.0625,0.0
-70.1875,0.0625,0.0
-70.1875,0.1875,0.0
-70.1875,0.3125,0.0
-70.1875,0.4375,0.0
-70.1875,0.5625,0.0
-70.1875,0.6875,0.0
-70.1875,0.8125,0.0
-70.1875,0.9375,0.0
-70.1875,1.0625,0.0
-70.1875,1.1875,0.0
-70.1875,1.3125,0.0
-70.1875,1.4375,0.0
-70.1875,1.5625,0.0
-70.1875,1.6875,0.0
-70.1875,1.8125,0.0
-70.1875,1.9375,0.0
-70.1875,2.0625,0.0
-70.1875,2.1875,0.0
-70.1875,2.3125,0.0
-70.1875,2.4375,0.0
-70.1875,2.5625,0.0
-70.1875,2.6875,0.0
-70.1875,2.8125,0.0
-70.1875,2.9375,0.0
-70.1875,3.0625,0.0
-70.1875,3.1875,0.0
-70.1875,3.3125,0.0
-70.1875,3.4375,0.0
-70.1875,3.5625,0.0
-70.1875,3.6875,0.0
-70.1875,3.8125,0.0
-70.1875,3.9375,0.0
-70.1875,4.0625,0.0
-70.1875,4.1875,0.0
-70.1875,4.3125,0.0
-70.1875,4.4375,0.0
-70.1875,4.5625,0.0
-70.1875,4.6875,0.0
-70.1875,4.8125,0.0
-70.1875,4.9375,0.0
-70.1875,5.0625,0.0
-70.1875,5.1875,0.0
-70.1875,5.3125,0.0
-70.1875,5.4375,0.0
-70.1875,5.5625,0.0
-70.1875,5.6875,0.0
-70.1875,5.8125,0.0
-70.1875,5.9375,0.0
-70.1875,6.0625,0.0
-70.1875,6.1875,0.0
-70.1875,6.3125,0.0
-70.1875,6.4375,0.0
-70.1875,6.5625,0.0
-70.1875,6.6875,0.0
-70.1875,6.8125,0.0
-70.1875,6.9375,0.0
-70.1875,7.0625,0.0
-70.1875,7.1875,0.0
-70.1875,7.3125,0.0
-70.1875,7.4375,0.0
-70.1875,7.5625,0.0
-70.1875,7.6875,0.0
-70.1875,7.8125,0.0
-70.1875,7.9375,0.0
-70.1875,8.0625,0.0
-70.1875,8.1875,0.0
-70.1875,8.3125,0.0
-70.1875,8.4375,0.0
-70.1875,8.5625,0.0
-70.1875,8.6875,0.0
-70.1875,8.8125,0.0
-70.1875,8.9375,0.0
-70.1875,9.0625,0.0
-70.1875,9.1875,0.0
-70.1875,9.3125,0.0
-70.1875,9.4375,0.0
-70.1875,9.5625,0.0
-70.1875,9.6875,0.0
-70.1875,9.8125,0.0
-70.1875,9.9375,0.0
-70.1875,10.0625,0.0
-70.1875,10.1875,0.0
-70.1875,10.3125,0.0
-70.1875,10.4375,0.0
-70.1875,10.5625,0.0
-70.1875,10.6875,0.0
-70.1875,10.8125,0.0
-70.1875,10.9375,0.0
-70.1875,11.0625,0.0
-70.1875,11.1875,0.0
-70.1875,11.3125,0.0
-70.1875,11.4375,0.0
-70.1875,11.5625,0.0
-70.1875,11.6875,0.0
-70.1875,11.8125,0.0
-70.1875,11.9375,0.0
-70.1875,12.0625,0.0
-70.1875,12.1875,0.0
-70.1875,12.3125,0.0
-70.1875,12.4375,9.17
-70.0625,-4.1875,0.0
-70.0625,-4.0625,0.0
-70.0625,-3.9375,0.0
-70.0625,-3.8125,0.0
-70.0625,-3.6875,0.0
-70.0625,-3.5625,0.0
-70.0625,-3.4375,0.0
-70.0625,-3.3125,0.0
-70.0625,-3.1875,0.0
-70.0625,-3.0625,0.0
-70.0625,-2.9375,0.0
-70.0625,-2.8125,0.0
-70.0625,-2.6875,0.0
-70.0625,-2.5625,0.0
-70.0625,-2.4375,0.0
-70.0625,-2.3125,0.0
-70.0625,-2.1875,0.0
-70.0625,-2.0625,0.0
-70.0625,-1.9375,0.0
-70.0625,-1.8125,0.0
-70.0625,-1.6875,0.0
-70.0625,-1.5625,0.0
-70.0625,-1.4375,0.0
-70.0625,-1.3125,0.0
-70.0625,-1.1875,0.0
-70.0625,-1.0625,0.0
-70.0625,-0.9375,0.0
-70.0625,-0.8125,0.0
-70.0625,-0.6875,0.0
-70.0625,-0.5625,0.0
-70.0625,-0.4375,0.0
-70.0625,-0.3125,0.0
-70.0625,-0.1875,0.0
-70.0625,-0.0625,0.0
-70.0625,0.0625,0.0
-70.0625,0.1875,0.0
-70.0625,0.3125,0.0
-70.0625,0.4375,0.0
-70.0625,0.5625,0.0
-70.0625,0.6875,0.0
-70.0625,0.8125,0.0
-70.0625,0.9375,0.0
-70.0625,1.0625,0.0
-70.0625,1.1875,0.0
-70.0625,1.3125,0.0
-70.0625,1.4375,0.0
-70.0625,1.5625,0.0
-70.0625,1.6875,0.0
-70.0625,1.8125,0.0
-70.0625,1.9375,0.0
-70.0625,2.0625,0.0
-70.0625,2.1875,0.0
-70.0625,2.3125,0.0
-70.0625,2.4375,0.0
-70.0625,2.5625,0.0
-70.0625,2.6875,0.0
-70.0625,2.8125,0.0
-70.0625,2.9375,0.0
-70.0625,3.0625,0.0
-70.0625,3.1875,0.0
-70.0625,3.3125,0.0
-70.0625,3.4375,0.0
-70.0625,3.5625,0.0
-70.0625,3.6875,0.0
-70.0625,3.8125,0.0
-70.0625,3.9375,0.0
-70.0625,4.0625,0.0
-70.0625,4.1875,0.0
-70.0625,4.3125,0.0
-70.0625,4.4375,0.0
-70.0625,4.5625,0.0
-70.0625,4.6875,0.0
-70.0625,4.8125,0.0
-70.0625,4.9375,0.0
-70.0625,5.0625,0.0
-70.0625,5.1875,0.0
-70.0625,5.3125,0.0
-70.0625,5.4375,0.0
-70.0625,5.5625,0.0
-70.0625,5.6875,0.0
-70.0625,5.8125,0.0
-70.0625,5.9375,0.0
-70.0625,6.0625,0.0
-70.0625,6.1875,0.0
-70.0625,6.3125,0.0
-70.0625,6.4375,0.0
-70.0625,6.5625,0.0
-70.0625,6.6875,0.0
-70.0625,6.8125,0.0
-70.0625,6.9375,0.0
-70.0625,7.0625,0.0
-70.0625,7.1875,0.0
-70.0625,7.3125,0.0
-70.0625,7.4375,0.0
-70.0625,7.5625,0.0
-70.0625,7.6875,0.0
-70.0625,7.8125,0.0
-70.0625,7.9375,0.0
-70.0625,8.0625,0.0
-70.0625,8.1875,0.0
-70.0625,8.3125,0.0
-70.0625,8.4375,0.0
-70.0625,8.5625,0.0
-70.0625,8.6875,0.0
-70.0625,8.8125,0.0
-70.0625,8.9375,0.0
-70.0625,9.0625,0.0
-70.0625,9.1875,0.0
-70.0625,9.3125,0.0
-70.0625,9.4375,0.0
-70.0625,9.5625,0.0
-70.0625,9.6875,0.0
-70.0625,9.8125,0.0
-70.0625,9.9375,0.0
-70.0625,10.0625,0.0
-70.0625,10.1875,0.0
-70.0625,10.3125,0.0
-70.0625,10.4375,0.0
-70.0625,10.5625,0.0
-70.0625,10.6875,0.0
-70.0625,10.8125,0.0
-70.0625,10.9375,0.0
-70.0625,11.0625,0.0
-70.0625,11.1875,0.0
-70.0625,11.3125,0.0
-70.0625,11.4375,0.0
-70.0625,11.5625,0.0
-70.0625,11.6875,0.0
-70.0625,11.8125,0.0
-70.0625,11.9375,0.0
-70.0625,12.0625,0.0
-70.0625,12.1875,0.0
-70.0625,12.3125,0.0
-70.0625,12.4375,0.0
-69.9375,-4.1875,0.0
-69.9375,-4.0625,0.0
-69.9375,-3.9375,0.0
-69.9375,-3.8125,0.0
-69.9375,-3.6875,0.0
-69.9375,-3.5625,0.0
-69.9375,-3.4375,0.0
-69.9375,-3.3125,0.0
-69.9375,-3.1875,0.0
-69.9375,-3.0625,0.0
-69.9375,-2.9375,0.0
-69.9375,-2.8125,0.0
-69.9375,-2.6875,0.0
-69.9375,-2.5625,0.0
-69.9375,-2.4375,0.0
-69.9375,-2.3125,0.0
-69.9375,-2.1875,0.0
-69.9375,-2.0625,0.0
-69.9375,-1.9375,0.0
-69.9375,-1.8125,0.0
-69.9375,-1.6875,0.0
-69.9375,-1.5625,0.0
-69.9375,-1.4375,0.0
-69.9375,-1.3125,0.0
-69.9375,-1.1875,0.0
-69.9375,-1.0625,0.0
-69.9375,-0.9375,0.0
-69.9375,-0.8125,0.0
-69.9375,-0.6875,0.0
-69.9375,-0.5625,0.0
-69.9375,-0.4375,0.0
-69.9375,-0.3125,0.0
-69.9375,-0.1875,0.0
-69.9375,-0.0625,0.0
-69.9375,0.0625,0.0
-69.9375,0.1875,0.0
-69.9375,0.3125,0.0
-69.9375,0.4375,0.0
-69.9375,0.5625,0.0
-69.9375,0.6875,0.0
-69.9375,0.8125,0.0
-69.9375,0.9375,0.0
-69.9375,1.0625,0.0
-69.9375,1.1875,0.0
-69.9375,1.3125,0.0
-69.9375,1.4375,0.0
-69.9375,1.5625,0.0
-69.9375,1.6875,0.0
-69.9375,1.8125,0.0
-69.9375,1.9375,0.0
-69.9375,2.0625,0.0
-69.9375,2.1875,0.0
-69.9375,2.3125,0.0
-69.9375,2.4375,0.0
-69.9375,2.5625,0.0
-69.9375,2.6875,0.0
-69.9375,2.8125,0.0
-69.9375,2.9375,0.0
-69.9375,3.0625,0.0
-69.9375,3.1875,0.0
-69.9375,3.3125,0.0
-69.9375,3.4375,0.0
-69.9375,3.5625,0.0
-69.9375,3.6875,0.0
-69.9375,3.8125,0.0
-69.9375,3.9375,0.0
-69.9375,4.0625,0.0
-69.9375,4.1875,0.0
-69.9375,4.3125,0.0
-69.9375,4.4375,0.0
-69.9375,4.5625,0.0
-69.9375,4.6875,0.0
-69.9375,4.8125,0.0
-69.9375,4.9375,0.0
-69.9375,5.0625,0.0
-69.9375,5.1875,0.0
-69.9375,5.3125,0.0
-69.9375,5.4375,0.0
-69.9375,5.5625,0.0
-69.9375,5.6875,0.0
-69.9375,5.8125,0.0
-69.9375,5.9375,0.0
-69.9375,6.0625,0.0
-69.9375,6.1875,0.0
-69.9375,6.3125,0.0
-69.9375,6.4375,0.0
-69.9375,6.5625,0.0
-69.9375,6.6875,0.0
-69.9375,6.8125,0.0
-69.9375,6.9375,0.0
-69.9375,7.0625,0.0
-69.9375,7.1875,0.0
-69.9375,7.3125,0.0
-69.9375,7.4375,0.0
-69.9375,7.5625,0.0
-69.9375,7.6875,0.0
-69.9375,7.8125,0.0
-69.9375,7.9375,0.0
-69.9375,8.0625,0.0
-69.9375,8.1875,0.0
-69.9375,8.3125,0.0
-69.9375,8.4375,0.0
-69.9375,8.5625,0.0
-69.9375,8.6875,0.0
-69.9375,8.8125,0.0
-69.9375,8.9375,0.0
-69.9375,9.0625,0.0
-69.9375,9.1875,0.0
-69.9375,9.3125,0.0
-69.9375,9.4375,0.0
-69.9375,9.5625,0.0
-69.9375,9.6875,0.0
-69.9375,9.8125,0.0
-69.9375,9.9375,0.0
-69.9375,10.0625,0.0
-69.9375,10.1875,0.0
-69.9375,10.3125,0.0
-69.9375,10.4375,0.0
-69.9375,10.5625,0.0
-69.9375,10.6875,0.0
-69.9375,10.8125,0.0
-69.9375,10.9375,0.0
-69.9375,11.0625,0.0
-69.9375,11.1875,0.0
-69.9375,11.3125,0.0
-69.9375,11.4375,0.0
-69.9375,11.5625,0.0
-69.9375,11.6875,0.0
-69.9375,11.8125,0.0
-69.9375,11.9375,0.0
-69.9375,12.0625,0.0
-69.9375,12.1875,0.0
-69.9375,12.3125,0.0
-69.9375,12.4375,0.0
-69.8125,-4.1875,0.0
-69.8125,-4.0625,0.0
-69.8125,-3.9375,0.0
-69.8125,-3.8125,0.0
-69.8125,-3.6875,0.0
-69.8125,-3.5625,0.0
-69.8125,-3.4375,0.0
-69.8125,-3.3125,0.0
-69.8125,-3.1875,0.0
-69.8125,-3.0625,0.0
-69.8125,-2.9375,0.0
-69.8125,-2.8125,0.0
-69.8125,-2.6875,0.0
-69.8125,-2.5625,0.0
-69.8125,-2.4375,0.0
-69.8125,-2.3125,0.0
-69.8125,-2.1875,0.0
-69.8125,-2.0625,0.0
-69.8125,-1.9375,0.0
-69.8125,-1.8125,0.0
-69.8125,-1.6875,0.0
-69.8125,-1.5625,0.0
-69.8125,-1.4375,0.0
-69.8125,-1.3125,0.0
-69.8125,-1.1875,0.0
-69.8125,-1.0625,0.0
-69.8125,-0.9375,0.0
-69.8125,-0.8125,0.0
-69.8125,-0.6875,0.0
-69.8125,-0.5625,0.0
-69.8125,-0.4375,0.0
-69.8125,-0.3125,0.0
-69.8125,-0.1875,0.0
-69.8125,-0.0625,0.0
-69.8125,0.0625,0.0
-69.8125,0.1875,0.0
-69.8125,0.3125,0.0
-69.8125,0.4375,0.0
-69.8125,0.5625,0.0
-69.8125,0.6875,0.0
-69.8125,0.8125,0.0
-69.8125,0.9375,0.0
-69.8125,1.0625,0.0
-69.8125,1.1875,0.0
-69.8125,1.3125,0.0
-69.8125,1.4375,0.0
-69.8125,1.5625,0.0
-69.8125,1.6875,0.0
-69.8125,1.8125,0.0
-69.8125,1.9375,0.0
-69.8125,2.0625,0.0
-69.8125,2.1875,0.0
-69.8125,2.3125,0.0
-69.8125,2.4375,0.0
-69.8125,2.5625,0.0
-69.8125,2.6875,0.0
-69.8125,2.8125,0.0
-69.8125,2.9375,0.0
-69.8125,3.0625,0.0
-69.8125,3.1875,0.0
-69.8125,3.3125,0.0
-69.8125,3.4375,0.0
-69.8125,3.5625,0.0
-69.8125,3.6875,0.0
-69.8125,3.8125,0.0
-69.8125,3.9375,0.0
-69.8125,4.0625,0.0
-69.8125,4.1875,0.0
-69.8125,4.3125,0.0
-69.8125,4.4375,0.0
-69.8125,4.5625,0.0
-69.8125,4.6875,0.0
-69.8125,4.8125,0.0
-69.8125,4.9375,0.0
-69.8125,5.0625,0.0
-69.8125,5.1875,0.0
-69.8125,5.3125,0.0
-69.8125,5.4375,0.0
-69.8125,5.5625,0.0
-69.8125,5.6875,0.0
-69.8125,5.8125,0.0
-69.8125,5.9375,0.0
-69.8125,6.0625,0.0
-69.8125,6.1875,0.0
-69.8125,6.3125,0.0
-69.8125,6.4375,0.0
-69.8125,6.5625,0.0
-69.8125,6.6875,0.0
-69.8125,6.8125,0.0
-69.8125,6.9375,0.0
-69.8125,7.0625,0.0
-69.8125,7.1875,0.0
-69.8125,7.3125,0.0
-69.8125,7.4375,0.0
-69.8125,7.5625,0.0
-69.8125,7.6875,0.0
-69.8125,7.8125,0.0
-69.8125,7.9375,0.0
-69.8125,8.0625,0.0
-69.8125,8.1875,0.0
-69.8125,8.3125,0.0
-69.8125,8.4375,0.0
-69.8125,8.5625,0.0
-69.8125,8.6875,0.0
-69.8125,8.8125,0.0
-69.8125,8.9375,0.0
-69.8125,9.0625,0.0
-69.8125,9.1875,0.0
-69.8125,9.3125,0.0
-69.8125,9.4375,0.0
-69.8125,9.5625,0.0
-69.8125,9.6875,0.0
-69.8125,9.8125,0.0
-69.8125,9.9375,0.0
-69.8125,10.0625,0.0
-69.8125,10.1875,0.0
-69.8125,10.3125,0.0
-69.8125,10.4375,0.0
-69.8125,10.5625,0.0
-69.8125,10.6875,0.0
-69.8125,10.8125,0.0
-69.8125,10.9375,0.0
-69.8125,11.0625,0.0
-69.8125,11.1875,0.0
-69.8125,11.3125,0.0
-69.8125,11.4375,0.0
-69.8125,11.5625,0.0
-69.8125,11.6875,0.0
-69.8125,11.8125,0.0
-69.8125,11.9375,0.0
-69.8125,12.0625,0.0
-69.8125,12.1875,0.0
-69.8125,12.3125,0.0
-69.8125,12.4375,0.0
-69.6875,-4.1875,0.0
-69.6875,-4.0625,0.0
-69.6875,-3.9375,0.0
-69.6875,-3.8125,0.0
-69.6875,-3.6875,0.0
-69.6875,-3.5625,0.0
-69.6875,-3.4375,0.0
-69.6875,-3.3125,0.0
-69.6875,-3.1875,0.0
-69.6875,-3.0625,0.0
-69.6875,-2.9375,0.0
-69.6875,-2.8125,0.0
-69.6875,-2.6875,0.0
-69.6875,-2.5625,0.0
-69.6875,-2.4375,0.0
-69.6875,-2.3125,0.0
-69.6875,-2.1875,0.0
-69.6875,-2.0625,0.0
-69.6875,-1.9375,0.0
-69.6875,-1.8125,0.0
-69.6875,-1.6875,0.0
-69.6875,-1.5625,0.0
-69.6875,-1.4375,0.0
-69.6875,-1.3125,0.0
-69.6875,-1.1875,0.0
-69.6875,-1.0625,0.0
-69.6875,-0.9375,0.0
-69.6875,-0.8125,0.0
-69.6875,-0.6875,0.0
-69.6875,-0.5625,0.0
-69.6875,-0.4375,0.0
-69.6875,-0.3125,0.0
-69.6875,-0.1875,0.0
-69.6875,-0.0625,0.0
-69.6875,0.0625,0.0
-69.6875,0.1875,0.0
-69.6875,0.3125,0.0
-69.6875,0.4375,0.0
-69.6875,0.5625,0.0
-69.6875,0.6875,0.0
-69.6875,0.8125,0.0
-69.6875,0.9375,0.0
-69.6875,1.0625,0.0
-69.6875,1.1875,0.0
-69.6875,1.3125,0.0
-69.6875,1.4375,0.0
-69.6875,1.5625,0.0
-69.6875,1.6875,0.0
-69.6875,1.8125,0.0
-69.6875,1.9375,0.0
-69.6875,2.0625,0.0
-69.6875,2.1875,0.0
-69.6875,2.3125,0.0
-69.6875,2.4375,0.0
-69.6875,2.5625,0.0
-69.6875,2.6875,0.0
-69.6875,2.8125,0.0
-69.6875,2.9375,0.0
-69.6875,3.0625,0.0
-69.6875,3.1875,0.0
-69.6875,3.3125,0.0
-69.6875,3.4375,0.0
-69.6875,3.5625,0.0
-69.6875,3.6875,0.0
-69.6875,3.8125,0.0
-69.6875,3.9375,0.0
-69.6875,4.0625,0.0
-69.6875,4.1875,0.0
-69.6875,4.3125,0.0
-69.6875,4.4375,0.0
-69.6875,4.5625,0.0
-69.6875,4.6875,0.0
-69.6875,4.8125,0.0
-69.6875,4.9375,0.0
-69.6875,5.0625,0.0
-69.6875,5.1875,0.0
-69.6875,5.3125,0.0
-69.6875,5.4375,0.0
-69.6875,5.5625,0.0
-69.6875,5.6875,0.0
-69.6875,5.8125,0.0
-69.6875,5.9375,0.0
-69.6875,6.0625,0.0
-69.6875,6.1875,0.0
-69.6875,6.3125,0.0
-69.6875,6.4375,0.0
-69.6875,6.5625,0.0
-69.6875,6.6875,0.0
-69.6875,6.8125,0.0
-69.6875,6.9375,0.0
-69.6875,7.0625,0.0
-69.6875,7.1875,0.0
-69.6875,7.3125,0.0
-69.6875,7.4375,0.0
-69.6875,7.5625,0.0
-69.6875,7.6875,0.0
-69.6875,7.8125,0.0
-69.6875,7.9375,0.0
-69.6875,8.0625,0.0
-69.6875,8.1875,0.0
-69.6875,8.3125,0.0
-69.6875,8.4375,0.0
-69.6875,8.5625,0.0
-69.6875,8.6875,0.0
-69.6875,8.8125,0.0
-69.6875,8.9375,0.0
-69.6875,9.0625,0.0
-69.6875,9.1875,0.0
-69.6875,9.3125,0.0
-69.6875,9.4375,0.0
-69.6875,9.5625,0.0
-69.6875,9.6875,0.0
-69.6875,9.8125,0.0
-69.6875,9.9375,0.0
-69.6875,10.0625,0.0
-69.6875,10.1875,0.0
-69.6875,10.3125,0.0
-69.6875,10.4375,0.0
-69.6875,10.5625,0.0
-69.6875,10.6875,0.0
-69.6875,10.8125,0.0
-69.6875,10.9375,0.0
-69.6875,11.0625,0.0
-69.6875,11.1875,0.0
-69.6875,11.3125,0.0
-69.6875,11.4375,0.0
-69.6875,11.5625,0.0
-69.6875,11.6875,0.0
-69.6875,11.8125,0.0
-69.6875,11.9375,0.0
-69.6875,12.0625,0.0
-69.6875,12.1875,0.0
-69.6875,12.3125,0.0
-69.6875,12.4375,0.0
-69.5625,-4.1875,0.0
-69.5625,-4.0625,0.0
-69.5625,-3.9375,0.0
-69.5625,-3.8125,0.0
-69.5625,-3.6875,0.0
-69.5625,-3.5625,0.0
-69.5625,-3.4375,0.0
-69.5625,-3.3125,0.0
-69.5625,-3.1875,0.0
-69.5625,-3.0625,0.0
-69.5625,-2.9375,0.0
-69.5625,-2.8125,0.0
-69.5625,-2.6875,0.0
-69.5625,-2.5625,0.0
-69.5625,-2.4375,0.0
-69.5625,-2.3125,0.0
-69.5625,-2.1875,0.0
-69.5625,-2.0625,0.0
-69.5625,-1.9375,0.0
-69.5625,-1.8125,0.0
-69.5625,-1.6875,0.0
-69.5625,-1.5625,0.0
-69.5625,-1.4375,0.0
-69.5625,-1.3125,0.0
-69.5625,-1.1875,0.0
-69.5625,-1.0625,0.0
-69.5625,-0.9375,0.0
-69.5625,-0.8125,0.0
-69.5625,-0.6875,0.0
-69.5625,-0.5625,0.0
-69.5625,-0.4375,0.0
-69.5625,-0.3125,0.0
-69.5625,-0.1875,0.0
-69.5625,-0.0625,0.0
-69.5625,0.0625,0.0
-69.5625,0.1875,0.0
-69.5625,0.3125,0.0
-69.5625,0.4375,0.0
-69.5625,0.5625,0.0
-69.5625,0.6875,0.0
-69.5625,0.8125,0.0
-69.5625,0.9375,0.0
-69.5625,1.0625,0.0
-69.5625,1.1875,0.0
-69.5625,1.3125,0.0
-69.5625,1.4375,0.0
-69.5625,1.5625,0.0
-69.5625,1.6875,0.0
-69.5625,1.8125,0.0
-69.5625,1.9375,0.0
-69.5625,2.0625,0.0
-69.5625,2.1875,0.0
-69.5625,2.3125,0.0
-69.5625,2.4375,0.0
-69.5625,2.5625,0.0
-69.5625,2.6875,0.0
-69.5625,2.8125,0.0
-69.5625,2.9375,0.0
-69.5625,3.0625,0.0
-69.5625,3.1875,0.0
-69.5625,3.3125,0.0
-69.5625,3.4375,0.0
-69.5625,3.5625,0.0
-69.5625,3.6875,0.0
-69.5625,3.8125,0.0
-69.5625,3.9375,0.0
-69.5625,4.0625,0.0
-69.5625,4.1875,0.0
-69.5625,4.3125,0.0
-69.5625,4.4375,0.0
-69.5625,4.5625,0.0
-69.5625,4.6875,0.0
-69.5625,4.8125,0.0
-69.5625,4.9375,0.0
-69.5625,5.0625,0.0
-69.5625,5.1875,0.0
-69.5625,5.3125,0.0
-69.5625,5.4375,0.0
-69.5625,5.5625,0.0
-69.5625,5.6875,0.0
-69.5625,5.8125,0.0
-69.5625,5.9375,0.0
-69.5625,6.0625,0.0
-69.5625,6.1875,0.0
-69.5625,6.3125,0.0
-69.5625,6.4375,0.0
-69.5625,6.5625,0.0
-69.5625,6.6875,0.0
-69.5625,6.8125,0.0
-69.5625,6.9375,0.0
-69.5625,7.0625,0.0
-69.5625,7.1875,0.0
-69.5625,7.3125,0.0
-69.5625,7.4375,0.0
-69.5625,7.5625,0.0
-69.5625,7.6875,0.0
-69.5625,7.8125,0.0
-69.5625,7.9375,0.0
-69.5625,8.0625,0.0
-69.5625,8.1875,0.0
-69.5625,8.3125,0.0
-69.5625,8.4375,0.0
-69.5625,8.5625,0.0
-69.5625,8.6875,0.0
-69.5625,8.8125,0.0
-69.5625,8.9375,0.0
-69.5625,9.0625,0.0
-69.5625,9.1875,0.0
-69.5625,9.3125,0.0
-69.5625,9.4375,0.0
-69.5625,9.5625,0.0
-69.5625,9.6875,0.0
-69.5625,9.8125,0.0
-69.5625,9.9375,0.0
-69.5625,10.0625,0.0
-69.5625,10.1875,0.0
-69.5625,10.3125,0.0
-69.5625,10.4375,0.0
-69.5625,10.5625,0.0
-69.5625,10.6875,0.0
-69.5625,10.8125,0.0
-69.5625,10.9375,0.0
-69.5625,11.0625,0.0
-69.5625,11.1875,0.0
-69.5625,11.3125,0.0
-69.5625,11.4375,0.0
-69.5625,11.5625,0.0
-69.5625,11.6875,0.0
-69.5625,11.8125,0.0
-69.5625,11.9375,0.0
-69.5625,12.0625,0.0
-69.5625,12.1875,0.0
-69.5625,12.3125,0.0
-69.5625,12.4375,0.0
-69.4375,-4.1875,0.0
-69.4375,-4.0625,0.0
-69.4375,-3.9375,0.0
-69.4375,-3.8125,0.0
-69.4375,-3.6875,0.0
-69.4375,-3.5625,0.0
-69.4375,-3.4375,0.0
-69.4375,-3.3125,0.0
-69.4375,-3.1875,0.0
-69.4375,-3.0625,0.0
-69.4375,-2.9375,0.0
-69.4375,-2.8125,0.0
-69.4375,-2.6875,0.0
-69.4375,-2.5625,0.0
-69.4375,-2.4375,0.0
-69.4375,-2.3125,0.0
-69.4375,-2.1875,0.0
-69.4375,-2.0625,0.0
-69.4375,-1.9375,0.0
-69.4375,-1.8125,0.0
-69.4375,-1.6875,0.0
-69.4375,-1.5625,0.0
-69.4375,-1.4375,0.0
-69.4375,-1.3125,0.0
-69.4375,-1.1875,0.0
-69.4375,-1.0625,0.0
-69.4375,-0.9375,0.0
-69.4375,-0.8125,0.0
-69.4375,-0.6875,0.0
-69.4375,-0.5625,0.0
-69.4375,-0.4375,0.0
-69.4375,-0.3125,0.0
-69.4375,-0.1875,0.0
-69.4375,-0.0625,0.0
-69.4375,0.0625,0.0
-69.4375,0.1875,0.0
-69.4375,0.3125,0.0
-69.4375,0.4375,0.0
-69.4375,0.5625,0.0
-69.4375,0.6875,0.0
-69.4375,0.8125,0.0
-69.4375,0.9375,0.0
-69.4375,1.0625,0.0
-69.4375,1.1875,0.0
-69.4375,1.3125,0.0
-69.4375,1.4375,0.0
-69.4375,1.5625,0.0
-69.4375,1.6875,0.0
-69.4375,1.8125,0.0
-69.4375,1.9375,0.0
-69.4375,2.0625,0.0
-69.4375,2.1875,0.0
-69.4375,2.3125,0.0
-69.4375,2.4375,0.0
-69.4375,2.5625,0.0
-69.4375,2.6875,0.0
-69.4375,2.8125,0.0
-69.4375,2.9375,0.0
-69.4375,3.0625,0.0
-69.4375,3.1875,0.0
-69.4375,3.3125,0.0
-69.4375,3.4375,0.0
-69.4375,3.5625,0.0
-69.4375,3.6875,0.0
-69.4375,3.8125,0.0
-69.4375,3.9375,0.0
-69.4375,4.0625,0.0
-69.4375,4.1875,0.0
-69.4375,4.3125,0.0
-69.4375,4.4375,0.0
-69.4375,4.5625,0.0
-69.4375,4.6875,0.0
-69.4375,4.8125,0.0
-69.4375,4.9375,0.0
-69.4375,5.0625,0.0
-69.4375,5.1875,0.0
-69.4375,5.3125,0.0
-69.4375,5.4375,0.0
-69.4375,5.5625,0.0
-69.4375,5.6875,0.0
-69.4375,5.8125,0.0
-69.4375,5.9375,0.0
-69.4375,6.0625,0.0
-69.4375,6.1875,0.0
-69.4375,6.3125,0.0
-69.4375,6.4375,0.0
-69.4375,6.5625,0.0
-69.4375,6.6875,0.0
-69.4375,6.8125,0.0
-69.4375,6.9375,0.0
-69.4375,7.0625,0.0
-69.4375,7.1875,0.0
-69.4375,7.3125,0.0
-69.4375,7.4375,0.0
-69.4375,7.5625,0.0
-69.4375,7.6875,0.0
-69.4375,7.8125,0.0
-69.4375,7.9375,0.0
-69.4375,8.0625,0.0
-69.4375,8.1875,0.0
-69.4375,8.3125,0.0
-69.4375,8.4375,0.0
-69.4375,8.5625,0.0
-69.4375,8.6875,0.0
-69.4375,8.8125,0.0
-69.4375,8.9375,0.0
-69.4375,9.0625,0.0
-69.4375,9.1875,0.0
-69.4375,9.3125,0.0
-69.4375,9.4375,0.0
-69.4375,9.5625,0.0
-69.4375,9.6875,0.0
-69.4375,9.8125,0.0
-69.4375,9.9375,0.0
-69.4375,10.0625,0.0
-69.4375,10.1875,0.0
-69.4375,10.3125,0.0
-69.4375,10.4375,0.0
-69.4375,10.5625,0.0
-69.4375,10.6875,0.0
-69.4375,10.8125,0.0
-69.4375,10.9375,0.0
-69.4375,11.0625,0.0
-69.4375,11.1875,0.0
-69.4375,11.3125,0.0
-69.4375,11.4375,0.0
-69.4375,11.5625,0.0
-69.4375,11.6875,0.0
-69.4375,11.8125,0.0
-69.4375,11.9375,0.0
-69.4375,12.0625,0.0
-69.4375,12.1875,0.0
-69.4375,12.3125,0.0
-69.4375,12.4375,0.0
-69.3125,-4.1875,0.0
-69.3125,-4.0625,0.0
-69.3125,-3.9375,0.0
-69.3125,-3.8125,0.0
-69.3125,-3.6875,0.0
-69.3125,-3.5625,0.0
-69.3125,-3.4375,0.0
-69.3125,-3.3125,0.0
-69.3125,-3.1875,0.0
-69.3125,-3.0625,0.0
-69.3125,-2.9375,0.0
-69.3125,-2.8125,0.0
-69.3125,-2.6875,0.0
-69.3125,-2.5625,0.0
-69.3125,-2.4375,0.0
-69.3125,-2.3125,0.0
-69.3125,-2.1875,0.0
-69.3125,-2.0625,0.0
-69.3125,-1.9375,0.0
-69.3125,-1.8125,0.0
-69.3125,-1.6875,0.0
-69.3125,-1.5625,0.0
-69.3125,-1.4375,0.0
-69.3125,-1.3125,0.0
-69.3125,-1.1875,0.0
-69.3125,-1.0625,0.0
-69.3125,-0.9375,0.0
-69.3125,-0.8125,0.0
-69.3125,-0.6875,0.0
-69.3125,-0.5625,0.0
-69.3125,-0.4375,0.0
-69.3125,-0.3125,0.0
-69.3125,-0.1875,0.0
-69.3125,-0.0625,0.0
-69.3125,0.0625,0.0
-69.3125,0.1875,0.0
-69.3125,0.3125,0.0
-69.3125,0.4375,0.0
-69.3125,0.5625,0.0
-69.3125,0.6875,0.0
-69.3125,0.8125,0.0
-69.3125,0.9375,0.0
-69.3125,1.0625,0.0
-69.3125,1.1875,0.0
-69.3125,1.3125,0.0
-69.3125,1.4375,0.0
-69.3125,1.5625,0.0
-69.3125,1.6875,0.0
-69.3125,1.8125,0.0
-69.3125,1.9375,0.0
-69.3125,2.0625,0.0
-69.3125,2.1875,0.0
-69.3125,2.3125,0.0
-69.3125,2.4375,0.0
-69.3125,2.5625,0.0
-69.3125,2.6875,0.0
-69.3125,2.8125,0.0
-69.3125,2.9375,0.0
-69.3125,3.0625,0.0
-69.3125,3.1875,0.0
-69.3125,3.3125,0.0
-69.3125,3.4375,0.0
-69.3125,3.5625,0.0
-69.3125,3.6875,0.0
-69.3125,3.8125,0.0
-69.3125,3.9375,0.0
-69.3125,4.0625,0.0
-69.3125,4.1875,0.0
-69.3125,4.3125,0.0
-69.3125,4.4375,0.0
-69.3125,4.5625,0.0
-69.3125,4.6875,0.0
-69.3125,4.8125,0.0
-69.3125,4.9375,0.0
-69.3125,5.0625,0.0
-69.3125,5.1875,0.0
-69.3125,5.3125,0.0
-69.3125,5.4375,0.0
-69.3125,5.5625,0.0
-69.3125,5.6875,0.0
-69.3125,5.8125,0.0
-69.3125,5.9375,0.0
-69.3125,6.0625,0.0
-69.3125,6.1875,0.0
-69.3125,6.3125,0.0
-69.3125,6.4375,0.0
-69.3125,6.5625,0.0
-69.3125,6.6875,0.0
-69.3125,6.8125,0.0
-69.3125,6.9375,0.0
-69.3125,7.0625,0.0
-69.3125,7.1875,0.0
-69.3125,7.3125,0.0
-69.3125,7.4375,0.0
-69.3125,7.5625,0.0
-69.3125,7.6875,0.0
-69.3125,7.8125,0.0
-69.3125,7.9375,0.0
-69.3125,8.0625,0.0
-69.3125,8.1875,0.0
-69.3125,8.3125,0.0
-69.3125,8.4375,0.0
-69.3125,8.5625,0.0
-69.3125,8.6875,0.0
-69.3125,8.8125,0.0
-69.3125,8.9375,0.0
-69.3125,9.0625,0.0
-69.3125,9.1875,0.0
-69.3125,9.3125,0.0
-69.3125,9.4375,0.0
-69.3125,9.5625,0.0
-69.3125,9.6875,0.0
-69.3125,9.8125,0.0
-69.3125,9.9375,0.0
-69.3125,10.0625,0.0
-69.3125,10.1875,0.0
-69.3125,10.3125,0.0
-69.3125,10.4375,0.0
-69.3125,10.5625,0.0
-69.3125,10.6875,0.0
-69.3125,10.8125,0.0
-69.3125,10.9375,0.0
-69.3125,11.0625,0.0
-69.3125,11.1875,0.0
-69.3125,11.3125,0.0
-69.3125,11.4375,0.0
-69.3125,11.5625,0.0
-69.3125,11.6875,0.0
-69.3125,11.8125,0.0
-69.3125,11.9375,0.0
-69.3125,12.0625,0.0
-69.3125,12.1875,0.0
-69.3125,12.3125,0.0
-69.3125,12.4375,0.0
-69.1875,-4.1875,0.0
-69.1875,-4.0625,0.0
-69.1875,-3.9375,0.0
-69.1875,-3.8125,0.0
-69.1875,-3.6875,0.0
-69.1875,-3.5625,0.0
-69.1875,-3.4375,0.0
-69.1875,-3.3125,0.0
-69.1875,-3.1875,0.0
-69.1875,-3.0625,0.0
-69.1875,-2.9375,0.0
-69.1875,-2.8125,0.0
-69.1875,-2.6875,0.0
-69.1875,-2.5625,0.0
-69.1875,-2.4375,0.0
-69.1875,-2.3125,0.0
-69.1875,-2.1875,0.0
-69.1875,-2.0625,0.0
-69.1875,-1.9375,0.0
-69.1875,-1.8125,0.0
-69.1875,-1.6875,0.0
-69.1875,-1.5625,0.0
-69.1875,-1.4375,0.0
-69.1875,-1.3125,0.0
-69.1875,-1.1875,0.0
-69.1875,-1.0625,0.0
-69.1875,-0.9375,0.0
-69.1875,-0.8125,0.0
-69.1875,-0.6875,0.0
-69.1875,-0.5625,0.0
-69.1875,-0.4375,0.0
-69.1875,-0.3125,0.0
-69.1875,-0.1875,0.0
-69.1875,-0.0625,0.0
-69.1875,0.0625,0.0
-69.1875,0.1875,0.0
-69.1875,0.3125,0.0
-69.1875,0.4375,0.0
-69.1875,0.5625,0.0
-69.1875,0.6875,0.0
-69.1875,0.8125,0.0
-69.1875,0.9375,0.0
-69.1875,1.0625,0.0
-69.1875,1.1875,0.0
-69.1875,1.3125,0.0
-69.1875,1.4375,0.0
-69.1875,1.5625,0.0
-69.1875,1.6875,0.0
-69.1875,1.8125,0.0
-69.1875,1.9375,0.0
-69.1875,2.0625,0.0
-69.1875,2.1875,0.0
-69.1875,2.3125,0.0
-69.1875,2.4375,0.0
-69.1875,2.5625,0.0
-69.1875,2.6875,0.0
-69.1875,2.8125,0.0
-69.1875,2.9375,0.0
-69.1875,3.0625,0.0
-69.1875,3.1875,0.0
-69.1875,3.3125,0.0
-69.1875,3.4375,0.0
-69.1875,3.5625,0.0
-69.1875,3.6875,0.0
-69.1875,3.8125,0.0
-69.1875,3.9375,0.0
-69.1875,4.0625,0.0
-69.1875,4.1875,0.0
-69.1875,4.3125,0.0
-69.1875,4.4375,0.0
-69.1875,4.5625,0.0
-69.1875,4.6875,0.0
-69.1875,4.8125,0.0
-69.1875,4.9375,0.0
-69.1875,5.0625,0.0
-69.1875,5.1875,0.0
-69.1875,5.3125,0.0
-69.1875,5.4375,0.0
-69.1875,5.5625,0.0
-69.1875,5.6875,0.0
-69.1875,5.8125,0.0
-69.1875,5.9375,0.0
-69.1875,6.0625,0.0
-69.1875,6.1875,0.0
-69.1875,6.3125,0.0
-69.1875,6.4375,0.0
-69.1875,6.5625,0.0
-69.1875,6.6875,0.0
-69.1875,6.8125,0.0
-69.1875,6.9375,0.0
-69.1875,7.0625,0.0
-69.1875,7.1875,0.0
-69.1875,7.3125,0.0
-69.1875,7.4375,0.0
-69.1875,7.5625,0.0
-69.1875,7.6875,0.0
-69.1875,7.8125,0.0
-69.1875,7.9375,0.0
-69.1875,8.0625,0.0
-69.1875,8.1875,0.0
-69.1875,8.3125,0.0
-69.1875,8.4375,0.0
-69.1875,8.5625,0.0
-69.1875,8.6875,0.0
-69.1875,8.8125,0.0
-69.1875,8.9375,0.0
-69.1875,9.0625,0.0
-69.1875,9.1875,0.0
-69.1875,9.3125,0.0
-69.1875,9.4375,0.0
-69.1875,9.5625,0.0
-69.1875,9.6875,0.0
-69.1875,9.8125,0.0
-69.1875,9.9375,0.0
-69.1875,10.0625,0.0
-69.1875,10.1875,0.0
-69.1875,10.3125,0.0
-69.1875,10.4375,0.0
-69.1875,10.5625,0.0
-69.1875,10.6875,0.0
-69.1875,10.8125,0.0
-69.1875,10.9375,0.0
-69.1875,11.0625,0.0
-69.1875,11.1875,0.0
-69.1875,11.3125,0.0
-69.1875,11.4375,0.0
-69.1875,11.5625,0.0
-69.1875,11.6875,0.0
-69.1875,11.8125,0.0
-69.1875,11.9375,0.0
-69.1875,12.0625,0.0
-69.1875,12.1875,0.0
-69.1875,12.3125,0.0
-69.1875,12.4375,0.0
-69.0625,-4.1875,0.0
-69.0625,-4.0625,0.0
-69.0625,-3.9375,0.0
-69.0625,-3.8125,0.0
-69.0625,-3.6875,0.0
-69.0625,-3.5625,0.0
-69.0625,-3.4375,0.0
-69.0625,-3.3125,0.0
-69.0625,-3.1875,0.0
-69.0625,-3.0625,0.0
-69.0625,-2.9375,0.0
-69.0625,-2.8125,0.0
-69.0625,-2.6875,0.0
-69.0625,-2.5625,0.0
-69.0625,-2.4375,0.0
-69.0625,-2.3125,0.0
-69.0625,-2.1875,0.0
-69.0625,-2.0625,0.0
-69.0625,-1.9375,0.0
-69.0625,-1.8125,0.0
-69.0625,-1.6875,0.0
-69.0625,-1.5625,0.0
-69.0625,-1.4375,0.0
-69.0625,-1.3125,0.0
-69.0625,-1.1875,0.0
-69.0625,-1.0625,0.0
-69.0625,-0.9375,0.0
-69.0625,-0.8125,0.0
-69.0625,-0.6875,0.0
-69.0625,-0.5625,0.0
-69.0625,-0.4375,0.0
-69.0625,-0.3125,0.0
-69.0625,-0.1875,0.0
-69.0625,-0.0625,0.0
-69.0625,0.0625,0.0
-69.0625,0.1875,0.0
-69.0625,0.3125,0.0
-69.0625,0.4375,0.0
-69.0625,0.5625,0.0
-69.0625,0.6875,0.0
-69.0625,0.8125,0.0
-69.0625,0.9375,0.0
-69.0625,1.0625,0.0
-69.0625,1.1875,0.0
-69.0625,1.3125,0.0
-69.0625,1.4375,0.0
-69.0625,1.5625,0.0
-69.0625,1.6875,0.0
-69.0625,1.8125,0.0
-69.0625,1.9375,0.0
-69.0625,2.0625,0.0
-69.0625,2.1875,0.0
-69.0625,2.3125,0.0
-69.0625,2.4375,0.0
-69.0625,2.5625,0.0
-69.0625,2.6875,0.0
-69.0625,2.8125,0.0
-69.0625,2.9375,0.0
-69.0625,3.0625,0.0
-69.0625,3.1875,0.0
-69.0625,3.3125,0.0
-69.0625,3.4375,0.0
-69.0625,3.5625,0.0
-69.0625,3.6875,0.0
-69.0625,3.8125,0.0
-69.0625,3.9375,0.0
-69.0625,4.0625,0.0
-69.0625,4.1875,0.0
-69.0625,4.3125,0.0
-69.0625,4.4375,0.0
-69.0625,4.5625,0.0
-69.0625,4.6875,0.0
-69.0625,4.8125,0.0
-69.0625,4.9375,0.0
-69.0625,5.0625,0.0
-69.0625,5.1875,0.0
-69.0625,5.3125,0.0
-69.0625,5.4375,0.0
-69.0625,5.5625,0.0
-69.0625,5.6875,0.0
-69.0625,5.8125,0.0
-69.0625,5.9375,0.0
-69.0625,6.0625,0.0
-69.0625,6.1875,0.0
-69.0625,6.3125,0.0
-69.0625,6.4375,0.0
-69.0625,6.5625,0.0
-69.0625,6.6875,0.0
-69.0625,6.8125,0.0
-69.0625,6.9375,0.0
-69.0625,7.0625,0.0
-69.0625,7.1875,0.0
-69.0625,7.3125,0.0
-69.0625,7.4375,0.0
-69.0625,7.5625,0.0
-69.0625,7.6875,0.0
-69.0625,7.8125,0.0
-69.0625,7.9375,0.0
-69.0625,8.0625,0.0
-69.0625,8.1875,0.0
-69.0625,8.3125,0.0
-69.0625,8.4375,0.0
-69.0625,8.5625,0.0
-69.0625,8.6875,0.0
-69.0625,8.8125,0.0
-69.0625,8.9375,0.0
-69.0625,9.0625,0.0
-69.0625,9.1875,0.0
-69.0625,9.3125,0.0
-69.0625,9.4375,0.0
-69.0625,9.5625,0.0
-69.0625,9.6875,0.0
-69.0625,9.8125,0.0
-69.0625,9.9375,0.0
-69.0625,10.0625,0.0
-69.0625,10.1875,0.0
-69.0625,10.3125,0.0
-69.0625,10.4375,0.0
-69.0625,10.5625,0.0
-69.0625,10.6875,0.0
-69.0625,10.8125,0.0
-69.0625,10.9375,0.0
-69.0625,11.0625,0.0
-69.0625,11.1875,0.0
-69.0625,11.3125,0.0
-69.0625,11.4375,0.0
-69.0625,11.5625,0.0
-69.0625,11.6875,0.0
-69.0625,11.8125,0.0
-69.0625,11.9375,0.0
-69.0625,12.0625,0.0
-69.0625,12.1875,0.0
-69.0625,12.3125,0.0
-69.0625,12.4375,0.0
-68.9375,-4.1875,0.0
-68.9375,-4.0625,0.0
-68.9375,-3.9375,0.0
-68.9375,-3.8125,0.0
-68.9375,-3.6875,0.0
-68.9375,-3.5625,0.0
-68.9375,-3.4375,0.0
-68.9375,-3.3125,0.0
-68.9375,-3.1875,0.0
-68.9375,-3.0625,0.0
-68.9375,-2.9375,0.0
-68.9375,-2.8125,0.0
-68.9375,-2.6875,0.0
-68.9375,-2.5625,0.0
-68.9375,-2.4375,0.0
-68.9375,-2.3125,0.0
-68.9375,-2.1875,0.0
-68.9375,-2.0625,0.0
-68.9375,-1.9375,0.0
-68.9375,-1.8125,0.0
-68.9375,-1.6875,0.0
-68.9375,-1.5625,0.0
-68.9375,-1.4375,0.0
-68.9375,-1.3125,0.0
-68.9375,-1.1875,0.0
-68.9375,-1.0625,0.0
-68.9375,-0.9375,0.0
-68.9375,-0.8125,0.0
-68.9375,-0.6875,0.0
-68.9375,-0.5625,0.0
-68.9375,-0.4375,0.0
-68.9375,-0.3125,0.0
-68.9375,-0.1875,0.0
-68.9375,-0.0625,0.0
-68.9375,0.0625,0.0
-68.9375,0.1875,0.0
-68.9375,0.3125,0.0
-68.9375,0.4375,0.0
-68.9375,0.5625,0.0
-68.9375,0.6875,0.0
-68.9375,0.8125,0.0
-68.9375,0.9375,0.0
-68.9375,1.0625,0.0
-68.9375,1.1875,0.0
-68.9375,1.3125,0.0
-68.9375,1.4375,0.0
-68.9375,1.5625,0.0
-68.9375,1.6875,0.0
-68.9375,1.8125,0.0
-68.9375,1.9375,0.0
-68.9375,2.0625,0.0
-68.9375,2.1875,0.0
-68.9375,2.3125,0.0
-68.9375,2.4375,0.0
-68.9375,2.5625,0.0
-68.9375,2.6875,0.0
-68.9375,2.8125,0.0
-68.9375,2.9375,0.0
-68.9375,3.0625,0.0
-68.9375,3.1875,0.0
-68.9375,3.3125,0.0
-68.9375,3.4375,0.0
-68.9375,3.5625,0.0
-68.9375,3.6875,0.0
-68.9375,3.8125,0.0
-68.9375,3.9375,0.0
-68.9375,4.0625,0.0
-68.9375,4.1875,0.0
-68.9375,4.3125,0.0
-68.9375,4.4375,0.0
-68.9375,4.5625,0.0
-68.9375,4.6875,0.0
-68.9375,4.8125,0.0
-68.9375,4.9375,0.0
-68.9375,5.0625,0.0
-68.9375,5.1875,0.0
-68.9375,5.3125,0.0
-68.9375,5.4375,0.0
-68.9375,5.5625,0.0
-68.9375,5.6875,0.0
-68.9375,5.8125,0.0
-68.9375,5.9375,0.0
-68.9375,6.0625,0.0
-68.9375,6.1875,0.0
-68.9375,6.3125,0.0
-68.9375,6.4375,0.0
-68.9375,6.5625,0.0
-68.9375,6.6875,0.0
-68.9375,6.8125,0.0
-68.9375,6.9375,0.0
-68.9375,7.0625,0.0
-68.9375,7.1875,0.0
-68.9375,7.3125,0.0
-68.9375,7.4375,0.0
-68.9375,7.5625,0.0
-68.9375,7.6875,0.0
-68.9375,7.8125,0.0
-68.9375,7.9375,0.0
-68.9375,8.0625,0.0
-68.9375,8.1875,0.0
-68.9375,8.3125,0.0
-68.9375,8.4375,0.0
-68.9375,8.5625,0.0
-68.9375,8.6875,0.0
-68.9375,8.8125,0.0
-68.9375,8.9375,0.0
-68.9375,9.0625,0.0
-68.9375,9.1875,0.0
-68.9375,9.3125,0.0
-68.9375,9.4375,0.0
-68.9375,9.5625,0.0
-68.9375,9.6875,0.0
-68.9375,9.8125,0.0
-68.9375,9.9375,0.0
-68.9375,10.0625,0.0
-68.9375,10.1875,0.0
-68.9375,10.3125,0.0
-68.9375,10.4375,0.0
-68.9375,10.5625,0.0
-68.9375,10.6875,0.0
-68.9375,10.8125,0.0
-68.9375,10.9375,0.0
-68.9375,11.0625,0.0
-68.9375,11.1875,0.0
-68.9375,11.3125,0.0
-68.9375,11.4375,0.0
-68.9375,11.5625,0.0
-68.9375,11.6875,0.0
-68.9375,11.8125,0.0
-68.9375,11.9375,0.0
-68.9375,12.0625,0.0
-68.9375,12.1875,0.0
-68.9375,12.3125,0.0
-68.9375,12.4375,0.0
-68.8125,-4.1875,0.0
-68.8125,-4.0625,0.0
-68.8125,-3.9375,0.0
-68.8125,-3.8125,0.0
-68.8125,-3.6875,0.0
-68.8125,-3.5625,0.0
-68.8125,-3.4375,0.0
-68.8125,-3.3125,0.0
-68.8125,-3.1875,0.0
-68.8125,-3.0625,0.0
-68.8125,-2.9375,0.0
-68.8125,-2.8125,0.0
-68.8125,-2.6875,0.0
-68.8125,-2.5625,0.0
-68.8125,-2.4375,0.0
-68.8125,-2.3125,0.0
-68.8125,-2.1875,0.0
-68.8125,-2.0625,0.0
-68.8125,-1.9375,0.0
-68.8125,-1.8125,0.0
-68.8125,-1.6875,0.0
-68.8125,-1.5625,0.0
-68.8125,-1.4375,0.0
-68.8125,-1.3125,0.0
-68.8125,-1.1875,0.0
-68.8125,-1.0625,0.0
-68.8125,-0.9375,0.0
-68.8125,-0.8125,0.0
-68.8125,-0.6875,0.0
-68.8125,-0.5625,0.0
-68.8125,-0.4375,0.0
-68.8125,-0.3125,0.0
-68.8125,-0.1875,0.0
-68.8125,-0.0625,0.0
-68.8125,0.0625,0.0
-68.8125,0.1875,0.0
-68.8125,0.3125,0.0
-68.8125,0.4375,0.0
-68.8125,0.5625,0.0
-68.8125,0.6875,0.0
-68.8125,0.8125,0.0
-68.8125,0.9375,0.0
-68.8125,1.0625,0.0
-68.8125,1.1875,0.0
-68.8125,1.3125,0.0
-68.8125,1.4375,0.0
-68.8125,1.5625,0.0
-68.8125,1.6875,0.0
-68.8125,1.8125,0.0
-68.8125,1.9375,0.0
-68.8125,2.0625,0.0
-68.8125,2.1875,0.0
-68.8125,2.3125,0.0
-68.8125,2.4375,0.0
-68.8125,2.5625,0.0
-68.8125,2.6875,0.0
-68.8125,2.8125,0.0
-68.8125,2.9375,0.0
-68.8125,3.0625,0.0
-68.8125,3.1875,0.0
-68.8125,3.3125,0.0
-68.8125,3.4375,0.0
-68.8125,3.5625,0.0
-68.8125,3.6875,0.0
-68.8125,3.8125,0.0
-68.8125,3.9375,0.0
-68.8125,4.0625,0.0
-68.8125,4.1875,0.0
-68.8125,4.3125,0.0
-68.8125,4.4375,0.0
-68.8125,4.5625,0.0
-68.8125,4.6875,0.0
-68.8125,4.8125,0.0
-68.8125,4.9375,0.0
-68.8125,5.0625,0.0
-68.8125,5.1875,0.0
-68.8125,5.3125,0.0
-68.8125,5.4375,0.0
-68.8125,5.5625,0.0
-68.8125,5.6875,0.0
-68.8125,5.8125,0.0
-68.8125,5.9375,0.0
-68.8125,6.0625,0.0
-68.8125,6.1875,0.0
-68.8125,6.3125,0.0
-68.8125,6.4375,0.0
-68.8125,6.5625,0.0
-68.8125,6.6875,0.0
-68.8125,6.8125,0.0
-68.8125,6.9375,0.0
-68.8125,7.0625,0.0
-68.8125,7.1875,0.0
-68.8125,7.3125,0.0
-68.8125,7.4375,0.0
-68.8125,7.5625,0.0
-68.8125,7.6875,0.0
-68.8125,7.8125,0.0
-68.8125,7.9375,0.0
-68.8125,8.0625,0.0
-68.8125,8.1875,0.0
-68.8125,8.3125,0.0
-68.8125,8.4375,0.0
-68.8125,8.5625,0.0
-68.8125,8.6875,0.0
-68.8125,8.8125,0.0
-68.8125,8.9375,0.0
-68.8125,9.0625,0.0
-68.8125,9.1875,0.0
-68.8125,9.3125,0.0
-68.8125,9.4375,0.0
-68.8125,9.5625,0.0
-68.8125,9.6875,0.0
-68.8125,9.8125,0.0
-68.8125,9.9375,0.0
-68.8125,10.0625,0.0
-68.8125,10.1875,0.0
-68.8125,10.3125,0.0
-68.8125,10.4375,0.0
-68.8125,10.5625,0.0
-68.8125,10.6875,0.0
-68.8125,10.8125,0.0
-68.8125,10.9375,0.0
-68.8125,11.0625,0.0
-68.8125,11.1875,0.0
-68.8125,11.3125,0.0
-68.8125,11.4375,0.0
-68.8125,11.5625,0.0
-68.8125,11.6875,0.0
-68.8125,11.8125,0.0
-68.8125,11.9375,0.0
-68.8125,12.0625,0.0
-68.8125,12.1875,0.0
-68.8125,12.3125,0.0
-68.8125,12.4375,0.0
-68.6875,-4.1875,0.0
-68.6875,-4.0625,0.0
-68.6875,-3.9375,0.0
-68.6875,-3.8125,0.0
-68.6875,-3.6875,0.0
-68.6875,-3.5625,0.0
-68.6875,-3.4375,0.0
-68.6875,-3.3125,0.0
-68.6875,-3.1875,0.0
-68.6875,-3.0625,0.0
-68.6875,-2.9375,0.0
-68.6875,-2.8125,0.0
-68.6875,-2.6875,0.0
-68.6875,-2.5625,0.0
-68.6875,-2.4375,0.0
-68.6875,-2.3125,0.0
-68.6875,-2.1875,0.0
-68.6875,-2.0625,0.0
-68.6875,-1.9375,0.0
-68.6875,-1.8125,0.0
-68.6875,-1.6875,0.0
-68.6875,-1.5625,0.0
-68.6875,-1.4375,0.0
-68.6875,-1.3125,0.0
-68.6875,-1.1875,0.0
-68.6875,-1.0625,0.0
-68.6875,-0.9375,0.0
-68.6875,-0.8125,0.0
-68.6875,-0.6875,0.0
-68.6875,-0.5625,0.0
-68.6875,-0.4375,0.0
-68.6875,-0.3125,0.0
-68.6875,-0.1875,0.0
-68.6875,-0.0625,0.0
-68.6875,0.0625,0.0
-68.6875,0.1875,0.0
-68.6875,0.3125,0.0
-68.6875,0.4375,0.0
-68.6875,0.5625,0.0
-68.6875,0.6875,0.0
-68.6875,0.8125,0.0
-68.6875,0.9375,0.0
-68.6875,1.0625,0.0
-68.6875,1.1875,0.0
-68.6875,1.3125,0.0
-68.6875,1.4375,0.0
-68.6875,1.5625,0.0
-68.6875,1.6875,0.0
-68.6875,1.8125,0.0
-68.6875,1.9375,0.0
-68.6875,2.0625,0.0
-68.6875,2.1875,0.0
-68.6875,2.3125,0.0
-68.6875,2.4375,0.0
-68.6875,2.5625,0.0
-68.6875,2.6875,0.0
-68.6875,2.8125,0.0
-68.6875,2.9375,0.0
-68.6875,3.0625,0.0
-68.6875,3.1875,0.0
-68.6875,3.3125,0.0
-68.6875,3.4375,0.0
-68.6875,3.5625,0.0
-68.6875,3.6875,0.0
-68.6875,3.8125,0.0
-68.6875,3.9375,0.0
-68.6875,4.0625,0.0
-68.6875,4.1875,0.0
-68.6875,4.3125,0.0
-68.6875,4.4375,0.0
-68.6875,4.5625,0.0
-68.6875,4.6875,0.0
-68.6875,4.8125,0.0
-68.6875,4.9375,0.0
-68.6875,5.0625,0.0
-68.6875,5.1875,0.0
-68.6875,5.3125,0.0
-68.6875,5.4375,0.0
-68.6875,5.5625,0.0
-68.6875,5.6875,0.0
-68.6875,5.8125,0.0
-68.6875,5.9375,0.0
-68.6875,6.0625,0.0
-68.6875,6.1875,0.0
-68.6875,6.3125,0.0
-68.6875,6.4375,0.0
-68.6875,6.5625,0.0
-68.6875,6.6875,0.0
-68.6875,6.8125,0.0
-68.6875,6.9375,0.0
-68.6875,7.0625,0.0
-68.6875,7.1875,0.0
-68.6875,7.3125,0.0
-68.6875,7.4375,0.0
-68.6875,7.5625,0.0
-68.6875,7.6875,0.0
-68.6875,7.8125,0.0
-68.6875,7.9375,0.0
-68.6875,8.0625,0.0
-68.6875,8.1875,0.0
-68.6875,8.3125,0.0
-68.6875,8.4375,0.0
-68.6875,8.5625,0.0
-68.6875,8.6875,0.0
-68.6875,8.8125,0.0
-68.6875,8.9375,0.0
-68.6875,9.0625,0.0
-68.6875,9.1875,0.0
-68.6875,9.3125,0.0
-68.6875,9.4375,0.0
-68.6875,9.5625,0.0
-68.6875,9.6875,0.0
-68.6875,9.8125,0.0
-68.6875,9.9375,0.0
-68.6875,10.0625,0.0
-68.6875,10.1875,0.0
-68.6875,10.3125,0.0
-68.6875,10.4375,0.0
-68.6875,10.5625,0.0
-68.6875,10.6875,0.0
-68.6875,10.8125,0.0
-68.6875,10.9375,0.0
-68.6875,11.0625,0.0
-68.6875,11.1875,0.0
-68.6875,11.3125,0.0
-68.6875,11.4375,0.0
-68.6875,11.5625,0.0
-68.6875,11.6875,0.0
-68.6875,11.8125,0.0
-68.6875,11.9375,0.0
-68.6875,12.0625,0.0
-68.6875,12.1875,0.0
-68.6875,12.3125,0.0
-68.6875,12.4375,0.0
-68.5625,-4.1875,0.0
-68.5625,-4.0625,0.0
-68.5625,-3.9375,0.0
-68.5625,-3.8125,0.0
-68.5625,-3.6875,0.0
-68.5625,-3.5625,0.0
-68.5625,-3.4375,0.0
-68.5625,-3.3125,0.0
-68.5625,-3.1875,0.0
-68.5625,-3.0625,0.0
-68.5625,-2.9375,0.0
-68.5625,-2.8125,0.0
-68.5625,-2.6875,0.0
-68.5625,-2.5625,0.0
-68.5625,-2.4375,0.0
-68.5625,-2.3125,0.0
-68.5625,-2.1875,0.0
-68.5625,-2.0625,0.0
-68.5625,-1.9375,0.0
-68.5625,-1.8125,0.0
-68.5625,-1.6875,0.0
-68.5625,-1.5625,0.0
-68.5625,-1.4375,0.0
-68.5625,-1.3125,0.0
-68.5625,-1.1875,0.0
-68.5625,-1.0625,0.0
-68.5625,-0.9375,0.0
-68.5625,-0.8125,0.0
-68.5625,-0.6875,0.0
-68.5625,-0.5625,0.0
-68.5625,-0.4375,0.0
-68.5625,-0.3125,0.0
-68.5625,-0.1875,0.0
-68.5625,-0.0625,0.0
-68.5625,0.0625,0.0
-68.5625,0.1875,0.0
-68.5625,0.3125,0.0
-68.5625,0.4375,0.0
-68.5625,0.5625,0.0
-68.5625,0.6875,0.0
-68.5625,0.8125,0.0
-68.5625,0.9375,0.0
-68.5625,1.0625,0.0
-68.5625,1.1875,0.0
-68.5625,1.3125,0.0
-68.5625,1.4375,0.0
-68.5625,1.5625,0.0
-68.5625,1.6875,0.0
-68.5625,1.8125,0.0
-68.5625,1.9375,0.0
-68.5625,2.0625,0.0
-68.5625,2.1875,0.0
-68.5625,2.3125,0.0
-68.5625,2.4375,0.0
-68.5625,2.5625,0.0
-68.5625,2.6875,0.0
-68.5625,2.8125,0.0
-68.5625,2.9375,0.0
-68.5625,3.0625,0.0
-68.5625,3.1875,0.0
-68.5625,3.3125,0.0
-68.5625,3.4375,0.0
-68.5625,3.5625,0.0
-68.5625,3.6875,0.0
-68.5625,3.8125,0.0
-68.5625,3.9375,0.0
-68.5625,4.0625,0.0
-68.5625,4.1875,0.0
-68.5625,4.3125,0.0
-68.5625,4.4375,0.0
-68.5625,4.5625,0.0
-68.5625,4.6875,0.0
-68.5625,4.8125,0.0
-68.5625,4.9375,0.0
-68.5625,5.0625,0.0
-68.5625,5.1875,0.0
-68.5625,5.3125,0.0
-68.5625,5.4375,0.0
-68.5625,5.5625,0.0
-68.5625,5.6875,0.0
-68.5625,5.8125,0.0
-68.5625,5.9375,0.0
-68.5625,6.0625,0.0
-68.5625,6.1875,0.0
-68.5625,6.3125,0.0
-68.5625,6.4375,0.0
-68.5625,6.5625,0.0
-68.5625,6.6875,0.0
-68.5625,6.8125,0.0
-68.5625,6.9375,0.0
-68.5625,7.0625,0.0
-68.5625,7.1875,0.0
-68.5625,7.3125,0.0
-68.5625,7.4375,0.0
-68.5625,7.5625,0.0
-68.5625,7.6875,0.0
-68.5625,7.8125,0.0
-68.5625,7.9375,0.0
-68.5625,8.0625,0.0
-68.5625,8.1875,0.0
-68.5625,8.3125,0.0
-68.5625,8.4375,0.0
-68.5625,8.5625,0.0
-68.5625,8.6875,0.0
-68.5625,8.8125,0.0
-68.5625,8.9375,0.0
-68.5625,9.0625,0.0
-68.5625,9.1875,0.0
-68.5625,9.3125,0.0
-68.5625,9.4375,0.0
-68.5625,9.5625,0.0
-68.5625,9.6875,0.0
-68.5625,9.8125,0.0
-68.5625,9.9375,0.0
-68.5625,10.0625,0.0
-68.5625,10.1875,0.0
-68.5625,10.3125,0.0
-68.5625,10.4375,0.0
-68.5625,10.5625,0.0
-68.5625,10.6875,0.0
-68.5625,10.8125,0.0
-68.5625,10.9375,0.0
-68.5625,11.0625,0.0
-68.5625,11.1875,0.0
-68.5625,11.3125,0.0
-68.5625,11.4375,0.0
-68.5625,11.5625,0.0
-68.5625,11.6875,0.0
-68.5625,11.8125,0.0
-68.5625,11.9375,0.0
-68.5625,12.0625,0.0
-68.5625,12.1875,0.0
-68.5625,12.3125,0.0
-68.5625,12.4375,0.0
-68.4375,-4.1875,0.0
-68.4375,-4.0625,0.0
-68.4375,-3.9375,0.0
-68.4375,-3.8125,0.0
-68.4375,-3.6875,0.0
-68.4375,-3.5625,0.0
-68.4375,-3.4375,0.0
-68.4375,-3.3125,0.0
-68.4375,-3.1875,0.0
-68.4375,-3.0625,0.0
-68.4375,-2.9375,0.0
-68.4375,-2.8125,0.0
-68.4375,-2.6875,0.0
-68.4375,-2.5625,0.0
-68.4375,-2.4375,0.0
-68.4375,-2.3125,0.0
-68.4375,-2.1875,0.0
-68.4375,-2.0625,0.0
-68.4375,-1.9375,0.0
-68.4375,-1.8125,0.0
-68.4375,-1.6875,0.0
-68.4375,-1.5625,0.0
-68.4375,-1.4375,0.0
-68.4375,-1.3125,0.0
-68.4375,-1.1875,0.0
-68.4375,-1.0625,0.0
-68.4375,-0.9375,0.0
-68.4375,-0.8125,0.0
-68.4375,-0.6875,0.0
-68.4375,-0.5625,0.0
-68.4375,-0.4375,0.0
-68.4375,-0.3125,0.0
-68.4375,-0.1875,0.0
-68.4375,-0.0625,0.0
-68.4375,0.0625,0.0
-68.4375,0.1875,0.0
-68.4375,0.3125,0.0
-68.4375,0.4375,0.0
-68.4375,0.5625,0.0
-68.4375,0.6875,0.0
-68.4375,0.8125,0.0
-68.4375,0.9375,0.0
-68.4375,1.0625,0.0
-68.4375,1.1875,0.0
-68.4375,1.3125,0.0
-68.4375,1.4375,0.0
-68.4375,1.5625,0.0
-68.4375,1.6875,0.0
-68.4375,1.8125,0.0
-68.4375,1.9375,0.0
-68.4375,2.0625,0.0
-68.4375,2.1875,0.0
-68.4375,2.3125,0.0
-68.4375,2.4375,0.0
-68.4375,2.5625,0.0
-68.4375,2.6875,0.0
-68.4375,2.8125,0.0
-68.4375,2.9375,0.0
-68.4375,3.0625,0.0
-68.4375,3.1875,0.0
-68.4375,3.3125,0.0
-68.4375,3.4375,0.0
-68.4375,3.5625,0.0
-68.4375,3.6875,0.0
-68.4375,3.8125,0.0
-68.4375,3.9375,0.0
-68.4375,4.0625,0.0
-68.4375,4.1875,0.0
-68.4375,4.3125,0.0
-68.4375,4.4375,0.0
-68.4375,4.5625,0.0
-68.4375,4.6875,0.0
-68.4375,4.8125,0.0
-68.4375,4.9375,0.0
-68.4375,5.0625,0.0
-68.4375,5.1875,0.0
-68.4375,5.3125,0.0
-68.4375,5.4375,0.0
-68.4375,5.5625,0.0
-68.4375,5.6875,0.0
-68.4375,5.8125,0.0
-68.4375,5.9375,0.0
-68.4375,6.0625,0.0
-68.4375,6.1875,0.0
-68.4375,6.3125,0.0
-68.4375,6.4375,0.0
-68.4375,6.5625,0.0
-68.4375,6.6875,0.0
-68.4375,6.8125,0.0
-68.4375,6.9375,0.0
-68.4375,7.0625,0.0
-68.4375,7.1875,0.0
-68.4375,7.3125,0.0
-68.4375,7.4375,0.0
-68.4375,7.5625,0.0
-68.4375,7.6875,0.0
-68.4375,7.8125,0.0
-68.4375,7.9375,0.0
-68.4375,8.0625,0.0
-68.4375,8.1875,0.0
-68.4375,8.3125,0.0
-68.4375,8.4375,0.0
-68.4375,8.5625,0.0
-68.4375,8.6875,0.0
-68.4375,8.8125,0.0
-68.4375,8.9375,0.0
-68.4375,9.0625,0.0
-68.4375,9.1875,0.0
-68.4375,9.3125,0.0
-68.4375,9.4375,0.0
-68.4375,9.5625,0.0
-68.4375,9.6875,0.0
-68.4375,9.8125,0.0
-68.4375,9.9375,0.0
-68.4375,10.0625,0.0
-68.4375,10.1875,0.0
-68.4375,10.3125,0.0
-68.4375,10.4375,0.0
-68.4375,10.5625,0.0
-68.4375,10.6875,0.0
-68.4375,10.8125,0.0
-68.4375,10.9375,0.0
-68.4375,11.0625,0.0
-68.4375,11.1875,0.0
-68.4375,11.3125,0.0
-68.4375,11.4375,0.0
-68.4375,11.5625,0.0
-68.4375,11.6875,0.0
-68.4375,11.8125,0.0
-68.4375,11.9375,0.0
-68.4375,12.0625,0.0
-68.4375,12.1875,0.0
-68.4375,12.3125,0.0
-68.4375,12.4375,0.0
-68.3125,-4.1875,0.0
-68.3125,-4.0625,0.0
-68.3125,-3.9375,0.0
-68.3125,-3.8125,0.0
-68.3125,-3.6875,0.0
-68.3125,-3.5625,0.0
-68.3125,-3.4375,0.0
-68.3125,-3.3125,0.0
-68.3125,-3.1875,0.0
-68.3125,-3.0625,0.0
-68.3125,-2.9375,0.0
-68.3125,-2.8125,0.0
-68.3125,-2.6875,0.0
-68.3125,-2.5625,0.0
-68.3125,-2.4375,0.0
-68.3125,-2.3125,0.0
-68.3125,-2.1875,0.0
-68.3125,-2.0625,0.0
-68.3125,-1.9375,0.0
-68.3125,-1.8125,0.0
-68.3125,-1.6875,0.0
-68.3125,-1.5625,0.0
-68.3125,-1.4375,0.0
-68.3125,-1.3125,0.0
-68.3125,-1.1875,0.0
-68.3125,-1.0625,0.0
-68.3125,-0.9375,0.0
-68.3125,-0.8125,0.0
-68.3125,-0.6875,0.0
-68.3125,-0.5625,0.0
-68.3125,-0.4375,0.0
-68.3125,-0.3125,0.0
-68.3125,-0.1875,0.0
-68.3125,-0.0625,0.0
-68.3125,0.0625,0.0
-68.3125,0.1875,0.0
-68.3125,0.3125,0.0
-68.3125,0.4375,0.0
-68.3125,0.5625,0.0
-68.3125,0.6875,0.0
-68.3125,0.8125,0.0
-68.3125,0.9375,0.0
-68.3125,1.0625,0.0
-68.3125,1.1875,0.0
-68.3125,1.3125,0.0
-68.3125,1.4375,0.0
-68.3125,1.5625,0.0
-68.3125,1.6875,0.0
-68.3125,1.8125,0.0
-68.3125,1.9375,0.0
-68.3125,2.0625,0.0
-68.3125,2.1875,0.0
-68.3125,2.3125,0.0
-68.3125,2.4375,0.0
-68.3125,2.5625,0.0
-68.3125,2.6875,0.0
-68.3125,2.8125,0.0
-68.3125,2.9375,0.0
-68.3125,3.0625,0.0
-68.3125,3.1875,0.0
-68.3125,3.3125,0.0
-68.3125,3.4375,0.0
-68.3125,3.5625,0.0
-68.3125,3.6875,0.0
-68.3125,3.8125,0.0
-68.3125,3.9375,0.0
-68.3125,4.0625,0.0
-68.3125,4.1875,0.0
-68.3125,4.3125,0.0
-68.3125,4.4375,0.0
-68.3125,4.5625,0.0
-68.3125,4.6875,0.0
-68.3125,4.8125,0.0
-68.3125,4.9375,0.0
-68.3125,5.0625,0.0
-68.3125,5.1875,0.0
-68.3125,5.3125,0.0
-68.3125,5.4375,0.0
-68.3125,5.5625,0.0
-68.3125,5.6875,0.0
-68.3125,5.8125,0.0
-68.3125,5.9375,0.0
-68.3125,6.0625,0.0
-68.3125,6.1875,0.0
-68.3125,6.3125,0.0
-68.3125,6.4375,0.0
-68.3125,6.5625,0.0
-68.3125,6.6875,0.0
-68.3125,6.8125,0.0
-68.3125,6.9375,0.0
-68.3125,7.0625,0.0
-68.3125,7.1875,0.0
-68.3125,7.3125,0.0
-68.3125,7.4375,0.0
-68.3125,7.5625,0.0
-68.3125,7.6875,0.0
-68.3125,7.8125,0.0
-68.3125,7.9375,0.0
-68.3125,8.0625,0.0
-68.3125,8.1875,0.0
-68.3125,8.3125,0.0
-68.3125,8.4375,0.0
-68.3125,8.5625,0.0
-68.3125,8.6875,0.0
-68.3125,8.8125,0.0
-68.3125,8.9375,0.0
-68.3125,9.0625,0.0
-68.3125,9.1875,0.0
-68.3125,9.3125,0.0
-68.3125,9.4375,0.0
-68.3125,9.5625,0.0
-68.3125,9.6875,0.0
-68.3125,9.8125,0.0
-68.3125,9.9375,0.0
-68.3125,10.0625,0.0
-68.3125,10.1875,0.0
-68.3125,10.3125,0.0
-68.3125,10.4375,0.0
-68.3125,10.5625,0.0
-68.3125,10.6875,0.0
-68.3125,10.8125,0.0
-68.3125,10.9375,0.0
-68.3125,11.0625,0.0
-68.3125,11.1875,0.0
-68.3125,11.3125,0.0
-68.3125,11.4375,0.0
-68.3125,11.5625,0.0
-68.3125,11.6875,0.0
-68.3125,11.8125,0.0
-68.3125,11.9375,0.0
-68.3125,12.0625,0.0
-68.3125,12.1875,0.0
-68.3125,12.3125,0.0
-68.3125,12.4375,0.0
-68.1875,-4.1875,0.0
-68.1875,-4.0625,0.0
-68.1875,-3.9375,0.0
-68.1875,-3.8125,0.0
-68.1875,-3.6875,0.0
-68.1875,-3.5625,0.0
-68.1875,-3.4375,0.0
-68.1875,-3.3125,0.0
-68.1875,-3.1875,0.0
-68.1875,-3.0625,0.0
-68.1875,-2.9375,0.0
-68.1875,-2.8125,0.0
-68.1875,-2.6875,0.0
-68.1875,-2.5625,0.0
-68.1875,-2.4375,0.0
-68.1875,-2.3125,0.0
-68.1875,-2.1875,0.0
-68.1875,-2.0625,0.0
-68.1875,-1.9375,0.0
-68.1875,-1.8125,0.0
-68.1875,-1.6875,0.0
-68.1875,-1.5625,0.0
-68.1875,-1.4375,0.0
-68.1875,-1.3125,0.0
-68.1875,-1.1875,0.0
-68.1875,-1.0625,0.0
-68.1875,-0.9375,0.0
-68.1875,-0.8125,0.0
-68.1875,-0.6875,0.0
-68.1875,-0.5625,0.0
-68.1875,-0.4375,0.0
-68.1875,-0.3125,0.0
-68.1875,-0.1875,0.0
-68.1875,-0.0625,0.0
-68.1875,0.0625,0.0
-68.1875,0.1875,0.0
-68.1875,0.3125,0.0
-68.1875,0.4375,0.0
-68.1875,0.5625,0.0
-68.1875,0.6875,0.0
-68.1875,0.8125,0.0
-68.1875,0.9375,0.0
-68.1875,1.0625,0.0
-68.1875,1.1875,0.0
-68.1875,1.3125,0.0
-68.1875,1.4375,0.0
-68.1875,1.5625,0.0
-68.1875,1.6875,0.0
-68.1875,1.8125,0.0
-68.1875,1.9375,0.0
-68.1875,2.0625,0.0
-68.1875,2.1875,0.0
-68.1875,2.3125,0.0
-68.1875,2.4375,0.0
-68.1875,2.5625,0.0
-68.1875,2.6875,0.0
-68.1875,2.8125,0.0
-68.1875,2.9375,0.0
-68.1875,3.0625,0.0
-68.1875,3.1875,0.0
-68.1875,3.3125,0.0
-68.1875,3.4375,0.0
-68.1875,3.5625,0.0
-68.1875,3.6875,0.0
-68.1875,3.8125,0.0
-68.1875,3.9375,0.0
-68.1875,4.0625,0.0
-68.1875,4.1875,0.0
-68.1875,4.3125,0.0
-68.1875,4.4375,0.0
-68.1875,4.5625,0.0
-68.1875,4.6875,0.0
-68.1875,4.8125,0.0
-68.1875,4.9375,0.0
-68.1875,5.0625,0.0
-68.1875,5.1875,0.0
-68.1875,5.3125,0.0
-68.1875,5.4375,0.0
-68.1875,5.5625,0.0
-68.1875,5.6875,0.0
-68.1875,5.8125,0.0
-68.1875,5.9375,0.0
-68.1875,6.0625,0.0
-68.1875,6.1875,0.0
-68.1875,6.3125,0.0
-68.1875,6.4375,0.0
-68.1875,6.5625,0.0
-68.1875,6.6875,0.0
-68.1875,6.8125,0.0
-68.1875,6.9375,0.0
-68.1875,7.0625,0.0
-68.1875,7.1875,0.0
-68.1875,7.3125,0.0
-68.1875,7.4375,0.0
-68.1875,7.5625,0.0
-68.1875,7.6875,0.0
-68.1875,7.8125,0.0
-68.1875,7.9375,0.0
-68.1875,8.0625,0.0
-68.1875,8.1875,0.0
-68.1875,8.3125,0.0
-68.1875,8.4375,0.0
-68.1875,8.5625,0.0
-68.1875,8.6875,0.0
-68.1875,8.8125,0.0
-68.1875,8.9375,0.0
-68.1875,9.0625,0.0
-68.1875,9.1875,0.0
-68.1875,9.3125,0.0
-68.1875,9.4375,0.0
-68.1875,9.5625,0.0
-68.1875,9.6875,0.0
-68.1875,9.8125,0.0
-68.1875,9.9375,0.0
-68.1875,10.0625,0.0
-68.1875,10.1875,0.0
-68.1875,10.3125,0.0
-68.1875,10.4375,0.0
-68.1875,10.5625,0.0
-68.1875,10.6875,0.0
-68.1875,10.8125,0.0
-68.1875,10.9375,0.0
-68.1875,11.0625,0.0
-68.1875,11.1875,0.0
-68.1875,11.3125,0.0
-68.1875,11.4375,0.0
-68.1875,11.5625,0.0
-68.1875,11.6875,0.0
-68.1875,11.8125,0.0
-68.1875,11.9375,0.0
-68.1875,12.0625,0.0
-68.1875,12.1875,0.0
-68.1875,12.3125,0.0
-68.1875,12.4375,0.0
-68.0625,-4.1875,0.0
-68.0625,-4.0625,0.0
-68.0625,-3.9375,0.0
-68.0625,-3.8125,0.0
-68.0625,-3.6875,0.0
-68.0625,-3.5625,0.0
-68.0625,-3.4375,0.0
-68.0625,-3.3125,0.0
-68.0625,-3.1875,0.0
-68.0625,-3.0625,0.0
-68.0625,-2.9375,0.0
-68.0625,-2.8125,0.0
-68.0625,-2.6875,0.0
-68.0625,-2.5625,0.0
-68.0625,-2.4375,0.0
-68.0625,-2.3125,0.0
-68.0625,-2.1875,0.0
-68.0625,-2.0625,0.0
-68.0625,-1.9375,0.0
-68.0625,-1.8125,0.0
-68.0625,-1.6875,0.0
-68.0625,-1.5625,0.0
-68.0625,-1.4375,0.0
-68.0625,-1.3125,0.0
-68.0625,-1.1875,0.0
-68.0625,-1.0625,0.0
-68.0625,-0.9375,0.0
-68.0625,-0.8125,0.0
-68.0625,-0.6875,0.0
-68.0625,-0.5625,0.0
-68.0625,-0.4375,0.0
-68.0625,-0.3125,0.0
-68.0625,-0.1875,0.0
-68.0625,-0.0625,0.0
-68.0625,0.0625,0.0
-68.0625,0.1875,0.0
-68.0625,0.3125,0.0
-68.0625,0.4375,0.0
-68.0625,0.5625,0.0
-68.0625,0.6875,0.0
-68.0625,0.8125,0.0
-68.0625,0.9375,0.0
-68.0625,1.0625,0.0
-68.0625,1.1875,0.0
-68.0625,1.3125,0.0
-68.0625,1.4375,0.0
-68.0625,1.5625,0.0
-68.0625,1.6875,0.0
-68.0625,1.8125,0.0
-68.0625,1.9375,0.0
-68.0625,2.0625,0.0
-68.0625,2.1875,0.0
-68.0625,2.3125,0.0
-68.0625,2.4375,0.0
-68.0625,2.5625,0.0
-68.0625,2.6875,0.0
-68.0625,2.8125,0.0
-68.0625,2.9375,0.0
-68.0625,3.0625,0.0
-68.0625,3.1875,0.0
-68.0625,3.3125,0.0
-68.0625,3.4375,0.0
-68.0625,3.5625,0.0
-68.0625,3.6875,0.0
-68.0625,3.8125,0.0
-68.0625,3.9375,0.0
-68.0625,4.0625,0.0
-68.0625,4.1875,0.0
-68.0625,4.3125,0.0
-68.0625,4.4375,0.0
-68.0625,4.5625,0.0
-68.0625,4.6875,0.0
-68.0625,4.8125,0.0
-68.0625,4.9375,0.0
-68.0625,5.0625,0.0
-68.0625,5.1875,0.0
-68.0625,5.3125,0.0
-68.0625,5.4375,0.0
-68.0625,5.5625,0.0
-68.0625,5.6875,0.0
-68.0625,5.8125,0.0
-68.0625,5.9375,0.0
-68.0625,6.0625,0.0
-68.0625,6.1875,0.0
-68.0625,6.3125,0.0
-68.0625,6.4375,0.0
-68.0625,6.5625,0.0
-68.0625,6.6875,0.0
-68.0625,6.8125,0.0
-68.0625,6.9375,0.0
-68.0625,7.0625,0.0
-68.0625,7.1875,0.0
-68.0625,7.3125,0.0
-68.0625,7.4375,0.0
-68.0625,7.5625,0.0
-68.0625,7.6875,0.0
-68.0625,7.8125,0.0
-68.0625,7.9375,0.0
-68.0625,8.0625,0.0
-68.0625,8.1875,0.0
-68.0625,8.3125,0.0
-68.0625,8.4375,0.0
-68.0625,8.5625,0.0
-68.0625,8.6875,0.0
-68.0625,8.8125,0.0
-68.0625,8.9375,0.0
-68.0625,9.0625,0.0
-68.0625,9.1875,0.0
-68.0625,9.3125,0.0
-68.0625,9.4375,0.0
-68.0625,9.5625,0.0
-68.0625,9.6875,0.0
-68.0625,9.8125,0.0
-68.0625,9.9375,0.0
-68.0625,10.0625,0.0
-68.0625,10.1875,0.0
-68.0625,10.3125,0.0
-68.0625,10.4375,0.0
-68.0625,10.5625,0.0
-68.0625,10.6875,0.0
-68.0625,10.8125,0.0
-68.0625,10.9375,0.0
-68.0625,11.0625,0.0
-68.0625,11.1875,0.0
-68.0625,11.3125,0.0
-68.0625,11.4375,0.0
-68.0625,11.5625,0.0
-68.0625,11.6875,0.0
-68.0625,11.8125,0.0
-68.0625,11.9375,0.0
-68.0625,12.0625,0.0
-68.0625,12.1875,0.0
-68.0625,12.3125,0.0
-68.0625,12.4375,0.0
-67.9375,-4.1875,0.0
-67.9375,-4.0625,0.0
-67.9375,-3.9375,0.0
-67.9375,-3.8125,0.0
-67.9375,-3.6875,0.0
-67.9375,-3.5625,0.0
-67.9375,-3.4375,0.0
-67.9375,-3.3125,0.0
-67.9375,-3.1875,0.0
-67.9375,-3.0625,0.0
-67.9375,-2.9375,0.0
-67.9375,-2.8125,0.0
-67.9375,-2.6875,0.0
-67.9375,-2.5625,0.0
-67.9375,-2.4375,0.0
-67.9375,-2.3125,0.0
-67.9375,-2.1875,0.0
-67.9375,-2.0625,0.0
-67.9375,-1.9375,0.0
-67.9375,-1.8125,0.0
-67.9375,-1.6875,0.0
-67.9375,-1.5625,0.0
-67.9375,-1.4375,0.0
-67.9375,-1.3125,0.0
-67.9375,-1.1875,0.0
-67.9375,-1.0625,0.0
-67.9375,-0.9375,0.0
-67.9375,-0.8125,0.0
-67.9375,-0.6875,0.0
-67.9375,-0.5625,0.0
-67.9375,-0.4375,0.0
-67.9375,-0.3125,0.0
-67.9375,-0.1875,0.0
-67.9375,-0.0625,0.0
-67.9375,0.0625,0.0
-67.9375,0.1875,0.0
-67.9375,0.3125,0.0
-67.9375,0.4375,0.0
-67.9375,0.5625,0.0
-67.9375,0.6875,0.0
-67.9375,0.8125,0.0
-67.9375,0.9375,0.0
-67.9375,1.0625,0.0
-67.9375,1.1875,0.0
-67.9375,1.3125,0.0
-67.9375,1.4375,0.0
-67.9375,1.5625,0.0
-67.9375,1.6875,0.0
-67.9375,1.8125,0.0
-67.9375,1.9375,0.0
-67.9375,2.0625,0.0
-67.9375,2.1875,0.0
-67.9375,2.3125,0.0
-67.9375,2.4375,0.0
-67.9375,2.5625,0.0
-67.9375,2.6875,0.0
-67.9375,2.8125,0.0
-67.9375,2.9375,0.0
-67.9375,3.0625,0.0
-67.9375,3.1875,0.0
-67.9375,3.3125,0.0
-67.9375,3.4375,0.0
-67.9375,3.5625,0.0
-67.9375,3.6875,0.0
-67.9375,3.8125,0.0
-67.9375,3.9375,0.0
-67.9375,4.0625,0.0
-67.9375,4.1875,0.0
-67.9375,4.3125,0.0
-67.9375,4.4375,0.0
-67.9375,4.5625,0.0
-67.9375,4.6875,0.0
-67.9375,4.8125,0.0
-67.9375,4.9375,0.0
-67.9375,5.0625,0.0
-67.9375,5.1875,0.0
-67.9375,5.3125,0.0
-67.9375,5.4375,0.0
-67.9375,5.5625,0.0
-67.9375,5.6875,0.0
-67.9375,5.8125,0.0
-67.9375,5.9375,0.0
-67.9375,6.0625,0.0
-67.9375,6.1875,0.0
-67.9375,6.3125,0.0
-67.9375,6.4375,0.0
-67.9375,6.5625,0.0
-67.9375,6.6875,0.0
-67.9375,6.8125,0.0
-67.9375,6.9375,0.0
-67.9375,7.0625,0.0
-67.9375,7.1875,0.0
-67.9375,7.3125,0.0
-67.9375,7.4375,0.0
-67.9375,7.5625,0.0
-67.9375,7.6875,0.0
-67.9375,7.8125,0.0
-67.9375,7.9375,0.0
-67.9375,8.0625,0.0
-67.9375,8.1875,0.0
-67.9375,8.3125,0.0
-67.9375,8.4375,0.0
-67.9375,8.5625,0.0
-67.9375,8.6875,0.0
-67.9375,8.8125,0.0
-67.9375,8.9375,0.0
-67.9375,9.0625,0.0
-67.9375,9.1875,0.0
-67.9375,9.3125,0.0
-67.9375,9.4375,0.0
-67.9375,9.5625,0.0
-67.9375,9.6875,0.0
-67.9375,9.8125,0.0
-67.9375,9.9375,0.0
-67.9375,10.0625,0.0
-67.9375,10.1875,0.0
-67.9375,10.3125,0.0
-67.9375,10.4375,0.0
-67.9375,10.5625,0.0
-67.9375,10.6875,0.0
-67.9375,10.8125,0.0
-67.9375,10.9375,0.0
-67.9375,11.0625,0.0
-67.9375,11.1875,0.0
-67.9375,11.3125,0.0
-67.9375,11.4375,0.0
-67.9375,11.5625,0.0
-67.9375,11.6875,0.0
-67.9375,11.8125,0.0
-67.9375,11.9375,0.0
-67.9375,12.0625,0.0
-67.9375,12.1875,0.0
-67.9375,12.3125,0.0
-67.9375,12.4375,0.0
-67.8125,-4.1875,0.0
-67.8125,-4.0625,0.0
-67.8125,-3.9375,0.0
-67.8125,-3.8125,0.0
-67.8125,-3.6875,0.0
-67.8125,-3.5625,0.0
-67.8125,-3.4375,0.0
-67.8125,-3.3125,0.0
-67.8125,-3.1875,0.0
-67.8125,-3.0625,0.0
-67.8125,-2.9375,0.0
-67.8125,-2.8125,0.0
-67.8125,-2.6875,0.0
-67.8125,-2.5625,0.0
-67.8125,-2.4375,0.0
-67.8125,-2.3125,0.0
-67.8125,-2.1875,0.0
-67.8125,-2.0625,0.0
-67.8125,-1.9375,0.0
-67.8125,-1.8125,0.0
-67.8125,-1.6875,0.0
-67.8125,-1.5625,0.0
-67.8125,-1.4375,0.0
-67.8125,-1.3125,0.0
-67.8125,-1.1875,0.0
-67.8125,-1.0625,0.0
-67.8125,-0.9375,0.0
-67.8125,-0.8125,0.0
-67.8125,-0.6875,0.0
-67.8125,-0.5625,0.0
-67.8125,-0.4375,0.0
-67.8125,-0.3125,0.0
-67.8125,-0.1875,0.0
-67.8125,-0.0625,0.0
-67.8125,0.0625,0.0
-67.8125,0.1875,0.0
-67.8125,0.3125,0.0
-67.8125,0.4375,0.0
-67.8125,0.5625,0.0
-67.8125,0.6875,0.0
-67.8125,0.8125,0.0
-67.8125,0.9375,0.0
-67.8125,1.0625,0.0
-67.8125,1.1875,0.0
-67.8125,1.3125,0.0
-67.8125,1.4375,0.0
-67.8125,1.5625,0.0
-67.8125,1.6875,0.0
-67.8125,1.8125,0.0
-67.8125,1.9375,0.0
-67.8125,2.0625,0.0
-67.8125,2.1875,0.0
-67.8125,2.3125,0.0
-67.8125,2.4375,0.0
-67.8125,2.5625,0.0
-67.8125,2.6875,0.0
-67.8125,2.8125,0.0
-67.8125,2.9375,0.0
-67.8125,3.0625,0.0
-67.8125,3.1875,0.0
-67.8125,3.3125,0.0
-67.8125,3.4375,0.0
-67.8125,3.5625,0.0
-67.8125,3.6875,0.0
-67.8125,3.8125,0.0
-67.8125,3.9375,0.0
-67.8125,4.0625,0.0
-67.8125,4.1875,0.0
-67.8125,4.3125,0.0
-67.8125,4.4375,0.0
-67.8125,4.5625,0.0
-67.8125,4.6875,0.0
-67.8125,4.8125,0.0
-67.8125,4.9375,0.0
-67.8125,5.0625,0.0
-67.8125,5.1875,0.0
-67.8125,5.3125,0.0
-67.8125,5.4375,0.0
-67.8125,5.5625,0.0
-67.8125,5.6875,0.0
-67.8125,5.8125,0.0
-67.8125,5.9375,0.0
-67.8125,6.0625,0.0
-67.8125,6.1875,0.0
-67.8125,6.3125,0.0
-67.8125,6.4375,0.0
-67.8125,6.5625,0.0
-67.8125,6.6875,0.0
-67.8125,6.8125,0.0
-67.8125,6.9375,0.0
-67.8125,7.0625,0.0
-67.8125,7.1875,0.0
-67.8125,7.3125,0.0
-67.8125,7.4375,0.0
-67.8125,7.5625,0.0
-67.8125,7.6875,0.0
-67.8125,7.8125,0.0
-67.8125,7.9375,0.0
-67.8125,8.0625,0.0
-67.8125,8.1875,0.0
-67.8125,8.3125,0.0
-67.8125,8.4375,0.0
-67.8125,8.5625,0.0
-67.8125,8.6875,0.0
-67.8125,8.8125,0.0
-67.8125,8.9375,0.0
-67.8125,9.0625,0.0
-67.8125,9.1875,0.0
-67.8125,9.3125,0.0
-67.8125,9.4375,0.0
-67.8125,9.5625,0.0
-67.8125,9.6875,0.0
-67.8125,9.8125,0.0
-67.8125,9.9375,0.0
-67.8125,10.0625,0.0
-67.8125,10.1875,0.0
-67.8125,10.3125,0.0
-67.8125,10.4375,0.0
-67.8125,10.5625,0.0
-67.8125,10.6875,0.0
-67.8125,10.8125,0.0
-67.8125,10.9375,0.0
-67.8125,11.0625,0.0
-67.8125,11.1875,0.0
-67.8125,11.3125,0.0
-67.8125,11.4375,0.0
-67.8125,11.5625,0.0
-67.8125,11.6875,0.0
-67.8125,11.8125,0.0
-67.8125,11.9375,0.0
-67.8125,12.0625,0.0
-67.8125,12.1875,0.0
-67.8125,12.3125,0.0
-67.8125,12.4375,0.0
-67.6875,-4.1875,0.0
-67.6875,-4.0625,0.0
-67.6875,-3.9375,0.0
-67.6875,-3.8125,0.0
-67.6875,-3.6875,0.0
-67.6875,-3.5625,0.0
-67.6875,-3.4375,0.0
-67.6875,-3.3125,0.0
-67.6875,-3.1875,0.0
-67.6875,-3.0625,0.0
-67.6875,-2.9375,0.0
-67.6875,-2.8125,0.0
-67.6875,-2.6875,0.0
-67.6875,-2.5625,0.0
-67.6875,-2.4375,0.0
-67.6875,-2.3125,0.0
-67.6875,-2.1875,0.0
-67.6875,-2.0625,0.0
-67.6875,-1.9375,0.0
-67.6875,-1.8125,0.0
-67.6875,-1.6875,0.0
-67.6875,-1.5625,0.0
-67.6875,-1.4375,0.0
-67.6875,-1.3125,0.0
-67.6875,-1.1875,0.0
-67.6875,-1.0625,0.0
-67.6875,-0.9375,0.0
-67.6875,-0.8125,0.0
-67.6875,-0.6875,0.0
-67.6875,-0.5625,0.0
-67.6875,-0.4375,0.0
-67.6875,-0.3125,0.0
-67.6875,-0.1875,0.0
-67.6875,-0.0625,0.0
-67.6875,0.0625,0.0
-67.6875,0.1875,0.0
-67.6875,0.3125,0.0
-67.6875,0.4375,0.0
-67.6875,0.5625,0.0
-67.6875,0.6875,0.0
-67.6875,0.8125,0.0
-67.6875,0.9375,0.0
-67.6875,1.0625,0.0
-67.6875,1.1875,0.0
-67.6875,1.3125,0.0
-67.6875,1.4375,0.0
-67.6875,1.5625,0.0
-67.6875,1.6875,0.0
-67.6875,1.8125,0.0
-67.6875,1.9375,0.0
-67.6875,2.0625,0.0
-67.6875,2.1875,0.0
-67.6875,2.3125,0.0
-67.6875,2.4375,0.0
-67.6875,2.5625,0.0
-67.6875,2.6875,0.0
-67.6875,2.8125,0.0
-67.6875,2.9375,0.0
-67.6875,3.0625,0.0
-67.6875,3.1875,0.0
-67.6875,3.3125,0.0
-67.6875,3.4375,0.0
-67.6875,3.5625,0.0
-67.6875,3.6875,0.0
-67.6875,3.8125,0.0
-67.6875,3.9375,0.0
-67.6875,4.0625,0.0
-67.6875,4.1875,0.0
-67.6875,4.3125,0.0
-67.6875,4.4375,0.0
-67.6875,4.5625,0.0
-67.6875,4.6875,0.0
-67.6875,4.8125,0.0
-67.6875,4.9375,0.0
-67.6875,5.0625,0.0
-67.6875,5.1875,0.0
-67.6875,5.3125,0.0
-67.6875,5.4375,0.0
-67.6875,5.5625,0.0
-67.6875,5.6875,0.0
-67.6875,5.8125,0.0
-67.6875,5.9375,0.0
-67.6875,6.0625,0.0
-67.6875,6.1875,0.0
-67.6875,6.3125,0.0
-67.6875,6.4375,0.0
-67.6875,6.5625,0.0
-67.6875,6.6875,0.0
-67.6875,6.8125,0.0
-67.6875,6.9375,0.0
-67.6875,7.0625,0.0
-67.6875,7.1875,0.0
-67.6875,7.3125,0.0
-67.6875,7.4375,0.0
-67.6875,7.5625,0.0
-67.6875,7.6875,0.0
-67.6875,7.8125,0.0
-67.6875,7.9375,0.0
-67.6875,8.0625,0.0
-67.6875,8.1875,0.0
-67.6875,8.3125,0.0
-67.6875,8.4375,0.0
-67.6875,8.5625,0.0
-67.6875,8.6875,0.0
-67.6875,8.8125,0.0
-67.6875,8.9375,0.0
-67.6875,9.0625,0.0
-67.6875,9.1875,0.0
-67.6875,9.3125,0.0
-67.6875,9.4375,0.0
-67.6875,9.5625,0.0
-67.6875,9.6875,0.0
-67.6875,9.8125,0.0
-67.6875,9.9375,0.0
-67.6875,10.0625,0.0
-67.6875,10.1875,0.0
-67.6875,10.3125,0.0
-67.6875,10.4375,0.0
-67.6875,10.5625,0.0
-67.6875,10.6875,0.0
-67.6875,10.8125,0.0
-67.6875,10.9375,0.0
-67.6875,11.0625,0.0
-67.6875,11.1875,0.0
-67.6875,11.3125,0.0
-67.6875,11.4375,0.0
-67.6875,11.5625,0.0
-67.6875,11.6875,0.0
-67.6875,11.8125,0.0
-67.6875,11.9375,0.0
-67.6875,12.0625,0.0
-67.6875,12.1875,0.0
-67.6875,12.3125,0.0
-67.6875,12.4375,0.0
-67.5625,-4.1875,0.0
-67.5625,-4.0625,0.0
-67.5625,-3.9375,0.0
-67.5625,-3.8125,0.0
-67.5625,-3.6875,0.0
-67.5625,-3.5625,0.0
-67.5625,-3.4375,0.0
-67.5625,-3.3125,0.0
-67.5625,-3.1875,0.0
-67.5625,-3.0625,0.0
-67.5625,-2.9375,0.0
-67.5625,-2.8125,0.0
-67.5625,-2.6875,0.0
-67.5625,-2.5625,0.0
-67.5625,-2.4375,0.0
-67.5625,-2.3125,0.0
-67.5625,-2.1875,0.0
-67.5625,-2.0625,0.0
-67.5625,-1.9375,0.0
-67.5625,-1.8125,0.0
-67.5625,-1.6875,0.0
-67.5625,-1.5625,0.0
-67.5625,-1.4375,0.0
-67.5625,-1.3125,0.0
-67.5625,-1.1875,0.0
-67.5625,-1.0625,0.0
-67.5625,-0.9375,0.0
-67.5625,-0.8125,0.0
-67.5625,-0.6875,0.0
-67.5625,-0.5625,0.0
-67.5625,-0.4375,0.0
-67.5625,-0.3125,0.0
-67.5625,-0.1875,0.0
-67.5625,-0.0625,0.0
-67.5625,0.0625,0.0
-67.5625,0.1875,0.0
-67.5625,0.3125,0.0
-67.5625,0.4375,0.0
-67.5625,0.5625,0.0
-67.5625,0.6875,0.0
-67.5625,0.8125,0.0
-67.5625,0.9375,0.0
-67.5625,1.0625,0.0
-67.5625,1.1875,0.0
-67.5625,1.3125,0.0
-67.5625,1.4375,0.0
-67.5625,1.5625,0.0
-67.5625,1.6875,0.0
-67.5625,1.8125,0.0
-67.5625,1.9375,0.0
-67.5625,2.0625,0.0
-67.5625,2.1875,0.0
-67.5625,2.3125,0.0
-67.5625,2.4375,0.0
-67.5625,2.5625,0.0
-67.5625,2.6875,0.0
-67.5625,2.8125,0.0
-67.5625,2.9375,0.0
-67.5625,3.0625,0.0
-67.5625,3.1875,0.0
-67.5625,3.3125,0.0
-67.5625,3.4375,0.0
-67.5625,3.5625,0.0
-67.5625,3.6875,0.0
-67.5625,3.8125,0.0
-67.5625,3.9375,0.0
-67.5625,4.0625,0.0
-67.5625,4.1875,0.0
-67.5625,4.3125,0.0
-67.5625,4.4375,0.0
-67.5625,4.5625,0.0
-67.5625,4.6875,0.0
-67.5625,4.8125,0.0
-67.5625,4.9375,0.0
-67.5625,5.0625,0.0
-67.5625,5.1875,0.0
-67.5625,5.3125,0.0
-67.5625,5.4375,0.0
-67.5625,5.5625,0.0
-67.5625,5.6875,0.0
-67.5625,5.8125,0.0
-67.5625,5.9375,0.0
-67.5625,6.0625,0.0
-67.5625,6.1875,0.0
-67.5625,6.3125,0.0
-67.5625,6.4375,0.0
-67.5625,6.5625,0.0
-67.5625,6.6875,0.0
-67.5625,6.8125,0.0
-67.5625,6.9375,0.0
-67.5625,7.0625,0.0
-67.5625,7.1875,0.0
-67.5625,7.3125,0.0
-67.5625,7.4375,0.0
-67.5625,7.5625,0.0
-67.5625,7.6875,0.0
-67.5625,7.8125,0.0
-67.5625,7.9375,0.0
-67.5625,8.0625,0.0
-67.5625,8.1875,0.0
-67.5625,8.3125,0.0
-67.5625,8.4375,0.0
-67.5625,8.5625,0.0
-67.5625,8.6875,0.0
-67.5625,8.8125,0.0
-67.5625,8.9375,0.0
-67.5625,9.0625,0.0
-67.5625,9.1875,0.0
-67.5625,9.3125,0.0
-67.5625,9.4375,0.0
-67.5625,9.5625,0.0
-67.5625,9.6875,0.0
-67.5625,9.8125,0.0
-67.5625,9.9375,0.0
-67.5625,10.0625,0.0
-67.5625,10.1875,0.0
-67.5625,10.3125,0.0
-67.5625,10.4375,0.0
-67.5625,10.5625,0.0
-67.5625,10.6875,0.0
-67.5625,10.8125,0.0
-67.5625,10.9375,0.0
-67.5625,11.0625,0.0
-67.5625,11.1875,0.0
-67.5625,11.3125,0.0
-67.5625,11.4375,0.0
-67.5625,11.5625,0.0
-67.5625,11.6875,0.0
-67.5625,11.8125,0.0
-67.5625,11.9375,0.0
-67.5625,12.0625,0.0
-67.5625,12.1875,0.0
-67.5625,12.3125,0.0
-67.5625,12.4375,0.0
-67.4375,-4.1875,0.0
-67.4375,-4.0625,0.0
-67.4375,-3.9375,0.0
-67.4375,-3.8125,0.0
-67.4375,-3.6875,0.0
-67.4375,-3.5625,0.0
-67.4375,-3.4375,0.0
-67.4375,-3.3125,0.0
-67.4375,-3.1875,0.0
-67.4375,-3.0625,0.0
-67.4375,-2.9375,0.0
-67.4375,-2.8125,0.0
-67.4375,-2.6875,0.0
-67.4375,-2.5625,0.0
-67.4375,-2.4375,0.0
-67.4375,-2.3125,0.0
-67.4375,-2.1875,0.0
-67.4375,-2.0625,0.0
-67.4375,-1.9375,0.0
-67.4375,-1.8125,0.0
-67.4375,-1.6875,0.0
-67.4375,-1.5625,0.0
-67.4375,-1.4375,0.0
-67.4375,-1.3125,0.0
-67.4375,-1.1875,0.0
-67.4375,-1.0625,0.0
-67.4375,-0.9375,0.0
-67.4375,-0.8125,0.0
-67.4375,-0.6875,0.0
-67.4375,-0.5625,0.0
-67.4375,-0.4375,0.0
-67.4375,-0.3125,0.0
-67.4375,-0.1875,0.0
-67.4375,-0.0625,0.0
-67.4375,0.0625,0.0
-67.4375,0.1875,0.0
-67.4375,0.3125,0.0
-67.4375,0.4375,0.0
-67.4375,0.5625,0.0
-67.4375,0.6875,0.0
-67.4375,0.8125,0.0
-67.4375,0.9375,0.0
-67.4375,1.0625,0.0
-67.4375,1.1875,0.0
-67.4375,1.3125,0.0
-67.4375,1.4375,0.0
-67.4375,1.5625,0.0
-67.4375,1.6875,0.0
-67.4375,1.8125,0.0
-67.4375,1.9375,0.0
-67.4375,2.0625,0.0
-67.4375,2.1875,0.0
-67.4375,2.3125,0.0
-67.4375,2.4375,0.0
-67.4375,2.5625,0.0
-67.4375,2.6875,0.0
-67.4375,2.8125,0.0
-67.4375,2.9375,0.0
-67.4375,3.0625,0.0
-67.4375,3.1875,0.0
-67.4375,3.3125,0.0
-67.4375,3.4375,0.0
-67.4375,3.5625,0.0
-67.4375,3.6875,0.0
-67.4375,3.8125,0.0
-67.4375,3.9375,0.0
-67.4375,4.0625,0.0
-67.4375,4.1875,0.0
-67.4375,4.3125,0.0
-67.4375,4.4375,0.0
-67.4375,4.5625,0.0
-67.4375,4.6875,0.0
-67.4375,4.8125,0.0
-67.4375,4.9375,0.0
-67.4375,5.0625,0.0
-67.4375,5.1875,0.0
-67.4375,5.3125,0.0
-67.4375,5.4375,0.0
-67.4375,5.5625,0.0
-67.4375,5.6875,0.0
-67.4375,5.8125,0.0
-67.4375,5.9375,0.0
-67.4375,6.0625,0.0
-67.4375,6.1875,0.0
-67.4375,6.3125,0.0
-67.4375,6.4375,0.0
-67.4375,6.5625,0.0
-67.4375,6.6875,0.0
-67.4375,6.8125,0.0
-67.4375,6.9375,0.0
-67.4375,7.0625,0.0
-67.4375,7.1875,0.0
-67.4375,7.3125,0.0
-67.4375,7.4375,0.0
-67.4375,7.5625,0.0
-67.4375,7.6875,0.0
-67.4375,7.8125,0.0
-67.4375,7.9375,0.0
-67.4375,8.0625,0.0
-67.4375,8.1875,0.0
-67.4375,8.3125,0.0
-67.4375,8.4375,0.0
-67.4375,8.5625,0.0
-67.4375,8.6875,0.0
-67.4375,8.8125,0.0
-67.4375,8.9375,0.0
-67.4375,9.0625,0.0
-67.4375,9.1875,0.0
-67.4375,9.3125,0.0
-67.4375,9.4375,0.0
-67.4375,9.5625,0.0
-67.4375,9.6875,0.0
-67.4375,9.8125,0.0
-67.4375,9.9375,0.0
-67.4375,10.0625,0.0
-67.4375,10.1875,0.0
-67.4375,10.3125,0.0
-67.4375,10.4375,0.0
-67.4375,10.5625,0.0
-67.4375,10.6875,0.0
-67.4375,10.8125,0.0
-67.4375,10.9375,0.0
-67.4375,11.0625,0.0
-67.4375,11.1875,0.0
-67.4375,11.3125,0.0
-67.4375,11.4375,0.0
-67.4375,11.5625,0.0
-67.4375,11.6875,0.0
-67.4375,11.8125,0.0
-67.4375,11.9375,0.0
-67.4375,12.0625,0.0
-67.4375,12.1875,0.0
-67.4375,12.3125,0.0
-67.4375,12.4375,0.0
-67.3125,-4.1875,0.0
-67.3125,-4.0625,0.0
-67.3125,-3.9375,0.0
-67.3125,-3.8125,0.0
-67.3125,-3.6875,0.0
-67.3125,-3.5625,0.0
-67.3125,-3.4375,0.0
-67.3125,-3.3125,0.0
-67.3125,-3.1875,0.0
-67.3125,-3.0625,0.0
-67.3125,-2.9375,0.0
-67.3125,-2.8125,0.0
-67.3125,-2.6875,0.0
-67.3125,-2.5625,0.0
-67.3125,-2.4375,0.0
-67.3125,-2.3125,0.0
-67.3125,-2.1875,0.0
-67.3125,-2.0625,0.0
-67.3125,-1.9375,0.0
-67.3125,-1.8125,0.0
-67.3125,-1.6875,0.0
-67.3125,-1.5625,0.0
-67.3125,-1.4375,0.0
-67.3125,-1.3125,0.0
-67.3125,-1.1875,0.0
-67.3125,-1.0625,0.0
-67.3125,-0.9375,0.0
-67.3125,-0.8125,0.0
-67.3125,-0.6875,0.0
-67.3125,-0.5625,0.0
-67.3125,-0.4375,0.0
-67.3125,-0.3125,0.0
-67.3125,-0.1875,0.0
-67.3125,-0.0625,0.0
-67.3125,0.0625,0.0
-67.3125,0.1875,0.0
-67.3125,0.3125,0.0
-67.3125,0.4375,0.0
-67.3125,0.5625,0.0
-67.3125,0.6875,0.0
-67.3125,0.8125,0.0
-67.3125,0.9375,0.0
-67.3125,1.0625,0.0
-67.3125,1.1875,0.0
-67.3125,1.3125,0.0
-67.3125,1.4375,0.0
-67.3125,1.5625,0.0
-67.3125,1.6875,0.0
-67.3125,1.8125,0.0
-67.3125,1.9375,0.0
-67.3125,2.0625,0.0
-67.3125,2.1875,0.0
-67.3125,2.3125,0.0
-67.3125,2.4375,0.0
-67.3125,2.5625,0.0
-67.3125,2.6875,0.0
-67.3125,2.8125,0.0
-67.3125,2.9375,0.0
-67.3125,3.0625,0.0
-67.3125,3.1875,0.0
-67.3125,3.3125,0.0
-67.3125,3.4375,0.0
-67.3125,3.5625,0.0
-67.3125,3.6875,0.0
-67.3125,3.8125,0.0
-67.3125,3.9375,0.0
-67.3125,4.0625,0.0
-67.3125,4.1875,0.0
-67.3125,4.3125,0.0
-67.3125,4.4375,0.0
-67.3125,4.5625,0.0
-67.3125,4.6875,0.0
-67.3125,4.8125,0.0
-67.3125,4.9375,0.0
-67.3125,5.0625,0.0
-67.3125,5.1875,0.0
-67.3125,5.3125,0.0
-67.3125,5.4375,0.0
-67.3125,5.5625,0.0
-67.3125,5.6875,0.0
-67.3125,5.8125,0.0
-67.3125,5.9375,0.0
-67.3125,6.0625,0.0
-67.3125,6.1875,0.0
-67.3125,6.3125,0.0
-67.3125,6.4375,0.0
-67.3125,6.5625,0.0
-67.3125,6.6875,0.0
-67.3125,6.8125,0.0
-67.3125,6.9375,0.0
-67.3125,7.0625,0.0
-67.3125,7.1875,0.0
-67.3125,7.3125,0.0
-67.3125,7.4375,0.0
-67.3125,7.5625,0.0
-67.3125,7.6875,0.0
-67.3125,7.8125,0.0
-67.3125,7.9375,0.0
-67.3125,8.0625,0.0
-67.3125,8.1875,0.0
-67.3125,8.3125,0.0
-67.3125,8.4375,0.0
-67.3125,8.5625,0.0
-67.3125,8.6875,0.0
-67.3125,8.8125,0.0
-67.3125,8.9375,0.0
-67.3125,9.0625,0.0
-67.3125,9.1875,0.0
-67.3125,9.3125,0.0
-67.3125,9.4375,0.0
-67.3125,9.5625,0.0
-67.3125,9.6875,0.0
-67.3125,9.8125,0.0
-67.3125,9.9375,0.0
-67.3125,10.0625,0.0
-67.3125,10.1875,0.0
-67.3125,10.3125,0.0
-67.3125,10.4375,0.0
-67.3125,10.5625,0.0
-67.3125,10.6875,0.0
-67.3125,10.8125,0.0
-67.3125,10.9375,0.0
-67.3125,11.0625,0.0
-67.3125,11.1875,0.0
-67.3125,11.3125,0.0
-67.3125,11.4375,0.0
-67.3125,11.5625,0.0
-67.3125,11.6875,0.0
-67.3125,11.8125,0.0
-67.3125,11.9375,0.0
-67.3125,12.0625,0.0
-67.3125,12.1875,0.0
-67.3125,12.3125,0.0
-67.3125,12.4375,0.0
-67.1875,-4.1875,0.0
-67.1875,-4.0625,0.0
-67.1875,-3.9375,0.0
-67.1875,-3.8125,0.0
-67.1875,-3.6875,0.0
-67.1875,-3.5625,0.0
-67.1875,-3.4375,0.0
-67.1875,-3.3125,0.0
-67.1875,-3.1875,0.0
-67.1875,-3.0625,0.0
-67.1875,-2.9375,0.0
-67.1875,-2.8125,0.0
-67.1875,-2.6875,0.0
-67.1875,-2.5625,0.0
-67.1875,-2.4375,0.0
-67.1875,-2.3125,0.0
-67.1875,-2.1875,0.0
-67.1875,-2.0625,0.0
-67.1875,-1.9375,0.0
-67.1875,-1.8125,0.0
-67.1875,-1.6875,0.0
-67.1875,-1.5625,0.0
-67.1875,-1.4375,0.0
-67.1875,-1.3125,0.0
-67.1875,-1.1875,0.0
-67.1875,-1.0625,0.0
-67.1875,-0.9375,0.0
-67.1875,-0.8125,0.0
-67.1875,-0.6875,0.0
-67.1875,-0.5625,0.0
-67.1875,-0.4375,0.0
-67.1875,-0.3125,0.0
-67.1875,-0.1875,0.0
-67.1875,-0.0625,0.0
-67.1875,0.0625,0.0
-67.1875,0.1875,0.0
-67.1875,0.3125,0.0
-67.1875,0.4375,0.0
-67.1875,0.5625,0.0
-67.1875,0.6875,0.0
-67.1875,0.8125,0.0
-67.1875,0.9375,0.0
-67.1875,1.0625,0.0
-67.1875,1.1875,0.0
-67.1875,1.3125,0.0
-67.1875,1.4375,0.0
-67.1875,1.5625,0.0
-67.1875,1.6875,0.0
-67.1875,1.8125,0.0
-67.1875,1.9375,0.0
-67.1875,2.0625,0.0
-67.1875,2.1875,0.0
-67.1875,2.3125,0.0
-67.1875,2.4375,0.0
-67.1875,2.5625,0.0
-67.1875,2.6875,0.0
-67.1875,2.8125,0.0
-67.1875,2.9375,0.0
-67.1875,3.0625,0.0
-67.1875,3.1875,0.0
-67.1875,3.3125,0.0
-67.1875,3.4375,0.0
-67.1875,3.5625,0.0
-67.1875,3.6875,0.0
-67.1875,3.8125,0.0
-67.1875,3.9375,0.0
-67.1875,4.0625,0.0
-67.1875,4.1875,0.0
-67.1875,4.3125,0.0
-67.1875,4.4375,0.0
-67.1875,4.5625,0.0
-67.1875,4.6875,0.0
-67.1875,4.8125,0.0
-67.1875,4.9375,0.0
-67.1875,5.0625,0.0
-67.1875,5.1875,0.0
-67.1875,5.3125,0.0
-67.1875,5.4375,0.0
-67.1875,5.5625,0.0
-67.1875,5.6875,0.0
-67.1875,5.8125,0.0
-67.1875,5.9375,0.0
-67.1875,6.0625,0.0
-67.1875,6.1875,0.0
-67.1875,6.3125,0.0
-67.1875,6.4375,0.0
-67.1875,6.5625,0.0
-67.1875,6.6875,0.0
-67.1875,6.8125,0.0
-67.1875,6.9375,0.0
-67.1875,7.0625,0.0
-67.1875,7.1875,0.0
-67.1875,7.3125,0.0
-67.1875,7.4375,0.0
-67.1875,7.5625,0.0
-67.1875,7.6875,0.0
-67.1875,7.8125,0.0
-67.1875,7.9375,0.0
-67.1875,8.0625,0.0
-67.1875,8.1875,0.0
-67.1875,8.3125,0.0
-67.1875,8.4375,0.0
-67.1875,8.5625,0.0
-67.1875,8.6875,0.0
-67.1875,8.8125,0.0
-67.1875,8.9375,0.0
-67.1875,9.0625,0.0
-67.1875,9.1875,0.0
-67.1875,9.3125,0.0
-67.1875,9.4375,0.0
-67.1875,9.5625,0.0
-67.1875,9.6875,0.0
-67.1875,9.8125,0.0
-67.1875,9.9375,0.0
-67.1875,10.0625,0.0
-67.1875,10.1875,0.0
-67.1875,10.3125,0.0
-67.1875,10.4375,0.0
-67.1875,10.5625,0.0
-67.1875,10.6875,0.0
-67.1875,10.8125,0.0
-67.1875,10.9375,0.0
-67.1875,11.0625,0.0
-67.1875,11.1875,0.0
-67.1875,11.3125,0.0
-67.1875,11.4375,0.0
-67.1875,11.5625,0.0
-67.1875,11.6875,0.0
-67.1875,11.8125,0.0
-67.1875,11.9375,0.0
-67.1875,12.0625,0.0
-67.1875,12.1875,0.0
-67.1875,12.3125,0.0
-67.1875,12.4375,0.0
-67.0625,-4.1875,0.0
-67.0625,-4.0625,0.0
-67.0625,-3.9375,0.0
-67.0625,-3.8125,0.0
-67.0625,-3.6875,0.0
-67.0625,-3.5625,0.0
-67.0625,-3.4375,0.0
-67.0625,-3.3125,0.0
-67.0625,-3.1875,0.0
-67.0625,-3.0625,0.0
-67.0625,-2.9375,0.0
-67.0625,-2.8125,0.0
-67.0625,-2.6875,0.0
-67.0625,-2.5625,0.0
-67.0625,-2.4375,0.0
-67.0625,-2.3125,0.0
-67.0625,-2.1875,0.0
-67.0625,-2.0625,0.0
-67.0625,-1.9375,0.0
-67.0625,-1.8125,0.0
-67.0625,-1.6875,0.0
-67.0625,-1.5625,0.0
-67.0625,-1.4375,0.0
-67.0625,-1.3125,0.0
-67.0625,-1.1875,0.0
-67.0625,-1.0625,0.0
-67.0625,-0.9375,0.0
-67.0625,-0.8125,0.0
-67.0625,-0.6875,0.0
-67.0625,-0.5625,0.0
-67.0625,-0.4375,0.0
-67.0625,-0.3125,0.0
-67.0625,-0.1875,0.0
-67.0625,-0.0625,0.0
-67.0625,0.0625,0.0
-67.0625,0.1875,0.0
-67.0625,0.3125,0.0
-67.0625,0.4375,0.0
-67.0625,0.5625,0.0
-67.0625,0.6875,0.0
-67.0625,0.8125,0.0
-67.0625,0.9375,0.0
-67.0625,1.0625,0.0
-67.0625,1.1875,0.0
-67.0625,1.3125,0.0
-67.0625,1.4375,0.0
-67.0625,1.5625,0.0
-67.0625,1.6875,0.0
-67.0625,1.8125,0.0
-67.0625,1.9375,0.0
-67.0625,2.0625,0.0
-67.0625,2.1875,0.0
-67.0625,2.3125,0.0
-67.0625,2.4375,0.0
-67.0625,2.5625,0.0
-67.0625,2.6875,0.0
-67.0625,2.8125,0.0
-67.0625,2.9375,0.0
-67.0625,3.0625,0.0
-67.0625,3.1875,0.0
-67.0625,3.3125,0.0
-67.0625,3.4375,0.0
-67.0625,3.5625,0.0
-67.0625,3.6875,0.0
-67.0625,3.8125,0.0
-67.0625,3.9375,0.0
-67.0625,4.0625,0.0
-67.0625,4.1875,0.0
-67.0625,4.3125,0.0
-67.0625,4.4375,0.0
-67.0625,4.5625,0.0
-67.0625,4.6875,0.0
-67.0625,4.8125,0.0
-67.0625,4.9375,0.0
-67.0625,5.0625,0.0
-67.0625,5.1875,0.0
-67.0625,5.3125,0.0
-67.0625,5.4375,0.0
-67.0625,5.5625,0.0
-67.0625,5.6875,0.0
-67.0625,5.8125,0.0
-67.0625,5.9375,0.0
-67.0625,6.0625,0.0
-67.0625,6.1875,0.0
-67.0625,6.3125,0.0
-67.0625,6.4375,0.0
-67.0625,6.5625,0.0
-67.0625,6.6875,0.0
-67.0625,6.8125,0.0
-67.0625,6.9375,0.0
-67.0625,7.0625,0.0
-67.0625,7.1875,0.0
-67.0625,7.3125,0.0
-67.0625,7.4375,0.0
-67.0625,7.5625,0.0
-67.0625,7.6875,0.0
-67.0625,7.8125,0.0
-67.0625,7.9375,0.0
-67.0625,8.0625,0.0
-67.0625,8.1875,0.0
-67.0625,8.3125,0.0
-67.0625,8.4375,0.0
-67.0625,8.5625,0.0
-67.0625,8.6875,0.0
-67.0625,8.8125,0.0
-67.0625,8.9375,0.0
-67.0625,9.0625,0.0
-67.0625,9.1875,0.0
-67.0625,9.3125,0.0
-67.0625,9.4375,0.0
-67.0625,9.5625,0.0
-67.0625,9.6875,0.0
-67.0625,9.8125,0.0
-67.0625,9.9375,0.0
-67.0625,10.0625,0.0
-67.0625,10.1875,0.0
-67.0625,10.3125,0.0
-67.0625,10.4375,0.0
-67.0625,10.5625,0.0
-67.0625,10.6875,0.0
-67.0625,10.8125,0.0
-67.0625,10.9375,0.0
-67.0625,11.0625,0.0
-67.0625,11.1875,0.0
-67.0625,11.3125,0.0
-67.0625,11.4375,0.0
-67.0625,11.5625,0.0
-67.0625,11.6875,0.0
-67.0625,11.8125,0.0
-67.0625,11.9375,0.0
-67.0625,12.0625,0.0
-67.0625,12.1875,0.0
-67.0625,12.3125,0.0
-67.0625,12.4375,0.0
-66.9375,-4.1875,0.0
-66.9375,-4.0625,0.0
-66.9375,-3.9375,0.0
-66.9375,-3.8125,0.0
-66.9375,-3.6875,0.0
-66.9375,-3.5625,0.0
-66.9375,-3.4375,0.0
-66.9375,-3.3125,0.0
-66.9375,-3.1875,0.0
-66.9375,-3.0625,0.0
-66.9375,-2.9375,0.0
-66.9375,-2.8125,0.0
-66.9375,-2.6875,0.0
-66.9375,-2.5625,0.0
-66.9375,-2.4375,0.0
-66.9375,-2.3125,0.0
-66.9375,-2.1875,0.0
-66.9375,-2.0625,0.0
-66.9375,-1.9375,0.0
-66.9375,-1.8125,0.0
-66.9375,-1.6875,0.0
-66.9375,-1.5625,0.0
-66.9375,-1.4375,0.0
-66.9375,-1.3125,0.0
-66.9375,-1.1875,0.0
-66.9375,-1.0625,0.0
-66.9375,-0.9375,0.0
-66.9375,-0.8125,0.0
-66.9375,-0.6875,0.0
-66.9375,-0.5625,0.0
-66.9375,-0.4375,0.0
-66.9375,-0.3125,0.0
-66.9375,-0.1875,0.0
-66.9375,-0.0625,0.0
-66.9375,0.0625,0.0
-66.9375,0.1875,0.0
-66.9375,0.3125,0.0
-66.9375,0.4375,0.0
-66.9375,0.5625,0.0
-66.9375,0.6875,0.0
-66.9375,0.8125,0.0
-66.9375,0.9375,0.0
-66.9375,1.0625,0.0
-66.9375,1.1875,0.0
-66.9375,1.3125,0.0
-66.9375,1.4375,0.0
-66.9375,1.5625,0.0
-66.9375,1.6875,0.0
-66.9375,1.8125,0.0
-66.9375,1.9375,0.0
-66.9375,2.0625,0.0
-66.9375,2.1875,0.0
-66.9375,2.3125,0.0
-66.9375,2.4375,0.0
-66.9375,2.5625,0.0
-66.9375,2.6875,0.0
-66.9375,2.8125,0.0
-66.9375,2.9375,0.0
-66.9375,3.0625,0.0
-66.9375,3.1875,0.0
-66.9375,3.3125,0.0
-66.9375,3.4375,0.0
-66.9375,3.5625,0.0
-66.9375,3.6875,0.0
-66.9375,3.8125,0.0
-66.9375,3.9375,0.0
-66.9375,4.0625,0.0
-66.9375,4.1875,0.0
-66.9375,4.3125,0.0
-66.9375,4.4375,0.0
-66.9375,4.5625,0.0
-66.9375,4.6875,0.0
-66.9375,4.8125,0.0
-66.9375,4.9375,0.0
-66.9375,5.0625,0.0
-66.9375,5.1875,0.0
-66.9375,5.3125,0.0
-66.9375,5.4375,0.0
-66.9375,5.5625,0.0
-66.9375,5.6875,0.0
-66.9375,5.8125,0.0
-66.9375,5.9375,0.0
-66.9375,6.0625,0.0
-66.9375,6.1875,0.0
-66.9375,6.3125,0.0
-66.9375,6.4375,0.0
-66.9375,6.5625,0.0
-66.9375,6.6875,0.0
-66.9375,6.8125,0.0
-66.9375,6.9375,0.0
-66.9375,7.0625,0.0
-66.9375,7.1875,0.0
-66.9375,7.3125,0.0
-66.9375,7.4375,0.0
-66.9375,7.5625,0.0
-66.9375,7.6875,0.0
-66.9375,7.8125,0.0
-66.9375,7.9375,0.0
-66.9375,8.0625,0.0
-66.9375,8.1875,0.0
-66.9375,8.3125,0.0
-66.9375,8.4375,0.0
-66.9375,8.5625,0.0
-66.9375,8.6875,0.0
-66.9375,8.8125,0.0
-66.9375,8.9375,0.0
-66.9375,9.0625,0.0
-66.9375,9.1875,0.0
-66.9375,9.3125,0.0
-66.9375,9.4375,0.0
-66.9375,9.5625,0.0
-66.9375,9.6875,0.0
-66.9375,9.8125,0.0
-66.9375,9.9375,0.0
-66.9375,10.0625,0.0
-66.9375,10.1875,0.0
-66.9375,10.3125,0.0
-66.9375,10.4375,0.0
-66.9375,10.5625,0.0
-66.9375,10.6875,0.0
-66.9375,10.8125,0.0
-66.9375,10.9375,0.0
-66.9375,11.0625,0.0
-66.9375,11.1875,0.0
-66.9375,11.3125,0.0
-66.9375,11.4375,0.0
-66.9375,11.5625,0.0
-66.9375,11.6875,0.0
-66.9375,11.8125,0.0
-66.9375,11.9375,0.0
-66.9375,12.0625,0.0
-66.9375,12.1875,0.0
-66.9375,12.3125,0.0
-66.9375,12.4375,0.0
-66.8125,-4.1875,0.0
-66.8125,-4.0625,0.0
-66.8125,-3.9375,0.0
-66.8125,-3.8125,0.0
-66.8125,-3.6875,0.0
-66.8125,-3.5625,0.0
-66.8125,-3.4375,0.0
-66.8125,-3.3125,0.0
-66.8125,-3.1875,0.0
-66.8125,-3.0625,0.0
-66.8125,-2.9375,0.0
-66.8125,-2.8125,0.0
-66.8125,-2.6875,0.0
-66.8125,-2.5625,0.0
-66.8125,-2.4375,0.0
-66.8125,-2.3125,0.0
-66.8125,-2.1875,0.0
-66.8125,-2.0625,0.0
-66.8125,-1.9375,0.0
-66.8125,-1.8125,0.0
-66.8125,-1.6875,0.0
-66.8125,-1.5625,0.0
-66.8125,-1.4375,0.0
-66.8125,-1.3125,0.0
-66.8125,-1.1875,0.0
-66.8125,-1.0625,0.0
-66.8125,-0.9375,0.0
-66.8125,-0.8125,0.0
-66.8125,-0.6875,0.0
-66.8125,-0.5625,0.0
-66.8125,-0.4375,0.0
-66.8125,-0.3125,0.0
-66.8125,-0.1875,0.0
-66.8125,-0.0625,0.0
-66.8125,0.0625,0.0
-66.8125,0.1875,0.0
-66.8125,0.3125,0.0
-66.8125,0.4375,0.0
-66.8125,0.5625,0.0
-66.8125,0.6875,0.0
-66.8125,0.8125,0.0
-66.8125,0.9375,0.0
-66.8125,1.0625,0.0
-66.8125,1.1875,0.0
-66.8125,1.3125,0.0
-66.8125,1.4375,0.0
-66.8125,1.5625,0.0
-66.8125,1.6875,0.0
-66.8125,1.8125,0.0
-66.8125,1.9375,0.0
-66.8125,2.0625,0.0
-66.8125,2.1875,0.0
-66.8125,2.3125,0.0
-66.8125,2.4375,0.0
-66.8125,2.5625,0.0
-66.8125,2.6875,0.0
-66.8125,2.8125,0.0
-66.8125,2.9375,0.0
-66.8125,3.0625,0.0
-66.8125,3.1875,0.0
-66.8125,3.3125,0.0
-66.8125,3.4375,0.0
-66.8125,3.5625,0.0
-66.8125,3.6875,0.0
-66.8125,3.8125,0.0
-66.8125,3.9375,0.0
-66.8125,4.0625,0.0
-66.8125,4.1875,0.0
-66.8125,4.3125,0.0
-66.8125,4.4375,0.0
-66.8125,4.5625,0.0
-66.8125,4.6875,0.0
-66.8125,4.8125,0.0
-66.8125,4.9375,0.0
-66.8125,5.0625,0.0
-66.8125,5.1875,0.0
-66.8125,5.3125,0.0
-66.8125,5.4375,0.0
-66.8125,5.5625,0.0
-66.8125,5.6875,0.0
-66.8125,5.8125,0.0
-66.8125,5.9375,0.0
-66.8125,6.0625,0.0
-66.8125,6.1875,0.0
-66.8125,6.3125,0.0
-66.8125,6.4375,0.0
-66.8125,6.5625,0.0
-66.8125,6.6875,0.0
-66.8125,6.8125,0.0
-66.8125,6.9375,0.0
-66.8125,7.0625,0.0
-66.8125,7.1875,0.0
-66.8125,7.3125,0.0
-66.8125,7.4375,0.0
-66.8125,7.5625,0.0
-66.8125,7.6875,0.0
-66.8125,7.8125,0.0
-66.8125,7.9375,0.0
-66.8125,8.0625,0.0
-66.8125,8.1875,0.0
-66.8125,8.3125,0.0
-66.8125,8.4375,0.0
-66.8125,8.5625,0.0
-66.8125,8.6875,0.0
-66.8125,8.8125,0.0
-66.8125,8.9375,0.0
-66.8125,9.0625,0.0
-66.8125,9.1875,0.0
-66.8125,9.3125,0.0
-66.8125,9.4375,0.0
-66.8125,9.5625,0.0
-66.8125,9.6875,0.0
-66.8125,9.8125,0.0
-66.8125,9.9375,0.0
-66.8125,10.0625,0.0
-66.8125,10.1875,0.0
-66.8125,10.3125,0.0
-66.8125,10.4375,0.0
-66.8125,10.5625,0.0
-66.8125,10.6875,0.0
-66.8125,10.8125,0.0
-66.8125,10.9375,0.0
-66.8125,11.0625,0.0
-66.8125,11.1875,0.0
-66.8125,11.3125,0.0
-66.8125,11.4375,0.0
-66.8125,11.5625,0.0
-66.8125,11.6875,0.0
-66.8125,11.8125,0.0
-66.8125,11.9375,0.0
-66.8125,12.0625,0.0
-66.8125,12.1875,0.0
-66.8125,12.3125,0.0
-66.8125,12.4375,0.0
-66.6875,-4.1875,0.0
-66.6875,-4.0625,0.0
-66.6875,-3.9375,0.0
-66.6875,-3.8125,0.0
-66.6875,-3.6875,0.0
-66.6875,-3.5625,0.0
-66.6875,-3.4375,0.0
-66.6875,-3.3125,0.0
-66.6875,-3.1875,0.0
-66.6875,-3.0625,0.0
-66.6875,-2.9375,0.0
-66.6875,-2.8125,0.0
-66.6875,-2.6875,0.0
-66.6875,-2.5625,0.0
-66.6875,-2.4375,0.0
-66.6875,-2.3125,0.0
-66.6875,-2.1875,0.0
-66.6875,-2.0625,0.0
-66.6875,-1.9375,0.0
-66.6875,-1.8125,0.0
-66.6875,-1.6875,0.0
-66.6875,-1.5625,0.0
-66.6875,-1.4375,0.0
-66.6875,-1.3125,0.0
-66.6875,-1.1875,0.0
-66.6875,-1.0625,0.0
-66.6875,-0.9375,0.0
-66.6875,-0.8125,0.0
-66.6875,-0.6875,0.0
-66.6875,-0.5625,0.0
-66.6875,-0.4375,0.0
-66.6875,-0.3125,0.0
-66.6875,-0.1875,0.0
-66.6875,-0.0625,0.0
-66.6875,0.0625,0.0
-66.6875,0.1875,0.0
-66.6875,0.3125,0.0
-66.6875,0.4375,0.0
-66.6875,0.5625,0.0
-66.6875,0.6875,0.0
-66.6875,0.8125,0.0
-66.6875,0.9375,0.0
-66.6875,1.0625,0.0
-66.6875,1.1875,0.0
-66.6875,1.3125,0.0
-66.6875,1.4375,0.0
-66.6875,1.5625,0.0
-66.6875,1.6875,0.0
-66.6875,1.8125,0.0
-66.6875,1.9375,0.0
-66.6875,2.0625,0.0
-66.6875,2.1875,0.0
-66.6875,2.3125,0.0
-66.6875,2.4375,0.0
-66.6875,2.5625,0.0
-66.6875,2.6875,0.0
-66.6875,2.8125,0.0
-66.6875,2.9375,0.0
-66.6875,3.0625,0.0
-66.6875,3.1875,0.0
-66.6875,3.3125,0.0
-66.6875,3.4375,0.0
-66.6875,3.5625,0.0
-66.6875,3.6875,0.0
-66.6875,3.8125,0.0
-66.6875,3.9375,0.0
-66.6875,4.0625,0.0
-66.6875,4.1875,0.0
-66.6875,4.3125,0.0
-66.6875,4.4375,0.0
-66.6875,4.5625,0.0
-66.6875,4.6875,0.0
-66.6875,4.8125,0.0
-66.6875,4.9375,0.0
-66.6875,5.0625,0.0
-66.6875,5.1875,0.0
-66.6875,5.3125,0.0
-66.6875,5.4375,0.0
-66.6875,5.5625,0.0
-66.6875,5.6875,0.0
-66.6875,5.8125,0.0
-66.6875,5.9375,0.0
-66.6875,6.0625,0.0
-66.6875,6.1875,0.0
-66.6875,6.3125,0.0
-66.6875,6.4375,0.0
-66.6875,6.5625,0.0
-66.6875,6.6875,0.0
-66.6875,6.8125,0.0
-66.6875,6.9375,0.0
-66.6875,7.0625,0.0
-66.6875,7.1875,0.0
-66.6875,7.3125,0.0
-66.6875,7.4375,0.0
-66.6875,7.5625,0.0
-66.6875,7.6875,0.0
-66.6875,7.8125,0.0
-66.6875,7.9375,0.0
-66.6875,8.0625,0.0
-66.6875,8.1875,0.0
-66.6875,8.3125,0.0
-66.6875,8.4375,0.0
-66.6875,8.5625,0.0
-66.6875,8.6875,0.0
-66.6875,8.8125,0.0
-66.6875,8.9375,0.0
-66.6875,9.0625,0.0
-66.6875,9.1875,0.0
-66.6875,9.3125,0.0
-66.6875,9.4375,0.0
-66.6875,9.5625,0.0
-66.6875,9.6875,0.0
-66.6875,9.8125,0.0
-66.6875,9.9375,0.0
-66.6875,10.0625,0.0
-66.6875,10.1875,0.0
-66.6875,10.3125,0.0
-66.6875,10.4375,0.0
-66.6875,10.5625,0.0
-66.6875,10.6875,0.0
-66.6875,10.8125,0.0
-66.6875,10.9375,0.0
-66.6875,11.0625,0.0
-66.6875,11.1875,0.0
-66.6875,11.3125,0.0
-66.6875,11.4375,0.0
-66.6875,11.5625,0.0
-66.6875,11.6875,0.0
-66.6875,11.8125,0.0
-66.6875,11.9375,0.0
-66.6875,12.0625,0.0
-66.6875,12.1875,0.0
-66.6875,12.3125,0.0
-66.6875,12.4375,0.0
-66.5625,-4.1875,0.0
-66.5625,-4.0625,0.0
-66.5625,-3.9375,0.0
-66.5625,-3.8125,0.0
-66.5625,-3.6875,0.0
-66.5625,-3.5625,0.0
-66.5625,-3.4375,0.0
-66.5625,-3.3125,0.0
-66.5625,-3.1875,0.0
-66.5625,-3.0625,0.0
-66.5625,-2.9375,0.0
-66.5625,-2.8125,0.0
-66.5625,-2.6875,0.0
-66.5625,-2.5625,0.0
-66.5625,-2.4375,0.0
-66.5625,-2.3125,0.0
-66.5625,-2.1875,0.0
-66.5625,-2.0625,0.0
-66.5625,-1.9375,0.0
-66.5625,-1.8125,0.0
-66.5625,-1.6875,0.0
-66.5625,-1.5625,0.0
-66.5625,-1.4375,0.0
-66.5625,-1.3125,0.0
-66.5625,-1.1875,0.0
-66.5625,-1.0625,0.0
-66.5625,-0.9375,0.0
-66.5625,-0.8125,0.0
-66.5625,-0.6875,0.0
-66.5625,-0.5625,0.0
-66.5625,-0.4375,0.0
-66.5625,-0.3125,0.0
-66.5625,-0.1875,0.0
-66.5625,-0.0625,0.0
-66.5625,0.0625,0.0
-66.5625,0.1875,0.0
-66.5625,0.3125,0.0
-66.5625,0.4375,0.0
-66.5625,0.5625,0.0
-66.5625,0.6875,0.0
-66.5625,0.8125,0.0
-66.5625,0.9375,0.0
-66.5625,1.0625,0.0
-66.5625,1.1875,0.0
-66.5625,1.3125,0.0
-66.5625,1.4375,0.0
-66.5625,1.5625,0.0
-66.5625,1.6875,0.0
-66.5625,1.8125,0.0
-66.5625,1.9375,0.0
-66.5625,2.0625,0.0
-66.5625,2.1875,0.0
-66.5625,2.3125,0.0
-66.5625,2.4375,0.0
-66.5625,2.5625,0.0
-66.5625,2.6875,0.0
-66.5625,2.8125,0.0
-66.5625,2.9375,0.0
-66.5625,3.0625,0.0
-66.5625,3.1875,0.0
-66.5625,3.3125,0.0
-66.5625,3.4375,0.0
-66.5625,3.5625,0.0
-66.5625,3.6875,0.0
-66.5625,3.8125,0.0
-66.5625,3.9375,0.0
-66.5625,4.0625,0.0
-66.5625,4.1875,0.0
-66.5625,4.3125,0.0
-66.5625,4.4375,0.0
-66.5625,4.5625,0.0
-66.5625,4.6875,0.0
-66.5625,4.8125,0.0
-66.5625,4.9375,0.0
-66.5625,5.0625,0.0
-66.5625,5.1875,0.0
-66.5625,5.3125,0.0
-66.5625,5.4375,0.0
-66.5625,5.5625,0.0
-66.5625,5.6875,0.0
-66.5625,5.8125,0.0
-66.5625,5.9375,0.0
-66.5625,6.0625,0.0
-66.5625,6.1875,0.0
-66.5625,6.3125,0.0
-66.5625,6.4375,0.0
-66.5625,6.5625,0.0
-66.5625,6.6875,0.0
-66.5625,6.8125,0.0
-66.5625,6.9375,0.0
-66.5625,7.0625,0.0
-66.5625,7.1875,0.0
-66.5625,7.3125,0.0
-66.5625,7.4375,0.0
-66.5625,7.5625,0.0
-66.5625,7.6875,0.0
-66.5625,7.8125,0.0
-66.5625,7.9375,0.0
-66.5625,8.0625,0.0
-66.5625,8.1875,0.0
-66.5625,8.3125,0.0
-66.5625,8.4375,0.0
-66.5625,8.5625,0.0
-66.5625,8.6875,0.0
-66.5625,8.8125,0.0
-66.5625,8.9375,0.0
-66.5625,9.0625,0.0
-66.5625,9.1875,0.0
-66.5625,9.3125,0.0
-66.5625,9.4375,0.0
-66.5625,9.5625,0.0
-66.5625,9.6875,0.0
-66.5625,9.8125,0.0
-66.5625,9.9375,0.0
-66.5625,10.0625,0.0
-66.5625,10.1875,0.0
-66.5625,10.3125,0.0
-66.5625,10.4375,0.0
-66.5625,10.5625,0.0
-66.5625,10.6875,0.0
-66.5625,10.8125,0.0
-66.5625,10.9375,0.0
-66.5625,11.0625,0.0
-66.5625,11.1875,0.0
-66.5625,11.3125,0.0
-66.5625,11.4375,0.0
-66.5625,11.5625,0.0
-66.5625,11.6875,0.0
-66.5625,11.8125,0.0
-66.5625,11.9375,0.0
-66.5625,12.0625,0.0
-66.5625,12.1875,0.0
-66.5625,12.3125,0.0
-66.5625,12.4375,0.0
