DN,geometry
5,"POLYGON ((-76.84791227696202 3.21280612327907, -76.84791227696202 3.199108518813953, -76.82051706803797 3.199108518813953, -76.82051706803797 3.21280612327907, -76.84791227696202 3.21280612327907))"
2,"POLYGON ((-76.10824163601265 3.226503727744186, -76.10824163601265 3.21280612327907, -76.12193924047467 3.21280612327907, -76.12193924047467 3.199108518813953, -76.10824163601265 3.199108518813953, -76.10824163601265 3.185410914348837, -76.09454403155063 3.185410914348837, -76.09454403155063 3.199108518813953, -76.05345121816455 3.199108518813953, -76.05345121816455 3.21280612327907, -76.09454403155063 3.21280612327907, -76.09454403155063 3.226503727744186, -76.10824163601265 3.226503727744186))"
7,"POLYGON ((-76.46437935202532 3.322386959, -76.46437935202532 3.308689354534884, -76.49177456094937 3.308689354534884, -76.49177456094937 3.294991750069768, -76.47807695648734 3.294991750069768, -76.47807695648734 3.281294145604651, -76.46437935202532 3.281294145604651, -76.46437935202532 3.240201332209303, -76.47807695648734 3.240201332209303, -76.47807695648734 3.21280612327907, -76.49177456094937 3.21280612327907, -76.49177456094937 3.171713309883721, -76.43698414310126 3.171713309883721, -76.43698414310126 3.185410914348837, -76.42328653863923 3.185410914348837, -76.42328653863923 3.199108518813953, -76.39589132971518 3.199108518813953, -76.39589132971518 3.21280612327907, -76.38219372525316 3.21280612327907, -76.38219372525316 3.294991750069768, -76.40958893417721 3.294991750069768, -76.40958893417721 3.308689354534884, -76.43698414310126 3.308689354534884, -76.43698414310126 3.322386959, -76.46437935202532 3.322386959))"
5,"POLYGON ((-76.8342146725 3.185410914348837, -76.8342146725 3.158015705418605, -76.80681946357595 3.158015705418605, -76.80681946357595 3.185410914348837, -76.8342146725 3.185410914348837))"
7,"POLYGON ((-77.03967873943037 3.171713309883721, -77.03967873943037 3.158015705418605, -77.02598113496835 3.158015705418605, -77.02598113496835 3.171713309883721, -77.03967873943037 3.171713309883721))"
6,"POLYGON ((-76.88900509034809 3.21280612327907, -76.88900509034809 3.199108518813953, -76.87530748588607 3.199108518813953, -76.87530748588607 3.171713309883721, -76.88900509034809 3.171713309883721, -76.88900509034809 3.158015705418605, -76.86160988142404 3.158015705418605, -76.86160988142404 3.199108518813953, -76.84791227696202 3.199108518813953, -76.84791227696202 3.21280612327907, -76.88900509034809 3.21280612327907))"
5,"POLYGON ((-76.86160988142404 3.171713309883721, -76.86160988142404 3.158015705418605, -76.84791227696202 3.158015705418605, -76.84791227696202 3.171713309883721, -76.86160988142404 3.171713309883721))"
6,"POLYGON ((-76.84791227696202 3.171713309883721, -76.84791227696202 3.158015705418605, -76.8342146725 3.158015705418605, -76.8342146725 3.171713309883721, -76.84791227696202 3.171713309883721))"
5,"POLYGON ((-76.75202904572784 3.171713309883721, -76.75202904572784 3.158015705418605, -76.73833144126581 3.158015705418605, -76.73833144126581 3.171713309883721, -76.75202904572784 3.171713309883721))"
7,"POLYGON ((-76.50547216541139 3.171713309883721, -76.50547216541139 3.158015705418605, -76.49177456094937 3.158015705418605, -76.49177456094937 3.171713309883721, -76.50547216541139 3.171713309883721))"
7,"POLYGON ((-76.90270269481012 3.199108518813953, -76.90270269481012 3.185410914348837, -76.91640029927215 3.185410914348837, -76.91640029927215 3.171713309883721, -76.90270269481012 3.171713309883721, -76.90270269481012 3.144318100953488, -76.86160988142404 3.144318100953488, -76.86160988142404 3.158015705418605, -76.88900509034809 3.158015705418605, -76.88900509034809 3.171713309883721, -76.87530748588607 3.171713309883721, -76.87530748588607 3.199108518813953, -76.90270269481012 3.199108518813953))"
7,"POLYGON ((-77.06707394835443 3.171713309883721, -77.06707394835443 3.158015705418605, -77.08077155281646 3.158015705418605, -77.08077155281646 3.144318100953488, -77.0533763438924 3.144318100953488, -77.0533763438924 3.171713309883721, -77.06707394835443 3.171713309883721))"
7,"POLYGON ((-76.84791227696202 3.158015705418605, -76.84791227696202 3.144318100953488, -76.8342146725 3.144318100953488, -76.8342146725 3.158015705418605, -76.84791227696202 3.158015705418605))"
6,"POLYGON ((-77.0533763438924 3.171713309883721, -77.0533763438924 3.144318100953488, -77.03967873943037 3.144318100953488, -77.03967873943037 3.130620496488372, -77.02598113496835 3.130620496488372, -77.02598113496835 3.158015705418605, -77.03967873943037 3.158015705418605, -77.03967873943037 3.171713309883721, -77.0533763438924 3.171713309883721))"
5,"POLYGON ((-76.20412486724683 3.240201332209303, -76.20412486724683 3.199108518813953, -76.21782247170886 3.199108518813953, -76.21782247170886 3.171713309883721, -76.2452176806329 3.171713309883721, -76.2452176806329 3.158015705418605, -76.23152007617088 3.158015705418605, -76.23152007617088 3.130620496488372, -76.21782247170886 3.130620496488372, -76.21782247170886 3.116922892023256, -76.20412486724683 3.116922892023256, -76.20412486724683 3.185410914348837, -76.19042726278481 3.185410914348837, -76.19042726278481 3.171713309883721, -76.17672965832278 3.171713309883721, -76.17672965832278 3.199108518813953, -76.16303205386076 3.199108518813953, -76.16303205386076 3.21280612327907, -76.17672965832278 3.21280612327907, -76.17672965832278 3.226503727744186, -76.19042726278481 3.226503727744186, -76.19042726278481 3.240201332209303, -76.20412486724683 3.240201332209303))"
6,"POLYGON ((-77.06707394835443 3.144318100953488, -77.06707394835443 3.116922892023256, -77.0533763438924 3.116922892023256, -77.0533763438924 3.144318100953488, -77.06707394835443 3.144318100953488))"
8,"POLYGON ((-76.91640029927215 3.171713309883721, -76.91640029927215 3.144318100953488, -76.93009790373418 3.144318100953488, -76.93009790373418 3.116922892023256, -76.91640029927215 3.116922892023256, -76.91640029927215 3.130620496488372, -76.87530748588607 3.130620496488372, -76.87530748588607 3.144318100953488, -76.90270269481012 3.144318100953488, -76.90270269481012 3.171713309883721, -76.91640029927215 3.171713309883721))"
7,"POLYGON ((-76.91640029927215 3.130620496488372, -76.91640029927215 3.116922892023256, -76.90270269481012 3.116922892023256, -76.90270269481012 3.130620496488372, -76.91640029927215 3.130620496488372))"
6,"POLYGON ((-76.86160988142404 3.158015705418605, -76.86160988142404 3.144318100953488, -76.87530748588607 3.144318100953488, -76.87530748588607 3.130620496488372, -76.90270269481012 3.130620496488372, -76.90270269481012 3.116922892023256, -76.8342146725 3.116922892023256, -76.8342146725 3.130620496488372, -76.82051706803797 3.130620496488372, -76.82051706803797 3.158015705418605, -76.8342146725 3.158015705418605, -76.8342146725 3.144318100953488, -76.84791227696202 3.144318100953488, -76.84791227696202 3.158015705418605, -76.86160988142404 3.158015705418605))"
5,"POLYGON ((-76.8342146725 3.130620496488372, -76.8342146725 3.116922892023256, -76.82051706803797 3.116922892023256, -76.82051706803797 3.130620496488372, -76.8342146725 3.130620496488372))"
8,"POLYGON ((-76.95749311265823 3.116922892023256, -76.95749311265823 3.10322528755814, -76.9437955081962 3.10322528755814, -76.9437955081962 3.116922892023256, -76.95749311265823 3.116922892023256))"
5,"POLYGON ((-76.76572665018988 3.116922892023256, -76.76572665018988 3.10322528755814, -76.75202904572784 3.10322528755814, -76.75202904572784 3.116922892023256, -76.76572665018988 3.116922892023256))"
7,"POLYGON ((-77.13556197066455 3.144318100953488, -77.13556197066455 3.089527683093023, -77.12186436620253 3.089527683093023, -77.12186436620253 3.10322528755814, -77.1081667617405 3.10322528755814, -77.1081667617405 3.089527683093023, -77.08077155281646 3.089527683093023, -77.08077155281646 3.116922892023256, -77.06707394835443 3.116922892023256, -77.06707394835443 3.130620496488372, -77.09446915727848 3.130620496488372, -77.09446915727848 3.116922892023256, -77.12186436620253 3.116922892023256, -77.12186436620253 3.144318100953488, -77.13556197066455 3.144318100953488))"
7,"POLYGON ((-76.98488832158228 3.130620496488372, -76.98488832158228 3.089527683093023, -76.97119071712025 3.089527683093023, -76.97119071712025 3.10322528755814, -76.95749311265823 3.10322528755814, -76.95749311265823 3.116922892023256, -76.97119071712025 3.116922892023256, -76.97119071712025 3.130620496488372, -76.98488832158228 3.130620496488372))"
6,"POLYGON ((-77.08077155281646 3.116922892023256, -77.08077155281646 3.089527683093023, -77.06707394835443 3.089527683093023, -77.06707394835443 3.116922892023256, -77.08077155281646 3.116922892023256))"
8,"POLYGON ((-76.91640029927215 3.116922892023256, -76.91640029927215 3.10322528755814, -76.90270269481012 3.10322528755814, -76.90270269481012 3.089527683093023, -76.88900509034809 3.089527683093023, -76.88900509034809 3.116922892023256, -76.91640029927215 3.116922892023256))"
7,"POLYGON ((-76.9437955081962 3.116922892023256, -76.9437955081962 3.10322528755814, -76.95749311265823 3.10322528755814, -76.95749311265823 3.089527683093023, -76.90270269481012 3.089527683093023, -76.90270269481012 3.10322528755814, -76.91640029927215 3.10322528755814, -76.91640029927215 3.116922892023256, -76.9437955081962 3.116922892023256))"
6,"POLYGON ((-76.69723862787974 3.10322528755814, -76.69723862787974 3.089527683093023, -76.6698434189557 3.089527683093023, -76.6698434189557 3.10322528755814, -76.69723862787974 3.10322528755814))"
7,"POLYGON ((-77.08077155281646 3.089527683093023, -77.08077155281646 3.075830078627907, -77.06707394835443 3.075830078627907, -77.06707394835443 3.089527683093023, -77.08077155281646 3.089527683093023))"
7,"POLYGON ((-76.88900509034809 3.116922892023256, -76.88900509034809 3.089527683093023, -76.90270269481012 3.089527683093023, -76.90270269481012 3.075830078627907, -76.87530748588607 3.075830078627907, -76.87530748588607 3.089527683093023, -76.86160988142404 3.089527683093023, -76.86160988142404 3.10322528755814, -76.87530748588607 3.10322528755814, -76.87530748588607 3.116922892023256, -76.88900509034809 3.116922892023256))"
1,"POLYGON ((-76.09454403155063 3.144318100953488, -76.09454403155063 3.130620496488372, -76.10824163601265 3.130620496488372, -76.10824163601265 3.116922892023256, -76.12193924047467 3.116922892023256, -76.12193924047467 3.075830078627907, -76.1356368449367 3.075830078627907, -76.1356368449367 3.062132474162791, -76.10824163601265 3.062132474162791, -76.10824163601265 3.075830078627907, -76.0808464270886 3.075830078627907, -76.0808464270886 3.089527683093023, -76.09454403155063 3.089527683093023, -76.09454403155063 3.116922892023256, -76.06714882262658 3.116922892023256, -76.06714882262658 3.144318100953488, -76.09454403155063 3.144318100953488))"
6,"POLYGON ((-77.01228353050632 3.158015705418605, -77.01228353050632 3.075830078627907, -76.9985859260443 3.075830078627907, -76.9985859260443 3.062132474162791, -76.98488832158228 3.062132474162791, -76.98488832158228 3.075830078627907, -76.97119071712025 3.075830078627907, -76.97119071712025 3.048434869697675, -76.95749311265823 3.048434869697675, -76.95749311265823 3.062132474162791, -76.93009790373418 3.062132474162791, -76.93009790373418 3.048434869697675, -76.91640029927215 3.048434869697675, -76.91640029927215 3.075830078627907, -76.90270269481012 3.075830078627907, -76.90270269481012 3.089527683093023, -76.95749311265823 3.089527683093023, -76.95749311265823 3.10322528755814, -76.97119071712025 3.10322528755814, -76.97119071712025 3.089527683093023, -76.98488832158228 3.089527683093023, -76.98488832158228 3.144318100953488, -76.9985859260443 3.144318100953488, -76.9985859260443 3.158015705418605, -77.01228353050632 3.158015705418605))"
7,"POLYGON ((-77.1081667617405 3.075830078627907, -77.1081667617405 3.048434869697675, -77.08077155281646 3.048434869697675, -77.08077155281646 3.075830078627907, -77.1081667617405 3.075830078627907))"
5,"POLYGON ((-76.91640029927215 3.075830078627907, -76.91640029927215 3.048434869697675, -76.88900509034809 3.048434869697675, -76.88900509034809 3.062132474162791, -76.90270269481012 3.062132474162791, -76.90270269481012 3.075830078627907, -76.91640029927215 3.075830078627907))"
6,"POLYGON ((-76.87530748588607 3.089527683093023, -76.87530748588607 3.075830078627907, -76.90270269481012 3.075830078627907, -76.90270269481012 3.062132474162791, -76.88900509034809 3.062132474162791, -76.88900509034809 3.048434869697675, -76.87530748588607 3.048434869697675, -76.87530748588607 3.062132474162791, -76.86160988142404 3.062132474162791, -76.86160988142404 3.075830078627907, -76.84791227696202 3.075830078627907, -76.84791227696202 3.062132474162791, -76.8342146725 3.062132474162791, -76.8342146725 3.089527683093023, -76.87530748588607 3.089527683093023))"
6,"POLYGON ((-76.71093623234177 3.089527683093023, -76.71093623234177 3.062132474162791, -76.72463383680379 3.062132474162791, -76.72463383680379 3.048434869697675, -76.69723862787974 3.048434869697675, -76.69723862787974 3.089527683093023, -76.71093623234177 3.089527683093023))"
6,"POLYGON ((-77.06707394835443 3.089527683093023, -77.06707394835443 3.075830078627907, -77.08077155281646 3.075830078627907, -77.08077155281646 3.048434869697675, -77.0533763438924 3.048434869697675, -77.0533763438924 3.034737265232558, -77.02598113496835 3.034737265232558, -77.02598113496835 3.048434869697675, -77.03967873943037 3.048434869697675, -77.03967873943037 3.075830078627907, -77.0533763438924 3.075830078627907, -77.0533763438924 3.089527683093023, -77.06707394835443 3.089527683093023))"
5,"POLYGON ((-76.87530748588607 3.116922892023256, -76.87530748588607 3.10322528755814, -76.86160988142404 3.10322528755814, -76.86160988142404 3.089527683093023, -76.8342146725 3.089527683093023, -76.8342146725 3.062132474162791, -76.84791227696202 3.062132474162791, -76.84791227696202 3.075830078627907, -76.86160988142404 3.075830078627907, -76.86160988142404 3.062132474162791, -76.87530748588607 3.062132474162791, -76.87530748588607 3.048434869697675, -76.88900509034809 3.048434869697675, -76.88900509034809 3.034737265232558, -76.8342146725 3.034737265232558, -76.8342146725 3.048434869697675, -76.82051706803797 3.048434869697675, -76.82051706803797 3.062132474162791, -76.80681946357595 3.062132474162791, -76.80681946357595 3.089527683093023, -76.82051706803797 3.089527683093023, -76.82051706803797 3.10322528755814, -76.8342146725 3.10322528755814, -76.8342146725 3.116922892023256, -76.87530748588607 3.116922892023256))"
2,"POLYGON ((-76.05345121816455 3.048434869697675, -76.05345121816455 3.034737265232558, -76.03975361370253 3.034737265232558, -76.03975361370253 3.048434869697675, -76.05345121816455 3.048434869697675))"
5,"POLYGON ((-76.79312185911392 3.034737265232558, -76.79312185911392 3.021039660767442, -76.7794242546519 3.021039660767442, -76.7794242546519 3.034737265232558, -76.79312185911392 3.034737265232558))"
6,"POLYGON ((-76.72463383680379 3.034737265232558, -76.72463383680379 3.021039660767442, -76.71093623234177 3.021039660767442, -76.71093623234177 3.034737265232558, -76.72463383680379 3.034737265232558))"
1,"POLYGON ((-76.05345121816455 3.034737265232558, -76.05345121816455 3.007342056302326, -76.03975361370253 3.007342056302326, -76.03975361370253 3.034737265232558, -76.05345121816455 3.034737265232558))"
2,"POLYGON ((-76.06714882262658 3.034737265232558, -76.06714882262658 2.99364445183721, -76.03975361370253 2.99364445183721, -76.03975361370253 3.007342056302326, -76.05345121816455 3.007342056302326, -76.05345121816455 3.034737265232558, -76.06714882262658 3.034737265232558))"
8,"POLYGON ((-77.06707394835443 3.021039660767442, -77.06707394835443 2.99364445183721, -77.0533763438924 2.99364445183721, -77.0533763438924 3.007342056302326, -77.02598113496835 3.007342056302326, -77.02598113496835 3.021039660767442, -77.06707394835443 3.021039660767442))"
6,"POLYGON ((-76.97119071712025 3.007342056302326, -76.97119071712025 2.99364445183721, -76.95749311265823 2.99364445183721, -76.95749311265823 3.007342056302326, -76.97119071712025 3.007342056302326))"
5,"POLYGON ((-76.25891528509493 3.007342056302326, -76.25891528509493 2.99364445183721, -76.2452176806329 2.99364445183721, -76.2452176806329 3.007342056302326, -76.25891528509493 3.007342056302326))"
2,"POLYGON ((-76.20412486724683 2.99364445183721, -76.20412486724683 2.979946847372093, -76.19042726278481 2.979946847372093, -76.19042726278481 2.99364445183721, -76.20412486724683 2.99364445183721))"
1,"POLYGON ((-76.0808464270886 3.075830078627907, -76.0808464270886 3.048434869697675, -76.09454403155063 3.048434869697675, -76.09454403155063 3.007342056302326, -76.10824163601265 3.007342056302326, -76.10824163601265 2.99364445183721, -76.12193924047467 2.99364445183721, -76.12193924047467 2.979946847372093, -76.09454403155063 2.979946847372093, -76.09454403155063 2.99364445183721, -76.06714882262658 2.99364445183721, -76.06714882262658 3.034737265232558, -76.05345121816455 3.034737265232558, -76.05345121816455 3.048434869697675, -76.06714882262658 3.048434869697675, -76.06714882262658 3.075830078627907, -76.0808464270886 3.075830078627907))"
2,"POLYGON ((-76.05345121816455 2.979946847372093, -76.05345121816455 2.966249242906977, -76.03975361370253 2.966249242906977, -76.03975361370253 2.979946847372093, -76.05345121816455 2.979946847372093))"
5,"POLYGON ((-77.02598113496835 3.158015705418605, -77.02598113496835 3.130620496488372, -77.03967873943037 3.130620496488372, -77.03967873943037 3.144318100953488, -77.0533763438924 3.144318100953488, -77.0533763438924 3.116922892023256, -77.06707394835443 3.116922892023256, -77.06707394835443 3.089527683093023, -77.0533763438924 3.089527683093023, -77.0533763438924 3.075830078627907, -77.03967873943037 3.075830078627907, -77.03967873943037 3.048434869697675, -76.98488832158228 3.048434869697675, -76.98488832158228 3.034737265232558, -76.95749311265823 3.034737265232558, -76.95749311265823 2.95255163844186, -76.9437955081962 2.95255163844186, -76.9437955081962 3.034737265232558, -76.91640029927215 3.034737265232558, -76.91640029927215 3.048434869697675, -76.93009790373418 3.048434869697675, -76.93009790373418 3.062132474162791, -76.95749311265823 3.062132474162791, -76.95749311265823 3.048434869697675, -76.97119071712025 3.048434869697675, -76.97119071712025 3.075830078627907, -76.98488832158228 3.075830078627907, -76.98488832158228 3.062132474162791, -76.9985859260443 3.062132474162791, -76.9985859260443 3.075830078627907, -77.01228353050632 3.075830078627907, -77.01228353050632 3.158015705418605, -77.02598113496835 3.158015705418605))"
5,"POLYGON ((-76.25891528509493 3.158015705418605, -76.25891528509493 3.144318100953488, -76.27261288955695 3.144318100953488, -76.27261288955695 3.130620496488372, -76.30000809848102 3.130620496488372, -76.30000809848102 3.10322528755814, -76.31370570294304 3.10322528755814, -76.31370570294304 3.089527683093023, -76.32740330740506 3.089527683093023, -76.32740330740506 3.075830078627907, -76.30000809848102 3.075830078627907, -76.30000809848102 3.062132474162791, -76.34110091186709 3.062132474162791, -76.34110091186709 3.034737265232558, -76.32740330740506 3.034737265232558, -76.32740330740506 3.048434869697675, -76.30000809848102 3.048434869697675, -76.30000809848102 3.021039660767442, -76.31370570294304 3.021039660767442, -76.31370570294304 3.007342056302326, -76.34110091186709 3.007342056302326, -76.34110091186709 2.979946847372093, -76.32740330740506 2.979946847372093, -76.32740330740506 2.99364445183721, -76.30000809848102 2.99364445183721, -76.30000809848102 2.95255163844186, -76.28631049401898 2.95255163844186, -76.28631049401898 3.021039660767442, -76.2452176806329 3.021039660767442, -76.2452176806329 3.048434869697675, -76.28631049401898 3.048434869697675, -76.28631049401898 3.116922892023256, -76.2452176806329 3.116922892023256, -76.2452176806329 3.158015705418605, -76.25891528509493 3.158015705418605))"
6,"POLYGON ((-76.97119071712025 2.979946847372093, -76.97119071712025 2.95255163844186, -76.95749311265823 2.95255163844186, -76.95749311265823 2.979946847372093, -76.97119071712025 2.979946847372093))"
6,"POLYGON ((-76.9437955081962 2.966249242906977, -76.9437955081962 2.95255163844186, -76.95749311265823 2.95255163844186, -76.95749311265823 2.938854033976744, -76.93009790373418 2.938854033976744, -76.93009790373418 2.966249242906977, -76.9437955081962 2.966249242906977))"
6,"POLYGON ((-76.71093623234177 2.95255163844186, -76.71093623234177 2.938854033976744, -76.69723862787974 2.938854033976744, -76.69723862787974 2.95255163844186, -76.71093623234177 2.95255163844186))"
2,"POLYGON ((-76.12193924047467 2.95255163844186, -76.12193924047467 2.938854033976744, -76.10824163601265 2.938854033976744, -76.10824163601265 2.95255163844186, -76.12193924047467 2.95255163844186))"
5,"POLYGON ((-76.31370570294304 2.95255163844186, -76.31370570294304 2.925156429511628, -76.30000809848102 2.925156429511628, -76.30000809848102 2.95255163844186, -76.31370570294304 2.95255163844186))"
7,"POLYGON ((-77.0533763438924 2.938854033976744, -77.0533763438924 2.925156429511628, -77.03967873943037 2.925156429511628, -77.03967873943037 2.938854033976744, -77.0533763438924 2.938854033976744))"
1,"POLYGON ((-76.16303205386076 2.966249242906977, -76.16303205386076 2.95255163844186, -76.1356368449367 2.95255163844186, -76.1356368449367 2.938854033976744, -76.14933444939874 2.938854033976744, -76.14933444939874 2.925156429511628, -76.10824163601265 2.925156429511628, -76.10824163601265 2.938854033976744, -76.09454403155063 2.938854033976744, -76.09454403155063 2.966249242906977, -76.16303205386076 2.966249242906977), (-76.12193924047467 2.95255163844186, -76.10824163601265 2.95255163844186, -76.10824163601265 2.938854033976744, -76.12193924047467 2.938854033976744, -76.12193924047467 2.95255163844186))"
5,"POLYGON ((-76.93009790373418 2.99364445183721, -76.93009790373418 2.938854033976744, -76.91640029927215 2.938854033976744, -76.91640029927215 2.911458825046512, -76.90270269481012 2.911458825046512, -76.90270269481012 2.95255163844186, -76.91640029927215 2.95255163844186, -76.91640029927215 2.966249242906977, -76.90270269481012 2.966249242906977, -76.90270269481012 2.979946847372093, -76.91640029927215 2.979946847372093, -76.91640029927215 2.99364445183721, -76.93009790373418 2.99364445183721))"
6,"POLYGON ((-76.38219372525316 3.294991750069768, -76.38219372525316 3.21280612327907, -76.39589132971518 3.21280612327907, -76.39589132971518 3.199108518813953, -76.42328653863923 3.199108518813953, -76.42328653863923 3.185410914348837, -76.43698414310126 3.185410914348837, -76.43698414310126 3.171713309883721, -76.49177456094937 3.171713309883721, -76.49177456094937 3.158015705418605, -76.50547216541139 3.158015705418605, -76.50547216541139 3.144318100953488, -76.51916976987341 3.144318100953488, -76.51916976987341 3.116922892023256, -76.53286737433544 3.116922892023256, -76.53286737433544 3.10322528755814, -76.56026258325949 3.10322528755814, -76.56026258325949 3.116922892023256, -76.58765779218353 3.116922892023256, -76.58765779218353 3.089527683093023, -76.6150530011076 3.089527683093023, -76.6150530011076 3.10322528755814, -76.62875060556962 3.10322528755814, -76.62875060556962 3.116922892023256, -76.64244821003165 3.116922892023256, -76.64244821003165 3.10322528755814, -76.65614581449367 3.10322528755814, -76.65614581449367 3.062132474162791, -76.6698434189557 3.062132474162791, -76.6698434189557 3.034737265232558, -76.68354102341772 3.034737265232558, -76.68354102341772 3.021039660767442, -76.69723862787974 3.021039660767442, -76.69723862787974 3.007342056302326, -76.68354102341772 3.007342056302326, -76.68354102341772 2.979946847372093, -76.69723862787974 2.979946847372093, -76.69723862787974 2.966249242906977, -76.6698434189557 2.966249242906977, -76.6698434189557 2.925156429511628, -76.65614581449367 2.925156429511628, -76.65614581449367 2.911458825046512, -76.62875060556962 2.911458825046512, -76.62875060556962 2.925156429511628, -76.64244821003165 2.925156429511628, -76.64244821003165 2.938854033976744, -76.65614581449367 2.938854033976744, -76.65614581449367 2.95255163844186, -76.64244821003165 2.95255163844186, -76.64244821003165 2.99364445183721, -76.62875060556962 2.99364445183721, -76.62875060556962 3.007342056302326, -76.6150530011076 3.007342056302326, -76.6150530011076 2.979946847372093, -76.58765779218353 2.979946847372093, -76.58765779218353 2.99364445183721, -76.53286737433544 2.99364445183721, -76.53286737433544 2.925156429511628, -76.50547216541139 2.925156429511628, -76.50547216541139 2.911458825046512, -76.49177456094937 2.911458825046512, -76.49177456094937 2.966249242906977, -76.47807695648734 2.966249242906977, -76.47807695648734 2.95255163844186, -76.46437935202532 2.95255163844186, -76.46437935202532 2.966249242906977, -76.4506817475633 2.966249242906977, -76.4506817475633 2.99364445183721, -76.42328653863923 2.99364445183721, -76.42328653863923 3.007342056302326, -76.38219372525316 3.007342056302326, -76.38219372525316 3.034737265232558, -76.36849612079114 3.034737265232558, -76.36849612079114 3.048434869697675, -76.35479851632911 3.048434869697675, -76.35479851632911 3.034737265232558, -76.34110091186709 3.034737265232558, -76.34110091186709 3.062132474162791, -76.30000809848102 3.062132474162791, -76.30000809848102 3.075830078627907, -76.32740330740506 3.075830078627907, -76.32740330740506 3.089527683093023, -76.31370570294304 3.089527683093023, -76.31370570294304 3.10322528755814, -76.30000809848102 3.10322528755814, -76.30000809848102 3.130620496488372, -76.27261288955695 3.130620496488372, -76.27261288955695 3.144318100953488, -76.25891528509493 3.144318100953488, -76.25891528509493 3.158015705418605, -76.2452176806329 3.158015705418605, -76.2452176806329 3.171713309883721, -76.21782247170886 3.171713309883721, -76.21782247170886 3.199108518813953, -76.20412486724683 3.199108518813953, -76.20412486724683 3.267596541139535, -76.23152007617088 3.267596541139535, -76.23152007617088 3.281294145604651, -76.35479851632911 3.281294145604651, -76.35479851632911 3.294991750069768, -76.38219372525316 3.294991750069768))"
4,"POLYGON ((-76.16303205386076 3.240201332209303, -76.16303205386076 3.226503727744186, -76.17672965832278 3.226503727744186, -76.17672965832278 3.21280612327907, -76.16303205386076 3.21280612327907, -76.16303205386076 3.199108518813953, -76.17672965832278 3.199108518813953, -76.17672965832278 3.171713309883721, -76.19042726278481 3.171713309883721, -76.19042726278481 3.185410914348837, -76.20412486724683 3.185410914348837, -76.20412486724683 3.116922892023256, -76.21782247170886 3.116922892023256, -76.21782247170886 3.130620496488372, -76.23152007617088 3.130620496488372, -76.23152007617088 3.158015705418605, -76.2452176806329 3.158015705418605, -76.2452176806329 3.116922892023256, -76.28631049401898 3.116922892023256, -76.28631049401898 3.048434869697675, -76.2452176806329 3.048434869697675, -76.2452176806329 3.021039660767442, -76.28631049401898 3.021039660767442, -76.28631049401898 2.95255163844186, -76.30000809848102 2.95255163844186, -76.30000809848102 2.925156429511628, -76.28631049401898 2.925156429511628, -76.28631049401898 2.897761220581395, -76.27261288955695 2.897761220581395, -76.27261288955695 2.925156429511628, -76.25891528509493 2.925156429511628, -76.25891528509493 2.95255163844186, -76.21782247170886 2.95255163844186, -76.21782247170886 2.966249242906977, -76.23152007617088 2.966249242906977, -76.23152007617088 2.979946847372093, -76.21782247170886 2.979946847372093, -76.21782247170886 2.99364445183721, -76.23152007617088 2.99364445183721, -76.23152007617088 3.007342056302326, -76.21782247170886 3.007342056302326, -76.21782247170886 3.021039660767442, -76.16303205386076 3.021039660767442, -76.16303205386076 3.034737265232558, -76.20412486724683 3.034737265232558, -76.20412486724683 3.062132474162791, -76.19042726278481 3.062132474162791, -76.19042726278481 3.075830078627907, -76.20412486724683 3.075830078627907, -76.20412486724683 3.089527683093023, -76.19042726278481 3.089527683093023, -76.19042726278481 3.10322528755814, -76.17672965832278 3.10322528755814, -76.17672965832278 3.144318100953488, -76.14933444939874 3.144318100953488, -76.14933444939874 3.158015705418605, -76.16303205386076 3.158015705418605, -76.16303205386076 3.171713309883721, -76.1356368449367 3.171713309883721, -76.1356368449367 3.21280612327907, -76.14933444939874 3.21280612327907, -76.14933444939874 3.240201332209303, -76.16303205386076 3.240201332209303), (-76.25891528509493 3.007342056302326, -76.2452176806329 3.007342056302326, -76.2452176806329 2.99364445183721, -76.25891528509493 2.99364445183721, -76.25891528509493 3.007342056302326))"
1,"POLYGON ((-76.03975361370253 3.007342056302326, -76.03975361370253 2.99364445183721, -76.06714882262658 2.99364445183721, -76.06714882262658 2.966249242906977, -76.05345121816455 2.966249242906977, -76.05345121816455 2.95255163844186, -76.03975361370253 2.95255163844186, -76.03975361370253 2.938854033976744, -76.05345121816455 2.938854033976744, -76.05345121816455 2.925156429511628, -76.03975361370253 2.925156429511628, -76.03975361370253 2.897761220581395, -75.99866080031646 2.897761220581395, -75.99866080031646 2.925156429511628, -76.01235840477848 2.925156429511628, -76.01235840477848 2.938854033976744, -76.0260560092405 2.938854033976744, -76.0260560092405 3.007342056302326, -76.03975361370253 3.007342056302326), (-76.05345121816455 2.979946847372093, -76.03975361370253 2.979946847372093, -76.03975361370253 2.966249242906977, -76.05345121816455 2.966249242906977, -76.05345121816455 2.979946847372093))"
6,"POLYGON ((-76.93009790373418 2.938854033976744, -76.93009790373418 2.925156429511628, -76.95749311265823 2.925156429511628, -76.95749311265823 2.897761220581395, -76.9437955081962 2.897761220581395, -76.9437955081962 2.911458825046512, -76.91640029927215 2.911458825046512, -76.91640029927215 2.938854033976744, -76.93009790373418 2.938854033976744))"
7,"POLYGON ((-77.06707394835443 3.048434869697675, -77.06707394835443 3.021039660767442, -77.09446915727848 3.021039660767442, -77.09446915727848 2.99364445183721, -77.1081667617405 2.99364445183721, -77.1081667617405 2.966249242906977, -77.09446915727848 2.966249242906977, -77.09446915727848 2.979946847372093, -77.06707394835443 2.979946847372093, -77.06707394835443 2.966249242906977, -77.0533763438924 2.966249242906977, -77.0533763438924 2.95255163844186, -77.03967873943037 2.95255163844186, -77.03967873943037 2.979946847372093, -77.02598113496835 2.979946847372093, -77.02598113496835 2.966249242906977, -77.01228353050632 2.966249242906977, -77.01228353050632 3.007342056302326, -76.9985859260443 3.007342056302326, -76.9985859260443 3.021039660767442, -76.98488832158228 3.021039660767442, -76.98488832158228 2.99364445183721, -76.9985859260443 2.99364445183721, -76.9985859260443 2.979946847372093, -76.98488832158228 2.979946847372093, -76.98488832158228 2.938854033976744, -76.97119071712025 2.938854033976744, -76.97119071712025 2.911458825046512, -76.9985859260443 2.911458825046512, -76.9985859260443 2.897761220581395, -76.95749311265823 2.897761220581395, -76.95749311265823 2.925156429511628, -76.93009790373418 2.925156429511628, -76.93009790373418 2.938854033976744, -76.95749311265823 2.938854033976744, -76.95749311265823 2.95255163844186, -76.97119071712025 2.95255163844186, -76.97119071712025 2.979946847372093, -76.95749311265823 2.979946847372093, -76.95749311265823 2.99364445183721, -76.97119071712025 2.99364445183721, -76.97119071712025 3.007342056302326, -76.95749311265823 3.007342056302326, -76.95749311265823 3.034737265232558, -76.98488832158228 3.034737265232558, -76.98488832158228 3.048434869697675, -77.02598113496835 3.048434869697675, -77.02598113496835 3.034737265232558, -77.0533763438924 3.034737265232558, -77.0533763438924 3.048434869697675, -77.06707394835443 3.048434869697675), (-77.06707394835443 3.021039660767442, -77.02598113496835 3.021039660767442, -77.02598113496835 3.007342056302326, -77.0533763438924 3.007342056302326, -77.0533763438924 2.99364445183721, -77.06707394835443 2.99364445183721, -77.06707394835443 3.021039660767442))"
7,"POLYGON ((-77.0533763438924 2.911458825046512, -77.0533763438924 2.884063616116279, -77.03967873943037 2.884063616116279, -77.03967873943037 2.897761220581395, -77.01228353050632 2.897761220581395, -77.01228353050632 2.911458825046512, -77.0533763438924 2.911458825046512))"
5,"POLYGON ((-76.97119071712025 2.897761220581395, -76.97119071712025 2.884063616116279, -76.9437955081962 2.884063616116279, -76.9437955081962 2.897761220581395, -76.97119071712025 2.897761220581395))"
1,"POLYGON ((-76.16303205386076 2.911458825046512, -76.16303205386076 2.897761220581395, -76.19042726278481 2.897761220581395, -76.19042726278481 2.884063616116279, -76.14933444939874 2.884063616116279, -76.14933444939874 2.897761220581395, -76.1356368449367 2.897761220581395, -76.1356368449367 2.884063616116279, -76.09454403155063 2.884063616116279, -76.09454403155063 2.897761220581395, -76.10824163601265 2.897761220581395, -76.10824163601265 2.911458825046512, -76.16303205386076 2.911458825046512))"
6,"POLYGON ((-76.62875060556962 2.911458825046512, -76.62875060556962 2.897761220581395, -76.64244821003165 2.897761220581395, -76.64244821003165 2.884063616116279, -76.62875060556962 2.884063616116279, -76.62875060556962 2.870366011651163, -76.6150530011076 2.870366011651163, -76.6150530011076 2.911458825046512, -76.62875060556962 2.911458825046512))"
2,"POLYGON ((-75.99866080031646 2.911458825046512, -75.99866080031646 2.897761220581395, -76.03975361370253 2.897761220581395, -76.03975361370253 2.856668407186047, -76.0260560092405 2.856668407186047, -76.0260560092405 2.870366011651163, -75.98496319585442 2.870366011651163, -75.98496319585442 2.884063616116279, -75.9712655913924 2.884063616116279, -75.9712655913924 2.911458825046512, -75.99866080031646 2.911458825046512))"
7,"POLYGON ((-76.97119071712025 2.870366011651163, -76.97119071712025 2.856668407186047, -76.95749311265823 2.856668407186047, -76.95749311265823 2.870366011651163, -76.97119071712025 2.870366011651163))"
5,"POLYGON ((-76.79312185911392 2.870366011651163, -76.79312185911392 2.84297080272093, -76.7794242546519 2.84297080272093, -76.7794242546519 2.870366011651163, -76.79312185911392 2.870366011651163))"
4,"POLYGON ((-76.64244821003165 2.856668407186047, -76.64244821003165 2.84297080272093, -76.62875060556962 2.84297080272093, -76.62875060556962 2.856668407186047, -76.64244821003165 2.856668407186047))"
6,"POLYGON ((-76.73833144126581 2.856668407186047, -76.73833144126581 2.829273198255814, -76.72463383680379 2.829273198255814, -76.72463383680379 2.856668407186047, -76.73833144126581 2.856668407186047))"
4,"POLYGON ((-75.94387038246835 2.856668407186047, -75.94387038246835 2.829273198255814, -75.93017277800632 2.829273198255814, -75.93017277800632 2.856668407186047, -75.94387038246835 2.856668407186047))"
7,"POLYGON ((-76.9985859260443 2.84297080272093, -76.9985859260443 2.829273198255814, -76.98488832158228 2.829273198255814, -76.98488832158228 2.84297080272093, -76.9985859260443 2.84297080272093))"
6,"POLYGON ((-76.98488832158228 2.897761220581395, -76.98488832158228 2.829273198255814, -76.97119071712025 2.829273198255814, -76.97119071712025 2.815575593790698, -76.95749311265823 2.815575593790698, -76.95749311265823 2.84297080272093, -76.9437955081962 2.84297080272093, -76.9437955081962 2.870366011651163, -76.93009790373418 2.870366011651163, -76.93009790373418 2.884063616116279, -76.97119071712025 2.884063616116279, -76.97119071712025 2.897761220581395, -76.98488832158228 2.897761220581395), (-76.97119071712025 2.870366011651163, -76.95749311265823 2.870366011651163, -76.95749311265823 2.856668407186047, -76.97119071712025 2.856668407186047, -76.97119071712025 2.870366011651163))"
6,"POLYGON ((-76.69723862787974 2.911458825046512, -76.69723862787974 2.897761220581395, -76.68354102341772 2.897761220581395, -76.68354102341772 2.856668407186047, -76.69723862787974 2.856668407186047, -76.69723862787974 2.84297080272093, -76.71093623234177 2.84297080272093, -76.71093623234177 2.815575593790698, -76.69723862787974 2.815575593790698, -76.69723862787974 2.829273198255814, -76.68354102341772 2.829273198255814, -76.68354102341772 2.84297080272093, -76.6698434189557 2.84297080272093, -76.6698434189557 2.870366011651163, -76.65614581449367 2.870366011651163, -76.65614581449367 2.884063616116279, -76.6698434189557 2.884063616116279, -76.6698434189557 2.911458825046512, -76.69723862787974 2.911458825046512))"
5,"POLYGON ((-76.98488832158228 2.829273198255814, -76.98488832158228 2.815575593790698, -76.97119071712025 2.815575593790698, -76.97119071712025 2.829273198255814, -76.98488832158228 2.829273198255814))"
4,"POLYGON ((-76.53286737433544 2.829273198255814, -76.53286737433544 2.815575593790698, -76.51916976987341 2.815575593790698, -76.51916976987341 2.829273198255814, -76.53286737433544 2.829273198255814))"
5,"POLYGON ((-76.93009790373418 2.884063616116279, -76.93009790373418 2.870366011651163, -76.9437955081962 2.870366011651163, -76.9437955081962 2.84297080272093, -76.95749311265823 2.84297080272093, -76.95749311265823 2.801877989325582, -76.9437955081962 2.801877989325582, -76.9437955081962 2.829273198255814, -76.93009790373418 2.829273198255814, -76.93009790373418 2.84297080272093, -76.91640029927215 2.84297080272093, -76.91640029927215 2.870366011651163, -76.90270269481012 2.870366011651163, -76.90270269481012 2.884063616116279, -76.93009790373418 2.884063616116279))"
4,"POLYGON ((-76.98488832158228 2.815575593790698, -76.98488832158228 2.801877989325582, -76.95749311265823 2.801877989325582, -76.95749311265823 2.815575593790698, -76.98488832158228 2.815575593790698))"
4,"POLYGON ((-76.73833144126581 2.815575593790698, -76.73833144126581 2.801877989325582, -76.72463383680379 2.801877989325582, -76.72463383680379 2.815575593790698, -76.73833144126581 2.815575593790698))"
7,"POLYGON ((-77.1081667617405 2.897761220581395, -77.1081667617405 2.84297080272093, -77.09446915727848 2.84297080272093, -77.09446915727848 2.815575593790698, -77.1081667617405 2.815575593790698, -77.1081667617405 2.801877989325582, -77.08077155281646 2.801877989325582, -77.08077155281646 2.788180384860465, -77.0533763438924 2.788180384860465, -77.0533763438924 2.801877989325582, -77.03967873943037 2.801877989325582, -77.03967873943037 2.788180384860465, -77.01228353050632 2.788180384860465, -77.01228353050632 2.815575593790698, -76.9985859260443 2.815575593790698, -76.9985859260443 2.829273198255814, -77.02598113496835 2.829273198255814, -77.02598113496835 2.815575593790698, -77.03967873943037 2.815575593790698, -77.03967873943037 2.870366011651163, -77.08077155281646 2.870366011651163, -77.08077155281646 2.884063616116279, -77.09446915727848 2.884063616116279, -77.09446915727848 2.897761220581395, -77.1081667617405 2.897761220581395))"
4,"POLYGON ((-76.68354102341772 2.801877989325582, -76.68354102341772 2.788180384860465, -76.6698434189557 2.788180384860465, -76.6698434189557 2.801877989325582, -76.68354102341772 2.801877989325582))"
5,"POLYGON ((-76.47807695648734 2.801877989325582, -76.47807695648734 2.788180384860465, -76.46437935202532 2.788180384860465, -76.46437935202532 2.801877989325582, -76.47807695648734 2.801877989325582))"
3,"POLYGON ((-76.17672965832278 2.801877989325582, -76.17672965832278 2.788180384860465, -76.16303205386076 2.788180384860465, -76.16303205386076 2.801877989325582, -76.17672965832278 2.801877989325582))"
3,"POLYGON ((-75.87538236015823 2.801877989325582, -75.87538236015823 2.788180384860465, -75.8616847556962 2.788180384860465, -75.8616847556962 2.801877989325582, -75.87538236015823 2.801877989325582))"
5,"POLYGON ((-76.98488832158228 2.801877989325582, -76.98488832158228 2.774482780395349, -76.97119071712025 2.774482780395349, -76.97119071712025 2.788180384860465, -76.95749311265823 2.788180384860465, -76.95749311265823 2.801877989325582, -76.98488832158228 2.801877989325582))"
7,"POLYGON ((-77.01228353050632 2.788180384860465, -77.01228353050632 2.774482780395349, -76.9985859260443 2.774482780395349, -76.9985859260443 2.788180384860465, -77.01228353050632 2.788180384860465))"
4,"POLYGON ((-76.72463383680379 2.788180384860465, -76.72463383680379 2.774482780395349, -76.71093623234177 2.774482780395349, -76.71093623234177 2.788180384860465, -76.72463383680379 2.788180384860465))"
2,"POLYGON ((-76.09454403155063 2.788180384860465, -76.09454403155063 2.774482780395349, -76.0808464270886 2.774482780395349, -76.0808464270886 2.788180384860465, -76.09454403155063 2.788180384860465))"
6,"POLYGON ((-76.9985859260443 2.829273198255814, -76.9985859260443 2.815575593790698, -77.01228353050632 2.815575593790698, -77.01228353050632 2.788180384860465, -76.9985859260443 2.788180384860465, -76.9985859260443 2.760785175930232, -76.97119071712025 2.760785175930232, -76.97119071712025 2.774482780395349, -76.98488832158228 2.774482780395349, -76.98488832158228 2.829273198255814, -76.9985859260443 2.829273198255814))"
7,"POLYGON ((-77.27253801528481 2.801877989325582, -77.27253801528481 2.760785175930232, -77.24514280636076 2.760785175930232, -77.24514280636076 2.788180384860465, -77.23144520189874 2.788180384860465, -77.23144520189874 2.801877989325582, -77.27253801528481 2.801877989325582))"
3,"POLYGON ((-75.83428954677215 2.829273198255814, -75.83428954677215 2.801877989325582, -75.84798715123418 2.801877989325582, -75.84798715123418 2.788180384860465, -75.83428954677215 2.788180384860465, -75.83428954677215 2.760785175930232, -75.82059194231012 2.760785175930232, -75.82059194231012 2.774482780395349, -75.80689433784809 2.774482780395349, -75.80689433784809 2.815575593790698, -75.82059194231012 2.815575593790698, -75.82059194231012 2.829273198255814, -75.83428954677215 2.829273198255814))"
8,"POLYGON ((-77.0533763438924 2.801877989325582, -77.0533763438924 2.788180384860465, -77.08077155281646 2.788180384860465, -77.08077155281646 2.760785175930232, -77.06707394835443 2.760785175930232, -77.06707394835443 2.774482780395349, -77.0533763438924 2.774482780395349, -77.0533763438924 2.760785175930232, -77.03967873943037 2.760785175930232, -77.03967873943037 2.774482780395349, -77.02598113496835 2.774482780395349, -77.02598113496835 2.788180384860465, -77.03967873943037 2.788180384860465, -77.03967873943037 2.801877989325582, -77.0533763438924 2.801877989325582))"
4,"POLYGON ((-76.03975361370253 2.788180384860465, -76.03975361370253 2.760785175930232, -76.0260560092405 2.760785175930232, -76.0260560092405 2.788180384860465, -76.03975361370253 2.788180384860465))"
2,"POLYGON ((-76.1356368449367 2.774482780395349, -76.1356368449367 2.760785175930232, -76.12193924047467 2.760785175930232, -76.12193924047467 2.774482780395349, -76.1356368449367 2.774482780395349))"
2,"POLYGON ((-75.82059194231012 2.774482780395349, -75.82059194231012 2.760785175930232, -75.80689433784809 2.760785175930232, -75.80689433784809 2.774482780395349, -75.82059194231012 2.774482780395349))"
4,"POLYGON ((-75.95756798693037 2.829273198255814, -75.95756798693037 2.747087571465117, -75.94387038246835 2.747087571465117, -75.94387038246835 2.801877989325582, -75.93017277800632 2.801877989325582, -75.93017277800632 2.815575593790698, -75.94387038246835 2.815575593790698, -75.94387038246835 2.829273198255814, -75.95756798693037 2.829273198255814))"
2,"POLYGON ((-75.9164751735443 2.870366011651163, -75.9164751735443 2.815575593790698, -75.90277756908228 2.815575593790698, -75.90277756908228 2.788180384860465, -75.87538236015823 2.788180384860465, -75.87538236015823 2.760785175930232, -75.84798715123418 2.760785175930232, -75.84798715123418 2.747087571465117, -75.82059194231012 2.747087571465117, -75.82059194231012 2.760785175930232, -75.83428954677215 2.760785175930232, -75.83428954677215 2.788180384860465, -75.84798715123418 2.788180384860465, -75.84798715123418 2.801877989325582, -75.83428954677215 2.801877989325582, -75.83428954677215 2.829273198255814, -75.82059194231012 2.829273198255814, -75.82059194231012 2.84297080272093, -75.8616847556962 2.84297080272093, -75.8616847556962 2.829273198255814, -75.87538236015823 2.829273198255814, -75.87538236015823 2.84297080272093, -75.88907996462025 2.84297080272093, -75.88907996462025 2.856668407186047, -75.90277756908228 2.856668407186047, -75.90277756908228 2.870366011651163, -75.9164751735443 2.870366011651163), (-75.87538236015823 2.801877989325582, -75.8616847556962 2.801877989325582, -75.8616847556962 2.788180384860465, -75.87538236015823 2.788180384860465, -75.87538236015823 2.801877989325582))"
5,"POLYGON ((-77.01228353050632 2.774482780395349, -77.01228353050632 2.747087571465117, -76.9985859260443 2.747087571465117, -76.9985859260443 2.774482780395349, -77.01228353050632 2.774482780395349))"
3,"POLYGON ((-75.77949912892404 2.760785175930232, -75.77949912892404 2.747087571465117, -75.76580152446202 2.747087571465117, -75.76580152446202 2.760785175930232, -75.77949912892404 2.760785175930232))"
5,"POLYGON ((-76.91640029927215 2.760785175930232, -76.91640029927215 2.733389967, -76.90270269481012 2.733389967, -76.90270269481012 2.760785175930232, -76.91640029927215 2.760785175930232))"
5,"POLYGON ((-77.06707394835443 2.747087571465117, -77.06707394835443 2.733389967, -77.0533763438924 2.733389967, -77.0533763438924 2.747087571465117, -77.06707394835443 2.747087571465117))"
6,"POLYGON ((-77.02598113496835 2.788180384860465, -77.02598113496835 2.774482780395349, -77.03967873943037 2.774482780395349, -77.03967873943037 2.747087571465117, -77.0533763438924 2.747087571465117, -77.0533763438924 2.733389967, -77.02598113496835 2.733389967, -77.02598113496835 2.747087571465117, -77.01228353050632 2.747087571465117, -77.01228353050632 2.788180384860465, -77.02598113496835 2.788180384860465))"
5,"POLYGON ((-77.02598113496835 2.747087571465117, -77.02598113496835 2.733389967, -77.01228353050632 2.733389967, -77.01228353050632 2.747087571465117, -77.02598113496835 2.747087571465117))"
4,"POLYGON ((-76.69723862787974 2.747087571465117, -76.69723862787974 2.733389967, -76.68354102341772 2.733389967, -76.68354102341772 2.747087571465117, -76.69723862787974 2.747087571465117))"
2,"POLYGON ((-75.88907996462025 2.747087571465117, -75.88907996462025 2.733389967, -75.87538236015823 2.733389967, -75.87538236015823 2.747087571465117, -75.88907996462025 2.747087571465117))"
7,"POLYGON ((-77.1081667617405 2.788180384860465, -77.1081667617405 2.774482780395349, -77.09446915727848 2.774482780395349, -77.09446915727848 2.747087571465117, -77.1081667617405 2.747087571465117, -77.1081667617405 2.733389967, -77.09446915727848 2.733389967, -77.09446915727848 2.719692362534884, -77.08077155281646 2.719692362534884, -77.08077155281646 2.747087571465117, -77.03967873943037 2.747087571465117, -77.03967873943037 2.760785175930232, -77.0533763438924 2.760785175930232, -77.0533763438924 2.774482780395349, -77.06707394835443 2.774482780395349, -77.06707394835443 2.760785175930232, -77.08077155281646 2.760785175930232, -77.08077155281646 2.788180384860465, -77.1081667617405 2.788180384860465))"
4,"POLYGON ((-76.9985859260443 2.760785175930232, -76.9985859260443 2.747087571465117, -77.01228353050632 2.747087571465117, -77.01228353050632 2.733389967, -77.02598113496835 2.733389967, -77.02598113496835 2.719692362534884, -76.9985859260443 2.719692362534884, -76.9985859260443 2.733389967, -76.98488832158228 2.733389967, -76.98488832158228 2.719692362534884, -76.97119071712025 2.719692362534884, -76.97119071712025 2.747087571465117, -76.98488832158228 2.747087571465117, -76.98488832158228 2.760785175930232, -76.9985859260443 2.760785175930232))"
4,"POLYGON ((-76.68354102341772 2.733389967, -76.68354102341772 2.719692362534884, -76.6698434189557 2.719692362534884, -76.6698434189557 2.733389967, -76.68354102341772 2.733389967))"
4,"POLYGON ((-76.0808464270886 2.733389967, -76.0808464270886 2.719692362534884, -76.06714882262658 2.719692362534884, -76.06714882262658 2.733389967, -76.0808464270886 2.733389967))"
2,"POLYGON ((-75.90277756908228 2.733389967, -75.90277756908228 2.719692362534884, -75.88907996462025 2.719692362534884, -75.88907996462025 2.733389967, -75.90277756908228 2.733389967))"
3,"POLYGON ((-76.90270269481012 2.719692362534884, -76.90270269481012 2.705994758069767, -76.88900509034809 2.705994758069767, -76.88900509034809 2.719692362534884, -76.90270269481012 2.719692362534884))"
7,"POLYGON ((-77.29993322420886 2.747087571465117, -77.29993322420886 2.733389967, -77.31363082867088 2.733389967, -77.31363082867088 2.719692362534884, -77.3273284331329 2.719692362534884, -77.3273284331329 2.705994758069767, -77.31363082867088 2.705994758069767, -77.31363082867088 2.692297153604651, -77.29993322420886 2.692297153604651, -77.29993322420886 2.719692362534884, -77.28623561974683 2.719692362534884, -77.28623561974683 2.733389967, -77.27253801528481 2.733389967, -77.27253801528481 2.719692362534884, -77.24514280636076 2.719692362534884, -77.24514280636076 2.747087571465117, -77.29993322420886 2.747087571465117))"
7,"POLYGON ((-77.06707394835443 2.705994758069767, -77.06707394835443 2.692297153604651, -77.0533763438924 2.692297153604651, -77.0533763438924 2.705994758069767, -77.06707394835443 2.705994758069767))"
4,"POLYGON ((-75.9164751735443 2.705994758069767, -75.9164751735443 2.692297153604651, -75.90277756908228 2.692297153604651, -75.90277756908228 2.705994758069767, -75.9164751735443 2.705994758069767))"
7,"POLYGON ((-77.23144520189874 2.747087571465117, -77.23144520189874 2.678599549139535, -77.20404999297467 2.678599549139535, -77.20404999297467 2.705994758069767, -77.19035238851265 2.705994758069767, -77.19035238851265 2.719692362534884, -77.2177475974367 2.719692362534884, -77.2177475974367 2.747087571465117, -77.23144520189874 2.747087571465117))"
7,"POLYGON ((-77.17665478405063 2.719692362534884, -77.17665478405063 2.692297153604651, -77.1629571795886 2.692297153604651, -77.1629571795886 2.678599549139535, -77.14925957512658 2.678599549139535, -77.14925957512658 2.705994758069767, -77.1629571795886 2.705994758069767, -77.1629571795886 2.719692362534884, -77.17665478405063 2.719692362534884))"
6,"POLYGON ((-77.20404999297467 2.705994758069767, -77.20404999297467 2.678599549139535, -77.19035238851265 2.678599549139535, -77.19035238851265 2.692297153604651, -77.17665478405063 2.692297153604651, -77.17665478405063 2.705994758069767, -77.20404999297467 2.705994758069767))"
4,"POLYGON ((-75.8616847556962 2.705994758069767, -75.8616847556962 2.678599549139535, -75.84798715123418 2.678599549139535, -75.84798715123418 2.705994758069767, -75.8616847556962 2.705994758069767))"
6,"POLYGON ((-77.17665478405063 2.692297153604651, -77.17665478405063 2.678599549139535, -77.1629571795886 2.678599549139535, -77.1629571795886 2.692297153604651, -77.17665478405063 2.692297153604651))"
8,"POLYGON ((-77.08077155281646 2.692297153604651, -77.08077155281646 2.678599549139535, -77.06707394835443 2.678599549139535, -77.06707394835443 2.692297153604651, -77.08077155281646 2.692297153604651))"
7,"POLYGON ((-77.03967873943037 2.692297153604651, -77.03967873943037 2.678599549139535, -77.01228353050632 2.678599549139535, -77.01228353050632 2.692297153604651, -77.03967873943037 2.692297153604651))"
5,"POLYGON ((-75.76580152446202 2.692297153604651, -75.76580152446202 2.678599549139535, -75.75210392 2.678599549139535, -75.75210392 2.692297153604651, -75.76580152446202 2.692297153604651))"
5,"POLYGON ((-76.97119071712025 2.774482780395349, -76.97119071712025 2.760785175930232, -76.98488832158228 2.760785175930232, -76.98488832158228 2.747087571465117, -76.97119071712025 2.747087571465117, -76.97119071712025 2.719692362534884, -76.98488832158228 2.719692362534884, -76.98488832158228 2.733389967, -76.9985859260443 2.733389967, -76.9985859260443 2.719692362534884, -77.02598113496835 2.719692362534884, -77.02598113496835 2.733389967, -77.0533763438924 2.733389967, -77.0533763438924 2.719692362534884, -77.03967873943037 2.719692362534884, -77.03967873943037 2.705994758069767, -77.01228353050632 2.705994758069767, -77.01228353050632 2.692297153604651, -76.9985859260443 2.692297153604651, -76.9985859260443 2.705994758069767, -76.98488832158228 2.705994758069767, -76.98488832158228 2.692297153604651, -76.97119071712025 2.692297153604651, -76.97119071712025 2.678599549139535, -76.95749311265823 2.678599549139535, -76.95749311265823 2.664901944674419, -76.9437955081962 2.664901944674419, -76.9437955081962 2.692297153604651, -76.93009790373418 2.692297153604651, -76.93009790373418 2.705994758069767, -76.91640029927215 2.705994758069767, -76.91640029927215 2.733389967, -76.93009790373418 2.733389967, -76.93009790373418 2.719692362534884, -76.9437955081962 2.719692362534884, -76.9437955081962 2.733389967, -76.95749311265823 2.733389967, -76.95749311265823 2.747087571465117, -76.9437955081962 2.747087571465117, -76.9437955081962 2.774482780395349, -76.97119071712025 2.774482780395349))"
7,"POLYGON ((-77.38211885098102 2.692297153604651, -77.38211885098102 2.678599549139535, -77.36842124651898 2.678599549139535, -77.36842124651898 2.664901944674419, -77.35472364205695 2.664901944674419, -77.35472364205695 2.678599549139535, -77.34102603759493 2.678599549139535, -77.34102603759493 2.692297153604651, -77.38211885098102 2.692297153604651))"
2,"POLYGON ((-76.36849612079114 2.692297153604651, -76.36849612079114 2.664901944674419, -76.35479851632911 2.664901944674419, -76.35479851632911 2.692297153604651, -76.36849612079114 2.692297153604651))"
6,"POLYGON ((-77.1629571795886 2.678599549139535, -77.1629571795886 2.664901944674419, -77.14925957512658 2.664901944674419, -77.14925957512658 2.678599549139535, -77.1629571795886 2.678599549139535))"
7,"POLYGON ((-77.1081667617405 2.692297153604651, -77.1081667617405 2.678599549139535, -77.12186436620253 2.678599549139535, -77.12186436620253 2.664901944674419, -77.09446915727848 2.664901944674419, -77.09446915727848 2.692297153604651, -77.1081667617405 2.692297153604651))"
8,"POLYGON ((-77.09446915727848 2.678599549139535, -77.09446915727848 2.664901944674419, -77.08077155281646 2.664901944674419, -77.08077155281646 2.678599549139535, -77.09446915727848 2.678599549139535))"
5,"POLYGON ((-76.60135539664557 2.678599549139535, -76.60135539664557 2.664901944674419, -76.57396018772151 2.664901944674419, -76.57396018772151 2.678599549139535, -76.60135539664557 2.678599549139535))"
2,"POLYGON ((-76.34110091186709 2.678599549139535, -76.34110091186709 2.664901944674419, -76.32740330740506 2.664901944674419, -76.32740330740506 2.678599549139535, -76.34110091186709 2.678599549139535))"
5,"POLYGON ((-75.79319673338607 2.678599549139535, -75.79319673338607 2.664901944674419, -75.77949912892404 2.664901944674419, -75.77949912892404 2.678599549139535, -75.79319673338607 2.678599549139535))"
7,"POLYGON ((-77.08077155281646 2.678599549139535, -77.08077155281646 2.664901944674419, -77.06707394835443 2.664901944674419, -77.06707394835443 2.651204340209302, -77.0533763438924 2.651204340209302, -77.0533763438924 2.678599549139535, -77.08077155281646 2.678599549139535))"
7,"POLYGON ((-77.13556197066455 2.664901944674419, -77.13556197066455 2.651204340209302, -77.12186436620253 2.651204340209302, -77.12186436620253 2.664901944674419, -77.13556197066455 2.664901944674419))"
6,"POLYGON ((-77.12186436620253 2.664901944674419, -77.12186436620253 2.651204340209302, -77.06707394835443 2.651204340209302, -77.06707394835443 2.664901944674419, -77.12186436620253 2.664901944674419))"
5,"POLYGON ((-77.01228353050632 2.678599549139535, -77.01228353050632 2.664901944674419, -77.02598113496835 2.664901944674419, -77.02598113496835 2.651204340209302, -76.9985859260443 2.651204340209302, -76.9985859260443 2.678599549139535, -77.01228353050632 2.678599549139535))"
5,"POLYGON ((-75.9712655913924 2.664901944674419, -75.9712655913924 2.651204340209302, -75.95756798693037 2.651204340209302, -75.95756798693037 2.664901944674419, -75.9712655913924 2.664901944674419))"
6,"POLYGON ((-77.17665478405063 2.664901944674419, -77.17665478405063 2.637506735744186, -77.1629571795886 2.637506735744186, -77.1629571795886 2.664901944674419, -77.17665478405063 2.664901944674419))"
7,"POLYGON ((-77.03967873943037 2.651204340209302, -77.03967873943037 2.637506735744186, -77.01228353050632 2.637506735744186, -77.01228353050632 2.651204340209302, -77.03967873943037 2.651204340209302))"
5,"POLYGON ((-75.98496319585442 2.651204340209302, -75.98496319585442 2.637506735744186, -75.9712655913924 2.637506735744186, -75.9712655913924 2.651204340209302, -75.98496319585442 2.651204340209302))"
6,"POLYGON ((-77.24514280636076 2.747087571465117, -77.24514280636076 2.719692362534884, -77.27253801528481 2.719692362534884, -77.27253801528481 2.733389967, -77.28623561974683 2.733389967, -77.28623561974683 2.719692362534884, -77.29993322420886 2.719692362534884, -77.29993322420886 2.692297153604651, -77.31363082867088 2.692297153604651, -77.31363082867088 2.651204340209302, -77.28623561974683 2.651204340209302, -77.28623561974683 2.637506735744186, -77.25884041082278 2.637506735744186, -77.25884041082278 2.62380913127907, -77.24514280636076 2.62380913127907, -77.24514280636076 2.651204340209302, -77.27253801528481 2.651204340209302, -77.27253801528481 2.664901944674419, -77.20404999297467 2.664901944674419, -77.20404999297467 2.678599549139535, -77.23144520189874 2.678599549139535, -77.23144520189874 2.747087571465117, -77.24514280636076 2.747087571465117))"
6,"POLYGON ((-77.08077155281646 2.747087571465117, -77.08077155281646 2.719692362534884, -77.09446915727848 2.719692362534884, -77.09446915727848 2.733389967, -77.1081667617405 2.733389967, -77.1081667617405 2.719692362534884, -77.12186436620253 2.719692362534884, -77.12186436620253 2.678599549139535, -77.1081667617405 2.678599549139535, -77.1081667617405 2.692297153604651, -77.09446915727848 2.692297153604651, -77.09446915727848 2.678599549139535, -77.08077155281646 2.678599549139535, -77.08077155281646 2.692297153604651, -77.06707394835443 2.692297153604651, -77.06707394835443 2.678599549139535, -77.0533763438924 2.678599549139535, -77.0533763438924 2.62380913127907, -77.03967873943037 2.62380913127907, -77.03967873943037 2.651204340209302, -77.02598113496835 2.651204340209302, -77.02598113496835 2.664901944674419, -77.01228353050632 2.664901944674419, -77.01228353050632 2.678599549139535, -77.03967873943037 2.678599549139535, -77.03967873943037 2.692297153604651, -77.01228353050632 2.692297153604651, -77.01228353050632 2.705994758069767, -77.03967873943037 2.705994758069767, -77.03967873943037 2.719692362534884, -77.0533763438924 2.719692362534884, -77.0533763438924 2.733389967, -77.06707394835443 2.733389967, -77.06707394835443 2.747087571465117, -77.08077155281646 2.747087571465117), (-77.06707394835443 2.705994758069767, -77.0533763438924 2.705994758069767, -77.0533763438924 2.692297153604651, -77.06707394835443 2.692297153604651, -77.06707394835443 2.705994758069767))"
7,"POLYGON ((-77.31363082867088 2.651204340209302, -77.31363082867088 2.637506735744186, -77.29993322420886 2.637506735744186, -77.29993322420886 2.62380913127907, -77.25884041082278 2.62380913127907, -77.25884041082278 2.637506735744186, -77.28623561974683 2.637506735744186, -77.28623561974683 2.651204340209302, -77.31363082867088 2.651204340209302))"
7,"POLYGON ((-77.1629571795886 2.664901944674419, -77.1629571795886 2.637506735744186, -77.17665478405063 2.637506735744186, -77.17665478405063 2.651204340209302, -77.19035238851265 2.651204340209302, -77.19035238851265 2.62380913127907, -77.14925957512658 2.62380913127907, -77.14925957512658 2.664901944674419, -77.1629571795886 2.664901944674419))"
7,"POLYGON ((-77.12186436620253 2.651204340209302, -77.12186436620253 2.62380913127907, -77.1081667617405 2.62380913127907, -77.1081667617405 2.637506735744186, -77.09446915727848 2.637506735744186, -77.09446915727848 2.651204340209302, -77.12186436620253 2.651204340209302))"
6,"POLYGON ((-77.1081667617405 2.637506735744186, -77.1081667617405 2.62380913127907, -77.06707394835443 2.62380913127907, -77.06707394835443 2.637506735744186, -77.1081667617405 2.637506735744186))"
5,"POLYGON ((-75.80689433784809 2.637506735744186, -75.80689433784809 2.62380913127907, -75.79319673338607 2.62380913127907, -75.79319673338607 2.637506735744186, -75.80689433784809 2.637506735744186))"
6,"POLYGON ((-77.20404999297467 2.651204340209302, -77.20404999297467 2.637506735744186, -77.23144520189874 2.637506735744186, -77.23144520189874 2.610111526813954, -77.2177475974367 2.610111526813954, -77.2177475974367 2.62380913127907, -77.19035238851265 2.62380913127907, -77.19035238851265 2.651204340209302, -77.20404999297467 2.651204340209302))"
7,"POLYGON ((-77.2177475974367 2.62380913127907, -77.2177475974367 2.610111526813954, -77.19035238851265 2.610111526813954, -77.19035238851265 2.62380913127907, -77.2177475974367 2.62380913127907))"
7,"POLYGON ((-77.01228353050632 2.62380913127907, -77.01228353050632 2.610111526813954, -76.9985859260443 2.610111526813954, -76.9985859260443 2.62380913127907, -77.01228353050632 2.62380913127907))"
4,"POLYGON ((-76.4506817475633 2.62380913127907, -76.4506817475633 2.610111526813954, -76.43698414310126 2.610111526813954, -76.43698414310126 2.62380913127907, -76.4506817475633 2.62380913127907))"
5,"POLYGON ((-77.19035238851265 2.692297153604651, -77.19035238851265 2.678599549139535, -77.20404999297467 2.678599549139535, -77.20404999297467 2.664901944674419, -77.27253801528481 2.664901944674419, -77.27253801528481 2.651204340209302, -77.24514280636076 2.651204340209302, -77.24514280636076 2.62380913127907, -77.27253801528481 2.62380913127907, -77.27253801528481 2.596413922348837, -77.24514280636076 2.596413922348837, -77.24514280636076 2.610111526813954, -77.23144520189874 2.610111526813954, -77.23144520189874 2.637506735744186, -77.20404999297467 2.637506735744186, -77.20404999297467 2.651204340209302, -77.17665478405063 2.651204340209302, -77.17665478405063 2.664901944674419, -77.1629571795886 2.664901944674419, -77.1629571795886 2.678599549139535, -77.17665478405063 2.678599549139535, -77.17665478405063 2.692297153604651, -77.19035238851265 2.692297153604651))"
5,"POLYGON ((-75.82059194231012 2.62380913127907, -75.82059194231012 2.596413922348837, -75.80689433784809 2.596413922348837, -75.80689433784809 2.62380913127907, -75.82059194231012 2.62380913127907))"
5,"POLYGON ((-77.23144520189874 2.610111526813954, -77.23144520189874 2.596413922348837, -77.2177475974367 2.596413922348837, -77.2177475974367 2.610111526813954, -77.23144520189874 2.610111526813954))"
7,"POLYGON ((-77.17665478405063 2.610111526813954, -77.17665478405063 2.596413922348837, -77.1629571795886 2.596413922348837, -77.1629571795886 2.610111526813954, -77.17665478405063 2.610111526813954))"
6,"POLYGON ((-76.9985859260443 2.705994758069767, -76.9985859260443 2.692297153604651, -77.01228353050632 2.692297153604651, -77.01228353050632 2.678599549139535, -76.9985859260443 2.678599549139535, -76.9985859260443 2.651204340209302, -77.01228353050632 2.651204340209302, -77.01228353050632 2.637506735744186, -77.02598113496835 2.637506735744186, -77.02598113496835 2.596413922348837, -77.01228353050632 2.596413922348837, -77.01228353050632 2.582716317883721, -76.9985859260443 2.582716317883721, -76.9985859260443 2.596413922348837, -76.98488832158228 2.596413922348837, -76.98488832158228 2.610111526813954, -76.97119071712025 2.610111526813954, -76.97119071712025 2.62380913127907, -76.98488832158228 2.62380913127907, -76.98488832158228 2.664901944674419, -76.95749311265823 2.664901944674419, -76.95749311265823 2.678599549139535, -76.97119071712025 2.678599549139535, -76.97119071712025 2.692297153604651, -76.98488832158228 2.692297153604651, -76.98488832158228 2.705994758069767, -76.9985859260443 2.705994758069767), (-77.01228353050632 2.62380913127907, -76.9985859260443 2.62380913127907, -76.9985859260443 2.610111526813954, -77.01228353050632 2.610111526813954, -77.01228353050632 2.62380913127907))"
8,"POLYGON ((-77.19035238851265 2.62380913127907, -77.19035238851265 2.582716317883721, -77.17665478405063 2.582716317883721, -77.17665478405063 2.610111526813954, -77.1629571795886 2.610111526813954, -77.1629571795886 2.62380913127907, -77.19035238851265 2.62380913127907))"
7,"POLYGON ((-77.1081667617405 2.62380913127907, -77.1081667617405 2.582716317883721, -77.09446915727848 2.582716317883721, -77.09446915727848 2.596413922348837, -77.08077155281646 2.596413922348837, -77.08077155281646 2.610111526813954, -77.06707394835443 2.610111526813954, -77.06707394835443 2.62380913127907, -77.1081667617405 2.62380913127907))"
5,"POLYGON ((-77.14925957512658 2.610111526813954, -77.14925957512658 2.582716317883721, -77.13556197066455 2.582716317883721, -77.13556197066455 2.596413922348837, -77.12186436620253 2.596413922348837, -77.12186436620253 2.610111526813954, -77.14925957512658 2.610111526813954))"
5,"POLYGON ((-76.9985859260443 2.596413922348837, -76.9985859260443 2.582716317883721, -76.98488832158228 2.582716317883721, -76.98488832158228 2.596413922348837, -76.9985859260443 2.596413922348837))"
6,"POLYGON ((-76.98488832158228 2.596413922348837, -76.98488832158228 2.582716317883721, -76.97119071712025 2.582716317883721, -76.97119071712025 2.596413922348837, -76.98488832158228 2.596413922348837))"
3,"POLYGON ((-76.06714882262658 2.596413922348837, -76.06714882262658 2.582716317883721, -76.05345121816455 2.582716317883721, -76.05345121816455 2.596413922348837, -76.06714882262658 2.596413922348837))"
5,"POLYGON ((-76.98488832158228 2.651204340209302, -76.98488832158228 2.62380913127907, -76.97119071712025 2.62380913127907, -76.97119071712025 2.610111526813954, -76.98488832158228 2.610111526813954, -76.98488832158228 2.596413922348837, -76.97119071712025 2.596413922348837, -76.97119071712025 2.569018713418605, -76.95749311265823 2.569018713418605, -76.95749311265823 2.582716317883721, -76.9437955081962 2.582716317883721, -76.9437955081962 2.610111526813954, -76.95749311265823 2.610111526813954, -76.95749311265823 2.62380913127907, -76.93009790373418 2.62380913127907, -76.93009790373418 2.651204340209302, -76.9437955081962 2.651204340209302, -76.9437955081962 2.637506735744186, -76.97119071712025 2.637506735744186, -76.97119071712025 2.651204340209302, -76.98488832158228 2.651204340209302))"
5,"POLYGON ((-77.12186436620253 2.582716317883721, -77.12186436620253 2.569018713418605, -77.1081667617405 2.569018713418605, -77.1081667617405 2.582716317883721, -77.12186436620253 2.582716317883721))"
6,"POLYGON ((-77.1081667617405 2.582716317883721, -77.1081667617405 2.569018713418605, -77.09446915727848 2.569018713418605, -77.09446915727848 2.582716317883721, -77.1081667617405 2.582716317883721))"
5,"POLYGON ((-77.09446915727848 2.582716317883721, -77.09446915727848 2.569018713418605, -77.08077155281646 2.569018713418605, -77.08077155281646 2.582716317883721, -77.09446915727848 2.582716317883721))"
5,"POLYGON ((-75.93017277800632 2.582716317883721, -75.93017277800632 2.569018713418605, -75.9164751735443 2.569018713418605, -75.9164751735443 2.582716317883721, -75.93017277800632 2.582716317883721))"
6,"POLYGON ((-75.83428954677215 2.582716317883721, -75.83428954677215 2.569018713418605, -75.82059194231012 2.569018713418605, -75.82059194231012 2.582716317883721, -75.83428954677215 2.582716317883721))"
5,"POLYGON ((-76.7794242546519 3.144318100953488, -76.7794242546519 3.130620496488372, -76.75202904572784 3.130620496488372, -76.75202904572784 3.116922892023256, -76.73833144126581 3.116922892023256, -76.73833144126581 3.089527683093023, -76.75202904572784 3.089527683093023, -76.75202904572784 3.075830078627907, -76.76572665018988 3.075830078627907, -76.76572665018988 3.034737265232558, -76.75202904572784 3.034737265232558, -76.75202904572784 3.021039660767442, -76.7794242546519 3.021039660767442, -76.7794242546519 3.007342056302326, -76.76572665018988 3.007342056302326, -76.76572665018988 2.99364445183721, -76.75202904572784 2.99364445183721, -76.75202904572784 2.979946847372093, -76.73833144126581 2.979946847372093, -76.73833144126581 2.99364445183721, -76.71093623234177 2.99364445183721, -76.71093623234177 2.966249242906977, -76.72463383680379 2.966249242906977, -76.72463383680379 2.95255163844186, -76.69723862787974 2.95255163844186, -76.69723862787974 2.938854033976744, -76.72463383680379 2.938854033976744, -76.72463383680379 2.925156429511628, -76.71093623234177 2.925156429511628, -76.71093623234177 2.884063616116279, -76.69723862787974 2.884063616116279, -76.69723862787974 2.870366011651163, -76.72463383680379 2.870366011651163, -76.72463383680379 2.884063616116279, -76.73833144126581 2.884063616116279, -76.73833144126581 2.856668407186047, -76.72463383680379 2.856668407186047, -76.72463383680379 2.829273198255814, -76.73833144126581 2.829273198255814, -76.73833144126581 2.84297080272093, -76.76572665018988 2.84297080272093, -76.76572665018988 2.829273198255814, -76.75202904572784 2.829273198255814, -76.75202904572784 2.788180384860465, -76.73833144126581 2.788180384860465, -76.73833144126581 2.760785175930232, -76.76572665018988 2.760785175930232, -76.76572665018988 2.747087571465117, -76.7794242546519 2.747087571465117, -76.7794242546519 2.733389967, -76.75202904572784 2.733389967, -76.75202904572784 2.664901944674419, -76.76572665018988 2.664901944674419, -76.76572665018988 2.62380913127907, -76.79312185911392 2.62380913127907, -76.79312185911392 2.610111526813954, -76.7794242546519 2.610111526813954, -76.7794242546519 2.582716317883721, -76.75202904572784 2.582716317883721, -76.75202904572784 2.555321108953489, -76.73833144126581 2.555321108953489, -76.73833144126581 2.582716317883721, -76.71093623234177 2.582716317883721, -76.71093623234177 2.596413922348837, -76.75202904572784 2.596413922348837, -76.75202904572784 2.637506735744186, -76.73833144126581 2.637506735744186, -76.73833144126581 2.692297153604651, -76.72463383680379 2.692297153604651, -76.72463383680379 2.705994758069767, -76.73833144126581 2.705994758069767, -76.73833144126581 2.719692362534884, -76.72463383680379 2.719692362534884, -76.72463383680379 2.733389967, -76.71093623234177 2.733389967, -76.71093623234177 2.719692362534884, -76.68354102341772 2.719692362534884, -76.68354102341772 2.705994758069767, -76.65614581449367 2.705994758069767, -76.65614581449367 2.719692362534884, -76.64244821003165 2.719692362534884, -76.64244821003165 2.705994758069767, -76.6150530011076 2.705994758069767, -76.6150530011076 2.692297153604651, -76.60135539664557 2.692297153604651, -76.60135539664557 2.719692362534884, -76.6150530011076 2.719692362534884, -76.6150530011076 2.733389967, -76.62875060556962 2.733389967, -76.62875060556962 2.747087571465117, -76.6150530011076 2.747087571465117, -76.6150530011076 2.760785175930232, -76.65614581449367 2.760785175930232, -76.65614581449367 2.774482780395349, -76.6698434189557 2.774482780395349, -76.6698434189557 2.788180384860465, -76.65614581449367 2.788180384860465, -76.65614581449367 2.84297080272093, -76.64244821003165 2.84297080272093, -76.64244821003165 2.829273198255814, -76.62875060556962 2.829273198255814, -76.62875060556962 2.815575593790698, -76.6150530011076 2.815575593790698, -76.6150530011076 2.829273198255814, -76.58765779218353 2.829273198255814, -76.58765779218353 2.815575593790698, -76.56026258325949 2.815575593790698, -76.56026258325949 2.801877989325582, -76.54656497879746 2.801877989325582, -76.54656497879746 2.788180384860465, -76.56026258325949 2.788180384860465, -76.56026258325949 2.760785175930232, -76.54656497879746 2.760785175930232, -76.54656497879746 2.733389967, -76.53286737433544 2.733389967, -76.53286737433544 2.788180384860465, -76.51916976987341 2.788180384860465, -76.51916976987341 2.815575593790698, -76.50547216541139 2.815575593790698, -76.50547216541139 2.829273198255814, -76.46437935202532 2.829273198255814, -76.46437935202532 2.84297080272093, -76.49177456094937 2.84297080272093, -76.49177456094937 2.870366011651163, -76.46437935202532 2.870366011651163, -76.46437935202532 2.856668407186047, -76.4506817475633 2.856668407186047, -76.4506817475633 2.870366011651163, -76.43698414310126 2.870366011651163, -76.43698414310126 2.884063616116279, -76.4506817475633 2.884063616116279, -76.4506817475633 2.925156429511628, -76.46437935202532 2.925156429511628, -76.46437935202532 2.938854033976744, -76.4506817475633 2.938854033976744, -76.4506817475633 2.95255163844186, -76.43698414310126 2.95255163844186, -76.43698414310126 2.966249242906977, -76.40958893417721 2.966249242906977, -76.40958893417721 2.99364445183721, -76.39589132971518 2.99364445183721, -76.39589132971518 2.966249242906977, -76.38219372525316 2.966249242906977, -76.38219372525316 2.99364445183721, -76.36849612079114 2.99364445183721, -76.36849612079114 3.021039660767442, -76.34110091186709 3.021039660767442, -76.34110091186709 3.034737265232558, -76.35479851632911 3.034737265232558, -76.35479851632911 3.048434869697675, -76.36849612079114 3.048434869697675, -76.36849612079114 3.034737265232558, -76.38219372525316 3.034737265232558, -76.38219372525316 3.007342056302326, -76.42328653863923 3.007342056302326, -76.42328653863923 2.99364445183721, -76.4506817475633 2.99364445183721, -76.4506817475633 2.966249242906977, -76.46437935202532 2.966249242906977, -76.46437935202532 2.95255163844186, -76.47807695648734 2.95255163844186, -76.47807695648734 2.966249242906977, -76.49177456094937 2.966249242906977, -76.49177456094937 2.911458825046512, -76.50547216541139 2.911458825046512, -76.50547216541139 2.925156429511628, -76.53286737433544 2.925156429511628, -76.53286737433544 2.99364445183721, -76.58765779218353 2.99364445183721, -76.58765779218353 2.979946847372093, -76.6150530011076 2.979946847372093, -76.6150530011076 3.007342056302326, -76.62875060556962 3.007342056302326, -76.62875060556962 2.99364445183721, -76.64244821003165 2.99364445183721, -76.64244821003165 2.95255163844186, -76.65614581449367 2.95255163844186, -76.65614581449367 2.938854033976744, -76.64244821003165 2.938854033976744, -76.64244821003165 2.925156429511628, -76.62875060556962 2.925156429511628, -76.62875060556962 2.911458825046512, -76.65614581449367 2.911458825046512, -76.65614581449367 2.925156429511628, -76.6698434189557 2.925156429511628, -76.6698434189557 2.966249242906977, -76.69723862787974 2.966249242906977, -76.69723862787974 2.979946847372093, -76.68354102341772 2.979946847372093, -76.68354102341772 3.007342056302326, -76.69723862787974 3.007342056302326, -76.69723862787974 3.021039660767442, -76.68354102341772 3.021039660767442, -76.68354102341772 3.034737265232558, -76.6698434189557 3.034737265232558, -76.6698434189557 3.062132474162791, -76.65614581449367 3.062132474162791, -76.65614581449367 3.10322528755814, -76.6698434189557 3.10322528755814, -76.6698434189557 3.089527683093023, -76.69723862787974 3.089527683093023, -76.69723862787974 3.10322528755814, -76.68354102341772 3.10322528755814, -76.68354102341772 3.116922892023256, -76.72463383680379 3.116922892023256, -76.72463383680379 3.130620496488372, -76.73833144126581 3.130620496488372, -76.73833144126581 3.144318100953488, -76.7794242546519 3.144318100953488), (-76.71093623234177 3.089527683093023, -76.69723862787974 3.089527683093023, -76.69723862787974 3.048434869697675, -76.72463383680379 3.048434869697675, -76.72463383680379 3.062132474162791, -76.71093623234177 3.062132474162791, -76.71093623234177 3.089527683093023), (-76.72463383680379 3.034737265232558, -76.71093623234177 3.034737265232558, -76.71093623234177 3.021039660767442, -76.72463383680379 3.021039660767442, -76.72463383680379 3.034737265232558), (-76.69723862787974 2.911458825046512, -76.6698434189557 2.911458825046512, -76.6698434189557 2.884063616116279, -76.65614581449367 2.884063616116279, -76.65614581449367 2.870366011651163, -76.6698434189557 2.870366011651163, -76.6698434189557 2.84297080272093, -76.68354102341772 2.84297080272093, -76.68354102341772 2.829273198255814, -76.69723862787974 2.829273198255814, -76.69723862787974 2.815575593790698, -76.71093623234177 2.815575593790698, -76.71093623234177 2.84297080272093, -76.69723862787974 2.84297080272093, -76.69723862787974 2.856668407186047, -76.68354102341772 2.856668407186047, -76.68354102341772 2.897761220581395, -76.69723862787974 2.897761220581395, -76.69723862787974 2.911458825046512), (-76.62875060556962 2.911458825046512, -76.6150530011076 2.911458825046512, -76.6150530011076 2.870366011651163, -76.62875060556962 2.870366011651163, -76.62875060556962 2.884063616116279, -76.64244821003165 2.884063616116279, -76.64244821003165 2.897761220581395, -76.62875060556962 2.897761220581395, -76.62875060556962 2.911458825046512), (-76.64244821003165 2.856668407186047, -76.62875060556962 2.856668407186047, -76.62875060556962 2.84297080272093, -76.64244821003165 2.84297080272093, -76.64244821003165 2.856668407186047), (-76.53286737433544 2.829273198255814, -76.51916976987341 2.829273198255814, -76.51916976987341 2.815575593790698, -76.53286737433544 2.815575593790698, -76.53286737433544 2.829273198255814), (-76.73833144126581 2.815575593790698, -76.72463383680379 2.815575593790698, -76.72463383680379 2.801877989325582, -76.73833144126581 2.801877989325582, -76.73833144126581 2.815575593790698), (-76.68354102341772 2.801877989325582, -76.6698434189557 2.801877989325582, -76.6698434189557 2.788180384860465, -76.68354102341772 2.788180384860465, -76.68354102341772 2.801877989325582), (-76.72463383680379 2.788180384860465, -76.71093623234177 2.788180384860465, -76.71093623234177 2.774482780395349, -76.72463383680379 2.774482780395349, -76.72463383680379 2.788180384860465), (-76.69723862787974 2.747087571465117, -76.68354102341772 2.747087571465117, -76.68354102341772 2.733389967, -76.69723862787974 2.733389967, -76.69723862787974 2.747087571465117), (-76.68354102341772 2.733389967, -76.6698434189557 2.733389967, -76.6698434189557 2.719692362534884, -76.68354102341772 2.719692362534884, -76.68354102341772 2.733389967))"
6,"POLYGON ((-77.14925957512658 2.637506735744186, -77.14925957512658 2.62380913127907, -77.1629571795886 2.62380913127907, -77.1629571795886 2.596413922348837, -77.17665478405063 2.596413922348837, -77.17665478405063 2.569018713418605, -77.1629571795886 2.569018713418605, -77.1629571795886 2.555321108953489, -77.14925957512658 2.555321108953489, -77.14925957512658 2.610111526813954, -77.12186436620253 2.610111526813954, -77.12186436620253 2.596413922348837, -77.13556197066455 2.596413922348837, -77.13556197066455 2.582716317883721, -77.1081667617405 2.582716317883721, -77.1081667617405 2.62380913127907, -77.12186436620253 2.62380913127907, -77.12186436620253 2.637506735744186, -77.14925957512658 2.637506735744186))"
5,"POLYGON ((-77.29993322420886 2.596413922348837, -77.29993322420886 2.582716317883721, -77.3273284331329 2.582716317883721, -77.3273284331329 2.569018713418605, -77.27253801528481 2.569018713418605, -77.27253801528481 2.555321108953489, -77.24514280636076 2.555321108953489, -77.24514280636076 2.582716317883721, -77.27253801528481 2.582716317883721, -77.27253801528481 2.596413922348837, -77.29993322420886 2.596413922348837))"
4,"POLYGON ((-77.02598113496835 2.582716317883721, -77.02598113496835 2.569018713418605, -76.9985859260443 2.569018713418605, -76.9985859260443 2.555321108953489, -76.9437955081962 2.555321108953489, -76.9437955081962 2.582716317883721, -76.95749311265823 2.582716317883721, -76.95749311265823 2.569018713418605, -76.97119071712025 2.569018713418605, -76.97119071712025 2.582716317883721, -77.02598113496835 2.582716317883721))"
6,"POLYGON ((-77.3273284331329 2.569018713418605, -77.3273284331329 2.555321108953489, -77.31363082867088 2.555321108953489, -77.31363082867088 2.569018713418605, -77.3273284331329 2.569018713418605))"
5,"POLYGON ((-77.19035238851265 2.569018713418605, -77.19035238851265 2.555321108953489, -77.1629571795886 2.555321108953489, -77.1629571795886 2.569018713418605, -77.19035238851265 2.569018713418605))"
4,"POLYGON ((-77.0533763438924 2.569018713418605, -77.0533763438924 2.555321108953489, -77.03967873943037 2.555321108953489, -77.03967873943037 2.569018713418605, -77.0533763438924 2.569018713418605))"
7,"POLYGON ((-77.20404999297467 2.596413922348837, -77.20404999297467 2.582716317883721, -77.23144520189874 2.582716317883721, -77.23144520189874 2.569018713418605, -77.2177475974367 2.569018713418605, -77.2177475974367 2.555321108953489, -77.20404999297467 2.555321108953489, -77.20404999297467 2.541623504488372, -77.19035238851265 2.541623504488372, -77.19035238851265 2.569018713418605, -77.17665478405063 2.569018713418605, -77.17665478405063 2.582716317883721, -77.19035238851265 2.582716317883721, -77.19035238851265 2.596413922348837, -77.20404999297467 2.596413922348837))"
5,"POLYGON ((-77.34102603759493 2.569018713418605, -77.34102603759493 2.541623504488372, -77.29993322420886 2.541623504488372, -77.29993322420886 2.555321108953489, -77.3273284331329 2.555321108953489, -77.3273284331329 2.569018713418605, -77.34102603759493 2.569018713418605))"
5,"POLYGON ((-77.1629571795886 2.555321108953489, -77.1629571795886 2.541623504488372, -77.14925957512658 2.541623504488372, -77.14925957512658 2.555321108953489, -77.1629571795886 2.555321108953489))"
5,"POLYGON ((-76.73833144126581 2.555321108953489, -76.73833144126581 2.541623504488372, -76.72463383680379 2.541623504488372, -76.72463383680379 2.555321108953489, -76.73833144126581 2.555321108953489))"
5,"POLYGON ((-77.1081667617405 2.555321108953489, -77.1081667617405 2.527925900023256, -77.09446915727848 2.527925900023256, -77.09446915727848 2.541623504488372, -77.08077155281646 2.541623504488372, -77.08077155281646 2.555321108953489, -77.1081667617405 2.555321108953489))"
5,"POLYGON ((-76.0260560092405 2.541623504488372, -76.0260560092405 2.527925900023256, -76.01235840477848 2.527925900023256, -76.01235840477848 2.541623504488372, -76.0260560092405 2.541623504488372))"
5,"POLYGON ((-75.84798715123418 2.610111526813954, -75.84798715123418 2.596413922348837, -75.8616847556962 2.596413922348837, -75.8616847556962 2.569018713418605, -75.87538236015823 2.569018713418605, -75.87538236015823 2.555321108953489, -75.8616847556962 2.555321108953489, -75.8616847556962 2.51422829555814, -75.82059194231012 2.51422829555814, -75.82059194231012 2.527925900023256, -75.83428954677215 2.527925900023256, -75.83428954677215 2.582716317883721, -75.82059194231012 2.582716317883721, -75.82059194231012 2.596413922348837, -75.83428954677215 2.596413922348837, -75.83428954677215 2.610111526813954, -75.84798715123418 2.610111526813954))"
7,"POLYGON ((-77.2177475974367 2.527925900023256, -77.2177475974367 2.51422829555814, -77.20404999297467 2.51422829555814, -77.20404999297467 2.527925900023256, -77.2177475974367 2.527925900023256))"
5,"POLYGON ((-77.09446915727848 2.527925900023256, -77.09446915727848 2.51422829555814, -77.08077155281646 2.51422829555814, -77.08077155281646 2.527925900023256, -77.09446915727848 2.527925900023256))"
7,"POLYGON ((-77.08077155281646 2.527925900023256, -77.08077155281646 2.51422829555814, -77.06707394835443 2.51422829555814, -77.06707394835443 2.527925900023256, -77.08077155281646 2.527925900023256))"
4,"POLYGON ((-76.98488832158228 2.541623504488372, -76.98488832158228 2.527925900023256, -76.9985859260443 2.527925900023256, -76.9985859260443 2.51422829555814, -76.97119071712025 2.51422829555814, -76.97119071712025 2.541623504488372, -76.98488832158228 2.541623504488372))"
4,"POLYGON ((-76.0260560092405 2.760785175930232, -76.0260560092405 2.747087571465117, -76.03975361370253 2.747087571465117, -76.03975361370253 2.733389967, -76.05345121816455 2.733389967, -76.05345121816455 2.719692362534884, -76.03975361370253 2.719692362534884, -76.03975361370253 2.705994758069767, -76.0260560092405 2.705994758069767, -76.0260560092405 2.692297153604651, -75.99866080031646 2.692297153604651, -75.99866080031646 2.678599549139535, -75.98496319585442 2.678599549139535, -75.98496319585442 2.664901944674419, -76.03975361370253 2.664901944674419, -76.03975361370253 2.637506735744186, -75.98496319585442 2.637506735744186, -75.98496319585442 2.651204340209302, -75.9712655913924 2.651204340209302, -75.9712655913924 2.637506735744186, -75.95756798693037 2.637506735744186, -75.95756798693037 2.596413922348837, -75.94387038246835 2.596413922348837, -75.94387038246835 2.582716317883721, -75.95756798693037 2.582716317883721, -75.95756798693037 2.569018713418605, -75.93017277800632 2.569018713418605, -75.93017277800632 2.527925900023256, -75.94387038246835 2.527925900023256, -75.94387038246835 2.51422829555814, -75.9164751735443 2.51422829555814, -75.9164751735443 2.527925900023256, -75.87538236015823 2.527925900023256, -75.87538236015823 2.51422829555814, -75.8616847556962 2.51422829555814, -75.8616847556962 2.555321108953489, -75.87538236015823 2.555321108953489, -75.87538236015823 2.569018713418605, -75.8616847556962 2.569018713418605, -75.8616847556962 2.596413922348837, -75.84798715123418 2.596413922348837, -75.84798715123418 2.610111526813954, -75.83428954677215 2.610111526813954, -75.83428954677215 2.596413922348837, -75.82059194231012 2.596413922348837, -75.82059194231012 2.62380913127907, -75.80689433784809 2.62380913127907, -75.80689433784809 2.637506735744186, -75.79319673338607 2.637506735744186, -75.79319673338607 2.678599549139535, -75.76580152446202 2.678599549139535, -75.76580152446202 2.692297153604651, -75.75210392 2.692297153604651, -75.75210392 2.747087571465117, -75.77949912892404 2.747087571465117, -75.77949912892404 2.760785175930232, -75.79319673338607 2.760785175930232, -75.79319673338607 2.705994758069767, -75.80689433784809 2.705994758069767, -75.80689433784809 2.719692362534884, -75.82059194231012 2.719692362534884, -75.82059194231012 2.664901944674419, -75.83428954677215 2.664901944674419, -75.83428954677215 2.637506735744186, -75.84798715123418 2.637506735744186, -75.84798715123418 2.664901944674419, -75.8616847556962 2.664901944674419, -75.8616847556962 2.678599549139535, -75.87538236015823 2.678599549139535, -75.87538236015823 2.664901944674419, -75.88907996462025 2.664901944674419, -75.88907996462025 2.651204340209302, -75.87538236015823 2.651204340209302, -75.87538236015823 2.62380913127907, -75.90277756908228 2.62380913127907, -75.90277756908228 2.610111526813954, -75.9164751735443 2.610111526813954, -75.9164751735443 2.596413922348837, -75.93017277800632 2.596413922348837, -75.93017277800632 2.664901944674419, -75.90277756908228 2.664901944674419, -75.90277756908228 2.678599549139535, -75.9164751735443 2.678599549139535, -75.9164751735443 2.692297153604651, -75.93017277800632 2.692297153604651, -75.93017277800632 2.719692362534884, -75.95756798693037 2.719692362534884, -75.95756798693037 2.747087571465117, -75.9712655913924 2.747087571465117, -75.9712655913924 2.733389967, -75.98496319585442 2.733389967, -75.98496319585442 2.705994758069767, -75.99866080031646 2.705994758069767, -75.99866080031646 2.747087571465117, -76.01235840477848 2.747087571465117, -76.01235840477848 2.760785175930232, -76.0260560092405 2.760785175930232), (-75.9712655913924 2.664901944674419, -75.95756798693037 2.664901944674419, -75.95756798693037 2.651204340209302, -75.9712655913924 2.651204340209302, -75.9712655913924 2.664901944674419), (-75.93017277800632 2.582716317883721, -75.9164751735443 2.582716317883721, -75.9164751735443 2.569018713418605, -75.93017277800632 2.569018713418605, -75.93017277800632 2.582716317883721))"
4,"POLYGON ((-77.14925957512658 2.582716317883721, -77.14925957512658 2.541623504488372, -77.1629571795886 2.541623504488372, -77.1629571795886 2.527925900023256, -77.12186436620253 2.527925900023256, -77.12186436620253 2.500530691093023, -77.1081667617405 2.500530691093023, -77.1081667617405 2.51422829555814, -77.09446915727848 2.51422829555814, -77.09446915727848 2.527925900023256, -77.1081667617405 2.527925900023256, -77.1081667617405 2.555321108953489, -77.08077155281646 2.555321108953489, -77.08077155281646 2.569018713418605, -77.12186436620253 2.569018713418605, -77.12186436620253 2.582716317883721, -77.14925957512658 2.582716317883721))"
5,"POLYGON ((-77.45060687329114 2.51422829555814, -77.45060687329114 2.500530691093023, -77.43690926882911 2.500530691093023, -77.43690926882911 2.51422829555814, -77.45060687329114 2.51422829555814))"
5,"POLYGON ((-77.09446915727848 2.651204340209302, -77.09446915727848 2.637506735744186, -77.06707394835443 2.637506735744186, -77.06707394835443 2.596413922348837, -77.0533763438924 2.596413922348837, -77.0533763438924 2.569018713418605, -77.03967873943037 2.569018713418605, -77.03967873943037 2.555321108953489, -77.0533763438924 2.555321108953489, -77.0533763438924 2.541623504488372, -77.02598113496835 2.541623504488372, -77.02598113496835 2.527925900023256, -77.03967873943037 2.527925900023256, -77.03967873943037 2.51422829555814, -77.02598113496835 2.51422829555814, -77.02598113496835 2.486833086627907, -77.01228353050632 2.486833086627907, -77.01228353050632 2.500530691093023, -76.9985859260443 2.500530691093023, -76.9985859260443 2.527925900023256, -76.98488832158228 2.527925900023256, -76.98488832158228 2.541623504488372, -76.9985859260443 2.541623504488372, -76.9985859260443 2.569018713418605, -77.02598113496835 2.569018713418605, -77.02598113496835 2.582716317883721, -77.01228353050632 2.582716317883721, -77.01228353050632 2.596413922348837, -77.02598113496835 2.596413922348837, -77.02598113496835 2.637506735744186, -77.03967873943037 2.637506735744186, -77.03967873943037 2.62380913127907, -77.0533763438924 2.62380913127907, -77.0533763438924 2.651204340209302, -77.09446915727848 2.651204340209302))"
5,"POLYGON ((-75.9712655913924 2.637506735744186, -75.9712655913924 2.582716317883721, -76.01235840477848 2.582716317883721, -76.01235840477848 2.541623504488372, -75.99866080031646 2.541623504488372, -75.99866080031646 2.555321108953489, -75.98496319585442 2.555321108953489, -75.98496319585442 2.541623504488372, -75.9712655913924 2.541623504488372, -75.9712655913924 2.555321108953489, -75.95756798693037 2.555321108953489, -75.95756798693037 2.527925900023256, -75.9712655913924 2.527925900023256, -75.9712655913924 2.500530691093023, -75.94387038246835 2.500530691093023, -75.94387038246835 2.486833086627907, -75.9164751735443 2.486833086627907, -75.9164751735443 2.500530691093023, -75.90277756908228 2.500530691093023, -75.90277756908228 2.486833086627907, -75.88907996462025 2.486833086627907, -75.88907996462025 2.51422829555814, -75.87538236015823 2.51422829555814, -75.87538236015823 2.527925900023256, -75.9164751735443 2.527925900023256, -75.9164751735443 2.51422829555814, -75.94387038246835 2.51422829555814, -75.94387038246835 2.527925900023256, -75.93017277800632 2.527925900023256, -75.93017277800632 2.569018713418605, -75.95756798693037 2.569018713418605, -75.95756798693037 2.582716317883721, -75.94387038246835 2.582716317883721, -75.94387038246835 2.596413922348837, -75.95756798693037 2.596413922348837, -75.95756798693037 2.637506735744186, -75.9712655913924 2.637506735744186))"
4,"POLYGON ((-75.88907996462025 2.51422829555814, -75.88907996462025 2.486833086627907, -75.87538236015823 2.486833086627907, -75.87538236015823 2.51422829555814, -75.88907996462025 2.51422829555814))"
5,"POLYGON ((-77.3273284331329 2.500530691093023, -77.3273284331329 2.486833086627907, -77.31363082867088 2.486833086627907, -77.31363082867088 2.500530691093023, -77.3273284331329 2.500530691093023))"
5,"POLYGON ((-77.12186436620253 2.500530691093023, -77.12186436620253 2.486833086627907, -77.1081667617405 2.486833086627907, -77.1081667617405 2.500530691093023, -77.12186436620253 2.500530691093023))"
5,"POLYGON ((-77.08077155281646 2.500530691093023, -77.08077155281646 2.486833086627907, -77.06707394835443 2.486833086627907, -77.06707394835443 2.500530691093023, -77.08077155281646 2.500530691093023))"
5,"POLYGON ((-77.0533763438924 2.500530691093023, -77.0533763438924 2.486833086627907, -77.03967873943037 2.486833086627907, -77.03967873943037 2.500530691093023, -77.0533763438924 2.500530691093023))"
4,"POLYGON ((-75.95756798693037 2.500530691093023, -75.95756798693037 2.486833086627907, -75.94387038246835 2.486833086627907, -75.94387038246835 2.500530691093023, -75.95756798693037 2.500530691093023))"
6,"POLYGON ((-75.9164751735443 2.500530691093023, -75.9164751735443 2.486833086627907, -75.90277756908228 2.486833086627907, -75.90277756908228 2.500530691093023, -75.9164751735443 2.500530691093023))"
6,"POLYGON ((-75.8616847556962 2.51422829555814, -75.8616847556962 2.486833086627907, -75.84798715123418 2.486833086627907, -75.84798715123418 2.473135482162791, -75.83428954677215 2.473135482162791, -75.83428954677215 2.486833086627907, -75.82059194231012 2.486833086627907, -75.82059194231012 2.51422829555814, -75.8616847556962 2.51422829555814))"
5,"POLYGON ((-77.17665478405063 2.541623504488372, -77.17665478405063 2.527925900023256, -77.19035238851265 2.527925900023256, -77.19035238851265 2.51422829555814, -77.14925957512658 2.51422829555814, -77.14925957512658 2.500530691093023, -77.1629571795886 2.500530691093023, -77.1629571795886 2.486833086627907, -77.17665478405063 2.486833086627907, -77.17665478405063 2.500530691093023, -77.19035238851265 2.500530691093023, -77.19035238851265 2.473135482162791, -77.13556197066455 2.473135482162791, -77.13556197066455 2.500530691093023, -77.12186436620253 2.500530691093023, -77.12186436620253 2.527925900023256, -77.1629571795886 2.527925900023256, -77.1629571795886 2.541623504488372, -77.17665478405063 2.541623504488372))"
5,"POLYGON ((-77.09446915727848 2.486833086627907, -77.09446915727848 2.473135482162791, -77.08077155281646 2.473135482162791, -77.08077155281646 2.486833086627907, -77.09446915727848 2.486833086627907))"
4,"POLYGON ((-75.93017277800632 2.486833086627907, -75.93017277800632 2.473135482162791, -75.9164751735443 2.473135482162791, -75.9164751735443 2.486833086627907, -75.93017277800632 2.486833086627907))"
5,"POLYGON ((-77.36842124651898 2.541623504488372, -77.36842124651898 2.500530691093023, -77.38211885098102 2.500530691093023, -77.38211885098102 2.486833086627907, -77.36842124651898 2.486833086627907, -77.36842124651898 2.459437877697674, -77.35472364205695 2.459437877697674, -77.35472364205695 2.500530691093023, -77.34102603759493 2.500530691093023, -77.34102603759493 2.51422829555814, -77.35472364205695 2.51422829555814, -77.35472364205695 2.527925900023256, -77.34102603759493 2.527925900023256, -77.34102603759493 2.541623504488372, -77.36842124651898 2.541623504488372))"
4,"POLYGON ((-77.31363082867088 2.569018713418605, -77.31363082867088 2.555321108953489, -77.29993322420886 2.555321108953489, -77.29993322420886 2.541623504488372, -77.34102603759493 2.541623504488372, -77.34102603759493 2.527925900023256, -77.35472364205695 2.527925900023256, -77.35472364205695 2.51422829555814, -77.34102603759493 2.51422829555814, -77.34102603759493 2.500530691093023, -77.35472364205695 2.500530691093023, -77.35472364205695 2.459437877697674, -77.31363082867088 2.459437877697674, -77.31363082867088 2.473135482162791, -77.28623561974683 2.473135482162791, -77.28623561974683 2.500530691093023, -77.27253801528481 2.500530691093023, -77.27253801528481 2.486833086627907, -77.25884041082278 2.486833086627907, -77.25884041082278 2.51422829555814, -77.24514280636076 2.51422829555814, -77.24514280636076 2.555321108953489, -77.27253801528481 2.555321108953489, -77.27253801528481 2.569018713418605, -77.31363082867088 2.569018713418605), (-77.3273284331329 2.500530691093023, -77.31363082867088 2.500530691093023, -77.31363082867088 2.486833086627907, -77.3273284331329 2.486833086627907, -77.3273284331329 2.500530691093023))"
5,"POLYGON ((-77.47800208221518 2.486833086627907, -77.47800208221518 2.459437877697674, -77.46430447775316 2.459437877697674, -77.46430447775316 2.486833086627907, -77.47800208221518 2.486833086627907))"
4,"POLYGON ((-77.39581645544304 2.486833086627907, -77.39581645544304 2.459437877697674, -77.36842124651898 2.459437877697674, -77.36842124651898 2.486833086627907, -77.39581645544304 2.486833086627907))"
4,"POLYGON ((-77.0533763438924 2.486833086627907, -77.0533763438924 2.459437877697674, -77.03967873943037 2.459437877697674, -77.03967873943037 2.486833086627907, -77.0533763438924 2.486833086627907))"
6,"POLYGON ((-75.90277756908228 2.486833086627907, -75.90277756908228 2.459437877697674, -75.88907996462025 2.459437877697674, -75.88907996462025 2.486833086627907, -75.90277756908228 2.486833086627907))"
5,"POLYGON ((-77.20404999297467 2.473135482162791, -77.20404999297467 2.459437877697674, -77.19035238851265 2.459437877697674, -77.19035238851265 2.473135482162791, -77.20404999297467 2.473135482162791))"
5,"POLYGON ((-77.06707394835443 2.473135482162791, -77.06707394835443 2.459437877697674, -77.0533763438924 2.459437877697674, -77.0533763438924 2.473135482162791, -77.06707394835443 2.473135482162791))"
3,"POLYGON ((-76.93009790373418 2.473135482162791, -76.93009790373418 2.459437877697674, -76.91640029927215 2.459437877697674, -76.91640029927215 2.473135482162791, -76.93009790373418 2.473135482162791))"
4,"POLYGON ((-77.01228353050632 2.500530691093023, -77.01228353050632 2.486833086627907, -77.02598113496835 2.486833086627907, -77.02598113496835 2.445740273232558, -77.01228353050632 2.445740273232558, -77.01228353050632 2.459437877697674, -76.98488832158228 2.459437877697674, -76.98488832158228 2.486833086627907, -76.9985859260443 2.486833086627907, -76.9985859260443 2.500530691093023, -77.01228353050632 2.500530691093023))"
5,"POLYGON ((-77.43690926882911 2.500530691093023, -77.43690926882911 2.473135482162791, -77.45060687329114 2.473135482162791, -77.45060687329114 2.459437877697674, -77.43690926882911 2.459437877697674, -77.43690926882911 2.445740273232558, -77.36842124651898 2.445740273232558, -77.36842124651898 2.459437877697674, -77.42321166436709 2.459437877697674, -77.42321166436709 2.500530691093023, -77.43690926882911 2.500530691093023))"
4,"POLYGON ((-75.98496319585442 2.637506735744186, -75.98496319585442 2.610111526813954, -76.0260560092405 2.610111526813954, -76.0260560092405 2.62380913127907, -76.05345121816455 2.62380913127907, -76.05345121816455 2.610111526813954, -76.06714882262658 2.610111526813954, -76.06714882262658 2.596413922348837, -76.10824163601265 2.596413922348837, -76.10824163601265 2.582716317883721, -76.0808464270886 2.582716317883721, -76.0808464270886 2.51422829555814, -76.06714882262658 2.51422829555814, -76.06714882262658 2.527925900023256, -76.05345121816455 2.527925900023256, -76.05345121816455 2.555321108953489, -76.03975361370253 2.555321108953489, -76.03975361370253 2.500530691093023, -76.05345121816455 2.500530691093023, -76.05345121816455 2.473135482162791, -76.06714882262658 2.473135482162791, -76.06714882262658 2.459437877697674, -76.05345121816455 2.459437877697674, -76.05345121816455 2.445740273232558, -76.03975361370253 2.445740273232558, -76.03975361370253 2.459437877697674, -75.99866080031646 2.459437877697674, -75.99866080031646 2.473135482162791, -75.98496319585442 2.473135482162791, -75.98496319585442 2.500530691093023, -75.9712655913924 2.500530691093023, -75.9712655913924 2.527925900023256, -75.95756798693037 2.527925900023256, -75.95756798693037 2.555321108953489, -75.9712655913924 2.555321108953489, -75.9712655913924 2.541623504488372, -75.98496319585442 2.541623504488372, -75.98496319585442 2.555321108953489, -75.99866080031646 2.555321108953489, -75.99866080031646 2.541623504488372, -76.01235840477848 2.541623504488372, -76.01235840477848 2.582716317883721, -75.9712655913924 2.582716317883721, -75.9712655913924 2.637506735744186, -75.98496319585442 2.637506735744186), (-76.06714882262658 2.596413922348837, -76.05345121816455 2.596413922348837, -76.05345121816455 2.582716317883721, -76.06714882262658 2.582716317883721, -76.06714882262658 2.596413922348837), (-76.0260560092405 2.541623504488372, -76.01235840477848 2.541623504488372, -76.01235840477848 2.527925900023256, -76.0260560092405 2.527925900023256, -76.0260560092405 2.541623504488372))"
6,"POLYGON ((-77.45060687329114 2.459437877697674, -77.45060687329114 2.445740273232558, -77.43690926882911 2.445740273232558, -77.43690926882911 2.459437877697674, -77.45060687329114 2.459437877697674))"
3,"POLYGON ((-77.28623561974683 2.459437877697674, -77.28623561974683 2.445740273232558, -77.27253801528481 2.445740273232558, -77.27253801528481 2.459437877697674, -77.28623561974683 2.459437877697674))"
5,"POLYGON ((-77.19035238851265 2.459437877697674, -77.19035238851265 2.445740273232558, -77.17665478405063 2.445740273232558, -77.17665478405063 2.459437877697674, -77.19035238851265 2.459437877697674))"
5,"POLYGON ((-77.1629571795886 2.459437877697674, -77.1629571795886 2.445740273232558, -77.14925957512658 2.445740273232558, -77.14925957512658 2.459437877697674, -77.1629571795886 2.459437877697674))"
2,"POLYGON ((-76.10824163601265 2.486833086627907, -76.10824163601265 2.473135482162791, -76.12193924047467 2.473135482162791, -76.12193924047467 2.459437877697674, -76.1356368449367 2.459437877697674, -76.1356368449367 2.445740273232558, -76.10824163601265 2.445740273232558, -76.10824163601265 2.459437877697674, -76.09454403155063 2.459437877697674, -76.09454403155063 2.486833086627907, -76.10824163601265 2.486833086627907))"
6,"POLYGON ((-77.08077155281646 2.610111526813954, -77.08077155281646 2.596413922348837, -77.09446915727848 2.596413922348837, -77.09446915727848 2.582716317883721, -77.08077155281646 2.582716317883721, -77.08077155281646 2.541623504488372, -77.09446915727848 2.541623504488372, -77.09446915727848 2.527925900023256, -77.06707394835443 2.527925900023256, -77.06707394835443 2.51422829555814, -77.1081667617405 2.51422829555814, -77.1081667617405 2.473135482162791, -77.09446915727848 2.473135482162791, -77.09446915727848 2.486833086627907, -77.08077155281646 2.486833086627907, -77.08077155281646 2.432042668767442, -77.06707394835443 2.432042668767442, -77.06707394835443 2.445740273232558, -77.0533763438924 2.445740273232558, -77.0533763438924 2.459437877697674, -77.06707394835443 2.459437877697674, -77.06707394835443 2.473135482162791, -77.0533763438924 2.473135482162791, -77.0533763438924 2.500530691093023, -77.03967873943037 2.500530691093023, -77.03967873943037 2.432042668767442, -77.02598113496835 2.432042668767442, -77.02598113496835 2.51422829555814, -77.03967873943037 2.51422829555814, -77.03967873943037 2.527925900023256, -77.02598113496835 2.527925900023256, -77.02598113496835 2.541623504488372, -77.0533763438924 2.541623504488372, -77.0533763438924 2.596413922348837, -77.06707394835443 2.596413922348837, -77.06707394835443 2.610111526813954, -77.08077155281646 2.610111526813954), (-77.08077155281646 2.500530691093023, -77.06707394835443 2.500530691093023, -77.06707394835443 2.486833086627907, -77.08077155281646 2.486833086627907, -77.08077155281646 2.500530691093023))"
5,"POLYGON ((-75.87538236015823 2.51422829555814, -75.87538236015823 2.486833086627907, -75.88907996462025 2.486833086627907, -75.88907996462025 2.459437877697674, -75.90277756908228 2.459437877697674, -75.90277756908228 2.486833086627907, -75.9164751735443 2.486833086627907, -75.9164751735443 2.445740273232558, -75.88907996462025 2.445740273232558, -75.88907996462025 2.432042668767442, -75.87538236015823 2.432042668767442, -75.87538236015823 2.473135482162791, -75.84798715123418 2.473135482162791, -75.84798715123418 2.486833086627907, -75.8616847556962 2.486833086627907, -75.8616847556962 2.51422829555814, -75.87538236015823 2.51422829555814))"
6,"POLYGON ((-75.87538236015823 2.473135482162791, -75.87538236015823 2.432042668767442, -75.8616847556962 2.432042668767442, -75.8616847556962 2.445740273232558, -75.84798715123418 2.445740273232558, -75.84798715123418 2.473135482162791, -75.87538236015823 2.473135482162791))"
5,"POLYGON ((-77.17665478405063 2.445740273232558, -77.17665478405063 2.432042668767442, -77.1629571795886 2.432042668767442, -77.1629571795886 2.445740273232558, -77.17665478405063 2.445740273232558))"
4,"POLYGON ((-75.90277756908228 2.445740273232558, -75.90277756908228 2.432042668767442, -75.88907996462025 2.432042668767442, -75.88907996462025 2.445740273232558, -75.90277756908228 2.445740273232558))"
4,"POLYGON ((-77.45060687329114 2.445740273232558, -77.45060687329114 2.432042668767442, -77.43690926882911 2.432042668767442, -77.43690926882911 2.418345064302326, -77.42321166436709 2.418345064302326, -77.42321166436709 2.432042668767442, -77.39581645544304 2.432042668767442, -77.39581645544304 2.418345064302326, -77.36842124651898 2.418345064302326, -77.36842124651898 2.432042668767442, -77.34102603759493 2.432042668767442, -77.34102603759493 2.445740273232558, -77.45060687329114 2.445740273232558))"
5,"POLYGON ((-77.24514280636076 2.555321108953489, -77.24514280636076 2.51422829555814, -77.25884041082278 2.51422829555814, -77.25884041082278 2.486833086627907, -77.27253801528481 2.486833086627907, -77.27253801528481 2.500530691093023, -77.28623561974683 2.500530691093023, -77.28623561974683 2.459437877697674, -77.27253801528481 2.459437877697674, -77.27253801528481 2.445740273232558, -77.28623561974683 2.445740273232558, -77.28623561974683 2.418345064302326, -77.27253801528481 2.418345064302326, -77.27253801528481 2.432042668767442, -77.25884041082278 2.432042668767442, -77.25884041082278 2.418345064302326, -77.24514280636076 2.418345064302326, -77.24514280636076 2.500530691093023, -77.23144520189874 2.500530691093023, -77.23144520189874 2.555321108953489, -77.24514280636076 2.555321108953489))"
4,"POLYGON ((-77.13556197066455 2.500530691093023, -77.13556197066455 2.473135482162791, -77.19035238851265 2.473135482162791, -77.19035238851265 2.459437877697674, -77.17665478405063 2.459437877697674, -77.17665478405063 2.445740273232558, -77.1629571795886 2.445740273232558, -77.1629571795886 2.432042668767442, -77.14925957512658 2.432042668767442, -77.14925957512658 2.418345064302326, -77.13556197066455 2.418345064302326, -77.13556197066455 2.432042668767442, -77.1081667617405 2.432042668767442, -77.1081667617405 2.445740273232558, -77.12186436620253 2.445740273232558, -77.12186436620253 2.459437877697674, -77.08077155281646 2.459437877697674, -77.08077155281646 2.473135482162791, -77.1081667617405 2.473135482162791, -77.1081667617405 2.486833086627907, -77.12186436620253 2.486833086627907, -77.12186436620253 2.500530691093023, -77.13556197066455 2.500530691093023), (-77.1629571795886 2.459437877697674, -77.14925957512658 2.459437877697674, -77.14925957512658 2.445740273232558, -77.1629571795886 2.445740273232558, -77.1629571795886 2.459437877697674))"
4,"POLYGON ((-77.17665478405063 2.432042668767442, -77.17665478405063 2.418345064302326, -77.1629571795886 2.418345064302326, -77.1629571795886 2.432042668767442, -77.17665478405063 2.432042668767442))"
6,"POLYGON ((-77.1629571795886 2.432042668767442, -77.1629571795886 2.418345064302326, -77.14925957512658 2.418345064302326, -77.14925957512658 2.432042668767442, -77.1629571795886 2.432042668767442))"
2,"POLYGON ((-76.4506817475633 2.432042668767442, -76.4506817475633 2.418345064302326, -76.43698414310126 2.418345064302326, -76.43698414310126 2.432042668767442, -76.4506817475633 2.432042668767442))"
5,"POLYGON ((-77.12186436620253 2.459437877697674, -77.12186436620253 2.445740273232558, -77.1081667617405 2.445740273232558, -77.1081667617405 2.418345064302326, -77.09446915727848 2.418345064302326, -77.09446915727848 2.404647459837209, -77.06707394835443 2.404647459837209, -77.06707394835443 2.418345064302326, -77.0533763438924 2.418345064302326, -77.0533763438924 2.432042668767442, -77.03967873943037 2.432042668767442, -77.03967873943037 2.459437877697674, -77.0533763438924 2.459437877697674, -77.0533763438924 2.445740273232558, -77.06707394835443 2.445740273232558, -77.06707394835443 2.432042668767442, -77.08077155281646 2.432042668767442, -77.08077155281646 2.459437877697674, -77.12186436620253 2.459437877697674))"
5,"POLYGON ((-77.23144520189874 2.432042668767442, -77.23144520189874 2.418345064302326, -77.2177475974367 2.418345064302326, -77.2177475974367 2.404647459837209, -77.20404999297467 2.404647459837209, -77.20404999297467 2.432042668767442, -77.23144520189874 2.432042668767442))"
5,"POLYGON ((-77.19035238851265 2.432042668767442, -77.19035238851265 2.404647459837209, -77.1629571795886 2.404647459837209, -77.1629571795886 2.418345064302326, -77.17665478405063 2.418345064302326, -77.17665478405063 2.432042668767442, -77.19035238851265 2.432042668767442))"
4,"POLYGON ((-77.45060687329114 2.418345064302326, -77.45060687329114 2.404647459837209, -77.43690926882911 2.404647459837209, -77.43690926882911 2.418345064302326, -77.45060687329114 2.418345064302326))"
3,"POLYGON ((-77.25884041082278 2.418345064302326, -77.25884041082278 2.404647459837209, -77.24514280636076 2.404647459837209, -77.24514280636076 2.418345064302326, -77.25884041082278 2.418345064302326))"
3,"POLYGON ((-77.23144520189874 2.418345064302326, -77.23144520189874 2.404647459837209, -77.2177475974367 2.404647459837209, -77.2177475974367 2.418345064302326, -77.23144520189874 2.418345064302326))"
4,"POLYGON ((-77.1629571795886 2.418345064302326, -77.1629571795886 2.404647459837209, -77.14925957512658 2.404647459837209, -77.14925957512658 2.418345064302326, -77.1629571795886 2.418345064302326))"
3,"POLYGON ((-76.8342146725 2.84297080272093, -76.8342146725 2.815575593790698, -76.86160988142404 2.815575593790698, -76.86160988142404 2.760785175930232, -76.87530748588607 2.760785175930232, -76.87530748588607 2.705994758069767, -76.88900509034809 2.705994758069767, -76.88900509034809 2.678599549139535, -76.90270269481012 2.678599549139535, -76.90270269481012 2.664901944674419, -76.91640029927215 2.664901944674419, -76.91640029927215 2.610111526813954, -76.93009790373418 2.610111526813954, -76.93009790373418 2.596413922348837, -76.9437955081962 2.596413922348837, -76.9437955081962 2.555321108953489, -76.9985859260443 2.555321108953489, -76.9985859260443 2.541623504488372, -76.97119071712025 2.541623504488372, -76.97119071712025 2.51422829555814, -76.9985859260443 2.51422829555814, -76.9985859260443 2.486833086627907, -76.98488832158228 2.486833086627907, -76.98488832158228 2.459437877697674, -77.01228353050632 2.459437877697674, -77.01228353050632 2.445740273232558, -77.02598113496835 2.445740273232558, -77.02598113496835 2.418345064302326, -77.03967873943037 2.418345064302326, -77.03967873943037 2.390949855372093, -77.02598113496835 2.390949855372093, -77.02598113496835 2.404647459837209, -76.9985859260443 2.404647459837209, -76.9985859260443 2.390949855372093, -76.97119071712025 2.390949855372093, -76.97119071712025 2.404647459837209, -76.95749311265823 2.404647459837209, -76.95749311265823 2.459437877697674, -76.9437955081962 2.459437877697674, -76.9437955081962 2.473135482162791, -76.93009790373418 2.473135482162791, -76.93009790373418 2.500530691093023, -76.91640029927215 2.500530691093023, -76.91640029927215 2.51422829555814, -76.90270269481012 2.51422829555814, -76.90270269481012 2.569018713418605, -76.88900509034809 2.569018713418605, -76.88900509034809 2.582716317883721, -76.86160988142404 2.582716317883721, -76.86160988142404 2.610111526813954, -76.84791227696202 2.610111526813954, -76.84791227696202 2.62380913127907, -76.86160988142404 2.62380913127907, -76.86160988142404 2.651204340209302, -76.84791227696202 2.651204340209302, -76.84791227696202 2.678599549139535, -76.82051706803797 2.678599549139535, -76.82051706803797 2.692297153604651, -76.8342146725 2.692297153604651, -76.8342146725 2.705994758069767, -76.82051706803797 2.705994758069767, -76.82051706803797 2.747087571465117, -76.80681946357595 2.747087571465117, -76.80681946357595 2.760785175930232, -76.7794242546519 2.760785175930232, -76.7794242546519 2.829273198255814, -76.79312185911392 2.829273198255814, -76.79312185911392 2.84297080272093, -76.8342146725 2.84297080272093))"
4,"POLYGON ((-77.29993322420886 2.459437877697674, -77.29993322420886 2.445740273232558, -77.31363082867088 2.445740273232558, -77.31363082867088 2.432042668767442, -77.3273284331329 2.432042668767442, -77.3273284331329 2.404647459837209, -77.34102603759493 2.404647459837209, -77.34102603759493 2.390949855372093, -77.28623561974683 2.390949855372093, -77.28623561974683 2.404647459837209, -77.25884041082278 2.404647459837209, -77.25884041082278 2.432042668767442, -77.27253801528481 2.432042668767442, -77.27253801528481 2.418345064302326, -77.28623561974683 2.418345064302326, -77.28623561974683 2.459437877697674, -77.29993322420886 2.459437877697674))"
3,"POLYGON ((-76.0808464270886 2.925156429511628, -76.0808464270886 2.856668407186047, -76.09454403155063 2.856668407186047, -76.09454403155063 2.84297080272093, -76.10824163601265 2.84297080272093, -76.10824163601265 2.829273198255814, -76.09454403155063 2.829273198255814, -76.09454403155063 2.788180384860465, -76.14933444939874 2.788180384860465, -76.14933444939874 2.733389967, -76.17672965832278 2.733389967, -76.17672965832278 2.705994758069767, -76.16303205386076 2.705994758069767, -76.16303205386076 2.719692362534884, -76.12193924047467 2.719692362534884, -76.12193924047467 2.705994758069767, -76.09454403155063 2.705994758069767, -76.09454403155063 2.678599549139535, -76.0808464270886 2.678599549139535, -76.0808464270886 2.664901944674419, -76.06714882262658 2.664901944674419, -76.06714882262658 2.651204340209302, -76.09454403155063 2.651204340209302, -76.09454403155063 2.637506735744186, -76.12193924047467 2.637506735744186, -76.12193924047467 2.610111526813954, -76.1356368449367 2.610111526813954, -76.1356368449367 2.596413922348837, -76.16303205386076 2.596413922348837, -76.16303205386076 2.582716317883721, -76.1356368449367 2.582716317883721, -76.1356368449367 2.527925900023256, -76.12193924047467 2.527925900023256, -76.12193924047467 2.51422829555814, -76.1356368449367 2.51422829555814, -76.1356368449367 2.486833086627907, -76.14933444939874 2.486833086627907, -76.14933444939874 2.473135482162791, -76.16303205386076 2.473135482162791, -76.16303205386076 2.445740273232558, -76.1356368449367 2.445740273232558, -76.1356368449367 2.418345064302326, -76.14933444939874 2.418345064302326, -76.14933444939874 2.404647459837209, -76.16303205386076 2.404647459837209, -76.16303205386076 2.377252250906977, -76.12193924047467 2.377252250906977, -76.12193924047467 2.390949855372093, -76.10824163601265 2.390949855372093, -76.10824163601265 2.404647459837209, -76.09454403155063 2.404647459837209, -76.09454403155063 2.418345064302326, -76.06714882262658 2.418345064302326, -76.06714882262658 2.404647459837209, -76.0260560092405 2.404647459837209, -76.0260560092405 2.445740273232558, -76.01235840477848 2.445740273232558, -76.01235840477848 2.459437877697674, -76.03975361370253 2.459437877697674, -76.03975361370253 2.445740273232558, -76.05345121816455 2.445740273232558, -76.05345121816455 2.459437877697674, -76.06714882262658 2.459437877697674, -76.06714882262658 2.473135482162791, -76.05345121816455 2.473135482162791, -76.05345121816455 2.500530691093023, -76.03975361370253 2.500530691093023, -76.03975361370253 2.555321108953489, -76.05345121816455 2.555321108953489, -76.05345121816455 2.527925900023256, -76.06714882262658 2.527925900023256, -76.06714882262658 2.51422829555814, -76.0808464270886 2.51422829555814, -76.0808464270886 2.582716317883721, -76.10824163601265 2.582716317883721, -76.10824163601265 2.596413922348837, -76.06714882262658 2.596413922348837, -76.06714882262658 2.610111526813954, -76.05345121816455 2.610111526813954, -76.05345121816455 2.62380913127907, -76.0260560092405 2.62380913127907, -76.0260560092405 2.610111526813954, -75.98496319585442 2.610111526813954, -75.98496319585442 2.637506735744186, -76.03975361370253 2.637506735744186, -76.03975361370253 2.664901944674419, -75.98496319585442 2.664901944674419, -75.98496319585442 2.678599549139535, -75.99866080031646 2.678599549139535, -75.99866080031646 2.692297153604651, -76.0260560092405 2.692297153604651, -76.0260560092405 2.705994758069767, -76.03975361370253 2.705994758069767, -76.03975361370253 2.719692362534884, -76.05345121816455 2.719692362534884, -76.05345121816455 2.733389967, -76.03975361370253 2.733389967, -76.03975361370253 2.747087571465117, -76.0260560092405 2.747087571465117, -76.0260560092405 2.760785175930232, -76.01235840477848 2.760785175930232, -76.01235840477848 2.747087571465117, -75.99866080031646 2.747087571465117, -75.99866080031646 2.705994758069767, -75.98496319585442 2.705994758069767, -75.98496319585442 2.733389967, -75.9712655913924 2.733389967, -75.9712655913924 2.747087571465117, -75.95756798693037 2.747087571465117, -75.95756798693037 2.719692362534884, -75.93017277800632 2.719692362534884, -75.93017277800632 2.692297153604651, -75.9164751735443 2.692297153604651, -75.9164751735443 2.678599549139535, -75.90277756908228 2.678599549139535, -75.90277756908228 2.664901944674419, -75.93017277800632 2.664901944674419, -75.93017277800632 2.596413922348837, -75.9164751735443 2.596413922348837, -75.9164751735443 2.610111526813954, -75.90277756908228 2.610111526813954, -75.90277756908228 2.62380913127907, -75.87538236015823 2.62380913127907, -75.87538236015823 2.651204340209302, -75.88907996462025 2.651204340209302, -75.88907996462025 2.664901944674419, -75.87538236015823 2.664901944674419, -75.87538236015823 2.678599549139535, -75.8616847556962 2.678599549139535, -75.8616847556962 2.664901944674419, -75.84798715123418 2.664901944674419, -75.84798715123418 2.637506735744186, -75.83428954677215 2.637506735744186, -75.83428954677215 2.664901944674419, -75.82059194231012 2.664901944674419, -75.82059194231012 2.719692362534884, -75.80689433784809 2.719692362534884, -75.80689433784809 2.705994758069767, -75.79319673338607 2.705994758069767, -75.79319673338607 2.760785175930232, -75.82059194231012 2.760785175930232, -75.82059194231012 2.747087571465117, -75.84798715123418 2.747087571465117, -75.84798715123418 2.760785175930232, -75.87538236015823 2.760785175930232, -75.87538236015823 2.788180384860465, -75.90277756908228 2.788180384860465, -75.90277756908228 2.815575593790698, -75.9164751735443 2.815575593790698, -75.9164751735443 2.870366011651163, -75.93017277800632 2.870366011651163, -75.93017277800632 2.884063616116279, -75.95756798693037 2.884063616116279, -75.95756798693037 2.897761220581395, -75.9712655913924 2.897761220581395, -75.9712655913924 2.884063616116279, -75.98496319585442 2.884063616116279, -75.98496319585442 2.870366011651163, -76.0260560092405 2.870366011651163, -76.0260560092405 2.856668407186047, -76.03975361370253 2.856668407186047, -76.03975361370253 2.897761220581395, -76.05345121816455 2.897761220581395, -76.05345121816455 2.884063616116279, -76.06714882262658 2.884063616116279, -76.06714882262658 2.925156429511628, -76.0808464270886 2.925156429511628), (-75.94387038246835 2.856668407186047, -75.93017277800632 2.856668407186047, -75.93017277800632 2.829273198255814, -75.94387038246835 2.829273198255814, -75.94387038246835 2.856668407186047), (-75.95756798693037 2.829273198255814, -75.94387038246835 2.829273198255814, -75.94387038246835 2.815575593790698, -75.93017277800632 2.815575593790698, -75.93017277800632 2.801877989325582, -75.94387038246835 2.801877989325582, -75.94387038246835 2.747087571465117, -75.95756798693037 2.747087571465117, -75.95756798693037 2.829273198255814), (-76.09454403155063 2.788180384860465, -76.0808464270886 2.788180384860465, -76.0808464270886 2.774482780395349, -76.09454403155063 2.774482780395349, -76.09454403155063 2.788180384860465), (-76.03975361370253 2.788180384860465, -76.0260560092405 2.788180384860465, -76.0260560092405 2.760785175930232, -76.03975361370253 2.760785175930232, -76.03975361370253 2.788180384860465), (-76.1356368449367 2.774482780395349, -76.12193924047467 2.774482780395349, -76.12193924047467 2.760785175930232, -76.1356368449367 2.760785175930232, -76.1356368449367 2.774482780395349), (-75.88907996462025 2.747087571465117, -75.87538236015823 2.747087571465117, -75.87538236015823 2.733389967, -75.88907996462025 2.733389967, -75.88907996462025 2.747087571465117), (-76.0808464270886 2.733389967, -76.06714882262658 2.733389967, -76.06714882262658 2.719692362534884, -76.0808464270886 2.719692362534884, -76.0808464270886 2.733389967), (-75.90277756908228 2.733389967, -75.88907996462025 2.733389967, -75.88907996462025 2.719692362534884, -75.90277756908228 2.719692362534884, -75.90277756908228 2.733389967), (-75.9164751735443 2.705994758069767, -75.90277756908228 2.705994758069767, -75.90277756908228 2.692297153604651, -75.9164751735443 2.692297153604651, -75.9164751735443 2.705994758069767), (-75.8616847556962 2.705994758069767, -75.84798715123418 2.705994758069767, -75.84798715123418 2.678599549139535, -75.8616847556962 2.678599549139535, -75.8616847556962 2.705994758069767), (-76.10824163601265 2.486833086627907, -76.09454403155063 2.486833086627907, -76.09454403155063 2.459437877697674, -76.10824163601265 2.459437877697674, -76.10824163601265 2.445740273232558, -76.1356368449367 2.445740273232558, -76.1356368449367 2.459437877697674, -76.12193924047467 2.459437877697674, -76.12193924047467 2.473135482162791, -76.10824163601265 2.473135482162791, -76.10824163601265 2.486833086627907))"
6,"POLYGON ((-76.93009790373418 2.390949855372093, -76.93009790373418 2.377252250906977, -76.91640029927215 2.377252250906977, -76.91640029927215 2.390949855372093, -76.93009790373418 2.390949855372093))"
5,"POLYGON ((-77.23144520189874 2.404647459837209, -77.23144520189874 2.390949855372093, -77.24514280636076 2.390949855372093, -77.24514280636076 2.363554646441861, -77.23144520189874 2.363554646441861, -77.23144520189874 2.377252250906977, -77.2177475974367 2.377252250906977, -77.2177475974367 2.404647459837209, -77.23144520189874 2.404647459837209))"
5,"POLYGON ((-77.20404999297467 2.377252250906977, -77.20404999297467 2.363554646441861, -77.19035238851265 2.363554646441861, -77.19035238851265 2.377252250906977, -77.20404999297467 2.377252250906977))"
5,"POLYGON ((-76.82051706803797 2.377252250906977, -76.82051706803797 2.363554646441861, -76.80681946357595 2.363554646441861, -76.80681946357595 2.377252250906977, -76.82051706803797 2.377252250906977))"
6,"POLYGON ((-76.80681946357595 2.377252250906977, -76.80681946357595 2.363554646441861, -76.79312185911392 2.363554646441861, -76.79312185911392 2.377252250906977, -76.80681946357595 2.377252250906977))"
5,"POLYGON ((-77.46430447775316 2.459437877697674, -77.46430447775316 2.445740273232558, -77.49169968667721 2.445740273232558, -77.49169968667721 2.432042668767442, -77.47800208221518 2.432042668767442, -77.47800208221518 2.418345064302326, -77.49169968667721 2.418345064302326, -77.49169968667721 2.404647459837209, -77.50539729113923 2.404647459837209, -77.50539729113923 2.377252250906977, -77.47800208221518 2.377252250906977, -77.47800208221518 2.349857041976744, -77.46430447775316 2.349857041976744, -77.46430447775316 2.404647459837209, -77.45060687329114 2.404647459837209, -77.45060687329114 2.418345064302326, -77.43690926882911 2.418345064302326, -77.43690926882911 2.432042668767442, -77.45060687329114 2.432042668767442, -77.45060687329114 2.459437877697674, -77.46430447775316 2.459437877697674))"
4,"POLYGON ((-77.46430447775316 2.404647459837209, -77.46430447775316 2.349857041976744, -77.45060687329114 2.349857041976744, -77.45060687329114 2.404647459837209, -77.46430447775316 2.404647459837209))"
5,"POLYGON ((-77.02598113496835 2.377252250906977, -77.02598113496835 2.349857041976744, -76.9985859260443 2.349857041976744, -76.9985859260443 2.363554646441861, -77.01228353050632 2.363554646441861, -77.01228353050632 2.377252250906977, -77.02598113496835 2.377252250906977))"
3,"POLYGON ((-77.20404999297467 2.363554646441861, -77.20404999297467 2.349857041976744, -77.19035238851265 2.349857041976744, -77.19035238851265 2.363554646441861, -77.20404999297467 2.363554646441861))"
4,"POLYGON ((-76.95749311265823 2.363554646441861, -76.95749311265823 2.336159437511628, -76.9437955081962 2.336159437511628, -76.9437955081962 2.349857041976744, -76.93009790373418 2.349857041976744, -76.93009790373418 2.363554646441861, -76.95749311265823 2.363554646441861))"
4,"POLYGON ((-77.24514280636076 2.445740273232558, -77.24514280636076 2.404647459837209, -77.25884041082278 2.404647459837209, -77.25884041082278 2.377252250906977, -77.27253801528481 2.377252250906977, -77.27253801528481 2.363554646441861, -77.31363082867088 2.363554646441861, -77.31363082867088 2.349857041976744, -77.3273284331329 2.349857041976744, -77.3273284331329 2.336159437511628, -77.28623561974683 2.336159437511628, -77.28623561974683 2.349857041976744, -77.27253801528481 2.349857041976744, -77.27253801528481 2.336159437511628, -77.25884041082278 2.336159437511628, -77.25884041082278 2.349857041976744, -77.23144520189874 2.349857041976744, -77.23144520189874 2.363554646441861, -77.24514280636076 2.363554646441861, -77.24514280636076 2.390949855372093, -77.23144520189874 2.390949855372093, -77.23144520189874 2.445740273232558, -77.24514280636076 2.445740273232558))"
5,"POLYGON ((-77.25884041082278 2.349857041976744, -77.25884041082278 2.336159437511628, -77.24514280636076 2.336159437511628, -77.24514280636076 2.349857041976744, -77.25884041082278 2.349857041976744))"
5,"POLYGON ((-76.9437955081962 2.349857041976744, -76.9437955081962 2.336159437511628, -76.93009790373418 2.336159437511628, -76.93009790373418 2.349857041976744, -76.9437955081962 2.349857041976744))"
4,"POLYGON ((-77.19035238851265 2.404647459837209, -77.19035238851265 2.322461833046512, -77.17665478405063 2.322461833046512, -77.17665478405063 2.336159437511628, -77.1629571795886 2.336159437511628, -77.1629571795886 2.349857041976744, -77.17665478405063 2.349857041976744, -77.17665478405063 2.390949855372093, -77.1629571795886 2.390949855372093, -77.1629571795886 2.404647459837209, -77.19035238851265 2.404647459837209))"
5,"POLYGON ((-77.49169968667721 2.336159437511628, -77.49169968667721 2.322461833046512, -77.47800208221518 2.322461833046512, -77.47800208221518 2.336159437511628, -77.49169968667721 2.336159437511628))"
5,"POLYGON ((-77.28623561974683 2.349857041976744, -77.28623561974683 2.336159437511628, -77.31363082867088 2.336159437511628, -77.31363082867088 2.322461833046512, -77.25884041082278 2.322461833046512, -77.25884041082278 2.336159437511628, -77.27253801528481 2.336159437511628, -77.27253801528481 2.349857041976744, -77.28623561974683 2.349857041976744))"
3,"POLYGON ((-77.25884041082278 2.336159437511628, -77.25884041082278 2.322461833046512, -77.24514280636076 2.322461833046512, -77.24514280636076 2.336159437511628, -77.25884041082278 2.336159437511628))"
5,"POLYGON ((-77.24514280636076 2.336159437511628, -77.24514280636076 2.322461833046512, -77.23144520189874 2.322461833046512, -77.23144520189874 2.336159437511628, -77.24514280636076 2.336159437511628))"
3,"POLYGON ((-77.20404999297467 2.336159437511628, -77.20404999297467 2.322461833046512, -77.19035238851265 2.322461833046512, -77.19035238851265 2.336159437511628, -77.20404999297467 2.336159437511628))"
3,"POLYGON ((-76.23152007617088 2.336159437511628, -76.23152007617088 2.322461833046512, -76.21782247170886 2.322461833046512, -76.21782247170886 2.336159437511628, -76.23152007617088 2.336159437511628))"
6,"POLYGON ((-77.24514280636076 2.610111526813954, -77.24514280636076 2.596413922348837, -77.27253801528481 2.596413922348837, -77.27253801528481 2.582716317883721, -77.24514280636076 2.582716317883721, -77.24514280636076 2.555321108953489, -77.23144520189874 2.555321108953489, -77.23144520189874 2.500530691093023, -77.24514280636076 2.500530691093023, -77.24514280636076 2.445740273232558, -77.23144520189874 2.445740273232558, -77.23144520189874 2.432042668767442, -77.20404999297467 2.432042668767442, -77.20404999297467 2.404647459837209, -77.2177475974367 2.404647459837209, -77.2177475974367 2.377252250906977, -77.23144520189874 2.377252250906977, -77.23144520189874 2.349857041976744, -77.24514280636076 2.349857041976744, -77.24514280636076 2.336159437511628, -77.23144520189874 2.336159437511628, -77.23144520189874 2.308764228581396, -77.2177475974367 2.308764228581396, -77.2177475974367 2.349857041976744, -77.20404999297467 2.349857041976744, -77.20404999297467 2.377252250906977, -77.19035238851265 2.377252250906977, -77.19035238851265 2.432042668767442, -77.17665478405063 2.432042668767442, -77.17665478405063 2.445740273232558, -77.19035238851265 2.445740273232558, -77.19035238851265 2.459437877697674, -77.20404999297467 2.459437877697674, -77.20404999297467 2.473135482162791, -77.19035238851265 2.473135482162791, -77.19035238851265 2.500530691093023, -77.17665478405063 2.500530691093023, -77.17665478405063 2.486833086627907, -77.1629571795886 2.486833086627907, -77.1629571795886 2.500530691093023, -77.14925957512658 2.500530691093023, -77.14925957512658 2.51422829555814, -77.19035238851265 2.51422829555814, -77.19035238851265 2.527925900023256, -77.17665478405063 2.527925900023256, -77.17665478405063 2.541623504488372, -77.1629571795886 2.541623504488372, -77.1629571795886 2.555321108953489, -77.19035238851265 2.555321108953489, -77.19035238851265 2.541623504488372, -77.20404999297467 2.541623504488372, -77.20404999297467 2.555321108953489, -77.2177475974367 2.555321108953489, -77.2177475974367 2.569018713418605, -77.23144520189874 2.569018713418605, -77.23144520189874 2.582716317883721, -77.20404999297467 2.582716317883721, -77.20404999297467 2.596413922348837, -77.19035238851265 2.596413922348837, -77.19035238851265 2.610111526813954, -77.2177475974367 2.610111526813954, -77.2177475974367 2.596413922348837, -77.23144520189874 2.596413922348837, -77.23144520189874 2.610111526813954, -77.24514280636076 2.610111526813954), (-77.2177475974367 2.527925900023256, -77.20404999297467 2.527925900023256, -77.20404999297467 2.51422829555814, -77.2177475974367 2.51422829555814, -77.2177475974367 2.527925900023256))"
5,"POLYGON ((-77.2177475974367 2.349857041976744, -77.2177475974367 2.308764228581396, -77.20404999297467 2.308764228581396, -77.20404999297467 2.336159437511628, -77.19035238851265 2.336159437511628, -77.19035238851265 2.349857041976744, -77.2177475974367 2.349857041976744))"
2,"POLYGON ((-76.51916976987341 2.363554646441861, -76.51916976987341 2.349857041976744, -76.53286737433544 2.349857041976744, -76.53286737433544 2.336159437511628, -76.54656497879746 2.336159437511628, -76.54656497879746 2.322461833046512, -76.53286737433544 2.322461833046512, -76.53286737433544 2.308764228581396, -76.51916976987341 2.308764228581396, -76.51916976987341 2.336159437511628, -76.50547216541139 2.336159437511628, -76.50547216541139 2.363554646441861, -76.51916976987341 2.363554646441861))"
7,"POLYGON ((-76.93009790373418 2.322461833046512, -76.93009790373418 2.308764228581396, -76.91640029927215 2.308764228581396, -76.91640029927215 2.322461833046512, -76.93009790373418 2.322461833046512))"
5,"POLYGON ((-76.95749311265823 2.336159437511628, -76.95749311265823 2.295066624116279, -76.9437955081962 2.295066624116279, -76.9437955081962 2.336159437511628, -76.95749311265823 2.336159437511628))"
4,"POLYGON ((-77.3273284331329 2.322461833046512, -77.3273284331329 2.308764228581396, -77.34102603759493 2.308764228581396, -77.34102603759493 2.295066624116279, -77.28623561974683 2.295066624116279, -77.28623561974683 2.322461833046512, -77.3273284331329 2.322461833046512))"
5,"POLYGON ((-77.23144520189874 2.308764228581396, -77.23144520189874 2.295066624116279, -77.2177475974367 2.295066624116279, -77.2177475974367 2.308764228581396, -77.23144520189874 2.308764228581396))"
3,"POLYGON ((-76.51916976987341 2.336159437511628, -76.51916976987341 2.308764228581396, -76.53286737433544 2.308764228581396, -76.53286737433544 2.295066624116279, -76.50547216541139 2.295066624116279, -76.50547216541139 2.336159437511628, -76.51916976987341 2.336159437511628))"
3,"POLYGON ((-77.24514280636076 2.322461833046512, -77.24514280636076 2.281369019651163, -77.23144520189874 2.281369019651163, -77.23144520189874 2.322461833046512, -77.24514280636076 2.322461833046512))"
4,"POLYGON ((-77.20404999297467 2.322461833046512, -77.20404999297467 2.308764228581396, -77.2177475974367 2.308764228581396, -77.2177475974367 2.295066624116279, -77.19035238851265 2.295066624116279, -77.19035238851265 2.281369019651163, -77.1629571795886 2.281369019651163, -77.1629571795886 2.295066624116279, -77.17665478405063 2.295066624116279, -77.17665478405063 2.308764228581396, -77.19035238851265 2.308764228581396, -77.19035238851265 2.322461833046512, -77.20404999297467 2.322461833046512))"
6,"POLYGON ((-77.23144520189874 2.295066624116279, -77.23144520189874 2.281369019651163, -77.2177475974367 2.281369019651163, -77.2177475974367 2.295066624116279, -77.23144520189874 2.295066624116279))"
5,"POLYGON ((-77.2177475974367 2.295066624116279, -77.2177475974367 2.281369019651163, -77.20404999297467 2.281369019651163, -77.20404999297467 2.295066624116279, -77.2177475974367 2.295066624116279))"
5,"POLYGON ((-76.84791227696202 2.295066624116279, -76.84791227696202 2.281369019651163, -76.8342146725 2.281369019651163, -76.8342146725 2.295066624116279, -76.84791227696202 2.295066624116279))"
4,"POLYGON ((-77.47800208221518 2.349857041976744, -77.47800208221518 2.322461833046512, -77.49169968667721 2.322461833046512, -77.49169968667721 2.281369019651163, -77.42321166436709 2.281369019651163, -77.42321166436709 2.267671415186046, -77.40951405990506 2.267671415186046, -77.40951405990506 2.295066624116279, -77.42321166436709 2.295066624116279, -77.42321166436709 2.322461833046512, -77.43690926882911 2.322461833046512, -77.43690926882911 2.308764228581396, -77.45060687329114 2.308764228581396, -77.45060687329114 2.322461833046512, -77.46430447775316 2.322461833046512, -77.46430447775316 2.349857041976744, -77.47800208221518 2.349857041976744))"
4,"POLYGON ((-77.25884041082278 2.322461833046512, -77.25884041082278 2.267671415186046, -77.24514280636076 2.267671415186046, -77.24514280636076 2.322461833046512, -77.25884041082278 2.322461833046512))"
5,"POLYGON ((-76.9985859260443 2.336159437511628, -76.9985859260443 2.322461833046512, -77.01228353050632 2.322461833046512, -77.01228353050632 2.308764228581396, -77.0533763438924 2.308764228581396, -77.0533763438924 2.267671415186046, -77.03967873943037 2.267671415186046, -77.03967873943037 2.281369019651163, -77.01228353050632 2.281369019651163, -77.01228353050632 2.295066624116279, -76.9985859260443 2.295066624116279, -76.9985859260443 2.308764228581396, -76.98488832158228 2.308764228581396, -76.98488832158228 2.336159437511628, -76.9985859260443 2.336159437511628))"
5,"POLYGON ((-77.08077155281646 2.295066624116279, -77.08077155281646 2.281369019651163, -77.09446915727848 2.281369019651163, -77.09446915727848 2.253973810720931, -77.08077155281646 2.253973810720931, -77.08077155281646 2.267671415186046, -77.06707394835443 2.267671415186046, -77.06707394835443 2.295066624116279, -77.08077155281646 2.295066624116279))"
7,"POLYGON ((-76.88900509034809 2.281369019651163, -76.88900509034809 2.253973810720931, -76.87530748588607 2.253973810720931, -76.87530748588607 2.281369019651163, -76.88900509034809 2.281369019651163))"
5,"POLYGON ((-77.24514280636076 2.281369019651163, -77.24514280636076 2.267671415186046, -77.25884041082278 2.267671415186046, -77.25884041082278 2.253973810720931, -77.2177475974367 2.253973810720931, -77.2177475974367 2.267671415186046, -77.23144520189874 2.267671415186046, -77.23144520189874 2.281369019651163, -77.24514280636076 2.281369019651163))"
5,"POLYGON ((-77.12186436620253 2.281369019651163, -77.12186436620253 2.240276206255814, -77.1081667617405 2.240276206255814, -77.1081667617405 2.281369019651163, -77.12186436620253 2.281369019651163))"
5,"POLYGON ((-77.27253801528481 2.253973810720931, -77.27253801528481 2.240276206255814, -77.25884041082278 2.240276206255814, -77.25884041082278 2.253973810720931, -77.27253801528481 2.253973810720931))"
3,"POLYGON ((-77.24514280636076 2.253973810720931, -77.24514280636076 2.240276206255814, -77.23144520189874 2.240276206255814, -77.23144520189874 2.253973810720931, -77.24514280636076 2.253973810720931))"
6,"POLYGON ((-77.23144520189874 2.253973810720931, -77.23144520189874 2.240276206255814, -77.2177475974367 2.240276206255814, -77.2177475974367 2.253973810720931, -77.23144520189874 2.253973810720931))"
3,"POLYGON ((-76.69723862787974 2.253973810720931, -76.69723862787974 2.240276206255814, -76.68354102341772 2.240276206255814, -76.68354102341772 2.253973810720931, -76.69723862787974 2.253973810720931))"
5,"POLYGON ((-76.86160988142404 2.459437877697674, -76.86160988142404 2.445740273232558, -76.87530748588607 2.445740273232558, -76.87530748588607 2.404647459837209, -76.88900509034809 2.404647459837209, -76.88900509034809 2.418345064302326, -76.91640029927215 2.418345064302326, -76.91640029927215 2.432042668767442, -76.93009790373418 2.432042668767442, -76.93009790373418 2.418345064302326, -76.9437955081962 2.418345064302326, -76.9437955081962 2.404647459837209, -76.91640029927215 2.404647459837209, -76.91640029927215 2.377252250906977, -76.93009790373418 2.377252250906977, -76.93009790373418 2.390949855372093, -76.9437955081962 2.390949855372093, -76.9437955081962 2.377252250906977, -76.97119071712025 2.377252250906977, -76.97119071712025 2.363554646441861, -76.98488832158228 2.363554646441861, -76.98488832158228 2.349857041976744, -76.95749311265823 2.349857041976744, -76.95749311265823 2.363554646441861, -76.93009790373418 2.363554646441861, -76.93009790373418 2.349857041976744, -76.91640029927215 2.349857041976744, -76.91640029927215 2.363554646441861, -76.88900509034809 2.363554646441861, -76.88900509034809 2.377252250906977, -76.87530748588607 2.377252250906977, -76.87530748588607 2.390949855372093, -76.86160988142404 2.390949855372093, -76.86160988142404 2.418345064302326, -76.84791227696202 2.418345064302326, -76.84791227696202 2.404647459837209, -76.80681946357595 2.404647459837209, -76.80681946357595 2.377252250906977, -76.79312185911392 2.377252250906977, -76.79312185911392 2.363554646441861, -76.80681946357595 2.363554646441861, -76.80681946357595 2.349857041976744, -76.79312185911392 2.349857041976744, -76.79312185911392 2.336159437511628, -76.8342146725 2.336159437511628, -76.8342146725 2.322461833046512, -76.80681946357595 2.322461833046512, -76.80681946357595 2.308764228581396, -76.82051706803797 2.308764228581396, -76.82051706803797 2.281369019651163, -76.8342146725 2.281369019651163, -76.8342146725 2.253973810720931, -76.82051706803797 2.253973810720931, -76.82051706803797 2.267671415186046, -76.79312185911392 2.267671415186046, -76.79312185911392 2.253973810720931, -76.80681946357595 2.253973810720931, -76.80681946357595 2.240276206255814, -76.79312185911392 2.240276206255814, -76.79312185911392 2.226578601790698, -76.7794242546519 2.226578601790698, -76.7794242546519 2.267671415186046, -76.76572665018988 2.267671415186046, -76.76572665018988 2.281369019651163, -76.7794242546519 2.281369019651163, -76.7794242546519 2.295066624116279, -76.69723862787974 2.295066624116279, -76.69723862787974 2.308764228581396, -76.71093623234177 2.308764228581396, -76.71093623234177 2.322461833046512, -76.72463383680379 2.322461833046512, -76.72463383680379 2.336159437511628, -76.73833144126581 2.336159437511628, -76.73833144126581 2.349857041976744, -76.75202904572784 2.349857041976744, -76.75202904572784 2.377252250906977, -76.76572665018988 2.377252250906977, -76.76572665018988 2.390949855372093, -76.75202904572784 2.390949855372093, -76.75202904572784 2.404647459837209, -76.7794242546519 2.404647459837209, -76.7794242546519 2.432042668767442, -76.79312185911392 2.432042668767442, -76.79312185911392 2.418345064302326, -76.80681946357595 2.418345064302326, -76.80681946357595 2.445740273232558, -76.82051706803797 2.445740273232558, -76.82051706803797 2.432042668767442, -76.8342146725 2.432042668767442, -76.8342146725 2.445740273232558, -76.84791227696202 2.445740273232558, -76.84791227696202 2.459437877697674, -76.86160988142404 2.459437877697674))"
5,"POLYGON ((-77.09446915727848 2.240276206255814, -77.09446915727848 2.226578601790698, -77.08077155281646 2.226578601790698, -77.08077155281646 2.240276206255814, -77.09446915727848 2.240276206255814))"
5,"POLYGON ((-76.76572665018988 2.253973810720931, -76.76572665018988 2.240276206255814, -76.75202904572784 2.240276206255814, -76.75202904572784 2.212880997325581, -76.73833144126581 2.212880997325581, -76.73833144126581 2.240276206255814, -76.71093623234177 2.240276206255814, -76.71093623234177 2.253973810720931, -76.76572665018988 2.253973810720931))"
5,"POLYGON ((-77.54649010452532 2.322461833046512, -77.54649010452532 2.308764228581396, -77.51909489560126 2.308764228581396, -77.51909489560126 2.295066624116279, -77.5327925000633 2.295066624116279, -77.5327925000633 2.281369019651163, -77.50539729113923 2.281369019651163, -77.50539729113923 2.267671415186046, -77.51909489560126 2.267671415186046, -77.51909489560126 2.253973810720931, -77.5327925000633 2.253973810720931, -77.5327925000633 2.267671415186046, -77.54649010452532 2.267671415186046, -77.54649010452532 2.240276206255814, -77.56018770898734 2.240276206255814, -77.56018770898734 2.199183392860465, -77.51909489560126 2.199183392860465, -77.51909489560126 2.226578601790698, -77.50539729113923 2.226578601790698, -77.50539729113923 2.240276206255814, -77.47800208221518 2.240276206255814, -77.47800208221518 2.281369019651163, -77.49169968667721 2.281369019651163, -77.49169968667721 2.322461833046512, -77.54649010452532 2.322461833046512))"
4,"POLYGON ((-77.50539729113923 2.240276206255814, -77.50539729113923 2.226578601790698, -77.51909489560126 2.226578601790698, -77.51909489560126 2.199183392860465, -77.47800208221518 2.199183392860465, -77.47800208221518 2.212880997325581, -77.49169968667721 2.212880997325581, -77.49169968667721 2.226578601790698, -77.47800208221518 2.226578601790698, -77.47800208221518 2.240276206255814, -77.50539729113923 2.240276206255814))"
8,"POLYGON ((-77.62867573129746 2.212880997325581, -77.62867573129746 2.199183392860465, -77.61497812683544 2.199183392860465, -77.61497812683544 2.212880997325581, -77.62867573129746 2.212880997325581))"
7,"POLYGON ((-77.66976854468354 2.199183392860465, -77.66976854468354 2.185485788395349, -77.65607094022151 2.185485788395349, -77.65607094022151 2.199183392860465, -77.66976854468354 2.199183392860465))"
6,"POLYGON ((-77.3273284331329 2.637506735744186, -77.3273284331329 2.62380913127907, -77.31363082867088 2.62380913127907, -77.31363082867088 2.610111526813954, -77.3273284331329 2.610111526813954, -77.3273284331329 2.596413922348837, -77.35472364205695 2.596413922348837, -77.35472364205695 2.582716317883721, -77.36842124651898 2.582716317883721, -77.36842124651898 2.555321108953489, -77.39581645544304 2.555321108953489, -77.39581645544304 2.541623504488372, -77.40951405990506 2.541623504488372, -77.40951405990506 2.51422829555814, -77.42321166436709 2.51422829555814, -77.42321166436709 2.527925900023256, -77.43690926882911 2.527925900023256, -77.43690926882911 2.541623504488372, -77.45060687329114 2.541623504488372, -77.45060687329114 2.527925900023256, -77.46430447775316 2.527925900023256, -77.46430447775316 2.51422829555814, -77.47800208221518 2.51422829555814, -77.47800208221518 2.500530691093023, -77.49169968667721 2.500530691093023, -77.49169968667721 2.459437877697674, -77.5327925000633 2.459437877697674, -77.5327925000633 2.418345064302326, -77.54649010452532 2.418345064302326, -77.54649010452532 2.404647459837209, -77.5327925000633 2.404647459837209, -77.5327925000633 2.349857041976744, -77.54649010452532 2.349857041976744, -77.54649010452532 2.336159437511628, -77.56018770898734 2.336159437511628, -77.56018770898734 2.322461833046512, -77.57388531344937 2.322461833046512, -77.57388531344937 2.308764228581396, -77.58758291791139 2.308764228581396, -77.58758291791139 2.295066624116279, -77.60128052237341 2.295066624116279, -77.60128052237341 2.281369019651163, -77.57388531344937 2.281369019651163, -77.57388531344937 2.267671415186046, -77.58758291791139 2.267671415186046, -77.58758291791139 2.253973810720931, -77.57388531344937 2.253973810720931, -77.57388531344937 2.199183392860465, -77.58758291791139 2.199183392860465, -77.58758291791139 2.185485788395349, -77.56018770898734 2.185485788395349, -77.56018770898734 2.240276206255814, -77.54649010452532 2.240276206255814, -77.54649010452532 2.267671415186046, -77.5327925000633 2.267671415186046, -77.5327925000633 2.253973810720931, -77.51909489560126 2.253973810720931, -77.51909489560126 2.267671415186046, -77.50539729113923 2.267671415186046, -77.50539729113923 2.281369019651163, -77.5327925000633 2.281369019651163, -77.5327925000633 2.295066624116279, -77.51909489560126 2.295066624116279, -77.51909489560126 2.308764228581396, -77.54649010452532 2.308764228581396, -77.54649010452532 2.322461833046512, -77.49169968667721 2.322461833046512, -77.49169968667721 2.336159437511628, -77.47800208221518 2.336159437511628, -77.47800208221518 2.377252250906977, -77.50539729113923 2.377252250906977, -77.50539729113923 2.404647459837209, -77.49169968667721 2.404647459837209, -77.49169968667721 2.418345064302326, -77.47800208221518 2.418345064302326, -77.47800208221518 2.432042668767442, -77.49169968667721 2.432042668767442, -77.49169968667721 2.445740273232558, -77.46430447775316 2.445740273232558, -77.46430447775316 2.459437877697674, -77.45060687329114 2.459437877697674, -77.45060687329114 2.473135482162791, -77.43690926882911 2.473135482162791, -77.43690926882911 2.500530691093023, -77.42321166436709 2.500530691093023, -77.42321166436709 2.459437877697674, -77.39581645544304 2.459437877697674, -77.39581645544304 2.486833086627907, -77.38211885098102 2.486833086627907, -77.38211885098102 2.500530691093023, -77.36842124651898 2.500530691093023, -77.36842124651898 2.541623504488372, -77.34102603759493 2.541623504488372, -77.34102603759493 2.569018713418605, -77.3273284331329 2.569018713418605, -77.3273284331329 2.582716317883721, -77.29993322420886 2.582716317883721, -77.29993322420886 2.596413922348837, -77.27253801528481 2.596413922348837, -77.27253801528481 2.62380913127907, -77.29993322420886 2.62380913127907, -77.29993322420886 2.637506735744186, -77.3273284331329 2.637506735744186), (-77.45060687329114 2.51422829555814, -77.43690926882911 2.51422829555814, -77.43690926882911 2.500530691093023, -77.45060687329114 2.500530691093023, -77.45060687329114 2.51422829555814), (-77.47800208221518 2.486833086627907, -77.46430447775316 2.486833086627907, -77.46430447775316 2.459437877697674, -77.47800208221518 2.459437877697674, -77.47800208221518 2.486833086627907))"
4,"POLYGON ((-77.29993322420886 2.281369019651163, -77.29993322420886 2.253973810720931, -77.28623561974683 2.253973810720931, -77.28623561974683 2.185485788395349, -77.27253801528481 2.185485788395349, -77.27253801528481 2.171788183930233, -77.25884041082278 2.171788183930233, -77.25884041082278 2.212880997325581, -77.24514280636076 2.212880997325581, -77.24514280636076 2.226578601790698, -77.23144520189874 2.226578601790698, -77.23144520189874 2.212880997325581, -77.2177475974367 2.212880997325581, -77.2177475974367 2.199183392860465, -77.20404999297467 2.199183392860465, -77.20404999297467 2.226578601790698, -77.17665478405063 2.226578601790698, -77.17665478405063 2.267671415186046, -77.20404999297467 2.267671415186046, -77.20404999297467 2.281369019651163, -77.23144520189874 2.281369019651163, -77.23144520189874 2.267671415186046, -77.2177475974367 2.267671415186046, -77.2177475974367 2.240276206255814, -77.24514280636076 2.240276206255814, -77.24514280636076 2.253973810720931, -77.25884041082278 2.253973810720931, -77.25884041082278 2.267671415186046, -77.28623561974683 2.267671415186046, -77.28623561974683 2.281369019651163, -77.29993322420886 2.281369019651163), (-77.27253801528481 2.253973810720931, -77.25884041082278 2.253973810720931, -77.25884041082278 2.240276206255814, -77.27253801528481 2.240276206255814, -77.27253801528481 2.253973810720931))"
5,"POLYGON ((-77.12186436620253 2.212880997325581, -77.12186436620253 2.171788183930233, -77.1081667617405 2.171788183930233, -77.1081667617405 2.212880997325581, -77.12186436620253 2.212880997325581))"
7,"POLYGON ((-77.39581645544304 2.664901944674419, -77.39581645544304 2.651204340209302, -77.42321166436709 2.651204340209302, -77.42321166436709 2.637506735744186, -77.40951405990506 2.637506735744186, -77.40951405990506 2.610111526813954, -77.39581645544304 2.610111526813954, -77.39581645544304 2.569018713418605, -77.40951405990506 2.569018713418605, -77.40951405990506 2.582716317883721, -77.42321166436709 2.582716317883721, -77.42321166436709 2.596413922348837, -77.45060687329114 2.596413922348837, -77.45060687329114 2.582716317883721, -77.46430447775316 2.582716317883721, -77.46430447775316 2.596413922348837, -77.47800208221518 2.596413922348837, -77.47800208221518 2.582716317883721, -77.51909489560126 2.582716317883721, -77.51909489560126 2.569018713418605, -77.54649010452532 2.569018713418605, -77.54649010452532 2.555321108953489, -77.56018770898734 2.555321108953489, -77.56018770898734 2.541623504488372, -77.5327925000633 2.541623504488372, -77.5327925000633 2.527925900023256, -77.50539729113923 2.527925900023256, -77.50539729113923 2.500530691093023, -77.57388531344937 2.500530691093023, -77.57388531344937 2.51422829555814, -77.58758291791139 2.51422829555814, -77.58758291791139 2.500530691093023, -77.60128052237341 2.500530691093023, -77.60128052237341 2.473135482162791, -77.57388531344937 2.473135482162791, -77.57388531344937 2.459437877697674, -77.56018770898734 2.459437877697674, -77.56018770898734 2.404647459837209, -77.60128052237341 2.404647459837209, -77.60128052237341 2.390949855372093, -77.62867573129746 2.390949855372093, -77.62867573129746 2.363554646441861, -77.60128052237341 2.363554646441861, -77.60128052237341 2.349857041976744, -77.61497812683544 2.349857041976744, -77.61497812683544 2.295066624116279, -77.64237333575949 2.295066624116279, -77.64237333575949 2.281369019651163, -77.62867573129746 2.281369019651163, -77.62867573129746 2.267671415186046, -77.64237333575949 2.267671415186046, -77.64237333575949 2.253973810720931, -77.62867573129746 2.253973810720931, -77.62867573129746 2.212880997325581, -77.64237333575949 2.212880997325581, -77.64237333575949 2.185485788395349, -77.65607094022151 2.185485788395349, -77.65607094022151 2.171788183930233, -77.61497812683544 2.171788183930233, -77.61497812683544 2.185485788395349, -77.58758291791139 2.185485788395349, -77.58758291791139 2.199183392860465, -77.57388531344937 2.199183392860465, -77.57388531344937 2.253973810720931, -77.58758291791139 2.253973810720931, -77.58758291791139 2.267671415186046, -77.57388531344937 2.267671415186046, -77.57388531344937 2.281369019651163, -77.60128052237341 2.281369019651163, -77.60128052237341 2.295066624116279, -77.58758291791139 2.295066624116279, -77.58758291791139 2.308764228581396, -77.57388531344937 2.308764228581396, -77.57388531344937 2.322461833046512, -77.56018770898734 2.322461833046512, -77.56018770898734 2.336159437511628, -77.54649010452532 2.336159437511628, -77.54649010452532 2.349857041976744, -77.5327925000633 2.349857041976744, -77.5327925000633 2.404647459837209, -77.54649010452532 2.404647459837209, -77.54649010452532 2.418345064302326, -77.5327925000633 2.418345064302326, -77.5327925000633 2.459437877697674, -77.49169968667721 2.459437877697674, -77.49169968667721 2.500530691093023, -77.47800208221518 2.500530691093023, -77.47800208221518 2.51422829555814, -77.46430447775316 2.51422829555814, -77.46430447775316 2.527925900023256, -77.45060687329114 2.527925900023256, -77.45060687329114 2.541623504488372, -77.43690926882911 2.541623504488372, -77.43690926882911 2.527925900023256, -77.42321166436709 2.527925900023256, -77.42321166436709 2.51422829555814, -77.40951405990506 2.51422829555814, -77.40951405990506 2.541623504488372, -77.39581645544304 2.541623504488372, -77.39581645544304 2.555321108953489, -77.36842124651898 2.555321108953489, -77.36842124651898 2.582716317883721, -77.35472364205695 2.582716317883721, -77.35472364205695 2.596413922348837, -77.3273284331329 2.596413922348837, -77.3273284331329 2.610111526813954, -77.31363082867088 2.610111526813954, -77.31363082867088 2.62380913127907, -77.3273284331329 2.62380913127907, -77.3273284331329 2.651204340209302, -77.35472364205695 2.651204340209302, -77.35472364205695 2.637506735744186, -77.36842124651898 2.637506735744186, -77.36842124651898 2.664901944674419, -77.39581645544304 2.664901944674419), (-77.62867573129746 2.212880997325581, -77.61497812683544 2.212880997325581, -77.61497812683544 2.199183392860465, -77.62867573129746 2.199183392860465, -77.62867573129746 2.212880997325581))"
6,"POLYGON ((-77.61497812683544 2.185485788395349, -77.61497812683544 2.171788183930233, -77.58758291791139 2.171788183930233, -77.58758291791139 2.185485788395349, -77.61497812683544 2.185485788395349))"
6,"POLYGON ((-76.8342146725 2.185485788395349, -76.8342146725 2.171788183930233, -76.82051706803797 2.171788183930233, -76.82051706803797 2.185485788395349, -76.8342146725 2.185485788395349))"
7,"POLYGON ((-77.66976854468354 2.171788183930233, -77.66976854468354 2.158090579465116, -77.65607094022151 2.158090579465116, -77.65607094022151 2.171788183930233, -77.66976854468354 2.171788183930233))"
6,"POLYGON ((-77.08077155281646 2.158090579465116, -77.08077155281646 2.144392975, -77.06707394835443 2.144392975, -77.06707394835443 2.158090579465116, -77.08077155281646 2.158090579465116))"
6,"POLYGON ((-76.8342146725 2.158090579465116, -76.8342146725 2.144392975, -76.82051706803797 2.144392975, -76.82051706803797 2.158090579465116, -76.8342146725 2.158090579465116))"
8,"POLYGON ((-77.45060687329114 3.253898936674419, -77.45060687329114 3.240201332209303, -77.47800208221518 3.240201332209303, -77.47800208221518 3.226503727744186, -77.46430447775316 3.226503727744186, -77.46430447775316 3.21280612327907, -77.50539729113923 3.21280612327907, -77.50539729113923 3.199108518813953, -77.49169968667721 3.199108518813953, -77.49169968667721 3.185410914348837, -77.51909489560126 3.185410914348837, -77.51909489560126 3.199108518813953, -77.5327925000633 3.199108518813953, -77.5327925000633 3.185410914348837, -77.54649010452532 3.185410914348837, -77.54649010452532 3.171713309883721, -77.56018770898734 3.171713309883721, -77.56018770898734 3.158015705418605, -77.57388531344937 3.158015705418605, -77.57388531344937 3.130620496488372, -77.58758291791139 3.130620496488372, -77.58758291791139 3.116922892023256, -77.60128052237341 3.116922892023256, -77.60128052237341 3.10322528755814, -77.61497812683544 3.10322528755814, -77.61497812683544 3.089527683093023, -77.62867573129746 3.089527683093023, -77.62867573129746 3.075830078627907, -77.64237333575949 3.075830078627907, -77.64237333575949 3.062132474162791, -77.65607094022151 3.062132474162791, -77.65607094022151 3.048434869697675, -77.66976854468354 3.048434869697675, -77.66976854468354 3.021039660767442, -77.68346614914556 3.021039660767442, -77.68346614914556 2.99364445183721, -77.65607094022151 2.99364445183721, -77.65607094022151 2.95255163844186, -77.66976854468354 2.95255163844186, -77.66976854468354 2.938854033976744, -77.68346614914556 2.938854033976744, -77.68346614914556 2.884063616116279, -77.6971637536076 2.884063616116279, -77.6971637536076 2.84297080272093, -77.71086135806962 2.84297080272093, -77.71086135806962 2.829273198255814, -77.73825656699367 2.829273198255814, -77.73825656699367 2.801877989325582, -77.72455896253165 2.801877989325582, -77.72455896253165 2.788180384860465, -77.73825656699367 2.788180384860465, -77.73825656699367 2.774482780395349, -77.7519541714557 2.774482780395349, -77.7519541714557 2.760785175930232, -77.77934938037974 2.760785175930232, -77.77934938037974 2.705994758069767, -77.79304698484177 2.705994758069767, -77.79304698484177 2.692297153604651, -77.83413979822784 2.692297153604651, -77.83413979822784 2.705994758069767, -77.84783740268988 2.705994758069767, -77.84783740268988 2.692297153604651, -77.88893021607595 2.692297153604651, -77.88893021607595 2.678599549139535, -77.90262782053797 2.678599549139535, -77.90262782053797 2.664901944674419, -77.916325425 2.664901944674419, -77.916325425 2.651204340209302, -77.90262782053797 2.651204340209302, -77.90262782053797 2.637506735744186, -77.916325425 2.637506735744186, -77.916325425 2.404647459837209, -77.90262782053797 2.404647459837209, -77.90262782053797 2.377252250906977, -77.88893021607595 2.377252250906977, -77.88893021607595 2.336159437511628, -77.87523261161392 2.336159437511628, -77.87523261161392 2.281369019651163, -77.8615350071519 2.281369019651163, -77.8615350071519 2.267671415186046, -77.84783740268988 2.267671415186046, -77.84783740268988 2.185485788395349, -77.83413979822784 2.185485788395349, -77.83413979822784 2.171788183930233, -77.79304698484177 2.171788183930233, -77.79304698484177 2.158090579465116, -77.77934938037974 2.158090579465116, -77.77934938037974 2.144392975, -77.7519541714557 2.144392975, -77.7519541714557 2.130695370534884, -77.72455896253165 2.130695370534884, -77.72455896253165 2.144392975, -77.6971637536076 2.144392975, -77.6971637536076 2.158090579465116, -77.66976854468354 2.158090579465116, -77.66976854468354 2.171788183930233, -77.65607094022151 2.171788183930233, -77.65607094022151 2.185485788395349, -77.64237333575949 2.185485788395349, -77.64237333575949 2.212880997325581, -77.62867573129746 2.212880997325581, -77.62867573129746 2.253973810720931, -77.64237333575949 2.253973810720931, -77.64237333575949 2.267671415186046, -77.62867573129746 2.267671415186046, -77.62867573129746 2.281369019651163, -77.64237333575949 2.281369019651163, -77.64237333575949 2.295066624116279, -77.61497812683544 2.295066624116279, -77.61497812683544 2.349857041976744, -77.60128052237341 2.349857041976744, -77.60128052237341 2.363554646441861, -77.62867573129746 2.363554646441861, -77.62867573129746 2.390949855372093, -77.60128052237341 2.390949855372093, -77.60128052237341 2.404647459837209, -77.56018770898734 2.404647459837209, -77.56018770898734 2.459437877697674, -77.57388531344937 2.459437877697674, -77.57388531344937 2.473135482162791, -77.60128052237341 2.473135482162791, -77.60128052237341 2.500530691093023, -77.58758291791139 2.500530691093023, -77.58758291791139 2.51422829555814, -77.57388531344937 2.51422829555814, -77.57388531344937 2.500530691093023, -77.50539729113923 2.500530691093023, -77.50539729113923 2.527925900023256, -77.5327925000633 2.527925900023256, -77.5327925000633 2.541623504488372, -77.56018770898734 2.541623504488372, -77.56018770898734 2.555321108953489, -77.54649010452532 2.555321108953489, -77.54649010452532 2.569018713418605, -77.51909489560126 2.569018713418605, -77.51909489560126 2.582716317883721, -77.47800208221518 2.582716317883721, -77.47800208221518 2.596413922348837, -77.46430447775316 2.596413922348837, -77.46430447775316 2.582716317883721, -77.45060687329114 2.582716317883721, -77.45060687329114 2.596413922348837, -77.42321166436709 2.596413922348837, -77.42321166436709 2.582716317883721, -77.40951405990506 2.582716317883721, -77.40951405990506 2.569018713418605, -77.39581645544304 2.569018713418605, -77.39581645544304 2.610111526813954, -77.40951405990506 2.610111526813954, -77.40951405990506 2.637506735744186, -77.42321166436709 2.637506735744186, -77.42321166436709 2.651204340209302, -77.39581645544304 2.651204340209302, -77.39581645544304 2.664901944674419, -77.36842124651898 2.664901944674419, -77.36842124651898 2.637506735744186, -77.35472364205695 2.637506735744186, -77.35472364205695 2.651204340209302, -77.3273284331329 2.651204340209302, -77.3273284331329 2.637506735744186, -77.31363082867088 2.637506735744186, -77.31363082867088 2.705994758069767, -77.3273284331329 2.705994758069767, -77.3273284331329 2.719692362534884, -77.31363082867088 2.719692362534884, -77.31363082867088 2.733389967, -77.29993322420886 2.733389967, -77.29993322420886 2.747087571465117, -77.2177475974367 2.747087571465117, -77.2177475974367 2.719692362534884, -77.19035238851265 2.719692362534884, -77.19035238851265 2.705994758069767, -77.17665478405063 2.705994758069767, -77.17665478405063 2.719692362534884, -77.1629571795886 2.719692362534884, -77.1629571795886 2.705994758069767, -77.14925957512658 2.705994758069767, -77.14925957512658 2.637506735744186, -77.12186436620253 2.637506735744186, -77.12186436620253 2.651204340209302, -77.13556197066455 2.651204340209302, -77.13556197066455 2.664901944674419, -77.12186436620253 2.664901944674419, -77.12186436620253 2.719692362534884, -77.1081667617405 2.719692362534884, -77.1081667617405 2.747087571465117, -77.09446915727848 2.747087571465117, -77.09446915727848 2.774482780395349, -77.1081667617405 2.774482780395349, -77.1081667617405 2.788180384860465, -77.08077155281646 2.788180384860465, -77.08077155281646 2.801877989325582, -77.1081667617405 2.801877989325582, -77.1081667617405 2.815575593790698, -77.09446915727848 2.815575593790698, -77.09446915727848 2.84297080272093, -77.1081667617405 2.84297080272093, -77.1081667617405 2.897761220581395, -77.09446915727848 2.897761220581395, -77.09446915727848 2.884063616116279, -77.08077155281646 2.884063616116279, -77.08077155281646 2.870366011651163, -77.03967873943037 2.870366011651163, -77.03967873943037 2.815575593790698, -77.02598113496835 2.815575593790698, -77.02598113496835 2.829273198255814, -76.9985859260443 2.829273198255814, -76.9985859260443 2.84297080272093, -76.98488832158228 2.84297080272093, -76.98488832158228 2.897761220581395, -76.9985859260443 2.897761220581395, -76.9985859260443 2.911458825046512, -76.97119071712025 2.911458825046512, -76.97119071712025 2.938854033976744, -76.98488832158228 2.938854033976744, -76.98488832158228 2.979946847372093, -76.9985859260443 2.979946847372093, -76.9985859260443 2.99364445183721, -76.98488832158228 2.99364445183721, -76.98488832158228 3.021039660767442, -76.9985859260443 3.021039660767442, -76.9985859260443 3.007342056302326, -77.01228353050632 3.007342056302326, -77.01228353050632 2.966249242906977, -77.02598113496835 2.966249242906977, -77.02598113496835 2.979946847372093, -77.03967873943037 2.979946847372093, -77.03967873943037 2.95255163844186, -77.0533763438924 2.95255163844186, -77.0533763438924 2.966249242906977, -77.06707394835443 2.966249242906977, -77.06707394835443 2.979946847372093, -77.09446915727848 2.979946847372093, -77.09446915727848 2.966249242906977, -77.1081667617405 2.966249242906977, -77.1081667617405 2.99364445183721, -77.09446915727848 2.99364445183721, -77.09446915727848 3.021039660767442, -77.06707394835443 3.021039660767442, -77.06707394835443 3.048434869697675, -77.1081667617405 3.048434869697675, -77.1081667617405 3.075830078627907, -77.08077155281646 3.075830078627907, -77.08077155281646 3.089527683093023, -77.1081667617405 3.089527683093023, -77.1081667617405 3.10322528755814, -77.12186436620253 3.10322528755814, -77.12186436620253 3.089527683093023, -77.13556197066455 3.089527683093023, -77.13556197066455 3.144318100953488, -77.12186436620253 3.144318100953488, -77.12186436620253 3.116922892023256, -77.09446915727848 3.116922892023256, -77.09446915727848 3.130620496488372, -77.06707394835443 3.130620496488372, -77.06707394835443 3.144318100953488, -77.08077155281646 3.144318100953488, -77.08077155281646 3.158015705418605, -77.06707394835443 3.158015705418605, -77.06707394835443 3.171713309883721, -77.08077155281646 3.171713309883721, -77.08077155281646 3.185410914348837, -77.1081667617405 3.185410914348837, -77.1081667617405 3.171713309883721, -77.12186436620253 3.171713309883721, -77.12186436620253 3.158015705418605, -77.13556197066455 3.158015705418605, -77.13556197066455 3.171713309883721, -77.17665478405063 3.171713309883721, -77.17665478405063 3.144318100953488, -77.20404999297467 3.144318100953488, -77.20404999297467 3.130620496488372, -77.2177475974367 3.130620496488372, -77.2177475974367 3.116922892023256, -77.25884041082278 3.116922892023256, -77.25884041082278 3.130620496488372, -77.27253801528481 3.130620496488372, -77.27253801528481 3.158015705418605, -77.29993322420886 3.158015705418605, -77.29993322420886 3.171713309883721, -77.31363082867088 3.171713309883721, -77.31363082867088 3.158015705418605, -77.34102603759493 3.158015705418605, -77.34102603759493 3.144318100953488, -77.36842124651898 3.144318100953488, -77.36842124651898 3.171713309883721, -77.38211885098102 3.171713309883721, -77.38211885098102 3.21280612327907, -77.40951405990506 3.21280612327907, -77.40951405990506 3.240201332209303, -77.42321166436709 3.240201332209303, -77.42321166436709 3.253898936674419, -77.45060687329114 3.253898936674419), (-77.0533763438924 2.938854033976744, -77.03967873943037 2.938854033976744, -77.03967873943037 2.925156429511628, -77.0533763438924 2.925156429511628, -77.0533763438924 2.938854033976744), (-77.0533763438924 2.911458825046512, -77.01228353050632 2.911458825046512, -77.01228353050632 2.897761220581395, -77.03967873943037 2.897761220581395, -77.03967873943037 2.884063616116279, -77.0533763438924 2.884063616116279, -77.0533763438924 2.911458825046512), (-77.27253801528481 2.801877989325582, -77.23144520189874 2.801877989325582, -77.23144520189874 2.788180384860465, -77.24514280636076 2.788180384860465, -77.24514280636076 2.760785175930232, -77.27253801528481 2.760785175930232, -77.27253801528481 2.801877989325582), (-77.38211885098102 2.692297153604651, -77.34102603759493 2.692297153604651, -77.34102603759493 2.678599549139535, -77.35472364205695 2.678599549139535, -77.35472364205695 2.664901944674419, -77.36842124651898 2.664901944674419, -77.36842124651898 2.678599549139535, -77.38211885098102 2.678599549139535, -77.38211885098102 2.692297153604651), (-77.66976854468354 2.199183392860465, -77.65607094022151 2.199183392860465, -77.65607094022151 2.185485788395349, -77.66976854468354 2.185485788395349, -77.66976854468354 2.199183392860465))"
4,"POLYGON ((-77.27253801528481 2.158090579465116, -77.27253801528481 2.130695370534884, -77.24514280636076 2.130695370534884, -77.24514280636076 2.158090579465116, -77.27253801528481 2.158090579465116))"
4,"POLYGON ((-77.14925957512658 2.144392975, -77.14925957512658 2.130695370534884, -77.13556197066455 2.130695370534884, -77.13556197066455 2.144392975, -77.14925957512658 2.144392975))"
4,"POLYGON ((-76.68354102341772 2.144392975, -76.68354102341772 2.130695370534884, -76.6698434189557 2.130695370534884, -76.6698434189557 2.144392975, -76.68354102341772 2.144392975))"
5,"POLYGON ((-77.1629571795886 2.171788183930233, -77.1629571795886 2.144392975, -77.19035238851265 2.144392975, -77.19035238851265 2.116997766069768, -77.17665478405063 2.116997766069768, -77.17665478405063 2.103300161604651, -77.1629571795886 2.103300161604651, -77.1629571795886 2.130695370534884, -77.14925957512658 2.130695370534884, -77.14925957512658 2.158090579465116, -77.13556197066455 2.158090579465116, -77.13556197066455 2.171788183930233, -77.1629571795886 2.171788183930233))"
5,"POLYGON ((-77.13556197066455 2.144392975, -77.13556197066455 2.130695370534884, -77.14925957512658 2.130695370534884, -77.14925957512658 2.103300161604651, -77.13556197066455 2.103300161604651, -77.13556197066455 2.116997766069768, -77.12186436620253 2.116997766069768, -77.12186436620253 2.144392975, -77.13556197066455 2.144392975))"
5,"POLYGON ((-77.2177475974367 2.116997766069768, -77.2177475974367 2.103300161604651, -77.20404999297467 2.103300161604651, -77.20404999297467 2.116997766069768, -77.2177475974367 2.116997766069768))"
7,"POLYGON ((-77.1081667617405 2.158090579465116, -77.1081667617405 2.089602557139535, -77.09446915727848 2.089602557139535, -77.09446915727848 2.116997766069768, -77.08077155281646 2.116997766069768, -77.08077155281646 2.158090579465116, -77.1081667617405 2.158090579465116))"
4,"POLYGON ((-77.27253801528481 2.116997766069768, -77.27253801528481 2.089602557139535, -77.25884041082278 2.089602557139535, -77.25884041082278 2.116997766069768, -77.27253801528481 2.116997766069768))"
5,"POLYGON ((-77.25884041082278 2.116997766069768, -77.25884041082278 2.089602557139535, -77.24514280636076 2.089602557139535, -77.24514280636076 2.116997766069768, -77.25884041082278 2.116997766069768))"
6,"POLYGON ((-76.86160988142404 2.418345064302326, -76.86160988142404 2.390949855372093, -76.87530748588607 2.390949855372093, -76.87530748588607 2.377252250906977, -76.88900509034809 2.377252250906977, -76.88900509034809 2.363554646441861, -76.91640029927215 2.363554646441861, -76.91640029927215 2.349857041976744, -76.93009790373418 2.349857041976744, -76.93009790373418 2.336159437511628, -76.9437955081962 2.336159437511628, -76.9437955081962 2.295066624116279, -76.93009790373418 2.295066624116279, -76.93009790373418 2.281369019651163, -76.91640029927215 2.281369019651163, -76.91640029927215 2.295066624116279, -76.88900509034809 2.295066624116279, -76.88900509034809 2.281369019651163, -76.90270269481012 2.281369019651163, -76.90270269481012 2.267671415186046, -76.91640029927215 2.267671415186046, -76.91640029927215 2.253973810720931, -76.93009790373418 2.253973810720931, -76.93009790373418 2.226578601790698, -76.9437955081962 2.226578601790698, -76.9437955081962 2.171788183930233, -76.95749311265823 2.171788183930233, -76.95749311265823 2.158090579465116, -76.97119071712025 2.158090579465116, -76.97119071712025 2.130695370534884, -76.93009790373418 2.130695370534884, -76.93009790373418 2.144392975, -76.91640029927215 2.144392975, -76.91640029927215 2.116997766069768, -76.93009790373418 2.116997766069768, -76.93009790373418 2.103300161604651, -76.91640029927215 2.103300161604651, -76.91640029927215 2.089602557139535, -76.90270269481012 2.089602557139535, -76.90270269481012 2.130695370534884, -76.88900509034809 2.130695370534884, -76.88900509034809 2.144392975, -76.87530748588607 2.144392975, -76.87530748588607 2.158090579465116, -76.86160988142404 2.158090579465116, -76.86160988142404 2.144392975, -76.84791227696202 2.144392975, -76.84791227696202 2.158090579465116, -76.8342146725 2.158090579465116, -76.8342146725 2.171788183930233, -76.86160988142404 2.171788183930233, -76.86160988142404 2.185485788395349, -76.84791227696202 2.185485788395349, -76.84791227696202 2.199183392860465, -76.87530748588607 2.199183392860465, -76.87530748588607 2.226578601790698, -76.86160988142404 2.226578601790698, -76.86160988142404 2.212880997325581, -76.8342146725 2.212880997325581, -76.8342146725 2.226578601790698, -76.80681946357595 2.226578601790698, -76.80681946357595 2.212880997325581, -76.82051706803797 2.212880997325581, -76.82051706803797 2.199183392860465, -76.79312185911392 2.199183392860465, -76.79312185911392 2.212880997325581, -76.75202904572784 2.212880997325581, -76.75202904572784 2.240276206255814, -76.76572665018988 2.240276206255814, -76.76572665018988 2.253973810720931, -76.73833144126581 2.253973810720931, -76.73833144126581 2.267671415186046, -76.7794242546519 2.267671415186046, -76.7794242546519 2.226578601790698, -76.79312185911392 2.226578601790698, -76.79312185911392 2.240276206255814, -76.80681946357595 2.240276206255814, -76.80681946357595 2.253973810720931, -76.79312185911392 2.253973810720931, -76.79312185911392 2.267671415186046, -76.82051706803797 2.267671415186046, -76.82051706803797 2.253973810720931, -76.8342146725 2.253973810720931, -76.8342146725 2.281369019651163, -76.82051706803797 2.281369019651163, -76.82051706803797 2.308764228581396, -76.80681946357595 2.308764228581396, -76.80681946357595 2.322461833046512, -76.8342146725 2.322461833046512, -76.8342146725 2.336159437511628, -76.79312185911392 2.336159437511628, -76.79312185911392 2.349857041976744, -76.80681946357595 2.349857041976744, -76.80681946357595 2.363554646441861, -76.82051706803797 2.363554646441861, -76.82051706803797 2.377252250906977, -76.80681946357595 2.377252250906977, -76.80681946357595 2.404647459837209, -76.84791227696202 2.404647459837209, -76.84791227696202 2.418345064302326, -76.86160988142404 2.418345064302326), (-76.93009790373418 2.322461833046512, -76.91640029927215 2.322461833046512, -76.91640029927215 2.308764228581396, -76.93009790373418 2.308764228581396, -76.93009790373418 2.322461833046512), (-76.84791227696202 2.295066624116279, -76.8342146725 2.295066624116279, -76.8342146725 2.281369019651163, -76.84791227696202 2.281369019651163, -76.84791227696202 2.295066624116279), (-76.88900509034809 2.281369019651163, -76.87530748588607 2.281369019651163, -76.87530748588607 2.253973810720931, -76.88900509034809 2.253973810720931, -76.88900509034809 2.281369019651163))"
3,"POLYGON ((-77.31363082867088 2.473135482162791, -77.31363082867088 2.459437877697674, -77.36842124651898 2.459437877697674, -77.36842124651898 2.445740273232558, -77.34102603759493 2.445740273232558, -77.34102603759493 2.432042668767442, -77.36842124651898 2.432042668767442, -77.36842124651898 2.418345064302326, -77.39581645544304 2.418345064302326, -77.39581645544304 2.432042668767442, -77.42321166436709 2.432042668767442, -77.42321166436709 2.418345064302326, -77.43690926882911 2.418345064302326, -77.43690926882911 2.404647459837209, -77.45060687329114 2.404647459837209, -77.45060687329114 2.349857041976744, -77.46430447775316 2.349857041976744, -77.46430447775316 2.322461833046512, -77.45060687329114 2.322461833046512, -77.45060687329114 2.308764228581396, -77.43690926882911 2.308764228581396, -77.43690926882911 2.322461833046512, -77.42321166436709 2.322461833046512, -77.42321166436709 2.295066624116279, -77.40951405990506 2.295066624116279, -77.40951405990506 2.267671415186046, -77.39581645544304 2.267671415186046, -77.39581645544304 2.253973810720931, -77.38211885098102 2.253973810720931, -77.38211885098102 2.267671415186046, -77.35472364205695 2.267671415186046, -77.35472364205695 2.240276206255814, -77.34102603759493 2.240276206255814, -77.34102603759493 2.226578601790698, -77.3273284331329 2.226578601790698, -77.3273284331329 2.212880997325581, -77.31363082867088 2.212880997325581, -77.31363082867088 2.103300161604651, -77.29993322420886 2.103300161604651, -77.29993322420886 2.075904952674419, -77.25884041082278 2.075904952674419, -77.25884041082278 2.089602557139535, -77.27253801528481 2.089602557139535, -77.27253801528481 2.116997766069768, -77.23144520189874 2.116997766069768, -77.23144520189874 2.171788183930233, -77.20404999297467 2.171788183930233, -77.20404999297467 2.158090579465116, -77.19035238851265 2.158090579465116, -77.19035238851265 2.171788183930233, -77.17665478405063 2.171788183930233, -77.17665478405063 2.185485788395349, -77.1629571795886 2.185485788395349, -77.1629571795886 2.199183392860465, -77.14925957512658 2.199183392860465, -77.14925957512658 2.295066624116279, -77.1081667617405 2.295066624116279, -77.1081667617405 2.322461833046512, -77.03967873943037 2.322461833046512, -77.03967873943037 2.336159437511628, -77.0533763438924 2.336159437511628, -77.0533763438924 2.349857041976744, -77.03967873943037 2.349857041976744, -77.03967873943037 2.363554646441861, -77.06707394835443 2.363554646441861, -77.06707394835443 2.390949855372093, -77.08077155281646 2.390949855372093, -77.08077155281646 2.363554646441861, -77.1081667617405 2.363554646441861, -77.1081667617405 2.432042668767442, -77.13556197066455 2.432042668767442, -77.13556197066455 2.418345064302326, -77.14925957512658 2.418345064302326, -77.14925957512658 2.404647459837209, -77.1629571795886 2.404647459837209, -77.1629571795886 2.390949855372093, -77.17665478405063 2.390949855372093, -77.17665478405063 2.349857041976744, -77.1629571795886 2.349857041976744, -77.1629571795886 2.336159437511628, -77.17665478405063 2.336159437511628, -77.17665478405063 2.322461833046512, -77.19035238851265 2.322461833046512, -77.19035238851265 2.308764228581396, -77.17665478405063 2.308764228581396, -77.17665478405063 2.295066624116279, -77.1629571795886 2.295066624116279, -77.1629571795886 2.281369019651163, -77.19035238851265 2.281369019651163, -77.19035238851265 2.295066624116279, -77.20404999297467 2.295066624116279, -77.20404999297467 2.267671415186046, -77.17665478405063 2.267671415186046, -77.17665478405063 2.226578601790698, -77.20404999297467 2.226578601790698, -77.20404999297467 2.199183392860465, -77.2177475974367 2.199183392860465, -77.2177475974367 2.212880997325581, -77.23144520189874 2.212880997325581, -77.23144520189874 2.226578601790698, -77.24514280636076 2.226578601790698, -77.24514280636076 2.212880997325581, -77.25884041082278 2.212880997325581, -77.25884041082278 2.171788183930233, -77.27253801528481 2.171788183930233, -77.27253801528481 2.185485788395349, -77.28623561974683 2.185485788395349, -77.28623561974683 2.253973810720931, -77.29993322420886 2.253973810720931, -77.29993322420886 2.281369019651163, -77.28623561974683 2.281369019651163, -77.28623561974683 2.267671415186046, -77.25884041082278 2.267671415186046, -77.25884041082278 2.322461833046512, -77.28623561974683 2.322461833046512, -77.28623561974683 2.295066624116279, -77.34102603759493 2.295066624116279, -77.34102603759493 2.308764228581396, -77.3273284331329 2.308764228581396, -77.3273284331329 2.322461833046512, -77.31363082867088 2.322461833046512, -77.31363082867088 2.336159437511628, -77.3273284331329 2.336159437511628, -77.3273284331329 2.349857041976744, -77.31363082867088 2.349857041976744, -77.31363082867088 2.363554646441861, -77.27253801528481 2.363554646441861, -77.27253801528481 2.377252250906977, -77.25884041082278 2.377252250906977, -77.25884041082278 2.404647459837209, -77.28623561974683 2.404647459837209, -77.28623561974683 2.390949855372093, -77.34102603759493 2.390949855372093, -77.34102603759493 2.404647459837209, -77.3273284331329 2.404647459837209, -77.3273284331329 2.432042668767442, -77.31363082867088 2.432042668767442, -77.31363082867088 2.445740273232558, -77.29993322420886 2.445740273232558, -77.29993322420886 2.459437877697674, -77.28623561974683 2.459437877697674, -77.28623561974683 2.473135482162791, -77.31363082867088 2.473135482162791), (-77.27253801528481 2.158090579465116, -77.24514280636076 2.158090579465116, -77.24514280636076 2.130695370534884, -77.27253801528481 2.130695370534884, -77.27253801528481 2.158090579465116))"
5,"POLYGON ((-77.23144520189874 2.103300161604651, -77.23144520189874 2.075904952674419, -77.2177475974367 2.075904952674419, -77.2177475974367 2.103300161604651, -77.23144520189874 2.103300161604651))"
4,"POLYGON ((-77.25884041082278 2.089602557139535, -77.25884041082278 2.075904952674419, -77.24514280636076 2.075904952674419, -77.24514280636076 2.089602557139535, -77.25884041082278 2.089602557139535))"
5,"POLYGON ((-76.87530748588607 2.226578601790698, -76.87530748588607 2.199183392860465, -76.84791227696202 2.199183392860465, -76.84791227696202 2.185485788395349, -76.86160988142404 2.185485788395349, -76.86160988142404 2.171788183930233, -76.8342146725 2.171788183930233, -76.8342146725 2.158090579465116, -76.84791227696202 2.158090579465116, -76.84791227696202 2.144392975, -76.86160988142404 2.144392975, -76.86160988142404 2.158090579465116, -76.87530748588607 2.158090579465116, -76.87530748588607 2.144392975, -76.88900509034809 2.144392975, -76.88900509034809 2.130695370534884, -76.90270269481012 2.130695370534884, -76.90270269481012 2.089602557139535, -76.91640029927215 2.089602557139535, -76.91640029927215 2.103300161604651, -76.93009790373418 2.103300161604651, -76.93009790373418 2.062207348209302, -76.90270269481012 2.062207348209302, -76.90270269481012 2.075904952674419, -76.88900509034809 2.075904952674419, -76.88900509034809 2.116997766069768, -76.86160988142404 2.116997766069768, -76.86160988142404 2.103300161604651, -76.84791227696202 2.103300161604651, -76.84791227696202 2.089602557139535, -76.8342146725 2.089602557139535, -76.8342146725 2.103300161604651, -76.82051706803797 2.103300161604651, -76.82051706803797 2.089602557139535, -76.80681946357595 2.089602557139535, -76.80681946357595 2.130695370534884, -76.79312185911392 2.130695370534884, -76.79312185911392 2.158090579465116, -76.76572665018988 2.158090579465116, -76.76572665018988 2.144392975, -76.75202904572784 2.144392975, -76.75202904572784 2.171788183930233, -76.73833144126581 2.171788183930233, -76.73833144126581 2.185485788395349, -76.7794242546519 2.185485788395349, -76.7794242546519 2.199183392860465, -76.75202904572784 2.199183392860465, -76.75202904572784 2.212880997325581, -76.79312185911392 2.212880997325581, -76.79312185911392 2.199183392860465, -76.82051706803797 2.199183392860465, -76.82051706803797 2.212880997325581, -76.80681946357595 2.212880997325581, -76.80681946357595 2.226578601790698, -76.8342146725 2.226578601790698, -76.8342146725 2.212880997325581, -76.86160988142404 2.212880997325581, -76.86160988142404 2.226578601790698, -76.87530748588607 2.226578601790698), (-76.8342146725 2.185485788395349, -76.82051706803797 2.185485788395349, -76.82051706803797 2.171788183930233, -76.8342146725 2.171788183930233, -76.8342146725 2.185485788395349), (-76.8342146725 2.158090579465116, -76.82051706803797 2.158090579465116, -76.82051706803797 2.144392975, -76.8342146725 2.144392975, -76.8342146725 2.158090579465116))"
5,"POLYGON ((-77.20404999297467 2.089602557139535, -77.20404999297467 2.048509743744186, -77.19035238851265 2.048509743744186, -77.19035238851265 2.089602557139535, -77.20404999297467 2.089602557139535))"
5,"POLYGON ((-77.27253801528481 2.075904952674419, -77.27253801528481 2.048509743744186, -77.25884041082278 2.048509743744186, -77.25884041082278 2.062207348209302, -77.24514280636076 2.062207348209302, -77.24514280636076 2.075904952674419, -77.27253801528481 2.075904952674419))"
3,"POLYGON ((-77.34102603759493 2.062207348209302, -77.34102603759493 2.048509743744186, -77.31363082867088 2.048509743744186, -77.31363082867088 2.062207348209302, -77.34102603759493 2.062207348209302))"
5,"POLYGON ((-77.31363082867088 2.062207348209302, -77.31363082867088 2.048509743744186, -77.29993322420886 2.048509743744186, -77.29993322420886 2.062207348209302, -77.31363082867088 2.062207348209302))"
7,"POLYGON ((-77.14925957512658 2.089602557139535, -77.14925957512658 2.075904952674419, -77.1629571795886 2.075904952674419, -77.1629571795886 2.062207348209302, -77.17665478405063 2.062207348209302, -77.17665478405063 2.048509743744186, -77.12186436620253 2.048509743744186, -77.12186436620253 2.075904952674419, -77.1081667617405 2.075904952674419, -77.1081667617405 2.089602557139535, -77.14925957512658 2.089602557139535))"
3,"POLYGON ((-76.86160988142404 2.062207348209302, -76.86160988142404 2.048509743744186, -76.84791227696202 2.048509743744186, -76.84791227696202 2.062207348209302, -76.86160988142404 2.062207348209302))"
4,"POLYGON ((-77.31363082867088 2.103300161604651, -77.31363082867088 2.075904952674419, -77.3273284331329 2.075904952674419, -77.3273284331329 2.062207348209302, -77.29993322420886 2.062207348209302, -77.29993322420886 2.03481213927907, -77.28623561974683 2.03481213927907, -77.28623561974683 2.048509743744186, -77.27253801528481 2.048509743744186, -77.27253801528481 2.075904952674419, -77.29993322420886 2.075904952674419, -77.29993322420886 2.103300161604651, -77.31363082867088 2.103300161604651))"
3,"POLYGON ((-77.31363082867088 2.048509743744186, -77.31363082867088 2.03481213927907, -77.29993322420886 2.03481213927907, -77.29993322420886 2.048509743744186, -77.31363082867088 2.048509743744186))"
5,"POLYGON ((-77.24514280636076 2.048509743744186, -77.24514280636076 2.03481213927907, -77.20404999297467 2.03481213927907, -77.20404999297467 2.048509743744186, -77.24514280636076 2.048509743744186))"
5,"POLYGON ((-76.91640029927215 2.048509743744186, -76.91640029927215 2.03481213927907, -76.88900509034809 2.03481213927907, -76.88900509034809 2.048509743744186, -76.91640029927215 2.048509743744186))"
3,"POLYGON ((-76.88900509034809 2.048509743744186, -76.88900509034809 2.03481213927907, -76.87530748588607 2.03481213927907, -76.87530748588607 2.048509743744186, -76.88900509034809 2.048509743744186))"
5,"POLYGON ((-77.28623561974683 2.048509743744186, -77.28623561974683 2.021114534813954, -77.27253801528481 2.021114534813954, -77.27253801528481 2.048509743744186, -77.28623561974683 2.048509743744186))"
3,"POLYGON ((-77.29993322420886 2.03481213927907, -77.29993322420886 2.021114534813954, -77.28623561974683 2.021114534813954, -77.28623561974683 2.03481213927907, -77.29993322420886 2.03481213927907))"
4,"POLYGON ((-76.79312185911392 2.03481213927907, -76.79312185911392 2.021114534813954, -76.7794242546519 2.021114534813954, -76.7794242546519 2.03481213927907, -76.79312185911392 2.03481213927907))"
7,"POLYGON ((-77.25884041082278 2.03481213927907, -77.25884041082278 2.007416930348837, -77.24514280636076 2.007416930348837, -77.24514280636076 2.03481213927907, -77.25884041082278 2.03481213927907))"
7,"POLYGON ((-77.19035238851265 2.03481213927907, -77.19035238851265 2.021114534813954, -77.17665478405063 2.021114534813954, -77.17665478405063 2.007416930348837, -77.1629571795886 2.007416930348837, -77.1629571795886 2.03481213927907, -77.19035238851265 2.03481213927907))"
6,"POLYGON ((-76.9985859260443 2.349857041976744, -76.9985859260443 2.336159437511628, -76.98488832158228 2.336159437511628, -76.98488832158228 2.308764228581396, -76.9985859260443 2.308764228581396, -76.9985859260443 2.295066624116279, -77.01228353050632 2.295066624116279, -77.01228353050632 2.281369019651163, -77.03967873943037 2.281369019651163, -77.03967873943037 2.267671415186046, -77.0533763438924 2.267671415186046, -77.0533763438924 2.295066624116279, -77.06707394835443 2.295066624116279, -77.06707394835443 2.267671415186046, -77.08077155281646 2.267671415186046, -77.08077155281646 2.253973810720931, -77.1081667617405 2.253973810720931, -77.1081667617405 2.240276206255814, -77.08077155281646 2.240276206255814, -77.08077155281646 2.226578601790698, -77.09446915727848 2.226578601790698, -77.09446915727848 2.212880997325581, -77.1081667617405 2.212880997325581, -77.1081667617405 2.171788183930233, -77.13556197066455 2.171788183930233, -77.13556197066455 2.158090579465116, -77.14925957512658 2.158090579465116, -77.14925957512658 2.144392975, -77.12186436620253 2.144392975, -77.12186436620253 2.116997766069768, -77.13556197066455 2.116997766069768, -77.13556197066455 2.103300161604651, -77.14925957512658 2.103300161604651, -77.14925957512658 2.130695370534884, -77.1629571795886 2.130695370534884, -77.1629571795886 2.103300161604651, -77.17665478405063 2.103300161604651, -77.17665478405063 2.089602557139535, -77.19035238851265 2.089602557139535, -77.19035238851265 2.048509743744186, -77.20404999297467 2.048509743744186, -77.20404999297467 2.03481213927907, -77.24514280636076 2.03481213927907, -77.24514280636076 2.048509743744186, -77.23144520189874 2.048509743744186, -77.23144520189874 2.089602557139535, -77.24514280636076 2.089602557139535, -77.24514280636076 2.062207348209302, -77.25884041082278 2.062207348209302, -77.25884041082278 2.048509743744186, -77.27253801528481 2.048509743744186, -77.27253801528481 1.993719325883721, -77.2177475974367 1.993719325883721, -77.2177475974367 2.007416930348837, -77.20404999297467 2.007416930348837, -77.20404999297467 2.021114534813954, -77.19035238851265 2.021114534813954, -77.19035238851265 2.03481213927907, -77.1629571795886 2.03481213927907, -77.1629571795886 2.048509743744186, -77.17665478405063 2.048509743744186, -77.17665478405063 2.062207348209302, -77.1629571795886 2.062207348209302, -77.1629571795886 2.075904952674419, -77.14925957512658 2.075904952674419, -77.14925957512658 2.089602557139535, -77.1081667617405 2.089602557139535, -77.1081667617405 2.158090579465116, -77.08077155281646 2.158090579465116, -77.08077155281646 2.199183392860465, -77.06707394835443 2.199183392860465, -77.06707394835443 2.226578601790698, -77.0533763438924 2.226578601790698, -77.0533763438924 2.240276206255814, -77.03967873943037 2.240276206255814, -77.03967873943037 2.226578601790698, -77.02598113496835 2.226578601790698, -77.02598113496835 2.240276206255814, -77.01228353050632 2.240276206255814, -77.01228353050632 2.226578601790698, -76.9985859260443 2.226578601790698, -76.9985859260443 2.253973810720931, -76.98488832158228 2.253973810720931, -76.98488832158228 2.295066624116279, -76.97119071712025 2.295066624116279, -76.97119071712025 2.281369019651163, -76.9437955081962 2.281369019651163, -76.9437955081962 2.295066624116279, -76.95749311265823 2.295066624116279, -76.95749311265823 2.349857041976744, -76.9985859260443 2.349857041976744), (-77.25884041082278 2.03481213927907, -77.24514280636076 2.03481213927907, -77.24514280636076 2.007416930348837, -77.25884041082278 2.007416930348837, -77.25884041082278 2.03481213927907))"
2,"POLYGON ((-76.82051706803797 2.021114534813954, -76.82051706803797 2.007416930348837, -76.8342146725 2.007416930348837, -76.8342146725 1.993719325883721, -76.7794242546519 1.993719325883721, -76.7794242546519 2.007416930348837, -76.80681946357595 2.007416930348837, -76.80681946357595 2.021114534813954, -76.82051706803797 2.021114534813954))"
7,"POLYGON ((-77.20404999297467 2.021114534813954, -77.20404999297467 2.007416930348837, -77.2177475974367 2.007416930348837, -77.2177475974367 1.980021721418605, -77.19035238851265 1.980021721418605, -77.19035238851265 2.021114534813954, -77.20404999297467 2.021114534813954))"
2,"POLYGON ((-76.84791227696202 1.993719325883721, -76.84791227696202 1.980021721418605, -76.8342146725 1.980021721418605, -76.8342146725 1.993719325883721, -76.84791227696202 1.993719325883721))"
5,"POLYGON ((-76.93009790373418 2.03481213927907, -76.93009790373418 2.021114534813954, -76.9437955081962 2.021114534813954, -76.9437955081962 2.007416930348837, -76.95749311265823 2.007416930348837, -76.95749311265823 1.993719325883721, -76.93009790373418 1.993719325883721, -76.93009790373418 1.966324116953488, -76.91640029927215 1.966324116953488, -76.91640029927215 1.993719325883721, -76.90270269481012 1.993719325883721, -76.90270269481012 2.007416930348837, -76.91640029927215 2.007416930348837, -76.91640029927215 2.03481213927907, -76.93009790373418 2.03481213927907))"
3,"POLYGON ((-76.73833144126581 1.980021721418605, -76.73833144126581 1.966324116953488, -76.72463383680379 1.966324116953488, -76.72463383680379 1.980021721418605, -76.73833144126581 1.980021721418605))"
8,"POLYGON ((-77.12186436620253 1.952626512488372, -77.12186436620253 1.938928908023256, -77.1081667617405 1.938928908023256, -77.1081667617405 1.952626512488372, -77.12186436620253 1.952626512488372))"
7,"POLYGON ((-76.95749311265823 1.952626512488372, -76.95749311265823 1.938928908023256, -76.93009790373418 1.938928908023256, -76.93009790373418 1.952626512488372, -76.95749311265823 1.952626512488372))"
2,"POLYGON ((-76.80681946357595 1.952626512488372, -76.80681946357595 1.938928908023256, -76.79312185911392 1.938928908023256, -76.79312185911392 1.952626512488372, -76.80681946357595 1.952626512488372))"
8,"POLYGON ((-77.03967873943037 2.199183392860465, -77.03967873943037 2.171788183930233, -77.06707394835443 2.171788183930233, -77.06707394835443 2.144392975, -77.08077155281646 2.144392975, -77.08077155281646 2.116997766069768, -77.09446915727848 2.116997766069768, -77.09446915727848 2.089602557139535, -77.1081667617405 2.089602557139535, -77.1081667617405 2.075904952674419, -77.12186436620253 2.075904952674419, -77.12186436620253 2.048509743744186, -77.1629571795886 2.048509743744186, -77.1629571795886 2.007416930348837, -77.17665478405063 2.007416930348837, -77.17665478405063 2.021114534813954, -77.19035238851265 2.021114534813954, -77.19035238851265 1.980021721418605, -77.20404999297467 1.980021721418605, -77.20404999297467 1.938928908023256, -77.2177475974367 1.938928908023256, -77.2177475974367 1.92523130355814, -77.19035238851265 1.92523130355814, -77.19035238851265 1.911533699093023, -77.1629571795886 1.911533699093023, -77.1629571795886 1.92523130355814, -77.14925957512658 1.92523130355814, -77.14925957512658 1.952626512488372, -77.12186436620253 1.952626512488372, -77.12186436620253 1.966324116953488, -77.13556197066455 1.966324116953488, -77.13556197066455 1.993719325883721, -77.14925957512658 1.993719325883721, -77.14925957512658 2.007416930348837, -77.1081667617405 2.007416930348837, -77.1081667617405 2.021114534813954, -77.09446915727848 2.021114534813954, -77.09446915727848 2.03481213927907, -77.08077155281646 2.03481213927907, -77.08077155281646 2.048509743744186, -77.06707394835443 2.048509743744186, -77.06707394835443 2.062207348209302, -77.0533763438924 2.062207348209302, -77.0533763438924 2.075904952674419, -77.03967873943037 2.075904952674419, -77.03967873943037 2.089602557139535, -77.02598113496835 2.089602557139535, -77.02598113496835 2.116997766069768, -77.01228353050632 2.116997766069768, -77.01228353050632 2.158090579465116, -76.9985859260443 2.158090579465116, -76.9985859260443 2.171788183930233, -77.02598113496835 2.171788183930233, -77.02598113496835 2.199183392860465, -77.03967873943037 2.199183392860465))"
8,"POLYGON ((-77.23144520189874 1.92523130355814, -77.23144520189874 1.911533699093023, -77.2177475974367 1.911533699093023, -77.2177475974367 1.92523130355814, -77.23144520189874 1.92523130355814))"
8,"POLYGON ((-77.24514280636076 1.911533699093023, -77.24514280636076 1.884138490162791, -77.23144520189874 1.884138490162791, -77.23144520189874 1.911533699093023, -77.24514280636076 1.911533699093023))"
8,"POLYGON ((-77.25884041082278 1.884138490162791, -77.25884041082278 1.870440885697675, -77.24514280636076 1.870440885697675, -77.24514280636076 1.884138490162791, -77.25884041082278 1.884138490162791))"
6,"POLYGON ((-76.88900509034809 1.884138490162791, -76.88900509034809 1.870440885697675, -76.87530748588607 1.870440885697675, -76.87530748588607 1.884138490162791, -76.88900509034809 1.884138490162791))"
5,"POLYGON ((-76.91640029927215 1.966324116953488, -76.91640029927215 1.952626512488372, -76.90270269481012 1.952626512488372, -76.90270269481012 1.92523130355814, -76.88900509034809 1.92523130355814, -76.88900509034809 1.897836094627907, -76.93009790373418 1.897836094627907, -76.93009790373418 1.911533699093023, -76.91640029927215 1.911533699093023, -76.91640029927215 1.92523130355814, -76.9437955081962 1.92523130355814, -76.9437955081962 1.911533699093023, -76.95749311265823 1.911533699093023, -76.95749311265823 1.897836094627907, -76.97119071712025 1.897836094627907, -76.97119071712025 1.884138490162791, -76.98488832158228 1.884138490162791, -76.98488832158228 1.870440885697675, -76.95749311265823 1.870440885697675, -76.95749311265823 1.884138490162791, -76.9437955081962 1.884138490162791, -76.9437955081962 1.870440885697675, -76.90270269481012 1.870440885697675, -76.90270269481012 1.856743281232558, -76.88900509034809 1.856743281232558, -76.88900509034809 1.884138490162791, -76.87530748588607 1.884138490162791, -76.87530748588607 1.856743281232558, -76.86160988142404 1.856743281232558, -76.86160988142404 1.843045676767442, -76.84791227696202 1.843045676767442, -76.84791227696202 1.856743281232558, -76.82051706803797 1.856743281232558, -76.82051706803797 1.870440885697675, -76.86160988142404 1.870440885697675, -76.86160988142404 1.897836094627907, -76.8342146725 1.897836094627907, -76.8342146725 1.911533699093023, -76.86160988142404 1.911533699093023, -76.86160988142404 1.938928908023256, -76.88900509034809 1.938928908023256, -76.88900509034809 1.966324116953488, -76.91640029927215 1.966324116953488))"
8,"POLYGON ((-77.28623561974683 1.856743281232558, -77.28623561974683 1.843045676767442, -77.27253801528481 1.843045676767442, -77.27253801528481 1.856743281232558, -77.28623561974683 1.856743281232558))"
5,"POLYGON ((-76.98488832158228 1.856743281232558, -76.98488832158228 1.843045676767442, -76.97119071712025 1.843045676767442, -76.97119071712025 1.856743281232558, -76.98488832158228 1.856743281232558))"
7,"POLYGON ((-77.03967873943037 1.843045676767442, -77.03967873943037 1.815650467837209, -77.02598113496835 1.815650467837209, -77.02598113496835 1.829348072302326, -76.9985859260443 1.829348072302326, -76.9985859260443 1.843045676767442, -77.03967873943037 1.843045676767442))"
8,"POLYGON ((-77.29993322420886 1.829348072302326, -77.29993322420886 1.815650467837209, -77.28623561974683 1.815650467837209, -77.28623561974683 1.829348072302326, -77.29993322420886 1.829348072302326))"
8,"POLYGON ((-77.27253801528481 1.815650467837209, -77.27253801528481 1.801952863372093, -77.25884041082278 1.801952863372093, -77.25884041082278 1.815650467837209, -77.27253801528481 1.815650467837209))"
4,"POLYGON ((-77.01228353050632 1.815650467837209, -77.01228353050632 1.801952863372093, -76.9985859260443 1.801952863372093, -76.9985859260443 1.815650467837209, -77.01228353050632 1.815650467837209))"
8,"POLYGON ((-77.29993322420886 1.801952863372093, -77.29993322420886 1.788255258906977, -77.27253801528481 1.788255258906977, -77.27253801528481 1.801952863372093, -77.29993322420886 1.801952863372093))"
2,"POLYGON ((-76.57396018772151 1.801952863372093, -76.57396018772151 1.788255258906977, -76.56026258325949 1.788255258906977, -76.56026258325949 1.801952863372093, -76.57396018772151 1.801952863372093))"
2,"POLYGON ((-76.09454403155063 3.171713309883721, -76.09454403155063 3.158015705418605, -76.12193924047467 3.158015705418605, -76.12193924047467 3.130620496488372, -76.1356368449367 3.130620496488372, -76.1356368449367 3.116922892023256, -76.14933444939874 3.116922892023256, -76.14933444939874 3.048434869697675, -76.12193924047467 3.048434869697675, -76.12193924047467 3.021039660767442, -76.1356368449367 3.021039660767442, -76.1356368449367 2.979946847372093, -76.14933444939874 2.979946847372093, -76.14933444939874 2.99364445183721, -76.16303205386076 2.99364445183721, -76.16303205386076 2.979946847372093, -76.19042726278481 2.979946847372093, -76.19042726278481 2.95255163844186, -76.17672965832278 2.95255163844186, -76.17672965832278 2.938854033976744, -76.16303205386076 2.938854033976744, -76.16303205386076 2.925156429511628, -76.17672965832278 2.925156429511628, -76.17672965832278 2.911458825046512, -76.23152007617088 2.911458825046512, -76.23152007617088 2.925156429511628, -76.2452176806329 2.925156429511628, -76.2452176806329 2.870366011651163, -76.25891528509493 2.870366011651163, -76.25891528509493 2.829273198255814, -76.27261288955695 2.829273198255814, -76.27261288955695 2.815575593790698, -76.28631049401898 2.815575593790698, -76.28631049401898 2.774482780395349, -76.30000809848102 2.774482780395349, -76.30000809848102 2.733389967, -76.28631049401898 2.733389967, -76.28631049401898 2.719692362534884, -76.30000809848102 2.719692362534884, -76.30000809848102 2.705994758069767, -76.31370570294304 2.705994758069767, -76.31370570294304 2.733389967, -76.32740330740506 2.733389967, -76.32740330740506 2.705994758069767, -76.35479851632911 2.705994758069767, -76.35479851632911 2.692297153604651, -76.32740330740506 2.692297153604651, -76.32740330740506 2.678599549139535, -76.31370570294304 2.678599549139535, -76.31370570294304 2.651204340209302, -76.32740330740506 2.651204340209302, -76.32740330740506 2.610111526813954, -76.34110091186709 2.610111526813954, -76.34110091186709 2.582716317883721, -76.36849612079114 2.582716317883721, -76.36849612079114 2.555321108953489, -76.35479851632911 2.555321108953489, -76.35479851632911 2.541623504488372, -76.36849612079114 2.541623504488372, -76.36849612079114 2.51422829555814, -76.38219372525316 2.51422829555814, -76.38219372525316 2.500530691093023, -76.36849612079114 2.500530691093023, -76.36849612079114 2.486833086627907, -76.39589132971518 2.486833086627907, -76.39589132971518 2.459437877697674, -76.40958893417721 2.459437877697674, -76.40958893417721 2.404647459837209, -76.42328653863923 2.404647459837209, -76.42328653863923 2.390949855372093, -76.43698414310126 2.390949855372093, -76.43698414310126 2.377252250906977, -76.4506817475633 2.377252250906977, -76.4506817475633 2.349857041976744, -76.46437935202532 2.349857041976744, -76.46437935202532 2.322461833046512, -76.49177456094937 2.322461833046512, -76.49177456094937 2.336159437511628, -76.50547216541139 2.336159437511628, -76.50547216541139 2.295066624116279, -76.53286737433544 2.295066624116279, -76.53286737433544 2.308764228581396, -76.54656497879746 2.308764228581396, -76.54656497879746 2.295066624116279, -76.57396018772151 2.295066624116279, -76.57396018772151 2.253973810720931, -76.58765779218353 2.253973810720931, -76.58765779218353 2.171788183930233, -76.60135539664557 2.171788183930233, -76.60135539664557 2.185485788395349, -76.64244821003165 2.185485788395349, -76.64244821003165 2.158090579465116, -76.65614581449367 2.158090579465116, -76.65614581449367 2.130695370534884, -76.64244821003165 2.130695370534884, -76.64244821003165 2.116997766069768, -76.62875060556962 2.116997766069768, -76.62875060556962 2.103300161604651, -76.65614581449367 2.103300161604651, -76.65614581449367 2.089602557139535, -76.62875060556962 2.089602557139535, -76.62875060556962 2.075904952674419, -76.65614581449367 2.075904952674419, -76.65614581449367 2.062207348209302, -76.62875060556962 2.062207348209302, -76.62875060556962 2.048509743744186, -76.65614581449367 2.048509743744186, -76.65614581449367 2.03481213927907, -76.6698434189557 2.03481213927907, -76.6698434189557 2.103300161604651, -76.68354102341772 2.103300161604651, -76.68354102341772 2.116997766069768, -76.69723862787974 2.116997766069768, -76.69723862787974 2.103300161604651, -76.71093623234177 2.103300161604651, -76.71093623234177 2.075904952674419, -76.69723862787974 2.075904952674419, -76.69723862787974 2.048509743744186, -76.71093623234177 2.048509743744186, -76.71093623234177 2.062207348209302, -76.72463383680379 2.062207348209302, -76.72463383680379 2.048509743744186, -76.73833144126581 2.048509743744186, -76.73833144126581 1.980021721418605, -76.7794242546519 1.980021721418605, -76.7794242546519 1.966324116953488, -76.79312185911392 1.966324116953488, -76.79312185911392 1.952626512488372, -76.75202904572784 1.952626512488372, -76.75202904572784 1.92523130355814, -76.71093623234177 1.92523130355814, -76.71093623234177 1.897836094627907, -76.72463383680379 1.897836094627907, -76.72463383680379 1.843045676767442, -76.73833144126581 1.843045676767442, -76.73833144126581 1.815650467837209, -76.72463383680379 1.815650467837209, -76.72463383680379 1.788255258906977, -76.71093623234177 1.788255258906977, -76.71093623234177 1.829348072302326, -76.69723862787974 1.829348072302326, -76.69723862787974 1.815650467837209, -76.68354102341772 1.815650467837209, -76.68354102341772 1.801952863372093, -76.65614581449367 1.801952863372093, -76.65614581449367 1.788255258906977, -76.64244821003165 1.788255258906977, -76.64244821003165 1.774557654441861, -76.62875060556962 1.774557654441861, -76.62875060556962 1.801952863372093, -76.6150530011076 1.801952863372093, -76.6150530011076 1.815650467837209, -76.60135539664557 1.815650467837209, -76.60135539664557 1.829348072302326, -76.56026258325949 1.829348072302326, -76.56026258325949 1.815650467837209, -76.53286737433544 1.815650467837209, -76.53286737433544 1.788255258906977, -76.50547216541139 1.788255258906977, -76.50547216541139 1.801952863372093, -76.49177456094937 1.801952863372093, -76.49177456094937 1.829348072302326, -76.54656497879746 1.829348072302326, -76.54656497879746 1.843045676767442, -76.57396018772151 1.843045676767442, -76.57396018772151 1.856743281232558, -76.58765779218353 1.856743281232558, -76.58765779218353 1.92523130355814, -76.6150530011076 1.92523130355814, -76.6150530011076 1.952626512488372, -76.62875060556962 1.952626512488372, -76.62875060556962 1.980021721418605, -76.6150530011076 1.980021721418605, -76.6150530011076 1.993719325883721, -76.60135539664557 1.993719325883721, -76.60135539664557 2.007416930348837, -76.57396018772151 2.007416930348837, -76.57396018772151 2.03481213927907, -76.58765779218353 2.03481213927907, -76.58765779218353 2.048509743744186, -76.57396018772151 2.048509743744186, -76.57396018772151 2.075904952674419, -76.58765779218353 2.075904952674419, -76.58765779218353 2.116997766069768, -76.57396018772151 2.116997766069768, -76.57396018772151 2.130695370534884, -76.56026258325949 2.130695370534884, -76.56026258325949 2.144392975, -76.54656497879746 2.144392975, -76.54656497879746 2.130695370534884, -76.47807695648734 2.130695370534884, -76.47807695648734 2.103300161604651, -76.4506817475633 2.103300161604651, -76.4506817475633 2.116997766069768, -76.42328653863923 2.116997766069768, -76.42328653863923 2.144392975, -76.43698414310126 2.144392975, -76.43698414310126 2.185485788395349, -76.42328653863923 2.185485788395349, -76.42328653863923 2.199183392860465, -76.39589132971518 2.199183392860465, -76.39589132971518 2.253973810720931, -76.38219372525316 2.253973810720931, -76.38219372525316 2.322461833046512, -76.36849612079114 2.322461833046512, -76.36849612079114 2.336159437511628, -76.35479851632911 2.336159437511628, -76.35479851632911 2.404647459837209, -76.34110091186709 2.404647459837209, -76.34110091186709 2.390949855372093, -76.30000809848102 2.390949855372093, -76.30000809848102 2.349857041976744, -76.2452176806329 2.349857041976744, -76.2452176806329 2.336159437511628, -76.21782247170886 2.336159437511628, -76.21782247170886 2.322461833046512, -76.20412486724683 2.322461833046512, -76.20412486724683 2.336159437511628, -76.17672965832278 2.336159437511628, -76.17672965832278 2.363554646441861, -76.14933444939874 2.363554646441861, -76.14933444939874 2.377252250906977, -76.16303205386076 2.377252250906977, -76.16303205386076 2.404647459837209, -76.14933444939874 2.404647459837209, -76.14933444939874 2.418345064302326, -76.1356368449367 2.418345064302326, -76.1356368449367 2.445740273232558, -76.16303205386076 2.445740273232558, -76.16303205386076 2.473135482162791, -76.14933444939874 2.473135482162791, -76.14933444939874 2.486833086627907, -76.1356368449367 2.486833086627907, -76.1356368449367 2.51422829555814, -76.12193924047467 2.51422829555814, -76.12193924047467 2.527925900023256, -76.1356368449367 2.527925900023256, -76.1356368449367 2.582716317883721, -76.16303205386076 2.582716317883721, -76.16303205386076 2.596413922348837, -76.1356368449367 2.596413922348837, -76.1356368449367 2.610111526813954, -76.12193924047467 2.610111526813954, -76.12193924047467 2.637506735744186, -76.09454403155063 2.637506735744186, -76.09454403155063 2.651204340209302, -76.06714882262658 2.651204340209302, -76.06714882262658 2.664901944674419, -76.0808464270886 2.664901944674419, -76.0808464270886 2.678599549139535, -76.09454403155063 2.678599549139535, -76.09454403155063 2.705994758069767, -76.12193924047467 2.705994758069767, -76.12193924047467 2.719692362534884, -76.16303205386076 2.719692362534884, -76.16303205386076 2.705994758069767, -76.17672965832278 2.705994758069767, -76.17672965832278 2.733389967, -76.14933444939874 2.733389967, -76.14933444939874 2.788180384860465, -76.09454403155063 2.788180384860465, -76.09454403155063 2.829273198255814, -76.10824163601265 2.829273198255814, -76.10824163601265 2.84297080272093, -76.09454403155063 2.84297080272093, -76.09454403155063 2.856668407186047, -76.0808464270886 2.856668407186047, -76.0808464270886 2.925156429511628, -76.06714882262658 2.925156429511628, -76.06714882262658 2.884063616116279, -76.05345121816455 2.884063616116279, -76.05345121816455 2.897761220581395, -76.03975361370253 2.897761220581395, -76.03975361370253 2.925156429511628, -76.05345121816455 2.925156429511628, -76.05345121816455 2.938854033976744, -76.03975361370253 2.938854033976744, -76.03975361370253 2.95255163844186, -76.05345121816455 2.95255163844186, -76.05345121816455 2.966249242906977, -76.06714882262658 2.966249242906977, -76.06714882262658 2.99364445183721, -76.09454403155063 2.99364445183721, -76.09454403155063 2.979946847372093, -76.12193924047467 2.979946847372093, -76.12193924047467 2.99364445183721, -76.10824163601265 2.99364445183721, -76.10824163601265 3.007342056302326, -76.09454403155063 3.007342056302326, -76.09454403155063 3.048434869697675, -76.0808464270886 3.048434869697675, -76.0808464270886 3.075830078627907, -76.10824163601265 3.075830078627907, -76.10824163601265 3.062132474162791, -76.1356368449367 3.062132474162791, -76.1356368449367 3.075830078627907, -76.12193924047467 3.075830078627907, -76.12193924047467 3.116922892023256, -76.10824163601265 3.116922892023256, -76.10824163601265 3.130620496488372, -76.09454403155063 3.130620496488372, -76.09454403155063 3.144318100953488, -76.0808464270886 3.144318100953488, -76.0808464270886 3.171713309883721, -76.09454403155063 3.171713309883721), (-76.16303205386076 2.966249242906977, -76.09454403155063 2.966249242906977, -76.09454403155063 2.938854033976744, -76.10824163601265 2.938854033976744, -76.10824163601265 2.925156429511628, -76.14933444939874 2.925156429511628, -76.14933444939874 2.938854033976744, -76.1356368449367 2.938854033976744, -76.1356368449367 2.95255163844186, -76.16303205386076 2.95255163844186, -76.16303205386076 2.966249242906977), (-76.16303205386076 2.911458825046512, -76.10824163601265 2.911458825046512, -76.10824163601265 2.897761220581395, -76.09454403155063 2.897761220581395, -76.09454403155063 2.884063616116279, -76.1356368449367 2.884063616116279, -76.1356368449367 2.897761220581395, -76.14933444939874 2.897761220581395, -76.14933444939874 2.884063616116279, -76.19042726278481 2.884063616116279, -76.19042726278481 2.897761220581395, -76.16303205386076 2.897761220581395, -76.16303205386076 2.911458825046512), (-76.17672965832278 2.801877989325582, -76.16303205386076 2.801877989325582, -76.16303205386076 2.788180384860465, -76.17672965832278 2.788180384860465, -76.17672965832278 2.801877989325582), (-76.73833144126581 1.980021721418605, -76.72463383680379 1.980021721418605, -76.72463383680379 1.966324116953488, -76.73833144126581 1.966324116953488, -76.73833144126581 1.980021721418605))"
8,"POLYGON ((-77.28623561974683 1.774557654441861, -77.28623561974683 1.760860049976744, -77.27253801528481 1.760860049976744, -77.27253801528481 1.774557654441861, -77.28623561974683 1.774557654441861))"
2,"POLYGON ((-76.72463383680379 1.774557654441861, -76.72463383680379 1.760860049976744, -76.71093623234177 1.760860049976744, -76.71093623234177 1.774557654441861, -76.72463383680379 1.774557654441861))"
2,"POLYGON ((-76.69723862787974 1.774557654441861, -76.69723862787974 1.760860049976744, -76.6698434189557 1.760860049976744, -76.6698434189557 1.774557654441861, -76.69723862787974 1.774557654441861))"
4,"POLYGON ((-76.7794242546519 3.240201332209303, -76.7794242546519 3.226503727744186, -76.79312185911392 3.226503727744186, -76.79312185911392 3.21280612327907, -76.82051706803797 3.21280612327907, -76.82051706803797 3.199108518813953, -76.86160988142404 3.199108518813953, -76.86160988142404 3.171713309883721, -76.8342146725 3.171713309883721, -76.8342146725 3.185410914348837, -76.80681946357595 3.185410914348837, -76.80681946357595 3.158015705418605, -76.82051706803797 3.158015705418605, -76.82051706803797 3.116922892023256, -76.8342146725 3.116922892023256, -76.8342146725 3.10322528755814, -76.82051706803797 3.10322528755814, -76.82051706803797 3.089527683093023, -76.80681946357595 3.089527683093023, -76.80681946357595 3.062132474162791, -76.82051706803797 3.062132474162791, -76.82051706803797 3.048434869697675, -76.8342146725 3.048434869697675, -76.8342146725 3.034737265232558, -76.88900509034809 3.034737265232558, -76.88900509034809 3.048434869697675, -76.91640029927215 3.048434869697675, -76.91640029927215 3.034737265232558, -76.9437955081962 3.034737265232558, -76.9437955081962 2.966249242906977, -76.93009790373418 2.966249242906977, -76.93009790373418 2.99364445183721, -76.91640029927215 2.99364445183721, -76.91640029927215 2.979946847372093, -76.90270269481012 2.979946847372093, -76.90270269481012 2.966249242906977, -76.91640029927215 2.966249242906977, -76.91640029927215 2.95255163844186, -76.90270269481012 2.95255163844186, -76.90270269481012 2.911458825046512, -76.9437955081962 2.911458825046512, -76.9437955081962 2.884063616116279, -76.90270269481012 2.884063616116279, -76.90270269481012 2.870366011651163, -76.91640029927215 2.870366011651163, -76.91640029927215 2.84297080272093, -76.93009790373418 2.84297080272093, -76.93009790373418 2.829273198255814, -76.9437955081962 2.829273198255814, -76.9437955081962 2.801877989325582, -76.95749311265823 2.801877989325582, -76.95749311265823 2.788180384860465, -76.97119071712025 2.788180384860465, -76.97119071712025 2.774482780395349, -76.9437955081962 2.774482780395349, -76.9437955081962 2.747087571465117, -76.95749311265823 2.747087571465117, -76.95749311265823 2.733389967, -76.9437955081962 2.733389967, -76.9437955081962 2.719692362534884, -76.93009790373418 2.719692362534884, -76.93009790373418 2.733389967, -76.91640029927215 2.733389967, -76.91640029927215 2.705994758069767, -76.93009790373418 2.705994758069767, -76.93009790373418 2.692297153604651, -76.9437955081962 2.692297153604651, -76.9437955081962 2.664901944674419, -76.98488832158228 2.664901944674419, -76.98488832158228 2.651204340209302, -76.97119071712025 2.651204340209302, -76.97119071712025 2.637506735744186, -76.9437955081962 2.637506735744186, -76.9437955081962 2.651204340209302, -76.93009790373418 2.651204340209302, -76.93009790373418 2.62380913127907, -76.95749311265823 2.62380913127907, -76.95749311265823 2.610111526813954, -76.9437955081962 2.610111526813954, -76.9437955081962 2.596413922348837, -76.93009790373418 2.596413922348837, -76.93009790373418 2.610111526813954, -76.91640029927215 2.610111526813954, -76.91640029927215 2.664901944674419, -76.90270269481012 2.664901944674419, -76.90270269481012 2.678599549139535, -76.88900509034809 2.678599549139535, -76.88900509034809 2.705994758069767, -76.87530748588607 2.705994758069767, -76.87530748588607 2.760785175930232, -76.86160988142404 2.760785175930232, -76.86160988142404 2.815575593790698, -76.8342146725 2.815575593790698, -76.8342146725 2.84297080272093, -76.79312185911392 2.84297080272093, -76.79312185911392 2.829273198255814, -76.7794242546519 2.829273198255814, -76.7794242546519 2.760785175930232, -76.80681946357595 2.760785175930232, -76.80681946357595 2.747087571465117, -76.82051706803797 2.747087571465117, -76.82051706803797 2.705994758069767, -76.8342146725 2.705994758069767, -76.8342146725 2.692297153604651, -76.82051706803797 2.692297153604651, -76.82051706803797 2.678599549139535, -76.84791227696202 2.678599549139535, -76.84791227696202 2.651204340209302, -76.86160988142404 2.651204340209302, -76.86160988142404 2.62380913127907, -76.84791227696202 2.62380913127907, -76.84791227696202 2.610111526813954, -76.86160988142404 2.610111526813954, -76.86160988142404 2.582716317883721, -76.88900509034809 2.582716317883721, -76.88900509034809 2.569018713418605, -76.90270269481012 2.569018713418605, -76.90270269481012 2.51422829555814, -76.91640029927215 2.51422829555814, -76.91640029927215 2.500530691093023, -76.93009790373418 2.500530691093023, -76.93009790373418 2.473135482162791, -76.9437955081962 2.473135482162791, -76.9437955081962 2.459437877697674, -76.95749311265823 2.459437877697674, -76.95749311265823 2.404647459837209, -76.97119071712025 2.404647459837209, -76.97119071712025 2.390949855372093, -76.9985859260443 2.390949855372093, -76.9985859260443 2.404647459837209, -77.02598113496835 2.404647459837209, -77.02598113496835 2.390949855372093, -77.03967873943037 2.390949855372093, -77.03967873943037 2.418345064302326, -77.02598113496835 2.418345064302326, -77.02598113496835 2.432042668767442, -77.0533763438924 2.432042668767442, -77.0533763438924 2.418345064302326, -77.06707394835443 2.418345064302326, -77.06707394835443 2.404647459837209, -77.09446915727848 2.404647459837209, -77.09446915727848 2.418345064302326, -77.1081667617405 2.418345064302326, -77.1081667617405 2.363554646441861, -77.08077155281646 2.363554646441861, -77.08077155281646 2.390949855372093, -77.06707394835443 2.390949855372093, -77.06707394835443 2.363554646441861, -77.03967873943037 2.363554646441861, -77.03967873943037 2.349857041976744, -77.0533763438924 2.349857041976744, -77.0533763438924 2.336159437511628, -77.03967873943037 2.336159437511628, -77.03967873943037 2.322461833046512, -77.1081667617405 2.322461833046512, -77.1081667617405 2.295066624116279, -77.14925957512658 2.295066624116279, -77.14925957512658 2.199183392860465, -77.1629571795886 2.199183392860465, -77.1629571795886 2.185485788395349, -77.17665478405063 2.185485788395349, -77.17665478405063 2.171788183930233, -77.19035238851265 2.171788183930233, -77.19035238851265 2.158090579465116, -77.20404999297467 2.158090579465116, -77.20404999297467 2.171788183930233, -77.23144520189874 2.171788183930233, -77.23144520189874 2.116997766069768, -77.24514280636076 2.116997766069768, -77.24514280636076 2.089602557139535, -77.23144520189874 2.089602557139535, -77.23144520189874 2.103300161604651, -77.2177475974367 2.103300161604651, -77.2177475974367 2.075904952674419, -77.23144520189874 2.075904952674419, -77.23144520189874 2.048509743744186, -77.20404999297467 2.048509743744186, -77.20404999297467 2.089602557139535, -77.17665478405063 2.089602557139535, -77.17665478405063 2.116997766069768, -77.19035238851265 2.116997766069768, -77.19035238851265 2.144392975, -77.1629571795886 2.144392975, -77.1629571795886 2.171788183930233, -77.12186436620253 2.171788183930233, -77.12186436620253 2.212880997325581, -77.09446915727848 2.212880997325581, -77.09446915727848 2.240276206255814, -77.12186436620253 2.240276206255814, -77.12186436620253 2.281369019651163, -77.1081667617405 2.281369019651163, -77.1081667617405 2.253973810720931, -77.09446915727848 2.253973810720931, -77.09446915727848 2.281369019651163, -77.08077155281646 2.281369019651163, -77.08077155281646 2.295066624116279, -77.0533763438924 2.295066624116279, -77.0533763438924 2.308764228581396, -77.01228353050632 2.308764228581396, -77.01228353050632 2.322461833046512, -76.9985859260443 2.322461833046512, -76.9985859260443 2.349857041976744, -76.98488832158228 2.349857041976744, -76.98488832158228 2.363554646441861, -76.97119071712025 2.363554646441861, -76.97119071712025 2.377252250906977, -76.9437955081962 2.377252250906977, -76.9437955081962 2.390949855372093, -76.91640029927215 2.390949855372093, -76.91640029927215 2.404647459837209, -76.9437955081962 2.404647459837209, -76.9437955081962 2.418345064302326, -76.93009790373418 2.418345064302326, -76.93009790373418 2.432042668767442, -76.91640029927215 2.432042668767442, -76.91640029927215 2.418345064302326, -76.88900509034809 2.418345064302326, -76.88900509034809 2.404647459837209, -76.87530748588607 2.404647459837209, -76.87530748588607 2.445740273232558, -76.86160988142404 2.445740273232558, -76.86160988142404 2.459437877697674, -76.84791227696202 2.459437877697674, -76.84791227696202 2.445740273232558, -76.8342146725 2.445740273232558, -76.8342146725 2.432042668767442, -76.82051706803797 2.432042668767442, -76.82051706803797 2.445740273232558, -76.80681946357595 2.445740273232558, -76.80681946357595 2.418345064302326, -76.79312185911392 2.418345064302326, -76.79312185911392 2.432042668767442, -76.7794242546519 2.432042668767442, -76.7794242546519 2.404647459837209, -76.75202904572784 2.404647459837209, -76.75202904572784 2.390949855372093, -76.76572665018988 2.390949855372093, -76.76572665018988 2.377252250906977, -76.75202904572784 2.377252250906977, -76.75202904572784 2.349857041976744, -76.73833144126581 2.349857041976744, -76.73833144126581 2.336159437511628, -76.72463383680379 2.336159437511628, -76.72463383680379 2.322461833046512, -76.71093623234177 2.322461833046512, -76.71093623234177 2.308764228581396, -76.69723862787974 2.308764228581396, -76.69723862787974 2.295066624116279, -76.7794242546519 2.295066624116279, -76.7794242546519 2.281369019651163, -76.76572665018988 2.281369019651163, -76.76572665018988 2.267671415186046, -76.73833144126581 2.267671415186046, -76.73833144126581 2.253973810720931, -76.71093623234177 2.253973810720931, -76.71093623234177 2.240276206255814, -76.73833144126581 2.240276206255814, -76.73833144126581 2.212880997325581, -76.75202904572784 2.212880997325581, -76.75202904572784 2.199183392860465, -76.7794242546519 2.199183392860465, -76.7794242546519 2.185485788395349, -76.73833144126581 2.185485788395349, -76.73833144126581 2.171788183930233, -76.75202904572784 2.171788183930233, -76.75202904572784 2.144392975, -76.76572665018988 2.144392975, -76.76572665018988 2.158090579465116, -76.79312185911392 2.158090579465116, -76.79312185911392 2.130695370534884, -76.80681946357595 2.130695370534884, -76.80681946357595 2.089602557139535, -76.82051706803797 2.089602557139535, -76.82051706803797 2.103300161604651, -76.8342146725 2.103300161604651, -76.8342146725 2.089602557139535, -76.84791227696202 2.089602557139535, -76.84791227696202 2.103300161604651, -76.86160988142404 2.103300161604651, -76.86160988142404 2.116997766069768, -76.88900509034809 2.116997766069768, -76.88900509034809 2.075904952674419, -76.90270269481012 2.075904952674419, -76.90270269481012 2.048509743744186, -76.87530748588607 2.048509743744186, -76.87530748588607 2.03481213927907, -76.91640029927215 2.03481213927907, -76.91640029927215 2.007416930348837, -76.90270269481012 2.007416930348837, -76.90270269481012 1.993719325883721, -76.91640029927215 1.993719325883721, -76.91640029927215 1.966324116953488, -76.88900509034809 1.966324116953488, -76.88900509034809 1.938928908023256, -76.86160988142404 1.938928908023256, -76.86160988142404 1.911533699093023, -76.8342146725 1.911533699093023, -76.8342146725 1.897836094627907, -76.86160988142404 1.897836094627907, -76.86160988142404 1.870440885697675, -76.82051706803797 1.870440885697675, -76.82051706803797 1.856743281232558, -76.84791227696202 1.856743281232558, -76.84791227696202 1.843045676767442, -76.86160988142404 1.843045676767442, -76.86160988142404 1.856743281232558, -76.87530748588607 1.856743281232558, -76.87530748588607 1.870440885697675, -76.88900509034809 1.870440885697675, -76.88900509034809 1.856743281232558, -76.90270269481012 1.856743281232558, -76.90270269481012 1.870440885697675, -76.9437955081962 1.870440885697675, -76.9437955081962 1.884138490162791, -76.95749311265823 1.884138490162791, -76.95749311265823 1.870440885697675, -76.98488832158228 1.870440885697675, -76.98488832158228 1.856743281232558, -76.97119071712025 1.856743281232558, -76.97119071712025 1.843045676767442, -76.95749311265823 1.843045676767442, -76.95749311265823 1.856743281232558, -76.9437955081962 1.856743281232558, -76.9437955081962 1.815650467837209, -76.91640029927215 1.815650467837209, -76.91640029927215 1.801952863372093, -76.90270269481012 1.801952863372093, -76.90270269481012 1.760860049976744, -76.87530748588607 1.760860049976744, -76.87530748588607 1.801952863372093, -76.88900509034809 1.801952863372093, -76.88900509034809 1.815650467837209, -76.86160988142404 1.815650467837209, -76.86160988142404 1.801952863372093, -76.84791227696202 1.801952863372093, -76.84791227696202 1.747162445511628, -76.8342146725 1.747162445511628, -76.8342146725 1.774557654441861, -76.82051706803797 1.774557654441861, -76.82051706803797 1.801952863372093, -76.79312185911392 1.801952863372093, -76.79312185911392 1.815650467837209, -76.7794242546519 1.815650467837209, -76.7794242546519 1.829348072302326, -76.79312185911392 1.829348072302326, -76.79312185911392 1.843045676767442, -76.76572665018988 1.843045676767442, -76.76572665018988 1.829348072302326, -76.75202904572784 1.829348072302326, -76.75202904572784 1.856743281232558, -76.76572665018988 1.856743281232558, -76.76572665018988 1.884138490162791, -76.7794242546519 1.884138490162791, -76.7794242546519 1.870440885697675, -76.79312185911392 1.870440885697675, -76.79312185911392 1.884138490162791, -76.82051706803797 1.884138490162791, -76.82051706803797 1.92523130355814, -76.8342146725 1.92523130355814, -76.8342146725 1.966324116953488, -76.87530748588607 1.966324116953488, -76.87530748588607 1.993719325883721, -76.88900509034809 1.993719325883721, -76.88900509034809 2.007416930348837, -76.87530748588607 2.007416930348837, -76.87530748588607 2.021114534813954, -76.84791227696202 2.021114534813954, -76.84791227696202 2.048509743744186, -76.7794242546519 2.048509743744186, -76.7794242546519 2.062207348209302, -76.79312185911392 2.062207348209302, -76.79312185911392 2.089602557139535, -76.7794242546519 2.089602557139535, -76.7794242546519 2.103300161604651, -76.76572665018988 2.103300161604651, -76.76572665018988 2.089602557139535, -76.73833144126581 2.089602557139535, -76.73833144126581 2.116997766069768, -76.72463383680379 2.116997766069768, -76.72463383680379 2.130695370534884, -76.71093623234177 2.130695370534884, -76.71093623234177 2.144392975, -76.68354102341772 2.144392975, -76.68354102341772 2.185485788395349, -76.6698434189557 2.185485788395349, -76.6698434189557 2.199183392860465, -76.68354102341772 2.199183392860465, -76.68354102341772 2.212880997325581, -76.71093623234177 2.212880997325581, -76.71093623234177 2.226578601790698, -76.68354102341772 2.226578601790698, -76.68354102341772 2.240276206255814, -76.6698434189557 2.240276206255814, -76.6698434189557 2.253973810720931, -76.64244821003165 2.253973810720931, -76.64244821003165 2.226578601790698, -76.62875060556962 2.226578601790698, -76.62875060556962 2.267671415186046, -76.64244821003165 2.267671415186046, -76.64244821003165 2.281369019651163, -76.65614581449367 2.281369019651163, -76.65614581449367 2.295066624116279, -76.62875060556962 2.295066624116279, -76.62875060556962 2.322461833046512, -76.64244821003165 2.322461833046512, -76.64244821003165 2.336159437511628, -76.58765779218353 2.336159437511628, -76.58765779218353 2.349857041976744, -76.60135539664557 2.349857041976744, -76.60135539664557 2.363554646441861, -76.58765779218353 2.363554646441861, -76.58765779218353 2.390949855372093, -76.57396018772151 2.390949855372093, -76.57396018772151 2.404647459837209, -76.54656497879746 2.404647459837209, -76.54656497879746 2.418345064302326, -76.47807695648734 2.418345064302326, -76.47807695648734 2.432042668767442, -76.51916976987341 2.432042668767442, -76.51916976987341 2.445740273232558, -76.49177456094937 2.445740273232558, -76.49177456094937 2.500530691093023, -76.46437935202532 2.500530691093023, -76.46437935202532 2.541623504488372, -76.4506817475633 2.541623504488372, -76.4506817475633 2.555321108953489, -76.46437935202532 2.555321108953489, -76.46437935202532 2.62380913127907, -76.47807695648734 2.62380913127907, -76.47807695648734 2.637506735744186, -76.46437935202532 2.637506735744186, -76.46437935202532 2.651204340209302, -76.47807695648734 2.651204340209302, -76.47807695648734 2.705994758069767, -76.46437935202532 2.705994758069767, -76.46437935202532 2.692297153604651, -76.43698414310126 2.692297153604651, -76.43698414310126 2.705994758069767, -76.4506817475633 2.705994758069767, -76.4506817475633 2.719692362534884, -76.42328653863923 2.719692362534884, -76.42328653863923 2.733389967, -76.40958893417721 2.733389967, -76.40958893417721 2.760785175930232, -76.39589132971518 2.760785175930232, -76.39589132971518 2.788180384860465, -76.40958893417721 2.788180384860465, -76.40958893417721 2.815575593790698, -76.39589132971518 2.815575593790698, -76.39589132971518 2.829273198255814, -76.38219372525316 2.829273198255814, -76.38219372525316 2.856668407186047, -76.36849612079114 2.856668407186047, -76.36849612079114 2.911458825046512, -76.35479851632911 2.911458825046512, -76.35479851632911 2.938854033976744, -76.34110091186709 2.938854033976744, -76.34110091186709 2.884063616116279, -76.32740330740506 2.884063616116279, -76.32740330740506 2.801877989325582, -76.30000809848102 2.801877989325582, -76.30000809848102 2.856668407186047, -76.28631049401898 2.856668407186047, -76.28631049401898 2.870366011651163, -76.30000809848102 2.870366011651163, -76.30000809848102 2.925156429511628, -76.31370570294304 2.925156429511628, -76.31370570294304 2.95255163844186, -76.30000809848102 2.95255163844186, -76.30000809848102 2.99364445183721, -76.32740330740506 2.99364445183721, -76.32740330740506 2.979946847372093, -76.34110091186709 2.979946847372093, -76.34110091186709 3.007342056302326, -76.31370570294304 3.007342056302326, -76.31370570294304 3.021039660767442, -76.30000809848102 3.021039660767442, -76.30000809848102 3.048434869697675, -76.32740330740506 3.048434869697675, -76.32740330740506 3.034737265232558, -76.34110091186709 3.034737265232558, -76.34110091186709 3.021039660767442, -76.36849612079114 3.021039660767442, -76.36849612079114 2.99364445183721, -76.38219372525316 2.99364445183721, -76.38219372525316 2.966249242906977, -76.39589132971518 2.966249242906977, -76.39589132971518 2.99364445183721, -76.40958893417721 2.99364445183721, -76.40958893417721 2.966249242906977, -76.43698414310126 2.966249242906977, -76.43698414310126 2.95255163844186, -76.4506817475633 2.95255163844186, -76.4506817475633 2.938854033976744, -76.46437935202532 2.938854033976744, -76.46437935202532 2.925156429511628, -76.4506817475633 2.925156429511628, -76.4506817475633 2.884063616116279, -76.43698414310126 2.884063616116279, -76.43698414310126 2.870366011651163, -76.4506817475633 2.870366011651163, -76.4506817475633 2.856668407186047, -76.46437935202532 2.856668407186047, -76.46437935202532 2.870366011651163, -76.49177456094937 2.870366011651163, -76.49177456094937 2.84297080272093, -76.46437935202532 2.84297080272093, -76.46437935202532 2.829273198255814, -76.50547216541139 2.829273198255814, -76.50547216541139 2.815575593790698, -76.51916976987341 2.815575593790698, -76.51916976987341 2.788180384860465, -76.53286737433544 2.788180384860465, -76.53286737433544 2.733389967, -76.54656497879746 2.733389967, -76.54656497879746 2.760785175930232, -76.56026258325949 2.760785175930232, -76.56026258325949 2.788180384860465, -76.54656497879746 2.788180384860465, -76.54656497879746 2.801877989325582, -76.56026258325949 2.801877989325582, -76.56026258325949 2.815575593790698, -76.58765779218353 2.815575593790698, -76.58765779218353 2.829273198255814, -76.6150530011076 2.829273198255814, -76.6150530011076 2.815575593790698, -76.62875060556962 2.815575593790698, -76.62875060556962 2.829273198255814, -76.64244821003165 2.829273198255814, -76.64244821003165 2.84297080272093, -76.65614581449367 2.84297080272093, -76.65614581449367 2.788180384860465, -76.6698434189557 2.788180384860465, -76.6698434189557 2.774482780395349, -76.65614581449367 2.774482780395349, -76.65614581449367 2.760785175930232, -76.6150530011076 2.760785175930232, -76.6150530011076 2.747087571465117, -76.62875060556962 2.747087571465117, -76.62875060556962 2.733389967, -76.6150530011076 2.733389967, -76.6150530011076 2.719692362534884, -76.60135539664557 2.719692362534884, -76.60135539664557 2.692297153604651, -76.6150530011076 2.692297153604651, -76.6150530011076 2.705994758069767, -76.64244821003165 2.705994758069767, -76.64244821003165 2.719692362534884, -76.65614581449367 2.719692362534884, -76.65614581449367 2.705994758069767, -76.68354102341772 2.705994758069767, -76.68354102341772 2.719692362534884, -76.71093623234177 2.719692362534884, -76.71093623234177 2.733389967, -76.72463383680379 2.733389967, -76.72463383680379 2.719692362534884, -76.73833144126581 2.719692362534884, -76.73833144126581 2.705994758069767, -76.72463383680379 2.705994758069767, -76.72463383680379 2.692297153604651, -76.73833144126581 2.692297153604651, -76.73833144126581 2.637506735744186, -76.75202904572784 2.637506735744186, -76.75202904572784 2.596413922348837, -76.71093623234177 2.596413922348837, -76.71093623234177 2.582716317883721, -76.73833144126581 2.582716317883721, -76.73833144126581 2.555321108953489, -76.75202904572784 2.555321108953489, -76.75202904572784 2.582716317883721, -76.7794242546519 2.582716317883721, -76.7794242546519 2.610111526813954, -76.79312185911392 2.610111526813954, -76.79312185911392 2.62380913127907, -76.76572665018988 2.62380913127907, -76.76572665018988 2.664901944674419, -76.75202904572784 2.664901944674419, -76.75202904572784 2.733389967, -76.7794242546519 2.733389967, -76.7794242546519 2.747087571465117, -76.76572665018988 2.747087571465117, -76.76572665018988 2.760785175930232, -76.73833144126581 2.760785175930232, -76.73833144126581 2.788180384860465, -76.75202904572784 2.788180384860465, -76.75202904572784 2.829273198255814, -76.76572665018988 2.829273198255814, -76.76572665018988 2.84297080272093, -76.73833144126581 2.84297080272093, -76.73833144126581 2.884063616116279, -76.72463383680379 2.884063616116279, -76.72463383680379 2.870366011651163, -76.69723862787974 2.870366011651163, -76.69723862787974 2.884063616116279, -76.71093623234177 2.884063616116279, -76.71093623234177 2.925156429511628, -76.72463383680379 2.925156429511628, -76.72463383680379 2.938854033976744, -76.71093623234177 2.938854033976744, -76.71093623234177 2.95255163844186, -76.72463383680379 2.95255163844186, -76.72463383680379 2.966249242906977, -76.71093623234177 2.966249242906977, -76.71093623234177 2.99364445183721, -76.73833144126581 2.99364445183721, -76.73833144126581 2.979946847372093, -76.75202904572784 2.979946847372093, -76.75202904572784 2.99364445183721, -76.76572665018988 2.99364445183721, -76.76572665018988 3.007342056302326, -76.7794242546519 3.007342056302326, -76.7794242546519 3.021039660767442, -76.75202904572784 3.021039660767442, -76.75202904572784 3.034737265232558, -76.76572665018988 3.034737265232558, -76.76572665018988 3.075830078627907, -76.75202904572784 3.075830078627907, -76.75202904572784 3.089527683093023, -76.73833144126581 3.089527683093023, -76.73833144126581 3.116922892023256, -76.75202904572784 3.116922892023256, -76.75202904572784 3.130620496488372, -76.7794242546519 3.130620496488372, -76.7794242546519 3.144318100953488, -76.75202904572784 3.144318100953488, -76.75202904572784 3.171713309883721, -76.73833144126581 3.171713309883721, -76.73833144126581 3.185410914348837, -76.75202904572784 3.185410914348837, -76.75202904572784 3.21280612327907, -76.76572665018988 3.21280612327907, -76.76572665018988 3.240201332209303, -76.7794242546519 3.240201332209303), (-76.76572665018988 3.116922892023256, -76.75202904572784 3.116922892023256, -76.75202904572784 3.10322528755814, -76.76572665018988 3.10322528755814, -76.76572665018988 3.116922892023256), (-76.79312185911392 3.034737265232558, -76.7794242546519 3.034737265232558, -76.7794242546519 3.021039660767442, -76.79312185911392 3.021039660767442, -76.79312185911392 3.034737265232558), (-76.79312185911392 2.870366011651163, -76.7794242546519 2.870366011651163, -76.7794242546519 2.84297080272093, -76.79312185911392 2.84297080272093, -76.79312185911392 2.870366011651163), (-76.47807695648734 2.801877989325582, -76.46437935202532 2.801877989325582, -76.46437935202532 2.788180384860465, -76.47807695648734 2.788180384860465, -76.47807695648734 2.801877989325582), (-76.91640029927215 2.760785175930232, -76.90270269481012 2.760785175930232, -76.90270269481012 2.733389967, -76.91640029927215 2.733389967, -76.91640029927215 2.760785175930232), (-76.90270269481012 2.719692362534884, -76.88900509034809 2.719692362534884, -76.88900509034809 2.705994758069767, -76.90270269481012 2.705994758069767, -76.90270269481012 2.719692362534884), (-76.60135539664557 2.678599549139535, -76.57396018772151 2.678599549139535, -76.57396018772151 2.664901944674419, -76.60135539664557 2.664901944674419, -76.60135539664557 2.678599549139535), (-76.73833144126581 2.555321108953489, -76.72463383680379 2.555321108953489, -76.72463383680379 2.541623504488372, -76.73833144126581 2.541623504488372, -76.73833144126581 2.555321108953489), (-76.93009790373418 2.473135482162791, -76.91640029927215 2.473135482162791, -76.91640029927215 2.459437877697674, -76.93009790373418 2.459437877697674, -76.93009790373418 2.473135482162791), (-77.02598113496835 2.377252250906977, -77.01228353050632 2.377252250906977, -77.01228353050632 2.363554646441861, -76.9985859260443 2.363554646441861, -76.9985859260443 2.349857041976744, -77.02598113496835 2.349857041976744, -77.02598113496835 2.377252250906977), (-76.69723862787974 2.253973810720931, -76.68354102341772 2.253973810720931, -76.68354102341772 2.240276206255814, -76.69723862787974 2.240276206255814, -76.69723862787974 2.253973810720931), (-77.2177475974367 2.116997766069768, -77.20404999297467 2.116997766069768, -77.20404999297467 2.103300161604651, -77.2177475974367 2.103300161604651, -77.2177475974367 2.116997766069768), (-76.86160988142404 2.062207348209302, -76.84791227696202 2.062207348209302, -76.84791227696202 2.048509743744186, -76.86160988142404 2.048509743744186, -76.86160988142404 2.062207348209302))"
4,"POLYGON ((-76.49177456094937 1.747162445511628, -76.49177456094937 1.733464841046512, -76.47807695648734 1.733464841046512, -76.47807695648734 1.747162445511628, -76.49177456094937 1.747162445511628))"
4,"POLYGON ((-76.51916976987341 1.733464841046512, -76.51916976987341 1.706069632116279, -76.50547216541139 1.706069632116279, -76.50547216541139 1.733464841046512, -76.51916976987341 1.733464841046512))"
4,"POLYGON ((-76.98488832158228 1.719767236581395, -76.98488832158228 1.706069632116279, -76.97119071712025 1.706069632116279, -76.97119071712025 1.719767236581395, -76.98488832158228 1.719767236581395))"
4,"POLYGON ((-76.9437955081962 1.801952863372093, -76.9437955081962 1.788255258906977, -77.02598113496835 1.788255258906977, -77.02598113496835 1.760860049976744, -77.03967873943037 1.760860049976744, -77.03967873943037 1.747162445511628, -77.0533763438924 1.747162445511628, -77.0533763438924 1.760860049976744, -77.06707394835443 1.760860049976744, -77.06707394835443 1.706069632116279, -77.0533763438924 1.706069632116279, -77.0533763438924 1.692372027651163, -77.03967873943037 1.692372027651163, -77.03967873943037 1.706069632116279, -77.02598113496835 1.706069632116279, -77.02598113496835 1.719767236581395, -77.01228353050632 1.719767236581395, -77.01228353050632 1.706069632116279, -76.9985859260443 1.706069632116279, -76.9985859260443 1.733464841046512, -76.97119071712025 1.733464841046512, -76.97119071712025 1.760860049976744, -76.9437955081962 1.760860049976744, -76.9437955081962 1.774557654441861, -76.93009790373418 1.774557654441861, -76.93009790373418 1.760860049976744, -76.91640029927215 1.760860049976744, -76.91640029927215 1.801952863372093, -76.9437955081962 1.801952863372093))"
6,"POLYGON ((-76.9437955081962 2.103300161604651, -76.9437955081962 2.089602557139535, -76.95749311265823 2.089602557139535, -76.95749311265823 2.075904952674419, -76.97119071712025 2.075904952674419, -76.97119071712025 2.062207348209302, -76.9437955081962 2.062207348209302, -76.9437955081962 2.048509743744186, -76.98488832158228 2.048509743744186, -76.98488832158228 2.007416930348837, -76.97119071712025 2.007416930348837, -76.97119071712025 1.966324116953488, -76.98488832158228 1.966324116953488, -76.98488832158228 1.952626512488372, -76.9985859260443 1.952626512488372, -76.9985859260443 1.92523130355814, -77.01228353050632 1.92523130355814, -77.01228353050632 1.897836094627907, -77.02598113496835 1.897836094627907, -77.02598113496835 1.856743281232558, -77.0533763438924 1.856743281232558, -77.0533763438924 1.843045676767442, -77.06707394835443 1.843045676767442, -77.06707394835443 1.801952863372093, -77.12186436620253 1.801952863372093, -77.12186436620253 1.856743281232558, -77.1081667617405 1.856743281232558, -77.1081667617405 1.870440885697675, -77.12186436620253 1.870440885697675, -77.12186436620253 1.884138490162791, -77.13556197066455 1.884138490162791, -77.13556197066455 1.856743281232558, -77.14925957512658 1.856743281232558, -77.14925957512658 1.870440885697675, -77.1629571795886 1.870440885697675, -77.1629571795886 1.884138490162791, -77.19035238851265 1.884138490162791, -77.19035238851265 1.870440885697675, -77.20404999297467 1.870440885697675, -77.20404999297467 1.843045676767442, -77.24514280636076 1.843045676767442, -77.24514280636076 1.829348072302326, -77.23144520189874 1.829348072302326, -77.23144520189874 1.815650467837209, -77.2177475974367 1.815650467837209, -77.2177475974367 1.829348072302326, -77.17665478405063 1.829348072302326, -77.17665478405063 1.815650467837209, -77.19035238851265 1.815650467837209, -77.19035238851265 1.788255258906977, -77.17665478405063 1.788255258906977, -77.17665478405063 1.801952863372093, -77.1629571795886 1.801952863372093, -77.1629571795886 1.760860049976744, -77.17665478405063 1.760860049976744, -77.17665478405063 1.774557654441861, -77.19035238851265 1.774557654441861, -77.19035238851265 1.747162445511628, -77.20404999297467 1.747162445511628, -77.20404999297467 1.774557654441861, -77.2177475974367 1.774557654441861, -77.2177475974367 1.760860049976744, -77.23144520189874 1.760860049976744, -77.23144520189874 1.747162445511628, -77.24514280636076 1.747162445511628, -77.24514280636076 1.719767236581395, -77.25884041082278 1.719767236581395, -77.25884041082278 1.733464841046512, -77.28623561974683 1.733464841046512, -77.28623561974683 1.692372027651163, -77.27253801528481 1.692372027651163, -77.27253801528481 1.706069632116279, -77.25884041082278 1.706069632116279, -77.25884041082278 1.678674423186047, -77.24514280636076 1.678674423186047, -77.24514280636076 1.706069632116279, -77.2177475974367 1.706069632116279, -77.2177475974367 1.692372027651163, -77.19035238851265 1.692372027651163, -77.19035238851265 1.706069632116279, -77.1629571795886 1.706069632116279, -77.1629571795886 1.678674423186047, -77.14925957512658 1.678674423186047, -77.14925957512658 1.692372027651163, -77.13556197066455 1.692372027651163, -77.13556197066455 1.678674423186047, -77.12186436620253 1.678674423186047, -77.12186436620253 1.692372027651163, -77.1081667617405 1.692372027651163, -77.1081667617405 1.706069632116279, -77.09446915727848 1.706069632116279, -77.09446915727848 1.747162445511628, -77.08077155281646 1.747162445511628, -77.08077155281646 1.774557654441861, -77.0533763438924 1.774557654441861, -77.0533763438924 1.788255258906977, -77.03967873943037 1.788255258906977, -77.03967873943037 1.801952863372093, -77.01228353050632 1.801952863372093, -77.01228353050632 1.815650467837209, -76.97119071712025 1.815650467837209, -76.97119071712025 1.801952863372093, -76.95749311265823 1.801952863372093, -76.95749311265823 1.829348072302326, -76.97119071712025 1.829348072302326, -76.97119071712025 1.843045676767442, -76.98488832158228 1.843045676767442, -76.98488832158228 1.884138490162791, -76.97119071712025 1.884138490162791, -76.97119071712025 1.897836094627907, -76.95749311265823 1.897836094627907, -76.95749311265823 1.911533699093023, -76.9437955081962 1.911533699093023, -76.9437955081962 1.92523130355814, -76.91640029927215 1.92523130355814, -76.91640029927215 1.911533699093023, -76.93009790373418 1.911533699093023, -76.93009790373418 1.897836094627907, -76.88900509034809 1.897836094627907, -76.88900509034809 1.92523130355814, -76.90270269481012 1.92523130355814, -76.90270269481012 1.952626512488372, -76.91640029927215 1.952626512488372, -76.91640029927215 1.966324116953488, -76.93009790373418 1.966324116953488, -76.93009790373418 1.993719325883721, -76.95749311265823 1.993719325883721, -76.95749311265823 2.007416930348837, -76.9437955081962 2.007416930348837, -76.9437955081962 2.021114534813954, -76.93009790373418 2.021114534813954, -76.93009790373418 2.03481213927907, -76.91640029927215 2.03481213927907, -76.91640029927215 2.048509743744186, -76.90270269481012 2.048509743744186, -76.90270269481012 2.062207348209302, -76.93009790373418 2.062207348209302, -76.93009790373418 2.103300161604651, -76.9437955081962 2.103300161604651), (-76.95749311265823 1.952626512488372, -76.93009790373418 1.952626512488372, -76.93009790373418 1.938928908023256, -76.95749311265823 1.938928908023256, -76.95749311265823 1.952626512488372), (-77.03967873943037 1.843045676767442, -76.9985859260443 1.843045676767442, -76.9985859260443 1.829348072302326, -77.02598113496835 1.829348072302326, -77.02598113496835 1.815650467837209, -77.03967873943037 1.815650467837209, -77.03967873943037 1.843045676767442))"
2,"POLYGON ((-76.60135539664557 1.692372027651163, -76.60135539664557 1.678674423186047, -76.58765779218353 1.678674423186047, -76.58765779218353 1.692372027651163, -76.60135539664557 1.692372027651163))"
4,"POLYGON ((-76.40958893417721 1.692372027651163, -76.40958893417721 1.678674423186047, -76.39589132971518 1.678674423186047, -76.39589132971518 1.692372027651163, -76.40958893417721 1.692372027651163))"
5,"POLYGON ((-76.95749311265823 1.856743281232558, -76.95749311265823 1.843045676767442, -76.97119071712025 1.843045676767442, -76.97119071712025 1.829348072302326, -76.95749311265823 1.829348072302326, -76.95749311265823 1.801952863372093, -76.97119071712025 1.801952863372093, -76.97119071712025 1.815650467837209, -76.9985859260443 1.815650467837209, -76.9985859260443 1.801952863372093, -77.03967873943037 1.801952863372093, -77.03967873943037 1.788255258906977, -77.0533763438924 1.788255258906977, -77.0533763438924 1.774557654441861, -77.08077155281646 1.774557654441861, -77.08077155281646 1.747162445511628, -77.09446915727848 1.747162445511628, -77.09446915727848 1.706069632116279, -77.1081667617405 1.706069632116279, -77.1081667617405 1.692372027651163, -77.12186436620253 1.692372027651163, -77.12186436620253 1.678674423186047, -77.13556197066455 1.678674423186047, -77.13556197066455 1.692372027651163, -77.14925957512658 1.692372027651163, -77.14925957512658 1.66497681872093, -77.06707394835443 1.66497681872093, -77.06707394835443 1.692372027651163, -77.0533763438924 1.692372027651163, -77.0533763438924 1.706069632116279, -77.06707394835443 1.706069632116279, -77.06707394835443 1.760860049976744, -77.0533763438924 1.760860049976744, -77.0533763438924 1.747162445511628, -77.03967873943037 1.747162445511628, -77.03967873943037 1.760860049976744, -77.02598113496835 1.760860049976744, -77.02598113496835 1.788255258906977, -76.9437955081962 1.788255258906977, -76.9437955081962 1.801952863372093, -76.91640029927215 1.801952863372093, -76.91640029927215 1.815650467837209, -76.9437955081962 1.815650467837209, -76.9437955081962 1.856743281232558, -76.95749311265823 1.856743281232558))"
6,"POLYGON ((-77.29993322420886 1.678674423186047, -77.29993322420886 1.66497681872093, -77.28623561974683 1.66497681872093, -77.28623561974683 1.678674423186047, -77.29993322420886 1.678674423186047))"
7,"POLYGON ((-76.98488832158228 2.295066624116279, -76.98488832158228 2.253973810720931, -76.9985859260443 2.253973810720931, -76.9985859260443 2.226578601790698, -77.01228353050632 2.226578601790698, -77.01228353050632 2.240276206255814, -77.02598113496835 2.240276206255814, -77.02598113496835 2.226578601790698, -77.03967873943037 2.226578601790698, -77.03967873943037 2.240276206255814, -77.0533763438924 2.240276206255814, -77.0533763438924 2.226578601790698, -77.06707394835443 2.226578601790698, -77.06707394835443 2.199183392860465, -77.08077155281646 2.199183392860465, -77.08077155281646 2.158090579465116, -77.06707394835443 2.158090579465116, -77.06707394835443 2.171788183930233, -77.03967873943037 2.171788183930233, -77.03967873943037 2.199183392860465, -77.02598113496835 2.199183392860465, -77.02598113496835 2.171788183930233, -76.9985859260443 2.171788183930233, -76.9985859260443 2.158090579465116, -77.01228353050632 2.158090579465116, -77.01228353050632 2.116997766069768, -77.02598113496835 2.116997766069768, -77.02598113496835 2.089602557139535, -77.03967873943037 2.089602557139535, -77.03967873943037 2.075904952674419, -77.0533763438924 2.075904952674419, -77.0533763438924 2.062207348209302, -77.06707394835443 2.062207348209302, -77.06707394835443 2.048509743744186, -77.08077155281646 2.048509743744186, -77.08077155281646 2.03481213927907, -77.09446915727848 2.03481213927907, -77.09446915727848 2.021114534813954, -77.1081667617405 2.021114534813954, -77.1081667617405 2.007416930348837, -77.14925957512658 2.007416930348837, -77.14925957512658 1.993719325883721, -77.13556197066455 1.993719325883721, -77.13556197066455 1.966324116953488, -77.12186436620253 1.966324116953488, -77.12186436620253 1.952626512488372, -77.14925957512658 1.952626512488372, -77.14925957512658 1.92523130355814, -77.1629571795886 1.92523130355814, -77.1629571795886 1.911533699093023, -77.19035238851265 1.911533699093023, -77.19035238851265 1.92523130355814, -77.2177475974367 1.92523130355814, -77.2177475974367 1.911533699093023, -77.23144520189874 1.911533699093023, -77.23144520189874 1.884138490162791, -77.24514280636076 1.884138490162791, -77.24514280636076 1.870440885697675, -77.27253801528481 1.870440885697675, -77.27253801528481 1.843045676767442, -77.28623561974683 1.843045676767442, -77.28623561974683 1.815650467837209, -77.29993322420886 1.815650467837209, -77.29993322420886 1.801952863372093, -77.27253801528481 1.801952863372093, -77.27253801528481 1.788255258906977, -77.29993322420886 1.788255258906977, -77.29993322420886 1.733464841046512, -77.31363082867088 1.733464841046512, -77.31363082867088 1.706069632116279, -77.3273284331329 1.706069632116279, -77.3273284331329 1.678674423186047, -77.28623561974683 1.678674423186047, -77.28623561974683 1.66497681872093, -77.24514280636076 1.66497681872093, -77.24514280636076 1.651279214255814, -77.23144520189874 1.651279214255814, -77.23144520189874 1.66497681872093, -77.20404999297467 1.66497681872093, -77.20404999297467 1.678674423186047, -77.1629571795886 1.678674423186047, -77.1629571795886 1.706069632116279, -77.19035238851265 1.706069632116279, -77.19035238851265 1.692372027651163, -77.2177475974367 1.692372027651163, -77.2177475974367 1.706069632116279, -77.24514280636076 1.706069632116279, -77.24514280636076 1.678674423186047, -77.25884041082278 1.678674423186047, -77.25884041082278 1.706069632116279, -77.27253801528481 1.706069632116279, -77.27253801528481 1.692372027651163, -77.28623561974683 1.692372027651163, -77.28623561974683 1.733464841046512, -77.25884041082278 1.733464841046512, -77.25884041082278 1.719767236581395, -77.24514280636076 1.719767236581395, -77.24514280636076 1.747162445511628, -77.23144520189874 1.747162445511628, -77.23144520189874 1.760860049976744, -77.2177475974367 1.760860049976744, -77.2177475974367 1.774557654441861, -77.20404999297467 1.774557654441861, -77.20404999297467 1.747162445511628, -77.19035238851265 1.747162445511628, -77.19035238851265 1.774557654441861, -77.17665478405063 1.774557654441861, -77.17665478405063 1.760860049976744, -77.1629571795886 1.760860049976744, -77.1629571795886 1.801952863372093, -77.17665478405063 1.801952863372093, -77.17665478405063 1.788255258906977, -77.19035238851265 1.788255258906977, -77.19035238851265 1.815650467837209, -77.17665478405063 1.815650467837209, -77.17665478405063 1.829348072302326, -77.2177475974367 1.829348072302326, -77.2177475974367 1.815650467837209, -77.23144520189874 1.815650467837209, -77.23144520189874 1.829348072302326, -77.24514280636076 1.829348072302326, -77.24514280636076 1.843045676767442, -77.20404999297467 1.843045676767442, -77.20404999297467 1.870440885697675, -77.19035238851265 1.870440885697675, -77.19035238851265 1.884138490162791, -77.1629571795886 1.884138490162791, -77.1629571795886 1.870440885697675, -77.14925957512658 1.870440885697675, -77.14925957512658 1.856743281232558, -77.13556197066455 1.856743281232558, -77.13556197066455 1.884138490162791, -77.12186436620253 1.884138490162791, -77.12186436620253 1.870440885697675, -77.1081667617405 1.870440885697675, -77.1081667617405 1.856743281232558, -77.12186436620253 1.856743281232558, -77.12186436620253 1.801952863372093, -77.06707394835443 1.801952863372093, -77.06707394835443 1.843045676767442, -77.0533763438924 1.843045676767442, -77.0533763438924 1.856743281232558, -77.02598113496835 1.856743281232558, -77.02598113496835 1.897836094627907, -77.01228353050632 1.897836094627907, -77.01228353050632 1.92523130355814, -76.9985859260443 1.92523130355814, -76.9985859260443 1.952626512488372, -76.98488832158228 1.952626512488372, -76.98488832158228 1.966324116953488, -76.97119071712025 1.966324116953488, -76.97119071712025 2.007416930348837, -76.98488832158228 2.007416930348837, -76.98488832158228 2.048509743744186, -76.9437955081962 2.048509743744186, -76.9437955081962 2.062207348209302, -76.97119071712025 2.062207348209302, -76.97119071712025 2.075904952674419, -76.95749311265823 2.075904952674419, -76.95749311265823 2.089602557139535, -76.9437955081962 2.089602557139535, -76.9437955081962 2.103300161604651, -76.93009790373418 2.103300161604651, -76.93009790373418 2.116997766069768, -76.91640029927215 2.116997766069768, -76.91640029927215 2.144392975, -76.93009790373418 2.144392975, -76.93009790373418 2.130695370534884, -76.97119071712025 2.130695370534884, -76.97119071712025 2.158090579465116, -76.95749311265823 2.158090579465116, -76.95749311265823 2.171788183930233, -76.9437955081962 2.171788183930233, -76.9437955081962 2.226578601790698, -76.93009790373418 2.226578601790698, -76.93009790373418 2.253973810720931, -76.91640029927215 2.253973810720931, -76.91640029927215 2.267671415186046, -76.90270269481012 2.267671415186046, -76.90270269481012 2.281369019651163, -76.88900509034809 2.281369019651163, -76.88900509034809 2.295066624116279, -76.91640029927215 2.295066624116279, -76.91640029927215 2.281369019651163, -76.93009790373418 2.281369019651163, -76.93009790373418 2.295066624116279, -76.9437955081962 2.295066624116279, -76.9437955081962 2.281369019651163, -76.97119071712025 2.281369019651163, -76.97119071712025 2.295066624116279, -76.98488832158228 2.295066624116279), (-77.12186436620253 1.952626512488372, -77.1081667617405 1.952626512488372, -77.1081667617405 1.938928908023256, -77.12186436620253 1.938928908023256, -77.12186436620253 1.952626512488372), (-77.27253801528481 1.815650467837209, -77.25884041082278 1.815650467837209, -77.25884041082278 1.801952863372093, -77.27253801528481 1.801952863372093, -77.27253801528481 1.815650467837209), (-77.28623561974683 1.774557654441861, -77.27253801528481 1.774557654441861, -77.27253801528481 1.760860049976744, -77.28623561974683 1.760860049976744, -77.28623561974683 1.774557654441861))"
3,"POLYGON ((-76.75202904572784 1.66497681872093, -76.75202904572784 1.651279214255814, -76.73833144126581 1.651279214255814, -76.73833144126581 1.66497681872093, -76.75202904572784 1.66497681872093))"
5,"POLYGON ((-76.53286737433544 1.66497681872093, -76.53286737433544 1.651279214255814, -76.51916976987341 1.651279214255814, -76.51916976987341 1.66497681872093, -76.53286737433544 1.66497681872093))"
4,"POLYGON ((-76.56026258325949 1.788255258906977, -76.56026258325949 1.760860049976744, -76.57396018772151 1.760860049976744, -76.57396018772151 1.774557654441861, -76.58765779218353 1.774557654441861, -76.58765779218353 1.747162445511628, -76.60135539664557 1.747162445511628, -76.60135539664557 1.733464841046512, -76.6150530011076 1.733464841046512, -76.6150530011076 1.706069632116279, -76.60135539664557 1.706069632116279, -76.60135539664557 1.719767236581395, -76.58765779218353 1.719767236581395, -76.58765779218353 1.733464841046512, -76.57396018772151 1.733464841046512, -76.57396018772151 1.678674423186047, -76.56026258325949 1.678674423186047, -76.56026258325949 1.66497681872093, -76.57396018772151 1.66497681872093, -76.57396018772151 1.637581609790698, -76.56026258325949 1.637581609790698, -76.56026258325949 1.651279214255814, -76.53286737433544 1.651279214255814, -76.53286737433544 1.66497681872093, -76.51916976987341 1.66497681872093, -76.51916976987341 1.706069632116279, -76.54656497879746 1.706069632116279, -76.54656497879746 1.719767236581395, -76.53286737433544 1.719767236581395, -76.53286737433544 1.733464841046512, -76.54656497879746 1.733464841046512, -76.54656497879746 1.788255258906977, -76.56026258325949 1.788255258906977))"
2,"POLYGON ((-76.75202904572784 1.651279214255814, -76.75202904572784 1.637581609790698, -76.73833144126581 1.637581609790698, -76.73833144126581 1.651279214255814, -76.75202904572784 1.651279214255814))"
4,"POLYGON ((-76.51916976987341 1.66497681872093, -76.51916976987341 1.651279214255814, -76.53286737433544 1.651279214255814, -76.53286737433544 1.610186400860465, -76.51916976987341 1.610186400860465, -76.51916976987341 1.637581609790698, -76.49177456094937 1.637581609790698, -76.49177456094937 1.651279214255814, -76.50547216541139 1.651279214255814, -76.50547216541139 1.66497681872093, -76.51916976987341 1.66497681872093))"
4,"POLYGON ((-76.2452176806329 1.623884005325581, -76.2452176806329 1.610186400860465, -76.21782247170886 1.610186400860465, -76.21782247170886 1.623884005325581, -76.2452176806329 1.623884005325581))"
4,"POLYGON ((-76.43698414310126 1.66497681872093, -76.43698414310126 1.637581609790698, -76.4506817475633 1.637581609790698, -76.4506817475633 1.623884005325581, -76.47807695648734 1.623884005325581, -76.47807695648734 1.610186400860465, -76.50547216541139 1.610186400860465, -76.50547216541139 1.582791191930233, -76.49177456094937 1.582791191930233, -76.49177456094937 1.596488796395349, -76.46437935202532 1.596488796395349, -76.46437935202532 1.582791191930233, -76.4506817475633 1.582791191930233, -76.4506817475633 1.610186400860465, -76.43698414310126 1.610186400860465, -76.43698414310126 1.623884005325581, -76.42328653863923 1.623884005325581, -76.42328653863923 1.637581609790698, -76.40958893417721 1.637581609790698, -76.40958893417721 1.66497681872093, -76.43698414310126 1.66497681872093))"
5,"POLYGON ((-76.49177456094937 1.596488796395349, -76.49177456094937 1.582791191930233, -76.46437935202532 1.582791191930233, -76.46437935202532 1.596488796395349, -76.49177456094937 1.596488796395349))"
5,"POLYGON ((-76.6150530011076 1.582791191930233, -76.6150530011076 1.569093587465116, -76.60135539664557 1.569093587465116, -76.60135539664557 1.582791191930233, -76.6150530011076 1.582791191930233))"
5,"POLYGON ((-76.58765779218353 1.569093587465116, -76.58765779218353 1.555395983, -76.57396018772151 1.555395983, -76.57396018772151 1.569093587465116, -76.58765779218353 1.569093587465116))"
4,"POLYGON ((-76.16303205386076 1.555395983, -76.16303205386076 1.528000774069768, -76.14933444939874 1.528000774069768, -76.14933444939874 1.555395983, -76.16303205386076 1.555395983))"
4,"POLYGON ((-76.69723862787974 1.541698378534884, -76.69723862787974 1.528000774069768, -76.6698434189557 1.528000774069768, -76.6698434189557 1.541698378534884, -76.69723862787974 1.541698378534884))"
5,"POLYGON ((-76.6150530011076 1.555395983, -76.6150530011076 1.541698378534884, -76.62875060556962 1.541698378534884, -76.62875060556962 1.528000774069768, -76.60135539664557 1.528000774069768, -76.60135539664557 1.555395983, -76.6150530011076 1.555395983))"
5,"POLYGON ((-76.51916976987341 1.637581609790698, -76.51916976987341 1.610186400860465, -76.53286737433544 1.610186400860465, -76.53286737433544 1.596488796395349, -76.51916976987341 1.596488796395349, -76.51916976987341 1.582791191930233, -76.53286737433544 1.582791191930233, -76.53286737433544 1.569093587465116, -76.56026258325949 1.569093587465116, -76.56026258325949 1.541698378534884, -76.57396018772151 1.541698378534884, -76.57396018772151 1.528000774069768, -76.54656497879746 1.528000774069768, -76.54656497879746 1.541698378534884, -76.50547216541139 1.541698378534884, -76.50547216541139 1.555395983, -76.49177456094937 1.555395983, -76.49177456094937 1.582791191930233, -76.50547216541139 1.582791191930233, -76.50547216541139 1.637581609790698, -76.51916976987341 1.637581609790698))"
6,"POLYGON ((-76.54656497879746 1.541698378534884, -76.54656497879746 1.528000774069768, -76.53286737433544 1.528000774069768, -76.53286737433544 1.541698378534884, -76.54656497879746 1.541698378534884))"
4,"POLYGON ((-76.75202904572784 1.555395983, -76.75202904572784 1.528000774069768, -76.72463383680379 1.528000774069768, -76.72463383680379 1.514303169604651, -76.71093623234177 1.514303169604651, -76.71093623234177 1.541698378534884, -76.69723862787974 1.541698378534884, -76.69723862787974 1.555395983, -76.75202904572784 1.555395983))"
3,"POLYGON ((-76.71093623234177 1.541698378534884, -76.71093623234177 1.514303169604651, -76.69723862787974 1.514303169604651, -76.69723862787974 1.541698378534884, -76.71093623234177 1.541698378534884))"
4,"POLYGON ((-76.6150530011076 1.637581609790698, -76.6150530011076 1.610186400860465, -76.62875060556962 1.610186400860465, -76.62875060556962 1.623884005325581, -76.65614581449367 1.623884005325581, -76.65614581449367 1.596488796395349, -76.6150530011076 1.596488796395349, -76.6150530011076 1.582791191930233, -76.62875060556962 1.582791191930233, -76.62875060556962 1.555395983, -76.64244821003165 1.555395983, -76.64244821003165 1.528000774069768, -76.6698434189557 1.528000774069768, -76.6698434189557 1.514303169604651, -76.62875060556962 1.514303169604651, -76.62875060556962 1.541698378534884, -76.6150530011076 1.541698378534884, -76.6150530011076 1.555395983, -76.58765779218353 1.555395983, -76.58765779218353 1.569093587465116, -76.57396018772151 1.569093587465116, -76.57396018772151 1.555395983, -76.56026258325949 1.555395983, -76.56026258325949 1.569093587465116, -76.53286737433544 1.569093587465116, -76.53286737433544 1.582791191930233, -76.51916976987341 1.582791191930233, -76.51916976987341 1.596488796395349, -76.54656497879746 1.596488796395349, -76.54656497879746 1.582791191930233, -76.58765779218353 1.582791191930233, -76.58765779218353 1.596488796395349, -76.57396018772151 1.596488796395349, -76.57396018772151 1.610186400860465, -76.60135539664557 1.610186400860465, -76.60135539664557 1.637581609790698, -76.6150530011076 1.637581609790698), (-76.6150530011076 1.582791191930233, -76.60135539664557 1.582791191930233, -76.60135539664557 1.569093587465116, -76.6150530011076 1.569093587465116, -76.6150530011076 1.582791191930233))"
4,"POLYGON ((-76.17672965832278 1.528000774069768, -76.17672965832278 1.514303169604651, -76.16303205386076 1.514303169604651, -76.16303205386076 1.528000774069768, -76.17672965832278 1.528000774069768))"
4,"POLYGON ((-76.71093623234177 1.514303169604651, -76.71093623234177 1.500605565139535, -76.69723862787974 1.500605565139535, -76.69723862787974 1.514303169604651, -76.71093623234177 1.514303169604651))"
6,"POLYGON ((-76.69723862787974 1.514303169604651, -76.69723862787974 1.500605565139535, -76.68354102341772 1.500605565139535, -76.68354102341772 1.514303169604651, -76.69723862787974 1.514303169604651))"
2,"POLYGON ((-76.76572665018988 1.788255258906977, -76.76572665018988 1.760860049976744, -76.7794242546519 1.760860049976744, -76.7794242546519 1.747162445511628, -76.79312185911392 1.747162445511628, -76.79312185911392 1.719767236581395, -76.80681946357595 1.719767236581395, -76.80681946357595 1.733464841046512, -76.82051706803797 1.733464841046512, -76.82051706803797 1.719767236581395, -76.8342146725 1.719767236581395, -76.8342146725 1.706069632116279, -76.87530748588607 1.706069632116279, -76.87530748588607 1.692372027651163, -76.86160988142404 1.692372027651163, -76.86160988142404 1.678674423186047, -76.88900509034809 1.678674423186047, -76.88900509034809 1.651279214255814, -76.87530748588607 1.651279214255814, -76.87530748588607 1.637581609790698, -76.84791227696202 1.637581609790698, -76.84791227696202 1.623884005325581, -76.8342146725 1.623884005325581, -76.8342146725 1.582791191930233, -76.84791227696202 1.582791191930233, -76.84791227696202 1.569093587465116, -76.86160988142404 1.569093587465116, -76.86160988142404 1.541698378534884, -76.84791227696202 1.541698378534884, -76.84791227696202 1.528000774069768, -76.86160988142404 1.528000774069768, -76.86160988142404 1.500605565139535, -76.82051706803797 1.500605565139535, -76.82051706803797 1.486907960674419, -76.80681946357595 1.486907960674419, -76.80681946357595 1.500605565139535, -76.76572665018988 1.500605565139535, -76.76572665018988 1.528000774069768, -76.79312185911392 1.528000774069768, -76.79312185911392 1.555395983, -76.82051706803797 1.555395983, -76.82051706803797 1.569093587465116, -76.76572665018988 1.569093587465116, -76.76572665018988 1.582791191930233, -76.7794242546519 1.582791191930233, -76.7794242546519 1.610186400860465, -76.76572665018988 1.610186400860465, -76.76572665018988 1.623884005325581, -76.7794242546519 1.623884005325581, -76.7794242546519 1.637581609790698, -76.79312185911392 1.637581609790698, -76.79312185911392 1.66497681872093, -76.76572665018988 1.66497681872093, -76.76572665018988 1.651279214255814, -76.75202904572784 1.651279214255814, -76.75202904572784 1.66497681872093, -76.73833144126581 1.66497681872093, -76.73833144126581 1.651279214255814, -76.72463383680379 1.651279214255814, -76.72463383680379 1.637581609790698, -76.71093623234177 1.637581609790698, -76.71093623234177 1.623884005325581, -76.73833144126581 1.623884005325581, -76.73833144126581 1.610186400860465, -76.71093623234177 1.610186400860465, -76.71093623234177 1.596488796395349, -76.72463383680379 1.596488796395349, -76.72463383680379 1.569093587465116, -76.71093623234177 1.569093587465116, -76.71093623234177 1.582791191930233, -76.69723862787974 1.582791191930233, -76.69723862787974 1.569093587465116, -76.68354102341772 1.569093587465116, -76.68354102341772 1.582791191930233, -76.6698434189557 1.582791191930233, -76.6698434189557 1.596488796395349, -76.69723862787974 1.596488796395349, -76.69723862787974 1.637581609790698, -76.6698434189557 1.637581609790698, -76.6698434189557 1.651279214255814, -76.62875060556962 1.651279214255814, -76.62875060556962 1.66497681872093, -76.68354102341772 1.66497681872093, -76.68354102341772 1.651279214255814, -76.69723862787974 1.651279214255814, -76.69723862787974 1.678674423186047, -76.68354102341772 1.678674423186047, -76.68354102341772 1.692372027651163, -76.69723862787974 1.692372027651163, -76.69723862787974 1.706069632116279, -76.6698434189557 1.706069632116279, -76.6698434189557 1.733464841046512, -76.69723862787974 1.733464841046512, -76.69723862787974 1.719767236581395, -76.72463383680379 1.719767236581395, -76.72463383680379 1.706069632116279, -76.73833144126581 1.706069632116279, -76.73833144126581 1.719767236581395, -76.75202904572784 1.719767236581395, -76.75202904572784 1.760860049976744, -76.73833144126581 1.760860049976744, -76.73833144126581 1.774557654441861, -76.75202904572784 1.774557654441861, -76.75202904572784 1.788255258906977, -76.76572665018988 1.788255258906977))"
5,"POLYGON ((-76.46437935202532 1.528000774069768, -76.46437935202532 1.486907960674419, -76.4506817475633 1.486907960674419, -76.4506817475633 1.528000774069768, -76.46437935202532 1.528000774069768))"
5,"POLYGON ((-76.39589132971518 1.514303169604651, -76.39589132971518 1.500605565139535, -76.38219372525316 1.500605565139535, -76.38219372525316 1.486907960674419, -76.36849612079114 1.486907960674419, -76.36849612079114 1.514303169604651, -76.39589132971518 1.514303169604651))"
2,"POLYGON ((-76.76572665018988 1.500605565139535, -76.76572665018988 1.486907960674419, -76.75202904572784 1.486907960674419, -76.75202904572784 1.500605565139535, -76.76572665018988 1.500605565139535))"
4,"POLYGON ((-76.69723862787974 1.500605565139535, -76.69723862787974 1.486907960674419, -76.68354102341772 1.486907960674419, -76.68354102341772 1.500605565139535, -76.69723862787974 1.500605565139535))"
6,"POLYGON ((-76.39589132971518 1.500605565139535, -76.39589132971518 1.486907960674419, -76.38219372525316 1.486907960674419, -76.38219372525316 1.500605565139535, -76.39589132971518 1.500605565139535))"
5,"POLYGON ((-76.69723862787974 1.528000774069768, -76.69723862787974 1.514303169604651, -76.68354102341772 1.514303169604651, -76.68354102341772 1.473210356209302, -76.65614581449367 1.473210356209302, -76.65614581449367 1.486907960674419, -76.6698434189557 1.486907960674419, -76.6698434189557 1.500605565139535, -76.65614581449367 1.500605565139535, -76.65614581449367 1.514303169604651, -76.6698434189557 1.514303169604651, -76.6698434189557 1.528000774069768, -76.69723862787974 1.528000774069768))"
5,"POLYGON ((-76.40958893417721 1.500605565139535, -76.40958893417721 1.473210356209302, -76.39589132971518 1.473210356209302, -76.39589132971518 1.500605565139535, -76.40958893417721 1.500605565139535))"
5,"POLYGON ((-76.54656497879746 1.528000774069768, -76.54656497879746 1.514303169604651, -76.57396018772151 1.514303169604651, -76.57396018772151 1.486907960674419, -76.60135539664557 1.486907960674419, -76.60135539664557 1.473210356209302, -76.56026258325949 1.473210356209302, -76.56026258325949 1.486907960674419, -76.54656497879746 1.486907960674419, -76.54656497879746 1.500605565139535, -76.53286737433544 1.500605565139535, -76.53286737433544 1.528000774069768, -76.54656497879746 1.528000774069768))"
5,"POLYGON ((-76.47807695648734 1.486907960674419, -76.47807695648734 1.473210356209302, -76.46437935202532 1.473210356209302, -76.46437935202532 1.486907960674419, -76.47807695648734 1.486907960674419))"
3,"POLYGON ((-76.21782247170886 1.623884005325581, -76.21782247170886 1.610186400860465, -76.2452176806329 1.610186400860465, -76.2452176806329 1.596488796395349, -76.23152007617088 1.596488796395349, -76.23152007617088 1.582791191930233, -76.25891528509493 1.582791191930233, -76.25891528509493 1.541698378534884, -76.28631049401898 1.541698378534884, -76.28631049401898 1.528000774069768, -76.30000809848102 1.528000774069768, -76.30000809848102 1.514303169604651, -76.31370570294304 1.514303169604651, -76.31370570294304 1.500605565139535, -76.32740330740506 1.500605565139535, -76.32740330740506 1.486907960674419, -76.34110091186709 1.486907960674419, -76.34110091186709 1.473210356209302, -76.30000809848102 1.473210356209302, -76.30000809848102 1.486907960674419, -76.27261288955695 1.486907960674419, -76.27261288955695 1.500605565139535, -76.2452176806329 1.500605565139535, -76.2452176806329 1.514303169604651, -76.21782247170886 1.514303169604651, -76.21782247170886 1.500605565139535, -76.20412486724683 1.500605565139535, -76.20412486724683 1.514303169604651, -76.17672965832278 1.514303169604651, -76.17672965832278 1.528000774069768, -76.16303205386076 1.528000774069768, -76.16303205386076 1.555395983, -76.14933444939874 1.555395983, -76.14933444939874 1.569093587465116, -76.16303205386076 1.569093587465116, -76.16303205386076 1.582791191930233, -76.17672965832278 1.582791191930233, -76.17672965832278 1.569093587465116, -76.20412486724683 1.569093587465116, -76.20412486724683 1.623884005325581, -76.21782247170886 1.623884005325581))"
5,"POLYGON ((-76.72463383680379 1.473210356209302, -76.72463383680379 1.459512751744186, -76.69723862787974 1.459512751744186, -76.69723862787974 1.473210356209302, -76.72463383680379 1.473210356209302))"
6,"POLYGON ((-76.6698434189557 1.473210356209302, -76.6698434189557 1.459512751744186, -76.65614581449367 1.459512751744186, -76.65614581449367 1.473210356209302, -76.6698434189557 1.473210356209302))"
4,"POLYGON ((-76.65614581449367 1.473210356209302, -76.65614581449367 1.459512751744186, -76.64244821003165 1.459512751744186, -76.64244821003165 1.473210356209302, -76.65614581449367 1.473210356209302))"
5,"POLYGON ((-76.6150530011076 1.473210356209302, -76.6150530011076 1.459512751744186, -76.60135539664557 1.459512751744186, -76.60135539664557 1.473210356209302, -76.6150530011076 1.473210356209302))"
5,"POLYGON ((-76.49177456094937 1.473210356209302, -76.49177456094937 1.459512751744186, -76.47807695648734 1.459512751744186, -76.47807695648734 1.473210356209302, -76.49177456094937 1.473210356209302))"
6,"POLYGON ((-76.46437935202532 1.486907960674419, -76.46437935202532 1.473210356209302, -76.47807695648734 1.473210356209302, -76.47807695648734 1.459512751744186, -76.4506817475633 1.459512751744186, -76.4506817475633 1.486907960674419, -76.46437935202532 1.486907960674419))"
5,"POLYGON ((-76.73833144126581 1.459512751744186, -76.73833144126581 1.44581514727907, -76.72463383680379 1.44581514727907, -76.72463383680379 1.459512751744186, -76.73833144126581 1.459512751744186))"
4,"POLYGON ((-76.69723862787974 1.473210356209302, -76.69723862787974 1.459512751744186, -76.72463383680379 1.459512751744186, -76.72463383680379 1.44581514727907, -76.68354102341772 1.44581514727907, -76.68354102341772 1.459512751744186, -76.6698434189557 1.459512751744186, -76.6698434189557 1.473210356209302, -76.69723862787974 1.473210356209302))"
5,"POLYGON ((-76.64244821003165 1.459512751744186, -76.64244821003165 1.44581514727907, -76.62875060556962 1.44581514727907, -76.62875060556962 1.459512751744186, -76.64244821003165 1.459512751744186))"
5,"POLYGON ((-76.58765779218353 1.459512751744186, -76.58765779218353 1.44581514727907, -76.57396018772151 1.44581514727907, -76.57396018772151 1.459512751744186, -76.58765779218353 1.459512751744186))"
5,"POLYGON ((-76.53286737433544 1.459512751744186, -76.53286737433544 1.44581514727907, -76.51916976987341 1.44581514727907, -76.51916976987341 1.459512751744186, -76.53286737433544 1.459512751744186))"
4,"POLYGON ((-76.73833144126581 1.44581514727907, -76.73833144126581 1.432117542813954, -76.72463383680379 1.432117542813954, -76.72463383680379 1.44581514727907, -76.73833144126581 1.44581514727907))"
5,"POLYGON ((-76.62875060556962 1.44581514727907, -76.62875060556962 1.432117542813954, -76.60135539664557 1.432117542813954, -76.60135539664557 1.44581514727907, -76.62875060556962 1.44581514727907))"
5,"POLYGON ((-76.56026258325949 1.44581514727907, -76.56026258325949 1.432117542813954, -76.53286737433544 1.432117542813954, -76.53286737433544 1.44581514727907, -76.56026258325949 1.44581514727907))"
5,"POLYGON ((-76.4506817475633 1.486907960674419, -76.4506817475633 1.459512751744186, -76.47807695648734 1.459512751744186, -76.47807695648734 1.44581514727907, -76.49177456094937 1.44581514727907, -76.49177456094937 1.432117542813954, -76.40958893417721 1.432117542813954, -76.40958893417721 1.44581514727907, -76.39589132971518 1.44581514727907, -76.39589132971518 1.459512751744186, -76.40958893417721 1.459512751744186, -76.40958893417721 1.473210356209302, -76.42328653863923 1.473210356209302, -76.42328653863923 1.486907960674419, -76.4506817475633 1.486907960674419))"
4,"POLYGON ((-76.73833144126581 1.486907960674419, -76.73833144126581 1.473210356209302, -76.79312185911392 1.473210356209302, -76.79312185911392 1.459512751744186, -76.7794242546519 1.459512751744186, -76.7794242546519 1.44581514727907, -76.79312185911392 1.44581514727907, -76.79312185911392 1.432117542813954, -76.82051706803797 1.432117542813954, -76.82051706803797 1.418419938348837, -76.76572665018988 1.418419938348837, -76.76572665018988 1.432117542813954, -76.75202904572784 1.432117542813954, -76.75202904572784 1.44581514727907, -76.73833144126581 1.44581514727907, -76.73833144126581 1.459512751744186, -76.72463383680379 1.459512751744186, -76.72463383680379 1.473210356209302, -76.71093623234177 1.473210356209302, -76.71093623234177 1.486907960674419, -76.73833144126581 1.486907960674419))"
3,"POLYGON ((-76.75202904572784 1.44581514727907, -76.75202904572784 1.432117542813954, -76.76572665018988 1.432117542813954, -76.76572665018988 1.418419938348837, -76.73833144126581 1.418419938348837, -76.73833144126581 1.44581514727907, -76.75202904572784 1.44581514727907))"
4,"POLYGON ((-76.62875060556962 1.432117542813954, -76.62875060556962 1.418419938348837, -76.60135539664557 1.418419938348837, -76.60135539664557 1.432117542813954, -76.62875060556962 1.432117542813954))"
5,"POLYGON ((-76.60135539664557 1.432117542813954, -76.60135539664557 1.418419938348837, -76.58765779218353 1.418419938348837, -76.58765779218353 1.432117542813954, -76.60135539664557 1.432117542813954))"
6,"POLYGON ((-76.35479851632911 1.432117542813954, -76.35479851632911 1.418419938348837, -76.34110091186709 1.418419938348837, -76.34110091186709 1.432117542813954, -76.35479851632911 1.432117542813954))"
5,"POLYGON ((-76.50547216541139 1.432117542813954, -76.50547216541139 1.404722333883721, -76.49177456094937 1.404722333883721, -76.49177456094937 1.432117542813954, -76.50547216541139 1.432117542813954))"
4,"POLYGON ((-76.84791227696202 1.418419938348837, -76.84791227696202 1.404722333883721, -76.82051706803797 1.404722333883721, -76.82051706803797 1.418419938348837, -76.84791227696202 1.418419938348837))"
3,"POLYGON ((-76.82051706803797 1.418419938348837, -76.82051706803797 1.404722333883721, -76.79312185911392 1.404722333883721, -76.79312185911392 1.418419938348837, -76.82051706803797 1.418419938348837))"
6,"POLYGON ((-76.49177456094937 1.418419938348837, -76.49177456094937 1.404722333883721, -76.47807695648734 1.404722333883721, -76.47807695648734 1.418419938348837, -76.49177456094937 1.418419938348837))"
6,"POLYGON ((-76.36849612079114 1.418419938348837, -76.36849612079114 1.391024729418605, -76.35479851632911 1.391024729418605, -76.35479851632911 1.418419938348837, -76.36849612079114 1.418419938348837))"
5,"POLYGON ((-76.35479851632911 1.44581514727907, -76.35479851632911 1.432117542813954, -76.34110091186709 1.432117542813954, -76.34110091186709 1.418419938348837, -76.35479851632911 1.418419938348837, -76.35479851632911 1.391024729418605, -76.34110091186709 1.391024729418605, -76.34110091186709 1.404722333883721, -76.32740330740506 1.404722333883721, -76.32740330740506 1.432117542813954, -76.31370570294304 1.432117542813954, -76.31370570294304 1.44581514727907, -76.35479851632911 1.44581514727907))"
6,"POLYGON ((-76.39589132971518 1.404722333883721, -76.39589132971518 1.391024729418605, -76.38219372525316 1.391024729418605, -76.38219372525316 1.404722333883721, -76.39589132971518 1.404722333883721))"
5,"POLYGON ((-76.38219372525316 1.404722333883721, -76.38219372525316 1.391024729418605, -76.36849612079114 1.391024729418605, -76.36849612079114 1.404722333883721, -76.38219372525316 1.404722333883721))"
3,"POLYGON ((-76.14933444939874 3.226503727744186, -76.14933444939874 3.21280612327907, -76.1356368449367 3.21280612327907, -76.1356368449367 3.171713309883721, -76.16303205386076 3.171713309883721, -76.16303205386076 3.158015705418605, -76.14933444939874 3.158015705418605, -76.14933444939874 3.144318100953488, -76.17672965832278 3.144318100953488, -76.17672965832278 3.10322528755814, -76.19042726278481 3.10322528755814, -76.19042726278481 3.089527683093023, -76.20412486724683 3.089527683093023, -76.20412486724683 3.075830078627907, -76.19042726278481 3.075830078627907, -76.19042726278481 3.062132474162791, -76.20412486724683 3.062132474162791, -76.20412486724683 3.034737265232558, -76.16303205386076 3.034737265232558, -76.16303205386076 3.021039660767442, -76.21782247170886 3.021039660767442, -76.21782247170886 3.007342056302326, -76.23152007617088 3.007342056302326, -76.23152007617088 2.99364445183721, -76.21782247170886 2.99364445183721, -76.21782247170886 2.979946847372093, -76.23152007617088 2.979946847372093, -76.23152007617088 2.966249242906977, -76.21782247170886 2.966249242906977, -76.21782247170886 2.95255163844186, -76.25891528509493 2.95255163844186, -76.25891528509493 2.925156429511628, -76.27261288955695 2.925156429511628, -76.27261288955695 2.897761220581395, -76.28631049401898 2.897761220581395, -76.28631049401898 2.925156429511628, -76.30000809848102 2.925156429511628, -76.30000809848102 2.870366011651163, -76.28631049401898 2.870366011651163, -76.28631049401898 2.856668407186047, -76.30000809848102 2.856668407186047, -76.30000809848102 2.801877989325582, -76.32740330740506 2.801877989325582, -76.32740330740506 2.884063616116279, -76.34110091186709 2.884063616116279, -76.34110091186709 2.938854033976744, -76.35479851632911 2.938854033976744, -76.35479851632911 2.911458825046512, -76.36849612079114 2.911458825046512, -76.36849612079114 2.856668407186047, -76.38219372525316 2.856668407186047, -76.38219372525316 2.829273198255814, -76.39589132971518 2.829273198255814, -76.39589132971518 2.815575593790698, -76.40958893417721 2.815575593790698, -76.40958893417721 2.788180384860465, -76.39589132971518 2.788180384860465, -76.39589132971518 2.760785175930232, -76.40958893417721 2.760785175930232, -76.40958893417721 2.733389967, -76.42328653863923 2.733389967, -76.42328653863923 2.719692362534884, -76.4506817475633 2.719692362534884, -76.4506817475633 2.705994758069767, -76.43698414310126 2.705994758069767, -76.43698414310126 2.692297153604651, -76.46437935202532 2.692297153604651, -76.46437935202532 2.705994758069767, -76.47807695648734 2.705994758069767, -76.47807695648734 2.651204340209302, -76.46437935202532 2.651204340209302, -76.46437935202532 2.637506735744186, -76.47807695648734 2.637506735744186, -76.47807695648734 2.62380913127907, -76.46437935202532 2.62380913127907, -76.46437935202532 2.555321108953489, -76.4506817475633 2.555321108953489, -76.4506817475633 2.541623504488372, -76.46437935202532 2.541623504488372, -76.46437935202532 2.500530691093023, -76.49177456094937 2.500530691093023, -76.49177456094937 2.445740273232558, -76.51916976987341 2.445740273232558, -76.51916976987341 2.432042668767442, -76.47807695648734 2.432042668767442, -76.47807695648734 2.418345064302326, -76.54656497879746 2.418345064302326, -76.54656497879746 2.404647459837209, -76.57396018772151 2.404647459837209, -76.57396018772151 2.390949855372093, -76.58765779218353 2.390949855372093, -76.58765779218353 2.363554646441861, -76.60135539664557 2.363554646441861, -76.60135539664557 2.349857041976744, -76.58765779218353 2.349857041976744, -76.58765779218353 2.336159437511628, -76.64244821003165 2.336159437511628, -76.64244821003165 2.322461833046512, -76.62875060556962 2.322461833046512, -76.62875060556962 2.295066624116279, -76.65614581449367 2.295066624116279, -76.65614581449367 2.281369019651163, -76.64244821003165 2.281369019651163, -76.64244821003165 2.267671415186046, -76.62875060556962 2.267671415186046, -76.62875060556962 2.226578601790698, -76.64244821003165 2.226578601790698, -76.64244821003165 2.253973810720931, -76.6698434189557 2.253973810720931, -76.6698434189557 2.240276206255814, -76.68354102341772 2.240276206255814, -76.68354102341772 2.226578601790698, -76.71093623234177 2.226578601790698, -76.71093623234177 2.212880997325581, -76.68354102341772 2.212880997325581, -76.68354102341772 2.199183392860465, -76.6698434189557 2.199183392860465, -76.6698434189557 2.185485788395349, -76.68354102341772 2.185485788395349, -76.68354102341772 2.144392975, -76.71093623234177 2.144392975, -76.71093623234177 2.130695370534884, -76.72463383680379 2.130695370534884, -76.72463383680379 2.116997766069768, -76.73833144126581 2.116997766069768, -76.73833144126581 2.089602557139535, -76.76572665018988 2.089602557139535, -76.76572665018988 2.103300161604651, -76.7794242546519 2.103300161604651, -76.7794242546519 2.089602557139535, -76.79312185911392 2.089602557139535, -76.79312185911392 2.062207348209302, -76.7794242546519 2.062207348209302, -76.7794242546519 2.048509743744186, -76.84791227696202 2.048509743744186, -76.84791227696202 2.021114534813954, -76.87530748588607 2.021114534813954, -76.87530748588607 2.007416930348837, -76.88900509034809 2.007416930348837, -76.88900509034809 1.993719325883721, -76.87530748588607 1.993719325883721, -76.87530748588607 1.966324116953488, -76.8342146725 1.966324116953488, -76.8342146725 1.92523130355814, -76.82051706803797 1.92523130355814, -76.82051706803797 1.884138490162791, -76.79312185911392 1.884138490162791, -76.79312185911392 1.870440885697675, -76.7794242546519 1.870440885697675, -76.7794242546519 1.884138490162791, -76.76572665018988 1.884138490162791, -76.76572665018988 1.856743281232558, -76.75202904572784 1.856743281232558, -76.75202904572784 1.829348072302326, -76.76572665018988 1.829348072302326, -76.76572665018988 1.843045676767442, -76.79312185911392 1.843045676767442, -76.79312185911392 1.829348072302326, -76.7794242546519 1.829348072302326, -76.7794242546519 1.815650467837209, -76.79312185911392 1.815650467837209, -76.79312185911392 1.801952863372093, -76.82051706803797 1.801952863372093, -76.82051706803797 1.774557654441861, -76.8342146725 1.774557654441861, -76.8342146725 1.747162445511628, -76.84791227696202 1.747162445511628, -76.84791227696202 1.801952863372093, -76.86160988142404 1.801952863372093, -76.86160988142404 1.815650467837209, -76.88900509034809 1.815650467837209, -76.88900509034809 1.801952863372093, -76.87530748588607 1.801952863372093, -76.87530748588607 1.760860049976744, -76.90270269481012 1.760860049976744, -76.90270269481012 1.801952863372093, -76.91640029927215 1.801952863372093, -76.91640029927215 1.760860049976744, -76.93009790373418 1.760860049976744, -76.93009790373418 1.774557654441861, -76.9437955081962 1.774557654441861, -76.9437955081962 1.760860049976744, -76.97119071712025 1.760860049976744, -76.97119071712025 1.733464841046512, -76.9985859260443 1.733464841046512, -76.9985859260443 1.719767236581395, -76.9437955081962 1.719767236581395, -76.9437955081962 1.733464841046512, -76.93009790373418 1.733464841046512, -76.93009790373418 1.706069632116279, -76.91640029927215 1.706069632116279, -76.91640029927215 1.678674423186047, -76.90270269481012 1.678674423186047, -76.90270269481012 1.66497681872093, -76.88900509034809 1.66497681872093, -76.88900509034809 1.678674423186047, -76.86160988142404 1.678674423186047, -76.86160988142404 1.692372027651163, -76.87530748588607 1.692372027651163, -76.87530748588607 1.706069632116279, -76.8342146725 1.706069632116279, -76.8342146725 1.719767236581395, -76.82051706803797 1.719767236581395, -76.82051706803797 1.733464841046512, -76.80681946357595 1.733464841046512, -76.80681946357595 1.719767236581395, -76.79312185911392 1.719767236581395, -76.79312185911392 1.747162445511628, -76.7794242546519 1.747162445511628, -76.7794242546519 1.760860049976744, -76.76572665018988 1.760860049976744, -76.76572665018988 1.788255258906977, -76.75202904572784 1.788255258906977, -76.75202904572784 1.774557654441861, -76.73833144126581 1.774557654441861, -76.73833144126581 1.760860049976744, -76.75202904572784 1.760860049976744, -76.75202904572784 1.719767236581395, -76.73833144126581 1.719767236581395, -76.73833144126581 1.706069632116279, -76.72463383680379 1.706069632116279, -76.72463383680379 1.719767236581395, -76.69723862787974 1.719767236581395, -76.69723862787974 1.733464841046512, -76.6698434189557 1.733464841046512, -76.6698434189557 1.706069632116279, -76.69723862787974 1.706069632116279, -76.69723862787974 1.692372027651163, -76.68354102341772 1.692372027651163, -76.68354102341772 1.678674423186047, -76.69723862787974 1.678674423186047, -76.69723862787974 1.651279214255814, -76.68354102341772 1.651279214255814, -76.68354102341772 1.66497681872093, -76.62875060556962 1.66497681872093, -76.62875060556962 1.651279214255814, -76.6698434189557 1.651279214255814, -76.6698434189557 1.637581609790698, -76.69723862787974 1.637581609790698, -76.69723862787974 1.596488796395349, -76.6698434189557 1.596488796395349, -76.6698434189557 1.582791191930233, -76.68354102341772 1.582791191930233, -76.68354102341772 1.569093587465116, -76.69723862787974 1.569093587465116, -76.69723862787974 1.582791191930233, -76.71093623234177 1.582791191930233, -76.71093623234177 1.569093587465116, -76.72463383680379 1.569093587465116, -76.72463383680379 1.596488796395349, -76.71093623234177 1.596488796395349, -76.71093623234177 1.610186400860465, -76.73833144126581 1.610186400860465, -76.73833144126581 1.623884005325581, -76.71093623234177 1.623884005325581, -76.71093623234177 1.637581609790698, -76.72463383680379 1.637581609790698, -76.72463383680379 1.651279214255814, -76.73833144126581 1.651279214255814, -76.73833144126581 1.637581609790698, -76.75202904572784 1.637581609790698, -76.75202904572784 1.651279214255814, -76.76572665018988 1.651279214255814, -76.76572665018988 1.66497681872093, -76.79312185911392 1.66497681872093, -76.79312185911392 1.637581609790698, -76.7794242546519 1.637581609790698, -76.7794242546519 1.623884005325581, -76.76572665018988 1.623884005325581, -76.76572665018988 1.610186400860465, -76.7794242546519 1.610186400860465, -76.7794242546519 1.582791191930233, -76.76572665018988 1.582791191930233, -76.76572665018988 1.569093587465116, -76.82051706803797 1.569093587465116, -76.82051706803797 1.555395983, -76.79312185911392 1.555395983, -76.79312185911392 1.528000774069768, -76.76572665018988 1.528000774069768, -76.76572665018988 1.500605565139535, -76.80681946357595 1.500605565139535, -76.80681946357595 1.486907960674419, -76.82051706803797 1.486907960674419, -76.82051706803797 1.500605565139535, -76.86160988142404 1.500605565139535, -76.86160988142404 1.514303169604651, -76.87530748588607 1.514303169604651, -76.87530748588607 1.486907960674419, -76.86160988142404 1.486907960674419, -76.86160988142404 1.473210356209302, -76.8342146725 1.473210356209302, -76.8342146725 1.459512751744186, -76.82051706803797 1.459512751744186, -76.82051706803797 1.44581514727907, -76.86160988142404 1.44581514727907, -76.86160988142404 1.418419938348837, -76.87530748588607 1.418419938348837, -76.87530748588607 1.404722333883721, -76.88900509034809 1.404722333883721, -76.88900509034809 1.391024729418605, -76.87530748588607 1.391024729418605, -76.87530748588607 1.377327124953488, -76.86160988142404 1.377327124953488, -76.86160988142404 1.391024729418605, -76.82051706803797 1.391024729418605, -76.82051706803797 1.404722333883721, -76.84791227696202 1.404722333883721, -76.84791227696202 1.418419938348837, -76.82051706803797 1.418419938348837, -76.82051706803797 1.432117542813954, -76.79312185911392 1.432117542813954, -76.79312185911392 1.44581514727907, -76.7794242546519 1.44581514727907, -76.7794242546519 1.459512751744186, -76.79312185911392 1.459512751744186, -76.79312185911392 1.473210356209302, -76.73833144126581 1.473210356209302, -76.73833144126581 1.486907960674419, -76.71093623234177 1.486907960674419, -76.71093623234177 1.473210356209302, -76.68354102341772 1.473210356209302, -76.68354102341772 1.486907960674419, -76.69723862787974 1.486907960674419, -76.69723862787974 1.500605565139535, -76.71093623234177 1.500605565139535, -76.71093623234177 1.514303169604651, -76.72463383680379 1.514303169604651, -76.72463383680379 1.528000774069768, -76.75202904572784 1.528000774069768, -76.75202904572784 1.555395983, -76.69723862787974 1.555395983, -76.69723862787974 1.541698378534884, -76.6698434189557 1.541698378534884, -76.6698434189557 1.528000774069768, -76.64244821003165 1.528000774069768, -76.64244821003165 1.555395983, -76.62875060556962 1.555395983, -76.62875060556962 1.582791191930233, -76.6150530011076 1.582791191930233, -76.6150530011076 1.596488796395349, -76.65614581449367 1.596488796395349, -76.65614581449367 1.623884005325581, -76.62875060556962 1.623884005325581, -76.62875060556962 1.610186400860465, -76.6150530011076 1.610186400860465, -76.6150530011076 1.637581609790698, -76.60135539664557 1.637581609790698, -76.60135539664557 1.610186400860465, -76.57396018772151 1.610186400860465, -76.57396018772151 1.596488796395349, -76.58765779218353 1.596488796395349, -76.58765779218353 1.582791191930233, -76.54656497879746 1.582791191930233, -76.54656497879746 1.596488796395349, -76.53286737433544 1.596488796395349, -76.53286737433544 1.651279214255814, -76.56026258325949 1.651279214255814, -76.56026258325949 1.637581609790698, -76.57396018772151 1.637581609790698, -76.57396018772151 1.66497681872093, -76.56026258325949 1.66497681872093, -76.56026258325949 1.678674423186047, -76.57396018772151 1.678674423186047, -76.57396018772151 1.733464841046512, -76.58765779218353 1.733464841046512, -76.58765779218353 1.719767236581395, -76.60135539664557 1.719767236581395, -76.60135539664557 1.706069632116279, -76.6150530011076 1.706069632116279, -76.6150530011076 1.733464841046512, -76.60135539664557 1.733464841046512, -76.60135539664557 1.747162445511628, -76.58765779218353 1.747162445511628, -76.58765779218353 1.774557654441861, -76.57396018772151 1.774557654441861, -76.57396018772151 1.760860049976744, -76.56026258325949 1.760860049976744, -76.56026258325949 1.788255258906977, -76.54656497879746 1.788255258906977, -76.54656497879746 1.733464841046512, -76.53286737433544 1.733464841046512, -76.53286737433544 1.719767236581395, -76.54656497879746 1.719767236581395, -76.54656497879746 1.706069632116279, -76.51916976987341 1.706069632116279, -76.51916976987341 1.66497681872093, -76.50547216541139 1.66497681872093, -76.50547216541139 1.651279214255814, -76.49177456094937 1.651279214255814, -76.49177456094937 1.637581609790698, -76.50547216541139 1.637581609790698, -76.50547216541139 1.610186400860465, -76.47807695648734 1.610186400860465, -76.47807695648734 1.623884005325581, -76.4506817475633 1.623884005325581, -76.4506817475633 1.637581609790698, -76.43698414310126 1.637581609790698, -76.43698414310126 1.66497681872093, -76.40958893417721 1.66497681872093, -76.40958893417721 1.637581609790698, -76.42328653863923 1.637581609790698, -76.42328653863923 1.623884005325581, -76.43698414310126 1.623884005325581, -76.43698414310126 1.610186400860465, -76.4506817475633 1.610186400860465, -76.4506817475633 1.582791191930233, -76.46437935202532 1.582791191930233, -76.46437935202532 1.569093587465116, -76.43698414310126 1.569093587465116, -76.43698414310126 1.582791191930233, -76.40958893417721 1.582791191930233, -76.40958893417721 1.596488796395349, -76.39589132971518 1.596488796395349, -76.39589132971518 1.610186400860465, -76.38219372525316 1.610186400860465, -76.38219372525316 1.569093587465116, -76.36849612079114 1.569093587465116, -76.36849612079114 1.555395983, -76.35479851632911 1.555395983, -76.35479851632911 1.569093587465116, -76.32740330740506 1.569093587465116, -76.32740330740506 1.610186400860465, -76.31370570294304 1.610186400860465, -76.31370570294304 1.623884005325581, -76.30000809848102 1.623884005325581, -76.30000809848102 1.610186400860465, -76.28631049401898 1.610186400860465, -76.28631049401898 1.651279214255814, -76.27261288955695 1.651279214255814, -76.27261288955695 1.66497681872093, -76.25891528509493 1.66497681872093, -76.25891528509493 1.651279214255814, -76.2452176806329 1.651279214255814, -76.2452176806329 1.637581609790698, -76.25891528509493 1.637581609790698, -76.25891528509493 1.610186400860465, -76.2452176806329 1.610186400860465, -76.2452176806329 1.623884005325581, -76.21782247170886 1.623884005325581, -76.21782247170886 1.651279214255814, -76.23152007617088 1.651279214255814, -76.23152007617088 1.678674423186047, -76.28631049401898 1.678674423186047, -76.28631049401898 1.692372027651163, -76.31370570294304 1.692372027651163, -76.31370570294304 1.678674423186047, -76.32740330740506 1.678674423186047, -76.32740330740506 1.66497681872093, -76.38219372525316 1.66497681872093, -76.38219372525316 1.706069632116279, -76.36849612079114 1.706069632116279, -76.36849612079114 1.747162445511628, -76.39589132971518 1.747162445511628, -76.39589132971518 1.733464841046512, -76.40958893417721 1.733464841046512, -76.40958893417721 1.719767236581395, -76.42328653863923 1.719767236581395, -76.42328653863923 1.733464841046512, -76.43698414310126 1.733464841046512, -76.43698414310126 1.747162445511628, -76.42328653863923 1.747162445511628, -76.42328653863923 1.788255258906977, -76.43698414310126 1.788255258906977, -76.43698414310126 1.801952863372093, -76.46437935202532 1.801952863372093, -76.46437935202532 1.815650467837209, -76.47807695648734 1.815650467837209, -76.47807695648734 1.829348072302326, -76.49177456094937 1.829348072302326, -76.49177456094937 1.801952863372093, -76.50547216541139 1.801952863372093, -76.50547216541139 1.788255258906977, -76.53286737433544 1.788255258906977, -76.53286737433544 1.815650467837209, -76.56026258325949 1.815650467837209, -76.56026258325949 1.829348072302326, -76.60135539664557 1.829348072302326, -76.60135539664557 1.815650467837209, -76.6150530011076 1.815650467837209, -76.6150530011076 1.801952863372093, -76.62875060556962 1.801952863372093, -76.62875060556962 1.774557654441861, -76.64244821003165 1.774557654441861, -76.64244821003165 1.788255258906977, -76.65614581449367 1.788255258906977, -76.65614581449367 1.801952863372093, -76.68354102341772 1.801952863372093, -76.68354102341772 1.815650467837209, -76.69723862787974 1.815650467837209, -76.69723862787974 1.829348072302326, -76.71093623234177 1.829348072302326, -76.71093623234177 1.788255258906977, -76.72463383680379 1.788255258906977, -76.72463383680379 1.815650467837209, -76.73833144126581 1.815650467837209, -76.73833144126581 1.843045676767442, -76.72463383680379 1.843045676767442, -76.72463383680379 1.897836094627907, -76.71093623234177 1.897836094627907, -76.71093623234177 1.92523130355814, -76.75202904572784 1.92523130355814, -76.75202904572784 1.952626512488372, -76.79312185911392 1.952626512488372, -76.79312185911392 1.966324116953488, -76.7794242546519 1.966324116953488, -76.7794242546519 1.980021721418605, -76.73833144126581 1.980021721418605, -76.73833144126581 2.048509743744186, -76.72463383680379 2.048509743744186, -76.72463383680379 2.062207348209302, -76.71093623234177 2.062207348209302, -76.71093623234177 2.048509743744186, -76.69723862787974 2.048509743744186, -76.69723862787974 2.075904952674419, -76.71093623234177 2.075904952674419, -76.71093623234177 2.103300161604651, -76.69723862787974 2.103300161604651, -76.69723862787974 2.116997766069768, -76.68354102341772 2.116997766069768, -76.68354102341772 2.103300161604651, -76.6698434189557 2.103300161604651, -76.6698434189557 2.03481213927907, -76.65614581449367 2.03481213927907, -76.65614581449367 2.048509743744186, -76.62875060556962 2.048509743744186, -76.62875060556962 2.062207348209302, -76.65614581449367 2.062207348209302, -76.65614581449367 2.075904952674419, -76.62875060556962 2.075904952674419, -76.62875060556962 2.089602557139535, -76.65614581449367 2.089602557139535, -76.65614581449367 2.103300161604651, -76.62875060556962 2.103300161604651, -76.62875060556962 2.116997766069768, -76.64244821003165 2.116997766069768, -76.64244821003165 2.130695370534884, -76.65614581449367 2.130695370534884, -76.65614581449367 2.158090579465116, -76.64244821003165 2.158090579465116, -76.64244821003165 2.185485788395349, -76.60135539664557 2.185485788395349, -76.60135539664557 2.171788183930233, -76.58765779218353 2.171788183930233, -76.58765779218353 2.253973810720931, -76.57396018772151 2.253973810720931, -76.57396018772151 2.295066624116279, -76.54656497879746 2.295066624116279, -76.54656497879746 2.308764228581396, -76.53286737433544 2.308764228581396, -76.53286737433544 2.322461833046512, -76.54656497879746 2.322461833046512, -76.54656497879746 2.336159437511628, -76.53286737433544 2.336159437511628, -76.53286737433544 2.349857041976744, -76.51916976987341 2.349857041976744, -76.51916976987341 2.363554646441861, -76.50547216541139 2.363554646441861, -76.50547216541139 2.336159437511628, -76.49177456094937 2.336159437511628, -76.49177456094937 2.322461833046512, -76.46437935202532 2.322461833046512, -76.46437935202532 2.349857041976744, -76.4506817475633 2.349857041976744, -76.4506817475633 2.377252250906977, -76.43698414310126 2.377252250906977, -76.43698414310126 2.390949855372093, -76.42328653863923 2.390949855372093, -76.42328653863923 2.404647459837209, -76.40958893417721 2.404647459837209, -76.40958893417721 2.459437877697674, -76.39589132971518 2.459437877697674, -76.39589132971518 2.486833086627907, -76.36849612079114 2.486833086627907, -76.36849612079114 2.500530691093023, -76.38219372525316 2.500530691093023, -76.38219372525316 2.51422829555814, -76.36849612079114 2.51422829555814, -76.36849612079114 2.541623504488372, -76.35479851632911 2.541623504488372, -76.35479851632911 2.555321108953489, -76.36849612079114 2.555321108953489, -76.36849612079114 2.582716317883721, -76.34110091186709 2.582716317883721, -76.34110091186709 2.610111526813954, -76.32740330740506 2.610111526813954, -76.32740330740506 2.651204340209302, -76.31370570294304 2.651204340209302, -76.31370570294304 2.678599549139535, -76.32740330740506 2.678599549139535, -76.32740330740506 2.692297153604651, -76.35479851632911 2.692297153604651, -76.35479851632911 2.705994758069767, -76.32740330740506 2.705994758069767, -76.32740330740506 2.733389967, -76.31370570294304 2.733389967, -76.31370570294304 2.705994758069767, -76.30000809848102 2.705994758069767, -76.30000809848102 2.719692362534884, -76.28631049401898 2.719692362534884, -76.28631049401898 2.733389967, -76.30000809848102 2.733389967, -76.30000809848102 2.774482780395349, -76.28631049401898 2.774482780395349, -76.28631049401898 2.815575593790698, -76.27261288955695 2.815575593790698, -76.27261288955695 2.829273198255814, -76.25891528509493 2.829273198255814, -76.25891528509493 2.870366011651163, -76.2452176806329 2.870366011651163, -76.2452176806329 2.925156429511628, -76.23152007617088 2.925156429511628, -76.23152007617088 2.911458825046512, -76.17672965832278 2.911458825046512, -76.17672965832278 2.925156429511628, -76.16303205386076 2.925156429511628, -76.16303205386076 2.938854033976744, -76.17672965832278 2.938854033976744, -76.17672965832278 2.95255163844186, -76.19042726278481 2.95255163844186, -76.19042726278481 2.979946847372093, -76.16303205386076 2.979946847372093, -76.16303205386076 2.99364445183721, -76.14933444939874 2.99364445183721, -76.14933444939874 2.979946847372093, -76.1356368449367 2.979946847372093, -76.1356368449367 3.021039660767442, -76.12193924047467 3.021039660767442, -76.12193924047467 3.048434869697675, -76.14933444939874 3.048434869697675, -76.14933444939874 3.116922892023256, -76.1356368449367 3.116922892023256, -76.1356368449367 3.130620496488372, -76.12193924047467 3.130620496488372, -76.12193924047467 3.158015705418605, -76.09454403155063 3.158015705418605, -76.09454403155063 3.185410914348837, -76.10824163601265 3.185410914348837, -76.10824163601265 3.199108518813953, -76.12193924047467 3.199108518813953, -76.12193924047467 3.21280612327907, -76.10824163601265 3.21280612327907, -76.10824163601265 3.226503727744186, -76.14933444939874 3.226503727744186), (-76.20412486724683 2.99364445183721, -76.19042726278481 2.99364445183721, -76.19042726278481 2.979946847372093, -76.20412486724683 2.979946847372093, -76.20412486724683 2.99364445183721), (-76.36849612079114 2.692297153604651, -76.35479851632911 2.692297153604651, -76.35479851632911 2.664901944674419, -76.36849612079114 2.664901944674419, -76.36849612079114 2.692297153604651), (-76.34110091186709 2.678599549139535, -76.32740330740506 2.678599549139535, -76.32740330740506 2.664901944674419, -76.34110091186709 2.664901944674419, -76.34110091186709 2.678599549139535), (-76.4506817475633 2.62380913127907, -76.43698414310126 2.62380913127907, -76.43698414310126 2.610111526813954, -76.4506817475633 2.610111526813954, -76.4506817475633 2.62380913127907), (-76.4506817475633 2.432042668767442, -76.43698414310126 2.432042668767442, -76.43698414310126 2.418345064302326, -76.4506817475633 2.418345064302326, -76.4506817475633 2.432042668767442), (-76.68354102341772 2.144392975, -76.6698434189557 2.144392975, -76.6698434189557 2.130695370534884, -76.68354102341772 2.130695370534884, -76.68354102341772 2.144392975), (-76.79312185911392 2.03481213927907, -76.7794242546519 2.03481213927907, -76.7794242546519 2.021114534813954, -76.79312185911392 2.021114534813954, -76.79312185911392 2.03481213927907), (-76.82051706803797 2.021114534813954, -76.80681946357595 2.021114534813954, -76.80681946357595 2.007416930348837, -76.7794242546519 2.007416930348837, -76.7794242546519 1.993719325883721, -76.8342146725 1.993719325883721, -76.8342146725 2.007416930348837, -76.82051706803797 2.007416930348837, -76.82051706803797 2.021114534813954), (-76.84791227696202 1.993719325883721, -76.8342146725 1.993719325883721, -76.8342146725 1.980021721418605, -76.84791227696202 1.980021721418605, -76.84791227696202 1.993719325883721), (-76.80681946357595 1.952626512488372, -76.79312185911392 1.952626512488372, -76.79312185911392 1.938928908023256, -76.80681946357595 1.938928908023256, -76.80681946357595 1.952626512488372), (-76.57396018772151 1.801952863372093, -76.56026258325949 1.801952863372093, -76.56026258325949 1.788255258906977, -76.57396018772151 1.788255258906977, -76.57396018772151 1.801952863372093), (-76.72463383680379 1.774557654441861, -76.71093623234177 1.774557654441861, -76.71093623234177 1.760860049976744, -76.72463383680379 1.760860049976744, -76.72463383680379 1.774557654441861), (-76.69723862787974 1.774557654441861, -76.6698434189557 1.774557654441861, -76.6698434189557 1.760860049976744, -76.69723862787974 1.760860049976744, -76.69723862787974 1.774557654441861), (-76.49177456094937 1.747162445511628, -76.47807695648734 1.747162445511628, -76.47807695648734 1.733464841046512, -76.49177456094937 1.733464841046512, -76.49177456094937 1.747162445511628), (-76.51916976987341 1.733464841046512, -76.50547216541139 1.733464841046512, -76.50547216541139 1.706069632116279, -76.51916976987341 1.706069632116279, -76.51916976987341 1.733464841046512), (-76.60135539664557 1.692372027651163, -76.58765779218353 1.692372027651163, -76.58765779218353 1.678674423186047, -76.60135539664557 1.678674423186047, -76.60135539664557 1.692372027651163), (-76.40958893417721 1.692372027651163, -76.39589132971518 1.692372027651163, -76.39589132971518 1.678674423186047, -76.40958893417721 1.678674423186047, -76.40958893417721 1.692372027651163), (-76.76572665018988 1.500605565139535, -76.75202904572784 1.500605565139535, -76.75202904572784 1.486907960674419, -76.76572665018988 1.486907960674419, -76.76572665018988 1.500605565139535))"
2,"POLYGON ((-76.86160988142404 1.391024729418605, -76.86160988142404 1.377327124953488, -76.84791227696202 1.377327124953488, -76.84791227696202 1.391024729418605, -76.86160988142404 1.391024729418605))"
6,"POLYGON ((-76.38219372525316 1.391024729418605, -76.38219372525316 1.377327124953488, -76.36849612079114 1.377327124953488, -76.36849612079114 1.391024729418605, -76.38219372525316 1.391024729418605))"
5,"POLYGON ((-76.36849612079114 1.391024729418605, -76.36849612079114 1.377327124953488, -76.35479851632911 1.377327124953488, -76.35479851632911 1.391024729418605, -76.36849612079114 1.391024729418605))"
5,"POLYGON ((-76.47807695648734 1.418419938348837, -76.47807695648734 1.404722333883721, -76.49177456094937 1.404722333883721, -76.49177456094937 1.363629520488372, -76.47807695648734 1.363629520488372, -76.47807695648734 1.377327124953488, -76.42328653863923 1.377327124953488, -76.42328653863923 1.391024729418605, -76.43698414310126 1.391024729418605, -76.43698414310126 1.404722333883721, -76.46437935202532 1.404722333883721, -76.46437935202532 1.418419938348837, -76.47807695648734 1.418419938348837))"
5,"POLYGON ((-76.54656497879746 1.391024729418605, -76.54656497879746 1.377327124953488, -76.53286737433544 1.377327124953488, -76.53286737433544 1.363629520488372, -76.51916976987341 1.363629520488372, -76.51916976987341 1.377327124953488, -76.50547216541139 1.377327124953488, -76.50547216541139 1.391024729418605, -76.54656497879746 1.391024729418605))"
5,"POLYGON ((-76.21782247170886 1.391024729418605, -76.21782247170886 1.363629520488372, -76.20412486724683 1.363629520488372, -76.20412486724683 1.391024729418605, -76.21782247170886 1.391024729418605))"
4,"POLYGON ((-76.4506817475633 1.377327124953488, -76.4506817475633 1.363629520488372, -76.42328653863923 1.363629520488372, -76.42328653863923 1.377327124953488, -76.4506817475633 1.377327124953488))"
6,"POLYGON ((-76.23152007617088 1.377327124953488, -76.23152007617088 1.363629520488372, -76.21782247170886 1.363629520488372, -76.21782247170886 1.377327124953488, -76.23152007617088 1.377327124953488))"
2,"POLYGON ((-76.88900509034809 1.528000774069768, -76.88900509034809 1.514303169604651, -76.90270269481012 1.514303169604651, -76.90270269481012 1.500605565139535, -76.93009790373418 1.500605565139535, -76.93009790373418 1.459512751744186, -76.91640029927215 1.459512751744186, -76.91640029927215 1.404722333883721, -76.93009790373418 1.404722333883721, -76.93009790373418 1.349931916023256, -76.90270269481012 1.349931916023256, -76.90270269481012 1.363629520488372, -76.88900509034809 1.363629520488372, -76.88900509034809 1.377327124953488, -76.87530748588607 1.377327124953488, -76.87530748588607 1.391024729418605, -76.88900509034809 1.391024729418605, -76.88900509034809 1.404722333883721, -76.87530748588607 1.404722333883721, -76.87530748588607 1.418419938348837, -76.86160988142404 1.418419938348837, -76.86160988142404 1.44581514727907, -76.82051706803797 1.44581514727907, -76.82051706803797 1.459512751744186, -76.8342146725 1.459512751744186, -76.8342146725 1.473210356209302, -76.86160988142404 1.473210356209302, -76.86160988142404 1.486907960674419, -76.87530748588607 1.486907960674419, -76.87530748588607 1.528000774069768, -76.88900509034809 1.528000774069768))"
6,"POLYGON ((-76.21782247170886 1.363629520488372, -76.21782247170886 1.349931916023256, -76.20412486724683 1.349931916023256, -76.20412486724683 1.363629520488372, -76.21782247170886 1.363629520488372))"
5,"POLYGON ((-76.2452176806329 1.363629520488372, -76.2452176806329 1.349931916023256, -76.25891528509493 1.349931916023256, -76.25891528509493 1.33623431155814, -76.23152007617088 1.33623431155814, -76.23152007617088 1.349931916023256, -76.21782247170886 1.349931916023256, -76.21782247170886 1.363629520488372, -76.2452176806329 1.363629520488372))"
6,"POLYGON ((-76.23152007617088 1.349931916023256, -76.23152007617088 1.33623431155814, -76.25891528509493 1.33623431155814, -76.25891528509493 1.295141498162791, -76.27261288955695 1.295141498162791, -76.27261288955695 1.281443893697674, -76.28631049401898 1.281443893697674, -76.28631049401898 1.267746289232558, -76.25891528509493 1.267746289232558, -76.25891528509493 1.281443893697674, -76.2452176806329 1.281443893697674, -76.2452176806329 1.308839102627907, -76.23152007617088 1.308839102627907, -76.23152007617088 1.322536707093023, -76.21782247170886 1.322536707093023, -76.21782247170886 1.349931916023256, -76.23152007617088 1.349931916023256))"
5,"POLYGON ((-76.40958893417721 1.391024729418605, -76.40958893417721 1.377327124953488, -76.42328653863923 1.377327124953488, -76.42328653863923 1.363629520488372, -76.40958893417721 1.363629520488372, -76.40958893417721 1.33623431155814, -76.43698414310126 1.33623431155814, -76.43698414310126 1.322536707093023, -76.42328653863923 1.322536707093023, -76.42328653863923 1.295141498162791, -76.43698414310126 1.295141498162791, -76.43698414310126 1.308839102627907, -76.4506817475633 1.308839102627907, -76.4506817475633 1.295141498162791, -76.47807695648734 1.295141498162791, -76.47807695648734 1.281443893697674, -76.49177456094937 1.281443893697674, -76.49177456094937 1.295141498162791, -76.50547216541139 1.295141498162791, -76.50547216541139 1.322536707093023, -76.49177456094937 1.322536707093023, -76.49177456094937 1.349931916023256, -76.50547216541139 1.349931916023256, -76.50547216541139 1.33623431155814, -76.51916976987341 1.33623431155814, -76.51916976987341 1.322536707093023, -76.53286737433544 1.322536707093023, -76.53286737433544 1.308839102627907, -76.54656497879746 1.308839102627907, -76.54656497879746 1.295141498162791, -76.53286737433544 1.295141498162791, -76.53286737433544 1.254048684767442, -76.51916976987341 1.254048684767442, -76.51916976987341 1.212955871372093, -76.50547216541139 1.212955871372093, -76.50547216541139 1.226653475837209, -76.49177456094937 1.226653475837209, -76.49177456094937 1.240351080302326, -76.47807695648734 1.240351080302326, -76.47807695648734 1.254048684767442, -76.50547216541139 1.254048684767442, -76.50547216541139 1.267746289232558, -76.42328653863923 1.267746289232558, -76.42328653863923 1.254048684767442, -76.39589132971518 1.254048684767442, -76.39589132971518 1.267746289232558, -76.40958893417721 1.267746289232558, -76.40958893417721 1.295141498162791, -76.35479851632911 1.295141498162791, -76.35479851632911 1.308839102627907, -76.32740330740506 1.308839102627907, -76.32740330740506 1.322536707093023, -76.36849612079114 1.322536707093023, -76.36849612079114 1.377327124953488, -76.38219372525316 1.377327124953488, -76.38219372525316 1.391024729418605, -76.40958893417721 1.391024729418605))"
5,"POLYGON ((-76.30000809848102 1.322536707093023, -76.30000809848102 1.295141498162791, -76.31370570294304 1.295141498162791, -76.31370570294304 1.281443893697674, -76.34110091186709 1.281443893697674, -76.34110091186709 1.226653475837209, -76.35479851632911 1.226653475837209, -76.35479851632911 1.212955871372093, -76.32740330740506 1.212955871372093, -76.32740330740506 1.267746289232558, -76.28631049401898 1.267746289232558, -76.28631049401898 1.281443893697674, -76.27261288955695 1.281443893697674, -76.27261288955695 1.295141498162791, -76.25891528509493 1.295141498162791, -76.25891528509493 1.322536707093023, -76.30000809848102 1.322536707093023))"
5,"POLYGON ((-76.49177456094937 1.212955871372093, -76.49177456094937 1.199258266906977, -76.47807695648734 1.199258266906977, -76.47807695648734 1.212955871372093, -76.49177456094937 1.212955871372093))"
5,"POLYGON ((-76.40958893417721 1.199258266906977, -76.40958893417721 1.171863057976744, -76.42328653863923 1.171863057976744, -76.42328653863923 1.158165453511628, -76.39589132971518 1.158165453511628, -76.39589132971518 1.185560662441861, -76.38219372525316 1.185560662441861, -76.38219372525316 1.171863057976744, -76.36849612079114 1.171863057976744, -76.36849612079114 1.158165453511628, -76.35479851632911 1.158165453511628, -76.35479851632911 1.171863057976744, -76.34110091186709 1.171863057976744, -76.34110091186709 1.185560662441861, -76.35479851632911 1.185560662441861, -76.35479851632911 1.199258266906977, -76.40958893417721 1.199258266906977))"
6,"POLYGON ((-76.32740330740506 1.267746289232558, -76.32740330740506 1.212955871372093, -76.34110091186709 1.212955871372093, -76.34110091186709 1.199258266906977, -76.35479851632911 1.199258266906977, -76.35479851632911 1.185560662441861, -76.34110091186709 1.185560662441861, -76.34110091186709 1.171863057976744, -76.35479851632911 1.171863057976744, -76.35479851632911 1.158165453511628, -76.32740330740506 1.158165453511628, -76.32740330740506 1.185560662441861, -76.31370570294304 1.185560662441861, -76.31370570294304 1.212955871372093, -76.30000809848102 1.212955871372093, -76.30000809848102 1.240351080302326, -76.28631049401898 1.240351080302326, -76.28631049401898 1.267746289232558, -76.32740330740506 1.267746289232558))"
5,"POLYGON ((-76.43698414310126 1.158165453511628, -76.43698414310126 1.130770244581396, -76.42328653863923 1.130770244581396, -76.42328653863923 1.158165453511628, -76.43698414310126 1.158165453511628))"
4,"POLYGON ((-76.27261288955695 1.66497681872093, -76.27261288955695 1.651279214255814, -76.28631049401898 1.651279214255814, -76.28631049401898 1.610186400860465, -76.30000809848102 1.610186400860465, -76.30000809848102 1.623884005325581, -76.31370570294304 1.623884005325581, -76.31370570294304 1.610186400860465, -76.32740330740506 1.610186400860465, -76.32740330740506 1.569093587465116, -76.35479851632911 1.569093587465116, -76.35479851632911 1.555395983, -76.36849612079114 1.555395983, -76.36849612079114 1.569093587465116, -76.38219372525316 1.569093587465116, -76.38219372525316 1.610186400860465, -76.39589132971518 1.610186400860465, -76.39589132971518 1.596488796395349, -76.40958893417721 1.596488796395349, -76.40958893417721 1.582791191930233, -76.43698414310126 1.582791191930233, -76.43698414310126 1.569093587465116, -76.46437935202532 1.569093587465116, -76.46437935202532 1.582791191930233, -76.49177456094937 1.582791191930233, -76.49177456094937 1.555395983, -76.50547216541139 1.555395983, -76.50547216541139 1.541698378534884, -76.53286737433544 1.541698378534884, -76.53286737433544 1.500605565139535, -76.54656497879746 1.500605565139535, -76.54656497879746 1.486907960674419, -76.56026258325949 1.486907960674419, -76.56026258325949 1.473210356209302, -76.58765779218353 1.473210356209302, -76.58765779218353 1.459512751744186, -76.57396018772151 1.459512751744186, -76.57396018772151 1.44581514727907, -76.53286737433544 1.44581514727907, -76.53286737433544 1.459512751744186, -76.49177456094937 1.459512751744186, -76.49177456094937 1.473210356209302, -76.47807695648734 1.473210356209302, -76.47807695648734 1.486907960674419, -76.46437935202532 1.486907960674419, -76.46437935202532 1.528000774069768, -76.4506817475633 1.528000774069768, -76.4506817475633 1.486907960674419, -76.42328653863923 1.486907960674419, -76.42328653863923 1.473210356209302, -76.40958893417721 1.473210356209302, -76.40958893417721 1.459512751744186, -76.39589132971518 1.459512751744186, -76.39589132971518 1.44581514727907, -76.40958893417721 1.44581514727907, -76.40958893417721 1.432117542813954, -76.49177456094937 1.432117542813954, -76.49177456094937 1.418419938348837, -76.46437935202532 1.418419938348837, -76.46437935202532 1.404722333883721, -76.43698414310126 1.404722333883721, -76.43698414310126 1.391024729418605, -76.42328653863923 1.391024729418605, -76.42328653863923 1.377327124953488, -76.40958893417721 1.377327124953488, -76.40958893417721 1.391024729418605, -76.39589132971518 1.391024729418605, -76.39589132971518 1.404722333883721, -76.36849612079114 1.404722333883721, -76.36849612079114 1.418419938348837, -76.35479851632911 1.418419938348837, -76.35479851632911 1.44581514727907, -76.31370570294304 1.44581514727907, -76.31370570294304 1.432117542813954, -76.32740330740506 1.432117542813954, -76.32740330740506 1.404722333883721, -76.34110091186709 1.404722333883721, -76.34110091186709 1.391024729418605, -76.35479851632911 1.391024729418605, -76.35479851632911 1.377327124953488, -76.36849612079114 1.377327124953488, -76.36849612079114 1.322536707093023, -76.32740330740506 1.322536707093023, -76.32740330740506 1.308839102627907, -76.35479851632911 1.308839102627907, -76.35479851632911 1.295141498162791, -76.40958893417721 1.295141498162791, -76.40958893417721 1.267746289232558, -76.39589132971518 1.267746289232558, -76.39589132971518 1.254048684767442, -76.42328653863923 1.254048684767442, -76.42328653863923 1.267746289232558, -76.50547216541139 1.267746289232558, -76.50547216541139 1.254048684767442, -76.47807695648734 1.254048684767442, -76.47807695648734 1.240351080302326, -76.49177456094937 1.240351080302326, -76.49177456094937 1.226653475837209, -76.50547216541139 1.226653475837209, -76.50547216541139 1.212955871372093, -76.47807695648734 1.212955871372093, -76.47807695648734 1.199258266906977, -76.49177456094937 1.199258266906977, -76.49177456094937 1.171863057976744, -76.50547216541139 1.171863057976744, -76.50547216541139 1.158165453511628, -76.4506817475633 1.158165453511628, -76.4506817475633 1.144467849046512, -76.46437935202532 1.144467849046512, -76.46437935202532 1.130770244581396, -76.47807695648734 1.130770244581396, -76.47807695648734 1.117072640116279, -76.4506817475633 1.117072640116279, -76.4506817475633 1.130770244581396, -76.43698414310126 1.130770244581396, -76.43698414310126 1.158165453511628, -76.42328653863923 1.158165453511628, -76.42328653863923 1.171863057976744, -76.40958893417721 1.171863057976744, -76.40958893417721 1.199258266906977, -76.34110091186709 1.199258266906977, -76.34110091186709 1.212955871372093, -76.35479851632911 1.212955871372093, -76.35479851632911 1.226653475837209, -76.34110091186709 1.226653475837209, -76.34110091186709 1.281443893697674, -76.31370570294304 1.281443893697674, -76.31370570294304 1.295141498162791, -76.30000809848102 1.295141498162791, -76.30000809848102 1.322536707093023, -76.25891528509493 1.322536707093023, -76.25891528509493 1.349931916023256, -76.2452176806329 1.349931916023256, -76.2452176806329 1.363629520488372, -76.23152007617088 1.363629520488372, -76.23152007617088 1.377327124953488, -76.21782247170886 1.377327124953488, -76.21782247170886 1.391024729418605, -76.20412486724683 1.391024729418605, -76.20412486724683 1.418419938348837, -76.19042726278481 1.418419938348837, -76.19042726278481 1.44581514727907, -76.17672965832278 1.44581514727907, -76.17672965832278 1.459512751744186, -76.19042726278481 1.459512751744186, -76.19042726278481 1.473210356209302, -76.17672965832278 1.473210356209302, -76.17672965832278 1.514303169604651, -76.20412486724683 1.514303169604651, -76.20412486724683 1.500605565139535, -76.21782247170886 1.500605565139535, -76.21782247170886 1.514303169604651, -76.2452176806329 1.514303169604651, -76.2452176806329 1.500605565139535, -76.27261288955695 1.500605565139535, -76.27261288955695 1.486907960674419, -76.30000809848102 1.486907960674419, -76.30000809848102 1.473210356209302, -76.34110091186709 1.473210356209302, -76.34110091186709 1.486907960674419, -76.32740330740506 1.486907960674419, -76.32740330740506 1.500605565139535, -76.31370570294304 1.500605565139535, -76.31370570294304 1.514303169604651, -76.30000809848102 1.514303169604651, -76.30000809848102 1.528000774069768, -76.28631049401898 1.528000774069768, -76.28631049401898 1.541698378534884, -76.25891528509493 1.541698378534884, -76.25891528509493 1.582791191930233, -76.23152007617088 1.582791191930233, -76.23152007617088 1.596488796395349, -76.2452176806329 1.596488796395349, -76.2452176806329 1.610186400860465, -76.25891528509493 1.610186400860465, -76.25891528509493 1.637581609790698, -76.2452176806329 1.637581609790698, -76.2452176806329 1.651279214255814, -76.25891528509493 1.651279214255814, -76.25891528509493 1.66497681872093, -76.27261288955695 1.66497681872093), (-76.39589132971518 1.514303169604651, -76.36849612079114 1.514303169604651, -76.36849612079114 1.486907960674419, -76.39589132971518 1.486907960674419, -76.39589132971518 1.473210356209302, -76.40958893417721 1.473210356209302, -76.40958893417721 1.500605565139535, -76.39589132971518 1.500605565139535, -76.39589132971518 1.514303169604651))"
5,"POLYGON ((-76.4506817475633 1.130770244581396, -76.4506817475633 1.117072640116279, -76.43698414310126 1.117072640116279, -76.43698414310126 1.130770244581396, -76.4506817475633 1.130770244581396))"
6,"POLYGON ((-76.39589132971518 1.185560662441861, -76.39589132971518 1.158165453511628, -76.42328653863923 1.158165453511628, -76.42328653863923 1.130770244581396, -76.43698414310126 1.130770244581396, -76.43698414310126 1.117072640116279, -76.4506817475633 1.117072640116279, -76.4506817475633 1.103375035651163, -76.42328653863923 1.103375035651163, -76.42328653863923 1.117072640116279, -76.40958893417721 1.117072640116279, -76.40958893417721 1.130770244581396, -76.39589132971518 1.130770244581396, -76.39589132971518 1.144467849046512, -76.35479851632911 1.144467849046512, -76.35479851632911 1.158165453511628, -76.36849612079114 1.158165453511628, -76.36849612079114 1.171863057976744, -76.38219372525316 1.171863057976744, -76.38219372525316 1.185560662441861, -76.39589132971518 1.185560662441861))"
5,"POLYGON ((-76.51916976987341 1.199258266906977, -76.51916976987341 1.185560662441861, -76.53286737433544 1.185560662441861, -76.53286737433544 1.171863057976744, -76.51916976987341 1.171863057976744, -76.51916976987341 1.144467849046512, -76.49177456094937 1.144467849046512, -76.49177456094937 1.117072640116279, -76.53286737433544 1.117072640116279, -76.53286737433544 1.103375035651163, -76.50547216541139 1.103375035651163, -76.50547216541139 1.089677431186046, -76.47807695648734 1.089677431186046, -76.47807695648734 1.103375035651163, -76.4506817475633 1.103375035651163, -76.4506817475633 1.117072640116279, -76.47807695648734 1.117072640116279, -76.47807695648734 1.130770244581396, -76.46437935202532 1.130770244581396, -76.46437935202532 1.144467849046512, -76.4506817475633 1.144467849046512, -76.4506817475633 1.158165453511628, -76.50547216541139 1.158165453511628, -76.50547216541139 1.171863057976744, -76.49177456094937 1.171863057976744, -76.49177456094937 1.199258266906977, -76.51916976987341 1.199258266906977))"
4,"POLYGON ((-76.51916976987341 1.103375035651163, -76.51916976987341 1.089677431186046, -76.50547216541139 1.089677431186046, -76.50547216541139 1.103375035651163, -76.51916976987341 1.103375035651163))"
6,"POLYGON ((-76.47807695648734 1.103375035651163, -76.47807695648734 1.089677431186046, -76.4506817475633 1.089677431186046, -76.4506817475633 1.103375035651163, -76.47807695648734 1.103375035651163))"
6,"POLYGON ((-76.60135539664557 1.555395983, -76.60135539664557 1.528000774069768, -76.62875060556962 1.528000774069768, -76.62875060556962 1.514303169604651, -76.65614581449367 1.514303169604651, -76.65614581449367 1.500605565139535, -76.6698434189557 1.500605565139535, -76.6698434189557 1.486907960674419, -76.65614581449367 1.486907960674419, -76.65614581449367 1.473210356209302, -76.64244821003165 1.473210356209302, -76.64244821003165 1.459512751744186, -76.62875060556962 1.459512751744186, -76.62875060556962 1.44581514727907, -76.60135539664557 1.44581514727907, -76.60135539664557 1.432117542813954, -76.58765779218353 1.432117542813954, -76.58765779218353 1.418419938348837, -76.60135539664557 1.418419938348837, -76.60135539664557 1.404722333883721, -76.58765779218353 1.404722333883721, -76.58765779218353 1.391024729418605, -76.57396018772151 1.391024729418605, -76.57396018772151 1.349931916023256, -76.58765779218353 1.349931916023256, -76.58765779218353 1.33623431155814, -76.57396018772151 1.33623431155814, -76.57396018772151 1.308839102627907, -76.58765779218353 1.308839102627907, -76.58765779218353 1.295141498162791, -76.57396018772151 1.295141498162791, -76.57396018772151 1.254048684767442, -76.56026258325949 1.254048684767442, -76.56026258325949 1.226653475837209, -76.54656497879746 1.226653475837209, -76.54656497879746 1.212955871372093, -76.53286737433544 1.212955871372093, -76.53286737433544 1.199258266906977, -76.54656497879746 1.199258266906977, -76.54656497879746 1.117072640116279, -76.56026258325949 1.117072640116279, -76.56026258325949 1.089677431186046, -76.57396018772151 1.089677431186046, -76.57396018772151 1.07597982672093, -76.56026258325949 1.07597982672093, -76.56026258325949 1.062282222255814, -76.54656497879746 1.062282222255814, -76.54656497879746 1.07597982672093, -76.47807695648734 1.07597982672093, -76.47807695648734 1.089677431186046, -76.51916976987341 1.089677431186046, -76.51916976987341 1.103375035651163, -76.53286737433544 1.103375035651163, -76.53286737433544 1.117072640116279, -76.49177456094937 1.117072640116279, -76.49177456094937 1.144467849046512, -76.51916976987341 1.144467849046512, -76.51916976987341 1.171863057976744, -76.53286737433544 1.171863057976744, -76.53286737433544 1.185560662441861, -76.51916976987341 1.185560662441861, -76.51916976987341 1.199258266906977, -76.49177456094937 1.199258266906977, -76.49177456094937 1.212955871372093, -76.51916976987341 1.212955871372093, -76.51916976987341 1.254048684767442, -76.53286737433544 1.254048684767442, -76.53286737433544 1.295141498162791, -76.54656497879746 1.295141498162791, -76.54656497879746 1.308839102627907, -76.53286737433544 1.308839102627907, -76.53286737433544 1.322536707093023, -76.51916976987341 1.322536707093023, -76.51916976987341 1.33623431155814, -76.50547216541139 1.33623431155814, -76.50547216541139 1.349931916023256, -76.49177456094937 1.349931916023256, -76.49177456094937 1.322536707093023, -76.50547216541139 1.322536707093023, -76.50547216541139 1.295141498162791, -76.49177456094937 1.295141498162791, -76.49177456094937 1.281443893697674, -76.47807695648734 1.281443893697674, -76.47807695648734 1.295141498162791, -76.4506817475633 1.295141498162791, -76.4506817475633 1.308839102627907, -76.43698414310126 1.308839102627907, -76.43698414310126 1.295141498162791, -76.42328653863923 1.295141498162791, -76.42328653863923 1.322536707093023, -76.43698414310126 1.322536707093023, -76.43698414310126 1.33623431155814, -76.40958893417721 1.33623431155814, -76.40958893417721 1.363629520488372, -76.4506817475633 1.363629520488372, -76.4506817475633 1.377327124953488, -76.47807695648734 1.377327124953488, -76.47807695648734 1.363629520488372, -76.49177456094937 1.363629520488372, -76.49177456094937 1.404722333883721, -76.50547216541139 1.404722333883721, -76.50547216541139 1.432117542813954, -76.49177456094937 1.432117542813954, -76.49177456094937 1.44581514727907, -76.47807695648734 1.44581514727907, -76.47807695648734 1.459512751744186, -76.51916976987341 1.459512751744186, -76.51916976987341 1.44581514727907, -76.53286737433544 1.44581514727907, -76.53286737433544 1.432117542813954, -76.56026258325949 1.432117542813954, -76.56026258325949 1.44581514727907, -76.58765779218353 1.44581514727907, -76.58765779218353 1.473210356209302, -76.60135539664557 1.473210356209302, -76.60135539664557 1.486907960674419, -76.57396018772151 1.486907960674419, -76.57396018772151 1.514303169604651, -76.54656497879746 1.514303169604651, -76.54656497879746 1.528000774069768, -76.57396018772151 1.528000774069768, -76.57396018772151 1.541698378534884, -76.56026258325949 1.541698378534884, -76.56026258325949 1.555395983, -76.60135539664557 1.555395983), (-76.6150530011076 1.473210356209302, -76.60135539664557 1.473210356209302, -76.60135539664557 1.459512751744186, -76.6150530011076 1.459512751744186, -76.6150530011076 1.473210356209302), (-76.54656497879746 1.391024729418605, -76.50547216541139 1.391024729418605, -76.50547216541139 1.377327124953488, -76.51916976987341 1.377327124953488, -76.51916976987341 1.363629520488372, -76.53286737433544 1.363629520488372, -76.53286737433544 1.377327124953488, -76.54656497879746 1.377327124953488, -76.54656497879746 1.391024729418605))"
7,"POLYGON ((-76.31370570294304 1.212955871372093, -76.31370570294304 1.185560662441861, -76.32740330740506 1.185560662441861, -76.32740330740506 1.158165453511628, -76.35479851632911 1.158165453511628, -76.35479851632911 1.144467849046512, -76.39589132971518 1.144467849046512, -76.39589132971518 1.130770244581396, -76.40958893417721 1.130770244581396, -76.40958893417721 1.117072640116279, -76.42328653863923 1.117072640116279, -76.42328653863923 1.103375035651163, -76.4506817475633 1.103375035651163, -76.4506817475633 1.089677431186046, -76.47807695648734 1.089677431186046, -76.47807695648734 1.07597982672093, -76.54656497879746 1.07597982672093, -76.54656497879746 1.034887013325581, -76.49177456094937 1.034887013325581, -76.49177456094937 1.007491804395349, -76.47807695648734 1.007491804395349, -76.47807695648734 0.993794199930233, -76.4506817475633 0.993794199930233, -76.4506817475633 0.966398991, -76.40958893417721 0.966398991, -76.40958893417721 0.980096595465116, -76.32740330740506 0.980096595465116, -76.32740330740506 0.966398991, -76.28631049401898 0.966398991, -76.28631049401898 0.980096595465116, -76.27261288955695 0.980096595465116, -76.27261288955695 0.966398991, -76.25891528509493 0.966398991, -76.25891528509493 0.980096595465116, -76.2452176806329 0.980096595465116, -76.2452176806329 0.966398991, -76.23152007617088 0.966398991, -76.23152007617088 0.980096595465116, -76.20412486724683 0.980096595465116, -76.20412486724683 0.993794199930233, -76.19042726278481 0.993794199930233, -76.19042726278481 1.007491804395349, -76.17672965832278 1.007491804395349, -76.17672965832278 1.034887013325581, -76.16303205386076 1.034887013325581, -76.16303205386076 1.021189408860465, -76.1356368449367 1.021189408860465, -76.1356368449367 1.007491804395349, -76.10824163601265 1.007491804395349, -76.10824163601265 1.021189408860465, -76.0808464270886 1.021189408860465, -76.0808464270886 1.048584617790698, -76.09454403155063 1.048584617790698, -76.09454403155063 1.062282222255814, -76.10824163601265 1.062282222255814, -76.10824163601265 1.089677431186046, -76.12193924047467 1.089677431186046, -76.12193924047467 1.103375035651163, -76.16303205386076 1.103375035651163, -76.16303205386076 1.117072640116279, -76.17672965832278 1.117072640116279, -76.17672965832278 1.103375035651163, -76.19042726278481 1.103375035651163, -76.19042726278481 1.117072640116279, -76.25891528509493 1.117072640116279, -76.25891528509493 1.130770244581396, -76.28631049401898 1.130770244581396, -76.28631049401898 1.185560662441861, -76.30000809848102 1.185560662441861, -76.30000809848102 1.199258266906977, -76.28631049401898 1.199258266906977, -76.28631049401898 1.212955871372093, -76.31370570294304 1.212955871372093), (-76.20412486724683 1.021189408860465, -76.19042726278481 1.021189408860465, -76.19042726278481 1.007491804395349, -76.20412486724683 1.007491804395349, -76.20412486724683 1.021189408860465))"
