longitude,latitude,sea_level
-79.08333,-4.25,0.0
-79.08333,-4.166664,0.0
-79.08333,-4.0833282,0.0
-79.08333,-4.0,0.0
-79.08333,-3.9166641,0.0
-79.08333,-3.8333282,0.0
-79.08333,-3.75,0.0
-79.08333,-3.6666641,0.0
-79.08333,-3.5833282,0.0
-79.08333,-3.5,0.0
-79.08333,-3.4166641,0.0
-79.08333,-3.3333282,0.0
-79.08333,-3.25,0.0
-79.08333,-3.1666641,0.0
-79.08333,-3.0833282,0.0
-79.08333,-3.0,0.0
-79.08333,-2.9166641,0.0
-79.08333,-2.8333282,0.0
-79.08333,-2.75,0.0
-79.08333,-2.6666641,0.0
-79.08333,-2.5833282,0.0
-79.08333,-2.5,0.0
-79.08333,-2.4166641,0.0
-79.08333,-2.3333282,0.0
-79.08333,-2.25,0.0
-79.08333,-2.1666641,0.0
-79.08333,-2.0833282,0.0
-79.08333,-2.0,0.0
-79.08333,-1.9166641,0.0
-79.08333,-1.8333282,0.0
-79.08333,-1.75,0.0
-79.08333,-1.6666641,0.0
-79.08333,-1.5833282,0.0
-79.08333,-1.5,0.0
-79.08333,-1.4166641,0.0
-79.08333,-1.3333282,0.0
-79.08333,-1.25,0.0
-79.08333,-1.1666641,0.0
-79.08333,-1.0833282,0.0
-79.08333,-1.0,0.0
-79.08333,-0.9166641,0.0
-79.08333,-0.83332825,0.0
-79.08333,-0.75,0.0
-79.08333,-0.6666641,0.0
-79.08333,-0.58332825,0.0
-79.08333,-0.5,0.0
-79.08333,-0.41666412,0.0
-79.08333,-0.33332825,0.0
-79.08333,-0.25,0.0
-79.08333,-0.16666412,0.0
-79.08333,-0.08332825,0.0
-79.08333,0.0,0.0
-79.08333,0.08333588,0.0
-79.08333,0.16667175,0.0
-79.08333,0.25,0.0
-79.08333,0.33333588,0.0
-79.08333,0.41667175,0.0
-79.08333,0.5,0.0
-79.08333,0.5833359,0.0
-79.08333,0.66667175,0.0
-79.08333,0.75,0.0
-79.08333,0.8333359,0.0
-79.08333,0.91667175,0.0
-79.08333,1.0,0.0
-79.08333,1.0833359,0.0
-79.08333,1.1666718,0.274075
-79.08333,1.25,0.274586
-79.08333,1.3333359,0.273525
-79.08333,1.4166718,0.272975
-79.08333,1.5,0.273431
-79.08333,1.5833359,0.275892
-79.08333,1.6666718,0.276585
-79.08333,1.75,0.277689
-79.08333,1.8333359,0.278927
-79.08333,1.9166718,0.278659
-79.08333,2.0,0.277208
-79.08333,2.0833359,0.27628
-79.08333,2.1666718,0.275014
-79.08333,2.25,0.272134
-79.08333,2.3333359,0.270048
-79.08333,2.4166718,0.26697
-79.08333,2.5,0.262583
-79.08333,2.5833359,0.258974
-79.08333,2.6666718,0.256916
-79.08333,2.75,0.2577
-79.08333,2.8333359,0.25978
-79.08333,2.9166718,0.262819
-79.08333,3.0,0.264709
-79.08333,3.0833359,0.265359
-79.08333,3.1666718,0.266113
-79.08333,3.25,0.266096
-79.08333,3.3333359,0.266736
-79.08333,3.4166718,0.268526
-79.08333,3.5,0.270446
-79.08333,3.5833359,0.270946
-79.08333,3.6666718,0.271006
-79.08333,3.75,0.269953
-79.08333,3.8333359,0.268206
-79.08333,3.9166718,0.266858
-79.08333,4.0,0.264741
-79.08333,4.083336,0.26286
-79.08333,4.1666718,0.261468
-79.08333,4.25,0.260361
-79.08333,4.333336,0.25962
-79.08333,4.4166718,0.258618
-79.08333,4.5,0.256353
-79.08333,4.583336,0.254016
-79.08333,4.6666718,0.2533
-79.08333,4.75,0.253235
-79.08333,4.833336,0.2532
-79.08333,4.9166718,0.253709
-79.08333,5.0,0.254593
-79.08333,5.083336,0.255641
-79.08333,5.1666718,0.256171
-79.08333,5.25,0.255856
-79.08333,5.333336,0.254916
-79.08333,5.4166718,0.253772
-79.08333,5.5,0.252994
-79.08333,5.583336,0.252666
-79.08333,5.6666718,0.252676
-79.08333,5.75,0.252743
-79.08333,5.833336,0.252726
-79.08333,5.9166718,0.252736
-79.08333,6.0,0.253498
-79.08333,6.083336,0.254956
-79.08333,6.1666718,0.255607
-79.08333,6.25,0.255197
-79.08333,6.333336,0.254074
-79.08333,6.4166718,0.252005
-79.08333,6.5,0.250056
-79.08333,6.583336,0.247754
-79.08333,6.6666718,0.244381
-79.08333,6.75,0.24049
-79.08333,6.833336,0.236373
-79.08333,6.9166718,0.232537
-79.08333,7.0,0.229974
-79.08333,7.083336,0.229117
-79.08333,7.1666718,0.230071
-79.08333,7.25,0.232858
-79.08333,7.333336,0.236697
-79.08333,7.4166718,0.241016
-79.08333,7.5,0.24525
-79.08333,7.583336,0.250242
-79.08333,7.6666718,0.257106
-79.08333,7.75,0.266996
-79.08333,7.833336,0.28049
-79.08333,7.9166718,0.29724
-79.08333,8.0,0.312009
-79.08333,8.083336,0.321186
-79.08333,8.166672,0.324291
-79.08333,8.25,0.0
-79.08333,8.333336,0.0
-79.08333,8.416672,0.0
-79.08333,8.5,0.0
-79.08333,8.583336,0.318876
-79.08333,8.666672,0.321735
-79.08333,8.75,0.323957
-79.08333,8.833336,0.325311
-79.08333,8.916672,0.327695
-79.08333,9.0,0.329479
-79.08333,9.083336,0.0
-79.08333,9.166672,0.0
-79.08333,9.25,0.0
-79.08333,9.333336,0.0
-79.08333,9.416672,0.0
-79.08333,9.5,0.163221
-79.08333,9.583336,0.160975
-79.08333,9.666672,0.15817
-79.08333,9.75,0.155765
-79.08333,9.833336,0.151664
-79.08333,9.916672,0.142921
-79.08333,10.0,0.129197
-79.08333,10.083336,0.11267
-79.08333,10.166672,0.094282
-79.08333,10.25,0.076427
-79.08333,10.333336,0.061415
-79.08333,10.416672,0.049895
-79.08333,10.5,0.040692
-79.08333,10.583336,0.032817
-79.08333,10.666672,0.02672
-79.08333,10.75,0.023704
-79.08333,10.833336,0.024005
-79.08333,10.916672,0.026615
-79.08333,11.0,0.02839
-79.08333,11.083336,0.028151
-79.08333,11.166672,0.029055
-79.08333,11.25,0.032272
-79.08333,11.333336,0.036908
-79.08333,11.416672,0.042345
-79.08333,11.5,0.048708
-79.08333,11.583336,0.056283
-79.08333,11.666672,0.064891
-79.08333,11.75,0.075283
-79.08333,11.833336,0.087807
-79.08333,11.916672,0.102201
-79.08333,12.0,0.117543
-79.08333,12.083336,0.132256
-79.08333,12.166672,0.145707
-79.08333,12.25,0.157621
-79.08333,12.333336,0.171287
-79.08333,12.416672,0.187802
-79.0,-4.25,0.0
-79.0,-4.166664,0.0
-79.0,-4.0833282,0.0
-79.0,-4.0,0.0
-79.0,-3.9166641,0.0
-79.0,-3.8333282,0.0
-79.0,-3.75,0.0
-79.0,-3.6666641,0.0
-79.0,-3.5833282,0.0
-79.0,-3.5,0.0
-79.0,-3.4166641,0.0
-79.0,-3.3333282,0.0
-79.0,-3.25,0.0
-79.0,-3.1666641,0.0
-79.0,-3.0833282,0.0
-79.0,-3.0,0.0
-79.0,-2.9166641,0.0
-79.0,-2.8333282,0.0
-79.0,-2.75,0.0
-79.0,-2.6666641,0.0
-79.0,-2.5833282,0.0
-79.0,-2.5,0.0
-79.0,-2.4166641,0.0
-79.0,-2.3333282,0.0
-79.0,-2.25,0.0
-79.0,-2.1666641,0.0
-79.0,-2.0833282,0.0
-79.0,-2.0,0.0
-79.0,-1.9166641,0.0
-79.0,-1.8333282,0.0
-79.0,-1.75,0.0
-79.0,-1.6666641,0.0
-79.0,-1.5833282,0.0
-79.0,-1.5,0.0
-79.0,-1.4166641,0.0
-79.0,-1.3333282,0.0
-79.0,-1.25,0.0
-79.0,-1.1666641,0.0
-79.0,-1.0833282,0.0
-79.0,-1.0,0.0
-79.0,-0.9166641,0.0
-79.0,-0.83332825,0.0
-79.0,-0.75,0.0
-79.0,-0.6666641,0.0
-79.0,-0.58332825,0.0
-79.0,-0.5,0.0
-79.0,-0.41666412,0.0
-79.0,-0.33332825,0.0
-79.0,-0.25,0.0
-79.0,-0.16666412,0.0
-79.0,-0.08332825,0.0
-79.0,0.0,0.0
-79.0,0.08333588,0.0
-79.0,0.16667175,0.0
-79.0,0.25,0.0
-79.0,0.33333588,0.0
-79.0,0.41667175,0.0
-79.0,0.5,0.0
-79.0,0.5833359,0.0
-79.0,0.66667175,0.0
-79.0,0.75,0.0
-79.0,0.8333359,0.0
-79.0,0.91667175,0.0
-79.0,1.0,0.0
-79.0,1.0833359,0.0
-79.0,1.1666718,0.0
-79.0,1.25,0.278037
-79.0,1.3333359,0.278177
-79.0,1.4166718,0.278342
-79.0,1.5,0.278288
-79.0,1.5833359,0.27933
-79.0,1.6666718,0.0
-79.0,1.75,0.279955
-79.0,1.8333359,0.281191
-79.0,1.9166718,0.281476
-79.0,2.0,0.280755
-79.0,2.0833359,0.280308
-79.0,2.1666718,0.279613
-79.0,2.25,0.277751
-79.0,2.3333359,0.275551
-79.0,2.4166718,0.274901
-79.0,2.5,0.273734
-79.0,2.5833359,0.269927
-79.0,2.6666718,0.266608
-79.0,2.75,0.265547
-79.0,2.8333359,0.26659
-79.0,2.9166718,0.268467
-79.0,3.0,0.268681
-79.0,3.0833359,0.268957
-79.0,3.1666718,0.268988
-79.0,3.25,0.268418
-79.0,3.3333359,0.26874
-79.0,3.4166718,0.270269
-79.0,3.5,0.272046
-79.0,3.5833359,0.272155
-79.0,3.6666718,0.2717
-79.0,3.75,0.270592
-79.0,3.8333359,0.268786
-79.0,3.9166718,0.267426
-79.0,4.0,0.265584
-79.0,4.083336,0.263622
-79.0,4.1666718,0.262465
-79.0,4.25,0.26146
-79.0,4.333336,0.260338
-79.0,4.4166718,0.258336
-79.0,4.5,0.255406
-79.0,4.583336,0.253826
-79.0,4.6666718,0.253471
-79.0,4.75,0.253402
-79.0,4.833336,0.253297
-79.0,4.9166718,0.253683
-79.0,5.0,0.254708
-79.0,5.083336,0.255891
-79.0,5.1666718,0.256525
-79.0,5.25,0.256587
-79.0,5.333336,0.256043
-79.0,5.4166718,0.255001
-79.0,5.5,0.254274
-79.0,5.583336,0.253919
-79.0,5.6666718,0.253829
-79.0,5.75,0.253956
-79.0,5.833336,0.254181
-79.0,5.9166718,0.25444
-79.0,6.0,0.255225
-79.0,6.083336,0.256508
-79.0,6.1666718,0.257244
-79.0,6.25,0.257202
-79.0,6.333336,0.256089
-79.0,6.4166718,0.25437
-79.0,6.5,0.252255
-79.0,6.583336,0.250753
-79.0,6.6666718,0.248215
-79.0,6.75,0.244156
-79.0,6.833336,0.239296
-79.0,6.9166718,0.234648
-79.0,7.0,0.231227
-79.0,7.083336,0.229521
-79.0,7.1666718,0.229654
-79.0,7.25,0.231904
-79.0,7.333336,0.236008
-79.0,7.4166718,0.241314
-79.0,7.5,0.246796
-79.0,7.583336,0.252495
-79.0,7.6666718,0.259714
-79.0,7.75,0.270429
-79.0,7.833336,0.284652
-79.0,7.9166718,0.300675
-79.0,8.0,0.315414
-79.0,8.083336,0.325118
-79.0,8.166672,0.328619
-79.0,8.25,0.328414
-79.0,8.333336,0.327778
-79.0,8.416672,0.324906
-79.0,8.5,0.0
-79.0,8.583336,0.321446
-79.0,8.666672,0.322084
-79.0,8.75,0.325509
-79.0,8.833336,0.32795
-79.0,8.916672,0.328896
-79.0,9.0,0.329492
-79.0,9.083336,0.0
-79.0,9.166672,0.0
-79.0,9.25,0.0
-79.0,9.333336,0.0
-79.0,9.416672,0.163506
-79.0,9.5,0.162721
-79.0,9.583336,0.159819
-79.0,9.666672,0.156488
-79.0,9.75,0.153857
-79.0,9.833336,0.150425
-79.0,9.916672,0.143455
-79.0,10.0,0.131545
-79.0,10.083336,0.115855
-79.0,10.166672,0.097335
-79.0,10.25,0.078608
-79.0,10.333336,0.063031
-79.0,10.416672,0.051038
-79.0,10.5,0.041634
-79.0,10.583336,0.033739
-79.0,10.666672,0.028526
-79.0,10.75,0.026512
-79.0,10.833336,0.027325
-79.0,10.916672,0.02938
-79.0,11.0,0.029938
-79.0,11.083336,0.029301
-79.0,11.166672,0.030728
-79.0,11.25,0.034297
-79.0,11.333336,0.039114
-79.0,11.416672,0.045078
-79.0,11.5,0.052312
-79.0,11.583336,0.060074
-79.0,11.666672,0.069384
-79.0,11.75,0.080939
-79.0,11.833336,0.094634
-79.0,11.916672,0.109454
-79.0,12.0,0.124341
-79.0,12.083336,0.138396
-79.0,12.166672,0.150268
-79.0,12.25,0.162963
-79.0,12.333336,0.180018
-79.0,12.416672,0.199669
-78.916664,-4.25,0.0
-78.916664,-4.166664,0.0
-78.916664,-4.0833282,0.0
-78.916664,-4.0,0.0
-78.916664,-3.9166641,0.0
-78.916664,-3.8333282,0.0
-78.916664,-3.75,0.0
-78.916664,-3.6666641,0.0
-78.916664,-3.5833282,0.0
-78.916664,-3.5,0.0
-78.916664,-3.4166641,0.0
-78.916664,-3.3333282,0.0
-78.916664,-3.25,0.0
-78.916664,-3.1666641,0.0
-78.916664,-3.0833282,0.0
-78.916664,-3.0,0.0
-78.916664,-2.9166641,0.0
-78.916664,-2.8333282,0.0
-78.916664,-2.75,0.0
-78.916664,-2.6666641,0.0
-78.916664,-2.5833282,0.0
-78.916664,-2.5,0.0
-78.916664,-2.4166641,0.0
-78.916664,-2.3333282,0.0
-78.916664,-2.25,0.0
-78.916664,-2.1666641,0.0
-78.916664,-2.0833282,0.0
-78.916664,-2.0,0.0
-78.916664,-1.9166641,0.0
-78.916664,-1.8333282,0.0
-78.916664,-1.75,0.0
-78.916664,-1.6666641,0.0
-78.916664,-1.5833282,0.0
-78.916664,-1.5,0.0
-78.916664,-1.4166641,0.0
-78.916664,-1.3333282,0.0
-78.916664,-1.25,0.0
-78.916664,-1.1666641,0.0
-78.916664,-1.0833282,0.0
-78.916664,-1.0,0.0
-78.916664,-0.9166641,0.0
-78.916664,-0.83332825,0.0
-78.916664,-0.75,0.0
-78.916664,-0.6666641,0.0
-78.916664,-0.58332825,0.0
-78.916664,-0.5,0.0
-78.916664,-0.41666412,0.0
-78.916664,-0.33332825,0.0
-78.916664,-0.25,0.0
-78.916664,-0.16666412,0.0
-78.916664,-0.08332825,0.0
-78.916664,0.0,0.0
-78.916664,0.08333588,0.0
-78.916664,0.16667175,0.0
-78.916664,0.25,0.0
-78.916664,0.33333588,0.0
-78.916664,0.41667175,0.0
-78.916664,0.5,0.0
-78.916664,0.5833359,0.0
-78.916664,0.66667175,0.0
-78.916664,0.75,0.0
-78.916664,0.8333359,0.0
-78.916664,0.91667175,0.0
-78.916664,1.0,0.0
-78.916664,1.0833359,0.0
-78.916664,1.1666718,0.0
-78.916664,1.25,0.0
-78.916664,1.3333359,0.280607
-78.916664,1.4166718,0.280996
-78.916664,1.5,0.281105
-78.916664,1.5833359,0.0
-78.916664,1.6666718,0.0
-78.916664,1.75,0.0
-78.916664,1.8333359,0.282918
-78.916664,1.9166718,0.283655
-78.916664,2.0,0.283306
-78.916664,2.0833359,0.283245
-78.916664,2.1666718,0.282851
-78.916664,2.25,0.280995
-78.916664,2.3333359,0.280074
-78.916664,2.4166718,0.279883
-78.916664,2.5,0.27915
-78.916664,2.5833359,0.278194
-78.916664,2.6666718,0.276856
-78.916664,2.75,0.274973
-78.916664,2.8333359,0.274982
-78.916664,2.9166718,0.274546
-78.916664,3.0,0.273171
-78.916664,3.0833359,0.272908
-78.916664,3.1666718,0.27216
-78.916664,3.25,0.271092
-78.916664,3.3333359,0.270852
-78.916664,3.4166718,0.271691
-78.916664,3.5,0.272955
-78.916664,3.5833359,0.273325
-78.916664,3.6666718,0.272369
-78.916664,3.75,0.27108
-78.916664,3.8333359,0.26887
-78.916664,3.9166718,0.267708
-78.916664,4.0,0.266252
-78.916664,4.083336,0.264253
-78.916664,4.1666718,0.262891
-78.916664,4.25,0.261666
-78.916664,4.333336,0.259986
-78.916664,4.4166718,0.257433
-78.916664,4.5,0.254726
-78.916664,4.583336,0.253553
-78.916664,4.6666718,0.253396
-78.916664,4.75,0.253073
-78.916664,4.833336,0.252804
-78.916664,4.9166718,0.253302
-78.916664,5.0,0.254473
-78.916664,5.083336,0.255611
-78.916664,5.1666718,0.256468
-78.916664,5.25,0.256931
-78.916664,5.333336,0.256575
-78.916664,5.4166718,0.255848
-78.916664,5.5,0.255177
-78.916664,5.583336,0.254905
-78.916664,5.6666718,0.254934
-78.916664,5.75,0.255093
-78.916664,5.833336,0.25541
-78.916664,5.9166718,0.255798
-78.916664,6.0,0.256637
-78.916664,6.083336,0.257879
-78.916664,6.1666718,0.258779
-78.916664,6.25,0.259217
-78.916664,6.333336,0.258266
-78.916664,6.4166718,0.256841
-78.916664,6.5,0.254975
-78.916664,6.583336,0.253488
-78.916664,6.6666718,0.251595
-78.916664,6.75,0.247468
-78.916664,6.833336,0.242205
-78.916664,6.9166718,0.237089
-78.916664,7.0,0.233328
-78.916664,7.083336,0.231154
-78.916664,7.1666718,0.230848
-78.916664,7.25,0.232771
-78.916664,7.333336,0.236872
-78.916664,7.4166718,0.242773
-78.916664,7.5,0.249295
-78.916664,7.583336,0.2556
-78.916664,7.6666718,0.263005
-78.916664,7.75,0.275144
-78.916664,7.833336,0.290591
-78.916664,7.9166718,0.305498
-78.916664,8.0,0.318236
-78.916664,8.083336,0.326675
-78.916664,8.166672,0.32915
-78.916664,8.25,0.32774
-78.916664,8.333336,0.0
-78.916664,8.416672,0.0
-78.916664,8.5,0.321338
-78.916664,8.583336,0.322333
-78.916664,8.666672,0.324812
-78.916664,8.75,0.327752
-78.916664,8.833336,0.330563
-78.916664,8.916672,0.330302
-78.916664,9.0,0.0
-78.916664,9.083336,0.0
-78.916664,9.166672,0.0
-78.916664,9.25,0.0
-78.916664,9.333336,0.0
-78.916664,9.416672,0.162119
-78.916664,9.5,0.160576
-78.916664,9.583336,0.157677
-78.916664,9.666672,0.154965
-78.916664,9.75,0.152857
-78.916664,9.833336,0.149639
-78.916664,9.916672,0.143581
-78.916664,10.0,0.133439
-78.916664,10.083336,0.118778
-78.916664,10.166672,0.100586
-78.916664,10.25,0.081783
-78.916664,10.333336,0.065589
-78.916664,10.416672,0.053001
-78.916664,10.5,0.043188
-78.916664,10.583336,0.035511
-78.916664,10.666672,0.031247
-78.916664,10.75,0.029821
-78.916664,10.833336,0.030773
-78.916664,10.916672,0.031842
-78.916664,11.0,0.030956
-78.916664,11.083336,0.030513
-78.916664,11.166672,0.032562
-78.916664,11.25,0.036615
-78.916664,11.333336,0.04148
-78.916664,11.416672,0.048288
-78.916664,11.5,0.055665
-78.916664,11.583336,0.063786
-78.916664,11.666672,0.074357
-78.916664,11.75,0.087018
-78.916664,11.833336,0.101046
-78.916664,11.916672,0.115717
-78.916664,12.0,0.12994
-78.916664,12.083336,0.142632
-78.916664,12.166672,0.153705
-78.916664,12.25,0.170228
-78.916664,12.333336,0.190543
-78.916664,12.416672,0.21056
-78.83333,-4.25,0.0
-78.83333,-4.166664,0.0
-78.83333,-4.0833282,0.0
-78.83333,-4.0,0.0
-78.83333,-3.9166641,0.0
-78.83333,-3.8333282,0.0
-78.83333,-3.75,0.0
-78.83333,-3.6666641,0.0
-78.83333,-3.5833282,0.0
-78.83333,-3.5,0.0
-78.83333,-3.4166641,0.0
-78.83333,-3.3333282,0.0
-78.83333,-3.25,0.0
-78.83333,-3.1666641,0.0
-78.83333,-3.0833282,0.0
-78.83333,-3.0,0.0
-78.83333,-2.9166641,0.0
-78.83333,-2.8333282,0.0
-78.83333,-2.75,0.0
-78.83333,-2.6666641,0.0
-78.83333,-2.5833282,0.0
-78.83333,-2.5,0.0
-78.83333,-2.4166641,0.0
-78.83333,-2.3333282,0.0
-78.83333,-2.25,0.0
-78.83333,-2.1666641,0.0
-78.83333,-2.0833282,0.0
-78.83333,-2.0,0.0
-78.83333,-1.9166641,0.0
-78.83333,-1.8333282,0.0
-78.83333,-1.75,0.0
-78.83333,-1.6666641,0.0
-78.83333,-1.5833282,0.0
-78.83333,-1.5,0.0
-78.83333,-1.4166641,0.0
-78.83333,-1.3333282,0.0
-78.83333,-1.25,0.0
-78.83333,-1.1666641,0.0
-78.83333,-1.0833282,0.0
-78.83333,-1.0,0.0
-78.83333,-0.9166641,0.0
-78.83333,-0.83332825,0.0
-78.83333,-0.75,0.0
-78.83333,-0.6666641,0.0
-78.83333,-0.58332825,0.0
-78.83333,-0.5,0.0
-78.83333,-0.41666412,0.0
-78.83333,-0.33332825,0.0
-78.83333,-0.25,0.0
-78.83333,-0.16666412,0.0
-78.83333,-0.08332825,0.0
-78.83333,0.0,0.0
-78.83333,0.08333588,0.0
-78.83333,0.16667175,0.0
-78.83333,0.25,0.0
-78.83333,0.33333588,0.0
-78.83333,0.41667175,0.0
-78.83333,0.5,0.0
-78.83333,0.5833359,0.0
-78.83333,0.66667175,0.0
-78.83333,0.75,0.0
-78.83333,0.8333359,0.0
-78.83333,0.91667175,0.0
-78.83333,1.0,0.0
-78.83333,1.0833359,0.0
-78.83333,1.1666718,0.0
-78.83333,1.25,0.0
-78.83333,1.3333359,0.0
-78.83333,1.4166718,0.282549
-78.83333,1.5,0.282692
-78.83333,1.5833359,0.0
-78.83333,1.6666718,0.0
-78.83333,1.75,0.0
-78.83333,1.8333359,0.284449
-78.83333,1.9166718,0.285842
-78.83333,2.0,0.28601
-78.83333,2.0833359,0.287189
-78.83333,2.1666718,0.285846
-78.83333,2.25,0.283559
-78.83333,2.3333359,0.282959
-78.83333,2.4166718,0.282073
-78.83333,2.5,0.281538
-78.83333,2.5833359,0.280092
-78.83333,2.6666718,0.279295
-78.83333,2.75,0.278908
-78.83333,2.8333359,0.278592
-78.83333,2.9166718,0.277515
-78.83333,3.0,0.276035
-78.83333,3.0833359,0.276044
-78.83333,3.1666718,0.276043
-78.83333,3.25,0.274886
-78.83333,3.3333359,0.274143
-78.83333,3.4166718,0.273883
-78.83333,3.5,0.273821
-78.83333,3.5833359,0.27392
-78.83333,3.6666718,0.272596
-78.83333,3.75,0.271876
-78.83333,3.8333359,0.269351
-78.83333,3.9166718,0.267568
-78.83333,4.0,0.266582
-78.83333,4.083336,0.265189
-78.83333,4.1666718,0.263553
-78.83333,4.25,0.261645
-78.83333,4.333336,0.25915
-78.83333,4.4166718,0.256333
-78.83333,4.5,0.253999
-78.83333,4.583336,0.253031
-78.83333,4.6666718,0.252638
-78.83333,4.75,0.25208
-78.83333,4.833336,0.251913
-78.83333,4.9166718,0.252854
-78.83333,5.0,0.254248
-78.83333,5.083336,0.255468
-78.83333,5.1666718,0.256343
-78.83333,5.25,0.256786
-78.83333,5.333336,0.256758
-78.83333,5.4166718,0.256401
-78.83333,5.5,0.256074
-78.83333,5.583336,0.255953
-78.83333,5.6666718,0.256026
-78.83333,5.75,0.256319
-78.83333,5.833336,0.256822
-78.83333,5.9166718,0.257312
-78.83333,6.0,0.258278
-78.83333,6.083336,0.259207
-78.83333,6.1666718,0.259994
-78.83333,6.25,0.260709
-78.83333,6.333336,0.260529
-78.83333,6.4166718,0.259207
-78.83333,6.5,0.257599
-78.83333,6.583336,0.255659
-78.83333,6.6666718,0.253693
-78.83333,6.75,0.250077
-78.83333,6.833336,0.245295
-78.83333,6.9166718,0.240391
-78.83333,7.0,0.236575
-78.83333,7.083336,0.234352
-78.83333,7.1666718,0.233938
-78.83333,7.25,0.235979
-78.83333,7.333336,0.240479
-78.83333,7.4166718,0.246611
-78.83333,7.5,0.253496
-78.83333,7.583336,0.260331
-78.83333,7.6666718,0.268812
-78.83333,7.75,0.282247
-78.83333,7.833336,0.298007
-78.83333,7.9166718,0.311125
-78.83333,8.0,0.321043
-78.83333,8.083336,0.327161
-78.83333,8.166672,0.329564
-78.83333,8.25,0.326939
-78.83333,8.333336,0.323319
-78.83333,8.416672,0.0
-78.83333,8.5,0.321258
-78.83333,8.583336,0.323903
-78.83333,8.666672,0.32818
-78.83333,8.75,0.331461
-78.83333,8.833336,0.333158
-78.83333,8.916672,0.0
-78.83333,9.0,0.0
-78.83333,9.083336,0.0
-78.83333,9.166672,0.0
-78.83333,9.25,0.0
-78.83333,9.333336,0.0
-78.83333,9.416672,0.160106
-78.83333,9.5,0.158098
-78.83333,9.583336,0.155538
-78.83333,9.666672,0.153749
-78.83333,9.75,0.152291
-78.83333,9.833336,0.149164
-78.83333,9.916672,0.143128
-78.83333,10.0,0.134289
-78.83333,10.083336,0.121218
-78.83333,10.166672,0.104252
-78.83333,10.25,0.085683
-78.83333,10.333336,0.069027
-78.83333,10.416672,0.056036
-78.83333,10.5,0.045828
-78.83333,10.583336,0.038739
-78.83333,10.666672,0.03507
-78.83333,10.75,0.03368
-78.83333,10.833336,0.034166
-78.83333,10.916672,0.033918
-78.83333,11.0,0.031824
-78.83333,11.083336,0.031916
-78.83333,11.166672,0.034725
-78.83333,11.25,0.038744
-78.83333,11.333336,0.044608
-78.83333,11.416672,0.051864
-78.83333,11.5,0.059126
-78.83333,11.583336,0.068288
-78.83333,11.666672,0.080154
-78.83333,11.75,0.092992
-78.83333,11.833336,0.106782
-78.83333,11.916672,0.121107
-78.83333,12.0,0.134268
-78.83333,12.083336,0.144463
-78.83333,12.166672,0.158814
-78.83333,12.25,0.178922
-78.83333,12.333336,0.199973
-78.83333,12.416672,0.218989
-78.75,-4.25,0.0
-78.75,-4.166664,0.0
-78.75,-4.0833282,0.0
-78.75,-4.0,0.0
-78.75,-3.9166641,0.0
-78.75,-3.8333282,0.0
-78.75,-3.75,0.0
-78.75,-3.6666641,0.0
-78.75,-3.5833282,0.0
-78.75,-3.5,0.0
-78.75,-3.4166641,0.0
-78.75,-3.3333282,0.0
-78.75,-3.25,0.0
-78.75,-3.1666641,0.0
-78.75,-3.0833282,0.0
-78.75,-3.0,0.0
-78.75,-2.9166641,0.0
-78.75,-2.8333282,0.0
-78.75,-2.75,0.0
-78.75,-2.6666641,0.0
-78.75,-2.5833282,0.0
-78.75,-2.5,0.0
-78.75,-2.4166641,0.0
-78.75,-2.3333282,0.0
-78.75,-2.25,0.0
-78.75,-2.1666641,0.0
-78.75,-2.0833282,0.0
-78.75,-2.0,0.0
-78.75,-1.9166641,0.0
-78.75,-1.8333282,0.0
-78.75,-1.75,0.0
-78.75,-1.6666641,0.0
-78.75,-1.5833282,0.0
-78.75,-1.5,0.0
-78.75,-1.4166641,0.0
-78.75,-1.3333282,0.0
-78.75,-1.25,0.0
-78.75,-1.1666641,0.0
-78.75,-1.0833282,0.0
-78.75,-1.0,0.0
-78.75,-0.9166641,0.0
-78.75,-0.83332825,0.0
-78.75,-0.75,0.0
-78.75,-0.6666641,0.0
-78.75,-0.58332825,0.0
-78.75,-0.5,0.0
-78.75,-0.41666412,0.0
-78.75,-0.33332825,0.0
-78.75,-0.25,0.0
-78.75,-0.16666412,0.0
-78.75,-0.08332825,0.0
-78.75,0.0,0.0
-78.75,0.08333588,0.0
-78.75,0.16667175,0.0
-78.75,0.25,0.0
-78.75,0.33333588,0.0
-78.75,0.41667175,0.0
-78.75,0.5,0.0
-78.75,0.5833359,0.0
-78.75,0.66667175,0.0
-78.75,0.75,0.0
-78.75,0.8333359,0.0
-78.75,0.91667175,0.0
-78.75,1.0,0.0
-78.75,1.0833359,0.0
-78.75,1.1666718,0.0
-78.75,1.25,0.0
-78.75,1.3333359,0.0
-78.75,1.4166718,0.0
-78.75,1.5,0.0
-78.75,1.5833359,0.0
-78.75,1.6666718,0.0
-78.75,1.75,0.0
-78.75,1.8333359,0.291192
-78.75,1.9166718,0.28838
-78.75,2.0,0.288374
-78.75,2.0833359,0.290502
-78.75,2.1666718,0.288955
-78.75,2.25,0.2871
-78.75,2.3333359,0.284278
-78.75,2.4166718,0.2831
-78.75,2.5,0.281581
-78.75,2.5833359,0.27989
-78.75,2.6666718,0.280356
-78.75,2.75,0.280405
-78.75,2.8333359,0.279743
-78.75,2.9166718,0.278482
-78.75,3.0,0.278951
-78.75,3.0833359,0.280093
-78.75,3.1666718,0.279418
-78.75,3.25,0.278155
-78.75,3.3333359,0.277097
-78.75,3.4166718,0.276172
-78.75,3.5,0.275069
-78.75,3.5833359,0.274466
-78.75,3.6666718,0.273022
-78.75,3.75,0.271982
-78.75,3.8333359,0.270521
-78.75,3.9166718,0.268282
-78.75,4.0,0.267216
-78.75,4.083336,0.266211
-78.75,4.1666718,0.264218
-78.75,4.25,0.261686
-78.75,4.333336,0.258467
-78.75,4.4166718,0.255415
-78.75,4.5,0.253451
-78.75,4.583336,0.252331
-78.75,4.6666718,0.2516
-78.75,4.75,0.250973
-78.75,4.833336,0.25109
-78.75,4.9166718,0.252457
-78.75,5.0,0.254218
-78.75,5.083336,0.255584
-78.75,5.1666718,0.256385
-78.75,5.25,0.256899
-78.75,5.333336,0.256997
-78.75,5.4166718,0.256907
-78.75,5.5,0.256915
-78.75,5.583336,0.257024
-78.75,5.6666718,0.257372
-78.75,5.75,0.258049
-78.75,5.833336,0.258788
-78.75,5.9166718,0.259403
-78.75,6.0,0.260165
-78.75,6.083336,0.260589
-78.75,6.1666718,0.261079
-78.75,6.25,0.26193
-78.75,6.333336,0.262339
-78.75,6.4166718,0.26158
-78.75,6.5,0.259973
-78.75,6.583336,0.257777
-78.75,6.6666718,0.255341
-78.75,6.75,0.252485
-78.75,6.833336,0.24877
-78.75,6.9166718,0.244666
-78.75,7.0,0.241064
-78.75,7.083336,0.23908
-78.75,7.1666718,0.239339
-78.75,7.25,0.241886
-78.75,7.333336,0.246643
-78.75,7.4166718,0.252663
-78.75,7.5,0.259245
-78.75,7.583336,0.266889
-78.75,7.6666718,0.277352
-78.75,7.75,0.291852
-78.75,7.833336,0.306955
-78.75,7.9166718,0.317569
-78.75,8.0,0.32408
-78.75,8.083336,0.327523
-78.75,8.166672,0.330074
-78.75,8.25,0.329424
-78.75,8.333336,0.324875
-78.75,8.416672,0.322774
-78.75,8.5,0.32452
-78.75,8.583336,0.327225
-78.75,8.666672,0.330946
-78.75,8.75,0.333922
-78.75,8.833336,0.334886
-78.75,8.916672,0.0
-78.75,9.0,0.0
-78.75,9.083336,0.0
-78.75,9.166672,0.0
-78.75,9.25,0.0
-78.75,9.333336,0.0
-78.75,9.416672,0.15861
-78.75,9.5,0.156942
-78.75,9.583336,0.153696
-78.75,9.666672,0.15201
-78.75,9.75,0.151451
-78.75,9.833336,0.148659
-78.75,9.916672,0.142591
-78.75,10.0,0.134345
-78.75,10.083336,0.122928
-78.75,10.166672,0.107726
-78.75,10.25,0.090103
-78.75,10.333336,0.073678
-78.75,10.416672,0.060316
-78.75,10.5,0.049884
-78.75,10.583336,0.043214
-78.75,10.666672,0.039403
-78.75,10.75,0.037846
-78.75,10.833336,0.037383
-78.75,10.916672,0.03533
-78.75,11.0,0.032919
-78.75,11.083336,0.03379
-78.75,11.166672,0.036777
-78.75,11.25,0.041666
-78.75,11.333336,0.048355
-78.75,11.416672,0.055675
-78.75,11.5,0.06292
-78.75,11.583336,0.073604
-78.75,11.666672,0.085998
-78.75,11.75,0.098315
-78.75,11.833336,0.112234
-78.75,11.916672,0.125574
-78.75,12.0,0.13643
-78.75,12.083336,0.146783
-78.75,12.166672,0.165093
-78.75,12.25,0.186874
-78.75,12.333336,0.207302
-78.75,12.416672,0.226059
-78.666664,-4.25,0.0
-78.666664,-4.166664,0.0
-78.666664,-4.0833282,0.0
-78.666664,-4.0,0.0
-78.666664,-3.9166641,0.0
-78.666664,-3.8333282,0.0
-78.666664,-3.75,0.0
-78.666664,-3.6666641,0.0
-78.666664,-3.5833282,0.0
-78.666664,-3.5,0.0
-78.666664,-3.4166641,0.0
-78.666664,-3.3333282,0.0
-78.666664,-3.25,0.0
-78.666664,-3.1666641,0.0
-78.666664,-3.0833282,0.0
-78.666664,-3.0,0.0
-78.666664,-2.9166641,0.0
-78.666664,-2.8333282,0.0
-78.666664,-2.75,0.0
-78.666664,-2.6666641,0.0
-78.666664,-2.5833282,0.0
-78.666664,-2.5,0.0
-78.666664,-2.4166641,0.0
-78.666664,-2.3333282,0.0
-78.666664,-2.25,0.0
-78.666664,-2.1666641,0.0
-78.666664,-2.0833282,0.0
-78.666664,-2.0,0.0
-78.666664,-1.9166641,0.0
-78.666664,-1.8333282,0.0
-78.666664,-1.75,0.0
-78.666664,-1.6666641,0.0
-78.666664,-1.5833282,0.0
-78.666664,-1.5,0.0
-78.666664,-1.4166641,0.0
-78.666664,-1.3333282,0.0
-78.666664,-1.25,0.0
-78.666664,-1.1666641,0.0
-78.666664,-1.0833282,0.0
-78.666664,-1.0,0.0
-78.666664,-0.9166641,0.0
-78.666664,-0.83332825,0.0
-78.666664,-0.75,0.0
-78.666664,-0.6666641,0.0
-78.666664,-0.58332825,0.0
-78.666664,-0.5,0.0
-78.666664,-0.41666412,0.0
-78.666664,-0.33332825,0.0
-78.666664,-0.25,0.0
-78.666664,-0.16666412,0.0
-78.666664,-0.08332825,0.0
-78.666664,0.0,0.0
-78.666664,0.08333588,0.0
-78.666664,0.16667175,0.0
-78.666664,0.25,0.0
-78.666664,0.33333588,0.0
-78.666664,0.41667175,0.0
-78.666664,0.5,0.0
-78.666664,0.5833359,0.0
-78.666664,0.66667175,0.0
-78.666664,0.75,0.0
-78.666664,0.8333359,0.0
-78.666664,0.91667175,0.0
-78.666664,1.0,0.0
-78.666664,1.0833359,0.0
-78.666664,1.1666718,0.0
-78.666664,1.25,0.0
-78.666664,1.3333359,0.0
-78.666664,1.4166718,0.0
-78.666664,1.5,0.0
-78.666664,1.5833359,0.0
-78.666664,1.6666718,0.0
-78.666664,1.75,0.0
-78.666664,1.8333359,0.29543
-78.666664,1.9166718,0.293244
-78.666664,2.0,0.294126
-78.666664,2.0833359,0.294641
-78.666664,2.1666718,0.294929
-78.666664,2.25,0.294143
-78.666664,2.3333359,0.289524
-78.666664,2.4166718,0.28601
-78.666664,2.5,0.284136
-78.666664,2.5833359,0.282022
-78.666664,2.6666718,0.281808
-78.666664,2.75,0.281297
-78.666664,2.8333359,0.280875
-78.666664,2.9166718,0.281664
-78.666664,3.0,0.282934
-78.666664,3.0833359,0.282261
-78.666664,3.1666718,0.281209
-78.666664,3.25,0.280562
-78.666664,3.3333359,0.279499
-78.666664,3.4166718,0.277754
-78.666664,3.5,0.276098
-78.666664,3.5833359,0.275081
-78.666664,3.6666718,0.27362
-78.666664,3.75,0.272156
-78.666664,3.8333359,0.271477
-78.666664,3.9166718,0.269544
-78.666664,4.0,0.267904
-78.666664,4.083336,0.266507
-78.666664,4.1666718,0.264538
-78.666664,4.25,0.261878
-78.666664,4.333336,0.258288
-78.666664,4.4166718,0.255052
-78.666664,4.5,0.253158
-78.666664,4.583336,0.251698
-78.666664,4.6666718,0.250544
-78.666664,4.75,0.249739
-78.666664,4.833336,0.250282
-78.666664,4.9166718,0.251862
-78.666664,5.0,0.253752
-78.666664,5.083336,0.255422
-78.666664,5.1666718,0.256278
-78.666664,5.25,0.256717
-78.666664,5.333336,0.256868
-78.666664,5.4166718,0.256853
-78.666664,5.5,0.257142
-78.666664,5.583336,0.25782
-78.666664,5.6666718,0.258572
-78.666664,5.75,0.259339
-78.666664,5.833336,0.260274
-78.666664,5.9166718,0.261254
-78.666664,6.0,0.262155
-78.666664,6.083336,0.262478
-78.666664,6.1666718,0.262664
-78.666664,6.25,0.263353
-78.666664,6.333336,0.264034
-78.666664,6.4166718,0.263743
-78.666664,6.5,0.262428
-78.666664,6.583336,0.260449
-78.666664,6.6666718,0.25802
-78.666664,6.75,0.255712
-78.666664,6.833336,0.2532
-78.666664,6.9166718,0.250167
-78.666664,7.0,0.247177
-78.666664,7.083336,0.245625
-78.666664,7.1666718,0.246547
-78.666664,7.25,0.249615
-78.666664,7.333336,0.254024
-78.666664,7.4166718,0.259755
-78.666664,7.5,0.266549
-78.666664,7.583336,0.276174
-78.666664,7.6666718,0.288241
-78.666664,7.75,0.302186
-78.666664,7.833336,0.315073
-78.666664,7.9166718,0.323079
-78.666664,8.0,0.326753
-78.666664,8.083336,0.329478
-78.666664,8.166672,0.332049
-78.666664,8.25,0.331966
-78.666664,8.333336,0.329791
-78.666664,8.416672,0.328516
-78.666664,8.5,0.32951
-78.666664,8.583336,0.331597
-78.666664,8.666672,0.3344
-78.666664,8.75,0.336123
-78.666664,8.833336,0.0
-78.666664,8.916672,0.0
-78.666664,9.0,0.0
-78.666664,9.083336,0.0
-78.666664,9.166672,0.0
-78.666664,9.25,0.0
-78.666664,9.333336,0.0
-78.666664,9.416672,0.155948
-78.666664,9.5,0.154233
-78.666664,9.583336,0.151751
-78.666664,9.666672,0.150819
-78.666664,9.75,0.150574
-78.666664,9.833336,0.148162
-78.666664,9.916672,0.142382
-78.666664,10.0,0.134336
-78.666664,10.083336,0.124113
-78.666664,10.166672,0.110638
-78.666664,10.25,0.094701
-78.666664,10.333336,0.078972
-78.666664,10.416672,0.065402
-78.666664,10.5,0.055088
-78.666664,10.583336,0.048361
-78.666664,10.666672,0.044001
-78.666664,10.75,0.042013
-78.666664,10.833336,0.040186
-78.666664,10.916672,0.036172
-78.666664,11.0,0.034481
-78.666664,11.083336,0.035893
-78.666664,11.166672,0.039655
-78.666664,11.25,0.045377
-78.666664,11.333336,0.052401
-78.666664,11.416672,0.05905
-78.666664,11.5,0.067109
-78.666664,11.583336,0.078928
-78.666664,11.666672,0.090895
-78.666664,11.75,0.103486
-78.666664,11.833336,0.117094
-78.666664,11.916672,0.128617
-78.666664,12.0,0.137496
-78.666664,12.083336,0.15028
-78.666664,12.166672,0.170982
-78.666664,12.25,0.193196
-78.666664,12.333336,0.213956
-78.666664,12.416672,0.232273
-78.58333,-4.25,0.0
-78.58333,-4.166664,0.0
-78.58333,-4.0833282,0.0
-78.58333,-4.0,0.0
-78.58333,-3.9166641,0.0
-78.58333,-3.8333282,0.0
-78.58333,-3.75,0.0
-78.58333,-3.6666641,0.0
-78.58333,-3.5833282,0.0
-78.58333,-3.5,0.0
-78.58333,-3.4166641,0.0
-78.58333,-3.3333282,0.0
-78.58333,-3.25,0.0
-78.58333,-3.1666641,0.0
-78.58333,-3.0833282,0.0
-78.58333,-3.0,0.0
-78.58333,-2.9166641,0.0
-78.58333,-2.8333282,0.0
-78.58333,-2.75,0.0
-78.58333,-2.6666641,0.0
-78.58333,-2.5833282,0.0
-78.58333,-2.5,0.0
-78.58333,-2.4166641,0.0
-78.58333,-2.3333282,0.0
-78.58333,-2.25,0.0
-78.58333,-2.1666641,0.0
-78.58333,-2.0833282,0.0
-78.58333,-2.0,0.0
-78.58333,-1.9166641,0.0
-78.58333,-1.8333282,0.0
-78.58333,-1.75,0.0
-78.58333,-1.6666641,0.0
-78.58333,-1.5833282,0.0
-78.58333,-1.5,0.0
-78.58333,-1.4166641,0.0
-78.58333,-1.3333282,0.0
-78.58333,-1.25,0.0
-78.58333,-1.1666641,0.0
-78.58333,-1.0833282,0.0
-78.58333,-1.0,0.0
-78.58333,-0.9166641,0.0
-78.58333,-0.83332825,0.0
-78.58333,-0.75,0.0
-78.58333,-0.6666641,0.0
-78.58333,-0.58332825,0.0
-78.58333,-0.5,0.0
-78.58333,-0.41666412,0.0
-78.58333,-0.33332825,0.0
-78.58333,-0.25,0.0
-78.58333,-0.16666412,0.0
-78.58333,-0.08332825,0.0
-78.58333,0.0,0.0
-78.58333,0.08333588,0.0
-78.58333,0.16667175,0.0
-78.58333,0.25,0.0
-78.58333,0.33333588,0.0
-78.58333,0.41667175,0.0
-78.58333,0.5,0.0
-78.58333,0.5833359,0.0
-78.58333,0.66667175,0.0
-78.58333,0.75,0.0
-78.58333,0.8333359,0.0
-78.58333,0.91667175,0.0
-78.58333,1.0,0.0
-78.58333,1.0833359,0.0
-78.58333,1.1666718,0.0
-78.58333,1.25,0.0
-78.58333,1.3333359,0.0
-78.58333,1.4166718,0.0
-78.58333,1.5,0.0
-78.58333,1.5833359,0.0
-78.58333,1.6666718,0.0
-78.58333,1.75,0.0
-78.58333,1.8333359,0.29732
-78.58333,1.9166718,0.296587
-78.58333,2.0,0.297035
-78.58333,2.0833359,0.0
-78.58333,2.1666718,0.0
-78.58333,2.25,0.0
-78.58333,2.3333359,0.0
-78.58333,2.4166718,0.284403
-78.58333,2.5,0.284402
-78.58333,2.5833359,0.282863
-78.58333,2.6666718,0.282714
-78.58333,2.75,0.282564
-78.58333,2.8333359,0.283246
-78.58333,2.9166718,0.284243
-78.58333,3.0,0.284189
-78.58333,3.0833359,0.283139
-78.58333,3.1666718,0.282331
-78.58333,3.25,0.281714
-78.58333,3.3333359,0.280013
-78.58333,3.4166718,0.277934
-78.58333,3.5,0.276041
-78.58333,3.5833359,0.27491
-78.58333,3.6666718,0.274048
-78.58333,3.75,0.272813
-78.58333,3.8333359,0.272338
-78.58333,3.9166718,0.270876
-78.58333,4.0,0.268444
-78.58333,4.083336,0.266379
-78.58333,4.1666718,0.264615
-78.58333,4.25,0.262355
-78.58333,4.333336,0.258883
-78.58333,4.4166718,0.255417
-78.58333,4.5,0.253214
-78.58333,4.583336,0.251507
-78.58333,4.6666718,0.250203
-78.58333,4.75,0.249388
-78.58333,4.833336,0.2498
-78.58333,4.9166718,0.251071
-78.58333,5.0,0.253024
-78.58333,5.083336,0.254876
-78.58333,5.1666718,0.255943
-78.58333,5.25,0.25636
-78.58333,5.333336,0.256529
-78.58333,5.4166718,0.256534
-78.58333,5.5,0.256985
-78.58333,5.583336,0.258044
-78.58333,5.6666718,0.259171
-78.58333,5.75,0.260152
-78.58333,5.833336,0.261455
-78.58333,5.9166718,0.26288
-78.58333,6.0,0.264053
-78.58333,6.083336,0.26455
-78.58333,6.1666718,0.264942
-78.58333,6.25,0.265769
-78.58333,6.333336,0.266421
-78.58333,6.4166718,0.266423
-78.58333,6.5,0.265484
-78.58333,6.583336,0.26385
-78.58333,6.6666718,0.26167
-78.58333,6.75,0.259557
-78.58333,6.833336,0.258015
-78.58333,6.9166718,0.256152
-78.58333,7.0,0.25432
-78.58333,7.083336,0.253573
-78.58333,7.1666718,0.254746
-78.58333,7.25,0.257209
-78.58333,7.333336,0.261504
-78.58333,7.4166718,0.267818
-78.58333,7.5,0.275591
-78.58333,7.583336,0.287198
-78.58333,7.6666718,0.298942
-78.58333,7.75,0.311309
-78.58333,7.833336,0.321103
-78.58333,7.9166718,0.326521
-78.58333,8.0,0.328772
-78.58333,8.083336,0.332065
-78.58333,8.166672,0.33434
-78.58333,8.25,0.334694
-78.58333,8.333336,0.334199
-78.58333,8.416672,0.33468
-78.58333,8.5,0.33463
-78.58333,8.583336,0.335424
-78.58333,8.666672,0.337174
-78.58333,8.75,0.338123
-78.58333,8.833336,0.0
-78.58333,8.916672,0.0
-78.58333,9.0,0.0
-78.58333,9.083336,0.0
-78.58333,9.166672,0.0
-78.58333,9.25,0.0
-78.58333,9.333336,0.0
-78.58333,9.416672,0.153158
-78.58333,9.5,0.151638
-78.58333,9.583336,0.150259
-78.58333,9.666672,0.150314
-78.58333,9.75,0.15001
-78.58333,9.833336,0.147668
-78.58333,9.916672,0.142156
-78.58333,10.0,0.134246
-78.58333,10.083336,0.124658
-78.58333,10.166672,0.112673
-78.58333,10.25,0.098332
-78.58333,10.333336,0.083563
-78.58333,10.416672,0.070684
-78.58333,10.5,0.060745
-78.58333,10.583336,0.053433
-78.58333,10.666672,0.048838
-78.58333,10.75,0.045857
-78.58333,10.833336,0.041723
-78.58333,10.916672,0.037356
-78.58333,11.0,0.036541
-78.58333,11.083336,0.038773
-78.58333,11.166672,0.04323
-78.58333,11.25,0.049383
-78.58333,11.333336,0.055762
-78.58333,11.416672,0.062172
-78.58333,11.5,0.071435
-78.58333,11.583336,0.083456
-78.58333,11.666672,0.095268
-78.58333,11.75,0.108166
-78.58333,11.833336,0.12086
-78.58333,11.916672,0.129765
-78.58333,12.0,0.139012
-78.58333,12.083336,0.153684
-78.58333,12.166672,0.175538
-78.58333,12.25,0.198822
-78.58333,12.333336,0.219635
-78.58333,12.416672,0.236932
-78.5,-4.25,0.0
-78.5,-4.166664,0.0
-78.5,-4.0833282,0.0
-78.5,-4.0,0.0
-78.5,-3.9166641,0.0
-78.5,-3.8333282,0.0
-78.5,-3.75,0.0
-78.5,-3.6666641,0.0
-78.5,-3.5833282,0.0
-78.5,-3.5,0.0
-78.5,-3.4166641,0.0
-78.5,-3.3333282,0.0
-78.5,-3.25,0.0
-78.5,-3.1666641,0.0
-78.5,-3.0833282,0.0
-78.5,-3.0,0.0
-78.5,-2.9166641,0.0
-78.5,-2.8333282,0.0
-78.5,-2.75,0.0
-78.5,-2.6666641,0.0
-78.5,-2.5833282,0.0
-78.5,-2.5,0.0
-78.5,-2.4166641,0.0
-78.5,-2.3333282,0.0
-78.5,-2.25,0.0
-78.5,-2.1666641,0.0
-78.5,-2.0833282,0.0
-78.5,-2.0,0.0
-78.5,-1.9166641,0.0
-78.5,-1.8333282,0.0
-78.5,-1.75,0.0
-78.5,-1.6666641,0.0
-78.5,-1.5833282,0.0
-78.5,-1.5,0.0
-78.5,-1.4166641,0.0
-78.5,-1.3333282,0.0
-78.5,-1.25,0.0
-78.5,-1.1666641,0.0
-78.5,-1.0833282,0.0
-78.5,-1.0,0.0
-78.5,-0.9166641,0.0
-78.5,-0.83332825,0.0
-78.5,-0.75,0.0
-78.5,-0.6666641,0.0
-78.5,-0.58332825,0.0
-78.5,-0.5,0.0
-78.5,-0.41666412,0.0
-78.5,-0.33332825,0.0
-78.5,-0.25,0.0
-78.5,-0.16666412,0.0
-78.5,-0.08332825,0.0
-78.5,0.0,0.0
-78.5,0.08333588,0.0
-78.5,0.16667175,0.0
-78.5,0.25,0.0
-78.5,0.33333588,0.0
-78.5,0.41667175,0.0
-78.5,0.5,0.0
-78.5,0.5833359,0.0
-78.5,0.66667175,0.0
-78.5,0.75,0.0
-78.5,0.8333359,0.0
-78.5,0.91667175,0.0
-78.5,1.0,0.0
-78.5,1.0833359,0.0
-78.5,1.1666718,0.0
-78.5,1.25,0.0
-78.5,1.3333359,0.0
-78.5,1.4166718,0.0
-78.5,1.5,0.0
-78.5,1.5833359,0.0
-78.5,1.6666718,0.0
-78.5,1.75,0.0
-78.5,1.8333359,0.0
-78.5,1.9166718,0.0
-78.5,2.0,0.0
-78.5,2.0833359,0.0
-78.5,2.1666718,0.0
-78.5,2.25,0.0
-78.5,2.3333359,0.0
-78.5,2.4166718,0.0
-78.5,2.5,0.285345
-78.5,2.5833359,0.283243
-78.5,2.6666718,0.283846
-78.5,2.75,0.283515
-78.5,2.8333359,0.284901
-78.5,2.9166718,0.285148
-78.5,3.0,0.285064
-78.5,3.0833359,0.284359
-78.5,3.1666718,0.283717
-78.5,3.25,0.282646
-78.5,3.3333359,0.280823
-78.5,3.4166718,0.27903
-78.5,3.5,0.277386
-78.5,3.5833359,0.275979
-78.5,3.6666718,0.275156
-78.5,3.75,0.273685
-78.5,3.8333359,0.272674
-78.5,3.9166718,0.271707
-78.5,4.0,0.269091
-78.5,4.083336,0.266125
-78.5,4.1666718,0.264226
-78.5,4.25,0.262603
-78.5,4.333336,0.259826
-78.5,4.4166718,0.256319
-78.5,4.5,0.253757
-78.5,4.583336,0.25193
-78.5,4.6666718,0.250248
-78.5,4.75,0.249121
-78.5,4.833336,0.249559
-78.5,4.9166718,0.250765
-78.5,5.0,0.252219
-78.5,5.083336,0.253901
-78.5,5.1666718,0.25526
-78.5,5.25,0.256042
-78.5,5.333336,0.256457
-78.5,5.4166718,0.256522
-78.5,5.5,0.256771
-78.5,5.583336,0.257737
-78.5,5.6666718,0.259265
-78.5,5.75,0.260746
-78.5,5.833336,0.262259
-78.5,5.9166718,0.263997
-78.5,6.0,0.265388
-78.5,6.083336,0.266502
-78.5,6.1666718,0.267732
-78.5,6.25,0.268714
-78.5,6.333336,0.269409
-78.5,6.4166718,0.269578
-78.5,6.5,0.269172
-78.5,6.583336,0.267927
-78.5,6.6666718,0.266208
-78.5,6.75,0.264501
-78.5,6.833336,0.263326
-78.5,6.9166718,0.262146
-78.5,7.0,0.261528
-78.5,7.083336,0.261302
-78.5,7.1666718,0.262366
-78.5,7.25,0.264666
-78.5,7.333336,0.269655
-78.5,7.4166718,0.276864
-78.5,7.5,0.28652
-78.5,7.583336,0.297716
-78.5,7.6666718,0.308193
-78.5,7.75,0.318478
-78.5,7.833336,0.325047
-78.5,7.9166718,0.327919
-78.5,8.0,0.329551
-78.5,8.083336,0.333036
-78.5,8.166672,0.335393
-78.5,8.25,0.33628
-78.5,8.333336,0.336342
-78.5,8.416672,0.337152
-78.5,8.5,0.337835
-78.5,8.583336,0.338846
-78.5,8.666672,0.338764
-78.5,8.75,0.0
-78.5,8.833336,0.0
-78.5,8.916672,0.0
-78.5,9.0,0.0
-78.5,9.083336,0.0
-78.5,9.166672,0.0
-78.5,9.25,0.0
-78.5,9.333336,0.0
-78.5,9.416672,0.150721
-78.5,9.5,0.14996
-78.5,9.583336,0.149809
-78.5,9.666672,0.150283
-78.5,9.75,0.149498
-78.5,9.833336,0.146862
-78.5,9.916672,0.141294
-78.5,10.0,0.133391
-78.5,10.083336,0.12421
-78.5,10.166672,0.11358
-78.5,10.25,0.100794
-78.5,10.333336,0.087465
-78.5,10.416672,0.075304
-78.5,10.5,0.06527
-78.5,10.583336,0.057911
-78.5,10.666672,0.053141
-78.5,10.75,0.048446
-78.5,10.833336,0.042436
-78.5,10.916672,0.039148
-78.5,11.0,0.039311
-78.5,11.083336,0.042263
-78.5,11.166672,0.047102
-78.5,11.25,0.052716
-78.5,11.333336,0.058225
-78.5,11.416672,0.065299
-78.5,11.5,0.075282
-78.5,11.583336,0.087532
-78.5,11.666672,0.099133
-78.5,11.75,0.111901
-78.5,11.833336,0.122909
-78.5,11.916672,0.130095
-78.5,12.0,0.140959
-78.5,12.083336,0.155413
-78.5,12.166672,0.179347
-78.5,12.25,0.203296
-78.5,12.333336,0.223549
-78.5,12.416672,0.240289
-78.416664,-4.25,0.0
-78.416664,-4.166664,0.0
-78.416664,-4.0833282,0.0
-78.416664,-4.0,0.0
-78.416664,-3.9166641,0.0
-78.416664,-3.8333282,0.0
-78.416664,-3.75,0.0
-78.416664,-3.6666641,0.0
-78.416664,-3.5833282,0.0
-78.416664,-3.5,0.0
-78.416664,-3.4166641,0.0
-78.416664,-3.3333282,0.0
-78.416664,-3.25,0.0
-78.416664,-3.1666641,0.0
-78.416664,-3.0833282,0.0
-78.416664,-3.0,0.0
-78.416664,-2.9166641,0.0
-78.416664,-2.8333282,0.0
-78.416664,-2.75,0.0
-78.416664,-2.6666641,0.0
-78.416664,-2.5833282,0.0
-78.416664,-2.5,0.0
-78.416664,-2.4166641,0.0
-78.416664,-2.3333282,0.0
-78.416664,-2.25,0.0
-78.416664,-2.1666641,0.0
-78.416664,-2.0833282,0.0
-78.416664,-2.0,0.0
-78.416664,-1.9166641,0.0
-78.416664,-1.8333282,0.0
-78.416664,-1.75,0.0
-78.416664,-1.6666641,0.0
-78.416664,-1.5833282,0.0
-78.416664,-1.5,0.0
-78.416664,-1.4166641,0.0
-78.416664,-1.3333282,0.0
-78.416664,-1.25,0.0
-78.416664,-1.1666641,0.0
-78.416664,-1.0833282,0.0
-78.416664,-1.0,0.0
-78.416664,-0.9166641,0.0
-78.416664,-0.83332825,0.0
-78.416664,-0.75,0.0
-78.416664,-0.6666641,0.0
-78.416664,-0.58332825,0.0
-78.416664,-0.5,0.0
-78.416664,-0.41666412,0.0
-78.416664,-0.33332825,0.0
-78.416664,-0.25,0.0
-78.416664,-0.16666412,0.0
-78.416664,-0.08332825,0.0
-78.416664,0.0,0.0
-78.416664,0.08333588,0.0
-78.416664,0.16667175,0.0
-78.416664,0.25,0.0
-78.416664,0.33333588,0.0
-78.416664,0.41667175,0.0
-78.416664,0.5,0.0
-78.416664,0.5833359,0.0
-78.416664,0.66667175,0.0
-78.416664,0.75,0.0
-78.416664,0.8333359,0.0
-78.416664,0.91667175,0.0
-78.416664,1.0,0.0
-78.416664,1.0833359,0.0
-78.416664,1.1666718,0.0
-78.416664,1.25,0.0
-78.416664,1.3333359,0.0
-78.416664,1.4166718,0.0
-78.416664,1.5,0.0
-78.416664,1.5833359,0.0
-78.416664,1.6666718,0.0
-78.416664,1.75,0.0
-78.416664,1.8333359,0.0
-78.416664,1.9166718,0.0
-78.416664,2.0,0.0
-78.416664,2.0833359,0.0
-78.416664,2.1666718,0.0
-78.416664,2.25,0.0
-78.416664,2.3333359,0.0
-78.416664,2.4166718,0.0
-78.416664,2.5,0.0
-78.416664,2.5833359,0.280913
-78.416664,2.6666718,0.283252
-78.416664,2.75,0.284019
-78.416664,2.8333359,0.285607
-78.416664,2.9166718,0.285978
-78.416664,3.0,0.285936
-78.416664,3.0833359,0.285646
-78.416664,3.1666718,0.285178
-78.416664,3.25,0.283966
-78.416664,3.3333359,0.28191
-78.416664,3.4166718,0.279755
-78.416664,3.5,0.278275
-78.416664,3.5833359,0.277383
-78.416664,3.6666718,0.276371
-78.416664,3.75,0.274948
-78.416664,3.8333359,0.273253
-78.416664,3.9166718,0.271856
-78.416664,4.0,0.269909
-78.416664,4.083336,0.266787
-78.416664,4.1666718,0.264253
-78.416664,4.25,0.262579
-78.416664,4.333336,0.260478
-78.416664,4.4166718,0.257324
-78.416664,4.5,0.254602
-78.416664,4.583336,0.252518
-78.416664,4.6666718,0.250562
-78.416664,4.75,0.249332
-78.416664,4.833336,0.249613
-78.416664,4.9166718,0.250516
-78.416664,5.0,0.251352
-78.416664,5.083336,0.25284
-78.416664,5.1666718,0.254416
-78.416664,5.25,0.255545
-78.416664,5.333336,0.256217
-78.416664,5.4166718,0.256566
-78.416664,5.5,0.256871
-78.416664,5.583336,0.257718
-78.416664,5.6666718,0.259225
-78.416664,5.75,0.260817
-78.416664,5.833336,0.262583
-78.416664,5.9166718,0.264543
-78.416664,6.0,0.266739
-78.416664,6.083336,0.268691
-78.416664,6.1666718,0.270328
-78.416664,6.25,0.271777
-78.416664,6.333336,0.272579
-78.416664,6.4166718,0.272955
-78.416664,6.5,0.272824
-78.416664,6.583336,0.272244
-78.416664,6.6666718,0.271185
-78.416664,6.75,0.269879
-78.416664,6.833336,0.268835
-78.416664,6.9166718,0.268143
-78.416664,7.0,0.267872
-78.416664,7.083336,0.267915
-78.416664,7.1666718,0.269502
-78.416664,7.25,0.273091
-78.416664,7.333336,0.278292
-78.416664,7.4166718,0.287197
-78.416664,7.5,0.296932
-78.416664,7.583336,0.307025
-78.416664,7.6666718,0.316098
-78.416664,7.75,0.323713
-78.416664,7.833336,0.327001
-78.416664,7.9166718,0.328416
-78.416664,8.0,0.329778
-78.416664,8.083336,0.332932
-78.416664,8.166672,0.335301
-78.416664,8.25,0.336334
-78.416664,8.333336,0.336497
-78.416664,8.416672,0.337254
-78.416664,8.5,0.0
-78.416664,8.583336,0.0
-78.416664,8.666672,0.0
-78.416664,8.75,0.0
-78.416664,8.833336,0.0
-78.416664,8.916672,0.0
-78.416664,9.0,0.0
-78.416664,9.083336,0.0
-78.416664,9.166672,0.0
-78.416664,9.25,0.0
-78.416664,9.333336,0.0
-78.416664,9.416672,0.149826
-78.416664,9.5,0.149392
-78.416664,9.583336,0.149471
-78.416664,9.666672,0.149627
-78.416664,9.75,0.14858
-78.416664,9.833336,0.145485
-78.416664,9.916672,0.139769
-78.416664,10.0,0.1321
-78.416664,10.083336,0.123545
-78.416664,10.166672,0.113881
-78.416664,10.25,0.102306
-78.416664,10.333336,0.089679
-78.416664,10.416672,0.078077
-78.416664,10.5,0.068566
-78.416664,10.583336,0.0617
-78.416664,10.666672,0.055736
-78.416664,10.75,0.048477
-78.416664,10.833336,0.043069
-78.416664,10.916672,0.041372
-78.416664,11.0,0.04303
-78.416664,11.083336,0.04653
-78.416664,11.166672,0.050875
-78.416664,11.25,0.055504
-78.416664,11.333336,0.060797
-78.416664,11.416672,0.068354
-78.416664,11.5,0.078675
-78.416664,11.583336,0.091142
-78.416664,11.666672,0.102272
-78.416664,11.75,0.114315
-78.416664,11.833336,0.123473
-78.416664,11.916672,0.130459
-78.416664,12.0,0.14156
-78.416664,12.083336,0.15656
-78.416664,12.166672,0.182057
-78.416664,12.25,0.206518
-78.416664,12.333336,0.225975
-78.416664,12.416672,0.242599
-78.33333,-4.25,0.0
-78.33333,-4.166664,0.0
-78.33333,-4.0833282,0.0
-78.33333,-4.0,0.0
-78.33333,-3.9166641,0.0
-78.33333,-3.8333282,0.0
-78.33333,-3.75,0.0
-78.33333,-3.6666641,0.0
-78.33333,-3.5833282,0.0
-78.33333,-3.5,0.0
-78.33333,-3.4166641,0.0
-78.33333,-3.3333282,0.0
-78.33333,-3.25,0.0
-78.33333,-3.1666641,0.0
-78.33333,-3.0833282,0.0
-78.33333,-3.0,0.0
-78.33333,-2.9166641,0.0
-78.33333,-2.8333282,0.0
-78.33333,-2.75,0.0
-78.33333,-2.6666641,0.0
-78.33333,-2.5833282,0.0
-78.33333,-2.5,0.0
-78.33333,-2.4166641,0.0
-78.33333,-2.3333282,0.0
-78.33333,-2.25,0.0
-78.33333,-2.1666641,0.0
-78.33333,-2.0833282,0.0
-78.33333,-2.0,0.0
-78.33333,-1.9166641,0.0
-78.33333,-1.8333282,0.0
-78.33333,-1.75,0.0
-78.33333,-1.6666641,0.0
-78.33333,-1.5833282,0.0
-78.33333,-1.5,0.0
-78.33333,-1.4166641,0.0
-78.33333,-1.3333282,0.0
-78.33333,-1.25,0.0
-78.33333,-1.1666641,0.0
-78.33333,-1.0833282,0.0
-78.33333,-1.0,0.0
-78.33333,-0.9166641,0.0
-78.33333,-0.83332825,0.0
-78.33333,-0.75,0.0
-78.33333,-0.6666641,0.0
-78.33333,-0.58332825,0.0
-78.33333,-0.5,0.0
-78.33333,-0.41666412,0.0
-78.33333,-0.33332825,0.0
-78.33333,-0.25,0.0
-78.33333,-0.16666412,0.0
-78.33333,-0.08332825,0.0
-78.33333,0.0,0.0
-78.33333,0.08333588,0.0
-78.33333,0.16667175,0.0
-78.33333,0.25,0.0
-78.33333,0.33333588,0.0
-78.33333,0.41667175,0.0
-78.33333,0.5,0.0
-78.33333,0.5833359,0.0
-78.33333,0.66667175,0.0
-78.33333,0.75,0.0
-78.33333,0.8333359,0.0
-78.33333,0.91667175,0.0
-78.33333,1.0,0.0
-78.33333,1.0833359,0.0
-78.33333,1.1666718,0.0
-78.33333,1.25,0.0
-78.33333,1.3333359,0.0
-78.33333,1.4166718,0.0
-78.33333,1.5,0.0
-78.33333,1.5833359,0.0
-78.33333,1.6666718,0.0
-78.33333,1.75,0.0
-78.33333,1.8333359,0.0
-78.33333,1.9166718,0.0
-78.33333,2.0,0.0
-78.33333,2.0833359,0.0
-78.33333,2.1666718,0.0
-78.33333,2.25,0.0
-78.33333,2.3333359,0.0
-78.33333,2.4166718,0.0
-78.33333,2.5,0.0
-78.33333,2.5833359,0.0
-78.33333,2.6666718,0.283598
-78.33333,2.75,0.286037
-78.33333,2.8333359,0.28626
-78.33333,2.9166718,0.286631
-78.33333,3.0,0.286498
-78.33333,3.0833359,0.286089
-78.33333,3.1666718,0.285158
-78.33333,3.25,0.283818
-78.33333,3.3333359,0.281729
-78.33333,3.4166718,0.279502
-78.33333,3.5,0.278625
-78.33333,3.5833359,0.278094
-78.33333,3.6666718,0.277236
-78.33333,3.75,0.27586
-78.33333,3.8333359,0.273955
-78.33333,3.9166718,0.272184
-78.33333,4.0,0.270716
-78.33333,4.083336,0.268374
-78.33333,4.1666718,0.265444
-78.33333,4.25,0.263394
-78.33333,4.333336,0.261405
-78.33333,4.4166718,0.258551
-78.33333,4.5,0.25571
-78.33333,4.583336,0.253656
-78.33333,4.6666718,0.25163
-78.33333,4.75,0.250019
-78.33333,4.833336,0.249914
-78.33333,4.9166718,0.250172
-78.33333,5.0,0.250555
-78.33333,5.083336,0.251926
-78.33333,5.1666718,0.25383
-78.33333,5.25,0.255379
-78.33333,5.333336,0.256288
-78.33333,5.4166718,0.256986
-78.33333,5.5,0.257481
-78.33333,5.583336,0.258332
-78.33333,5.6666718,0.259675
-78.33333,5.75,0.261105
-78.33333,5.833336,0.262823
-78.33333,5.9166718,0.265594
-78.33333,6.0,0.268492
-78.33333,6.083336,0.27102
-78.33333,6.1666718,0.272904
-78.33333,6.25,0.274606
-78.33333,6.333336,0.27598
-78.33333,6.4166718,0.276771
-78.33333,6.5,0.276769
-78.33333,6.583336,0.276077
-78.33333,6.6666718,0.274952
-78.33333,6.75,0.274138
-78.33333,6.833336,0.274006
-78.33333,6.9166718,0.273573
-78.33333,7.0,0.27323
-78.33333,7.083336,0.274062
-78.33333,7.1666718,0.277482
-78.33333,7.25,0.281554
-78.33333,7.333336,0.287916
-78.33333,7.4166718,0.298555
-78.33333,7.5,0.306934
-78.33333,7.583336,0.315875
-78.33333,7.6666718,0.322162
-78.33333,7.75,0.326759
-78.33333,7.833336,0.327519
-78.33333,7.9166718,0.0
-78.33333,8.0,0.0
-78.33333,8.083336,0.0
-78.33333,8.166672,0.3354
-78.33333,8.25,0.336481
-78.33333,8.333336,0.336802
-78.33333,8.416672,0.337342
-78.33333,8.5,0.0
-78.33333,8.583336,0.0
-78.33333,8.666672,0.0
-78.33333,8.75,0.0
-78.33333,8.833336,0.0
-78.33333,8.916672,0.0
-78.33333,9.0,0.0
-78.33333,9.083336,0.0
-78.33333,9.166672,0.0
-78.33333,9.25,0.0
-78.33333,9.333336,0.0
-78.33333,9.416672,0.148858
-78.33333,9.5,0.147866
-78.33333,9.583336,0.148263
-78.33333,9.666672,0.148548
-78.33333,9.75,0.147126
-78.33333,9.833336,0.143456
-78.33333,9.916672,0.137585
-78.33333,10.0,0.130161
-78.33333,10.083336,0.121786
-78.33333,10.166672,0.112416
-78.33333,10.25,0.101312
-78.33333,10.333336,0.089807
-78.33333,10.416672,0.079526
-78.33333,10.5,0.07088
-78.33333,10.583336,0.063049
-78.33333,10.666672,0.054528
-78.33333,10.75,0.047675
-78.33333,10.833336,0.045174
-78.33333,10.916672,0.04514
-78.33333,11.0,0.047428
-78.33333,11.083336,0.050629
-78.33333,11.166672,0.054083
-78.33333,11.25,0.057688
-78.33333,11.333336,0.063038
-78.33333,11.416672,0.071098
-78.33333,11.5,0.081892
-78.33333,11.583336,0.093707
-78.33333,11.666672,0.105049
-78.33333,11.75,0.115565
-78.33333,11.833336,0.123734
-78.33333,11.916672,0.130634
-78.33333,12.0,0.141652
-78.33333,12.083336,0.156616
-78.33333,12.166672,0.183477
-78.33333,12.25,0.208451
-78.33333,12.333336,0.227372
-78.33333,12.416672,0.24344
-78.25,-4.25,0.0
-78.25,-4.166664,0.0
-78.25,-4.0833282,0.0
-78.25,-4.0,0.0
-78.25,-3.9166641,0.0
-78.25,-3.8333282,0.0
-78.25,-3.75,0.0
-78.25,-3.6666641,0.0
-78.25,-3.5833282,0.0
-78.25,-3.5,0.0
-78.25,-3.4166641,0.0
-78.25,-3.3333282,0.0
-78.25,-3.25,0.0
-78.25,-3.1666641,0.0
-78.25,-3.0833282,0.0
-78.25,-3.0,0.0
-78.25,-2.9166641,0.0
-78.25,-2.8333282,0.0
-78.25,-2.75,0.0
-78.25,-2.6666641,0.0
-78.25,-2.5833282,0.0
-78.25,-2.5,0.0
-78.25,-2.4166641,0.0
-78.25,-2.3333282,0.0
-78.25,-2.25,0.0
-78.25,-2.1666641,0.0
-78.25,-2.0833282,0.0
-78.25,-2.0,0.0
-78.25,-1.9166641,0.0
-78.25,-1.8333282,0.0
-78.25,-1.75,0.0
-78.25,-1.6666641,0.0
-78.25,-1.5833282,0.0
-78.25,-1.5,0.0
-78.25,-1.4166641,0.0
-78.25,-1.3333282,0.0
-78.25,-1.25,0.0
-78.25,-1.1666641,0.0
-78.25,-1.0833282,0.0
-78.25,-1.0,0.0
-78.25,-0.9166641,0.0
-78.25,-0.83332825,0.0
-78.25,-0.75,0.0
-78.25,-0.6666641,0.0
-78.25,-0.58332825,0.0
-78.25,-0.5,0.0
-78.25,-0.41666412,0.0
-78.25,-0.33332825,0.0
-78.25,-0.25,0.0
-78.25,-0.16666412,0.0
-78.25,-0.08332825,0.0
-78.25,0.0,0.0
-78.25,0.08333588,0.0
-78.25,0.16667175,0.0
-78.25,0.25,0.0
-78.25,0.33333588,0.0
-78.25,0.41667175,0.0
-78.25,0.5,0.0
-78.25,0.5833359,0.0
-78.25,0.66667175,0.0
-78.25,0.75,0.0
-78.25,0.8333359,0.0
-78.25,0.91667175,0.0
-78.25,1.0,0.0
-78.25,1.0833359,0.0
-78.25,1.1666718,0.0
-78.25,1.25,0.0
-78.25,1.3333359,0.0
-78.25,1.4166718,0.0
-78.25,1.5,0.0
-78.25,1.5833359,0.0
-78.25,1.6666718,0.0
-78.25,1.75,0.0
-78.25,1.8333359,0.0
-78.25,1.9166718,0.0
-78.25,2.0,0.0
-78.25,2.0833359,0.0
-78.25,2.1666718,0.0
-78.25,2.25,0.0
-78.25,2.3333359,0.0
-78.25,2.4166718,0.0
-78.25,2.5,0.0
-78.25,2.5833359,0.0
-78.25,2.6666718,0.288313
-78.25,2.75,0.288295
-78.25,2.8333359,0.286276
-78.25,2.9166718,0.286037
-78.25,3.0,0.286519
-78.25,3.0833359,0.285908
-78.25,3.1666718,0.285076
-78.25,3.25,0.28388
-78.25,3.3333359,0.28209
-78.25,3.4166718,0.280106
-78.25,3.5,0.279233
-78.25,3.5833359,0.279324
-78.25,3.6666718,0.279351
-78.25,3.75,0.277688
-78.25,3.8333359,0.275722
-78.25,3.9166718,0.273063
-78.25,4.0,0.27186
-78.25,4.083336,0.270438
-78.25,4.1666718,0.26793
-78.25,4.25,0.265613
-78.25,4.333336,0.263252
-78.25,4.4166718,0.260315
-78.25,4.5,0.257397
-78.25,4.583336,0.255082
-78.25,4.6666718,0.252909
-78.25,4.75,0.251005
-78.25,4.833336,0.250175
-78.25,4.9166718,0.249868
-78.25,5.0,0.250101
-78.25,5.083336,0.251488
-78.25,5.1666718,0.253409
-78.25,5.25,0.255065
-78.25,5.333336,0.256375
-78.25,5.4166718,0.25743
-78.25,5.5,0.258399
-78.25,5.583336,0.259543
-78.25,5.6666718,0.260802
-78.25,5.75,0.262317
-78.25,5.833336,0.2642
-78.25,5.9166718,0.266957
-78.25,6.0,0.270209
-78.25,6.083336,0.273154
-78.25,6.1666718,0.275371
-78.25,6.25,0.277136
-78.25,6.333336,0.278995
-78.25,6.4166718,0.280521
-78.25,6.5,0.281728
-78.25,6.583336,0.282035
-78.25,6.6666718,0.281245
-78.25,6.75,0.27946
-78.25,6.833336,0.278425
-78.25,6.9166718,0.27766
-78.25,7.0,0.278393
-78.25,7.083336,0.281327
-78.25,7.1666718,0.285631
-78.25,7.25,0.291191
-78.25,7.333336,0.299663
-78.25,7.4166718,0.311043
-78.25,7.5,0.3157
-78.25,7.583336,0.322582
-78.25,7.6666718,0.327425
-78.25,7.75,0.331461
-78.25,7.833336,0.0
-78.25,7.9166718,0.0
-78.25,8.0,0.0
-78.25,8.083336,0.0
-78.25,8.166672,0.336073
-78.25,8.25,0.337571
-78.25,8.333336,0.337936
-78.25,8.416672,0.338046
-78.25,8.5,0.0
-78.25,8.583336,0.0
-78.25,8.666672,0.0
-78.25,8.75,0.0
-78.25,8.833336,0.0
-78.25,8.916672,0.0
-78.25,9.0,0.0
-78.25,9.083336,0.0
-78.25,9.166672,0.0
-78.25,9.25,0.0
-78.25,9.333336,0.149412
-78.25,9.416672,0.147764
-78.25,9.5,0.146753
-78.25,9.583336,0.147102
-78.25,9.666672,0.147095
-78.25,9.75,0.145039
-78.25,9.833336,0.140869
-78.25,9.916672,0.134874
-78.25,10.0,0.127503
-78.25,10.083336,0.118993
-78.25,10.166672,0.109632
-78.25,10.25,0.099431
-78.25,10.333336,0.089264
-78.25,10.416672,0.079404
-78.25,10.5,0.069972
-78.25,10.583336,0.060216
-78.25,10.666672,0.052477
-78.25,10.75,0.049132
-78.25,10.833336,0.049337
-78.25,10.916672,0.049858
-78.25,11.0,0.051252
-78.25,11.083336,0.053722
-78.25,11.166672,0.055914
-78.25,11.25,0.059277
-78.25,11.333336,0.065064
-78.25,11.416672,0.073338
-78.25,11.5,0.084186
-78.25,11.583336,0.09602
-78.25,11.666672,0.107281
-78.25,11.75,0.116592
-78.25,11.833336,0.123596
-78.25,11.916672,0.131116
-78.25,12.0,0.141118
-78.25,12.083336,0.156042
-78.25,12.166672,0.183864
-78.25,12.25,0.209242
-78.25,12.333336,0.227666
-78.25,12.416672,0.243556
-78.166664,-4.25,0.0
-78.166664,-4.166664,0.0
-78.166664,-4.0833282,0.0
-78.166664,-4.0,0.0
-78.166664,-3.9166641,0.0
-78.166664,-3.8333282,0.0
-78.166664,-3.75,0.0
-78.166664,-3.6666641,0.0
-78.166664,-3.5833282,0.0
-78.166664,-3.5,0.0
-78.166664,-3.4166641,0.0
-78.166664,-3.3333282,0.0
-78.166664,-3.25,0.0
-78.166664,-3.1666641,0.0
-78.166664,-3.0833282,0.0
-78.166664,-3.0,0.0
-78.166664,-2.9166641,0.0
-78.166664,-2.8333282,0.0
-78.166664,-2.75,0.0
-78.166664,-2.6666641,0.0
-78.166664,-2.5833282,0.0
-78.166664,-2.5,0.0
-78.166664,-2.4166641,0.0
-78.166664,-2.3333282,0.0
-78.166664,-2.25,0.0
-78.166664,-2.1666641,0.0
-78.166664,-2.0833282,0.0
-78.166664,-2.0,0.0
-78.166664,-1.9166641,0.0
-78.166664,-1.8333282,0.0
-78.166664,-1.75,0.0
-78.166664,-1.6666641,0.0
-78.166664,-1.5833282,0.0
-78.166664,-1.5,0.0
-78.166664,-1.4166641,0.0
-78.166664,-1.3333282,0.0
-78.166664,-1.25,0.0
-78.166664,-1.1666641,0.0
-78.166664,-1.0833282,0.0
-78.166664,-1.0,0.0
-78.166664,-0.9166641,0.0
-78.166664,-0.83332825,0.0
-78.166664,-0.75,0.0
-78.166664,-0.6666641,0.0
-78.166664,-0.58332825,0.0
-78.166664,-0.5,0.0
-78.166664,-0.41666412,0.0
-78.166664,-0.33332825,0.0
-78.166664,-0.25,0.0
-78.166664,-0.16666412,0.0
-78.166664,-0.08332825,0.0
-78.166664,0.0,0.0
-78.166664,0.08333588,0.0
-78.166664,0.16667175,0.0
-78.166664,0.25,0.0
-78.166664,0.33333588,0.0
-78.166664,0.41667175,0.0
-78.166664,0.5,0.0
-78.166664,0.5833359,0.0
-78.166664,0.66667175,0.0
-78.166664,0.75,0.0
-78.166664,0.8333359,0.0
-78.166664,0.91667175,0.0
-78.166664,1.0,0.0
-78.166664,1.0833359,0.0
-78.166664,1.1666718,0.0
-78.166664,1.25,0.0
-78.166664,1.3333359,0.0
-78.166664,1.4166718,0.0
-78.166664,1.5,0.0
-78.166664,1.5833359,0.0
-78.166664,1.6666718,0.0
-78.166664,1.75,0.0
-78.166664,1.8333359,0.0
-78.166664,1.9166718,0.0
-78.166664,2.0,0.0
-78.166664,2.0833359,0.0
-78.166664,2.1666718,0.0
-78.166664,2.25,0.0
-78.166664,2.3333359,0.0
-78.166664,2.4166718,0.0
-78.166664,2.5,0.0
-78.166664,2.5833359,0.0
-78.166664,2.6666718,0.289776
-78.166664,2.75,0.288704
-78.166664,2.8333359,0.287139
-78.166664,2.9166718,0.285681
-78.166664,3.0,0.286234
-78.166664,3.0833359,0.285854
-78.166664,3.1666718,0.284861
-78.166664,3.25,0.284292
-78.166664,3.3333359,0.283016
-78.166664,3.4166718,0.281702
-78.166664,3.5,0.281377
-78.166664,3.5833359,0.281837
-78.166664,3.6666718,0.281545
-78.166664,3.75,0.279627
-78.166664,3.8333359,0.277475
-78.166664,3.9166718,0.274475
-78.166664,4.0,0.273
-78.166664,4.083336,0.27228
-78.166664,4.1666718,0.270581
-78.166664,4.25,0.268801
-78.166664,4.333336,0.266836
-78.166664,4.4166718,0.264107
-78.166664,4.5,0.260949
-78.166664,4.583336,0.257948
-78.166664,4.6666718,0.255149
-78.166664,4.75,0.25292
-78.166664,4.833336,0.251724
-78.166664,4.9166718,0.250603
-78.166664,5.0,0.250357
-78.166664,5.083336,0.251582
-78.166664,5.1666718,0.253471
-78.166664,5.25,0.25529
-78.166664,5.333336,0.256826
-78.166664,5.4166718,0.258225
-78.166664,5.5,0.259612
-78.166664,5.583336,0.261083
-78.166664,5.6666718,0.262669
-78.166664,5.75,0.264452
-78.166664,5.833336,0.266358
-78.166664,5.9166718,0.269105
-78.166664,6.0,0.27245
-78.166664,6.083336,0.27559
-78.166664,6.1666718,0.278097
-78.166664,6.25,0.280148
-78.166664,6.333336,0.282163
-78.166664,6.4166718,0.284266
-78.166664,6.5,0.28612
-78.166664,6.583336,0.287437
-78.166664,6.6666718,0.287949
-78.166664,6.75,0.286859
-78.166664,6.833336,0.285722
-78.166664,6.9166718,0.28509
-78.166664,7.0,0.286886
-78.166664,7.083336,0.290999
-78.166664,7.1666718,0.296367
-78.166664,7.25,0.305271
-78.166664,7.333336,0.314888
-78.166664,7.4166718,0.322108
-78.166664,7.5,0.320686
-78.166664,7.583336,0.328085
-78.166664,7.6666718,0.0
-78.166664,7.75,0.0
-78.166664,7.833336,0.0
-78.166664,7.9166718,0.0
-78.166664,8.0,0.0
-78.166664,8.083336,0.0
-78.166664,8.166672,0.0
-78.166664,8.25,0.0
-78.166664,8.333336,0.0
-78.166664,8.416672,0.0
-78.166664,8.5,0.0
-78.166664,8.583336,0.0
-78.166664,8.666672,0.0
-78.166664,8.75,0.0
-78.166664,8.833336,0.0
-78.166664,8.916672,0.0
-78.166664,9.0,0.0
-78.166664,9.083336,0.0
-78.166664,9.166672,0.0
-78.166664,9.25,0.0
-78.166664,9.333336,0.14715
-78.166664,9.416672,0.145733
-78.166664,9.5,0.145752
-78.166664,9.583336,0.146032
-78.166664,9.666672,0.14508
-78.166664,9.75,0.142323
-78.166664,9.833336,0.137865
-78.166664,9.916672,0.131715
-78.166664,10.0,0.124301
-78.166664,10.083336,0.115707
-78.166664,10.166672,0.10649
-78.166664,10.25,0.096679
-78.166664,10.333336,0.08624
-78.166664,10.416672,0.075739
-78.166664,10.5,0.065607
-78.166664,10.583336,0.057251
-78.166664,10.666672,0.052978
-78.166664,10.75,0.052015
-78.166664,10.833336,0.052069
-78.166664,10.916672,0.052784
-78.166664,11.0,0.054025
-78.166664,11.083336,0.055086
-78.166664,11.166672,0.057022
-78.166664,11.25,0.060338
-78.166664,11.333336,0.066542
-78.166664,11.416672,0.075006
-78.166664,11.5,0.085924
-78.166664,11.583336,0.097875
-78.166664,11.666672,0.108531
-78.166664,11.75,0.117427
-78.166664,11.833336,0.124069
-78.166664,11.916672,0.131547
-78.166664,12.0,0.140032
-78.166664,12.083336,0.155137
-78.166664,12.166672,0.183313
-78.166664,12.25,0.209378
-78.166664,12.333336,0.227661
-78.166664,12.416672,0.243208
-78.08333,-4.25,0.0
-78.08333,-4.166664,0.0
-78.08333,-4.0833282,0.0
-78.08333,-4.0,0.0
-78.08333,-3.9166641,0.0
-78.08333,-3.8333282,0.0
-78.08333,-3.75,0.0
-78.08333,-3.6666641,0.0
-78.08333,-3.5833282,0.0
-78.08333,-3.5,0.0
-78.08333,-3.4166641,0.0
-78.08333,-3.3333282,0.0
-78.08333,-3.25,0.0
-78.08333,-3.1666641,0.0
-78.08333,-3.0833282,0.0
-78.08333,-3.0,0.0
-78.08333,-2.9166641,0.0
-78.08333,-2.8333282,0.0
-78.08333,-2.75,0.0
-78.08333,-2.6666641,0.0
-78.08333,-2.5833282,0.0
-78.08333,-2.5,0.0
-78.08333,-2.4166641,0.0
-78.08333,-2.3333282,0.0
-78.08333,-2.25,0.0
-78.08333,-2.1666641,0.0
-78.08333,-2.0833282,0.0
-78.08333,-2.0,0.0
-78.08333,-1.9166641,0.0
-78.08333,-1.8333282,0.0
-78.08333,-1.75,0.0
-78.08333,-1.6666641,0.0
-78.08333,-1.5833282,0.0
-78.08333,-1.5,0.0
-78.08333,-1.4166641,0.0
-78.08333,-1.3333282,0.0
-78.08333,-1.25,0.0
-78.08333,-1.1666641,0.0
-78.08333,-1.0833282,0.0
-78.08333,-1.0,0.0
-78.08333,-0.9166641,0.0
-78.08333,-0.83332825,0.0
-78.08333,-0.75,0.0
-78.08333,-0.6666641,0.0
-78.08333,-0.58332825,0.0
-78.08333,-0.5,0.0
-78.08333,-0.41666412,0.0
-78.08333,-0.33332825,0.0
-78.08333,-0.25,0.0
-78.08333,-0.16666412,0.0
-78.08333,-0.08332825,0.0
-78.08333,0.0,0.0
-78.08333,0.08333588,0.0
-78.08333,0.16667175,0.0
-78.08333,0.25,0.0
-78.08333,0.33333588,0.0
-78.08333,0.41667175,0.0
-78.08333,0.5,0.0
-78.08333,0.5833359,0.0
-78.08333,0.66667175,0.0
-78.08333,0.75,0.0
-78.08333,0.8333359,0.0
-78.08333,0.91667175,0.0
-78.08333,1.0,0.0
-78.08333,1.0833359,0.0
-78.08333,1.1666718,0.0
-78.08333,1.25,0.0
-78.08333,1.3333359,0.0
-78.08333,1.4166718,0.0
-78.08333,1.5,0.0
-78.08333,1.5833359,0.0
-78.08333,1.6666718,0.0
-78.08333,1.75,0.0
-78.08333,1.8333359,0.0
-78.08333,1.9166718,0.0
-78.08333,2.0,0.0
-78.08333,2.0833359,0.0
-78.08333,2.1666718,0.0
-78.08333,2.25,0.0
-78.08333,2.3333359,0.0
-78.08333,2.4166718,0.0
-78.08333,2.5,0.0
-78.08333,2.5833359,0.0
-78.08333,2.6666718,0.28985
-78.08333,2.75,0.287926
-78.08333,2.8333359,0.285618
-78.08333,2.9166718,0.286277
-78.08333,3.0,0.286313
-78.08333,3.0833359,0.285602
-78.08333,3.1666718,0.285009
-78.08333,3.25,0.284875
-78.08333,3.3333359,0.283967
-78.08333,3.4166718,0.283152
-78.08333,3.5,0.283259
-78.08333,3.5833359,0.283371
-78.08333,3.6666718,0.282617
-78.08333,3.75,0.281244
-78.08333,3.8333359,0.279578
-78.08333,3.9166718,0.277037
-78.08333,4.0,0.274785
-78.08333,4.083336,0.274029
-78.08333,4.1666718,0.273033
-78.08333,4.25,0.27167
-78.08333,4.333336,0.270138
-78.08333,4.4166718,0.26799
-78.08333,4.5,0.265272
-78.08333,4.583336,0.262092
-78.08333,4.6666718,0.25887
-78.08333,4.75,0.25586
-78.08333,4.833336,0.253706
-78.08333,4.9166718,0.252309
-78.08333,5.0,0.251478
-78.08333,5.083336,0.251998
-78.08333,5.1666718,0.253649
-78.08333,5.25,0.255718
-78.08333,5.333336,0.257716
-78.08333,5.4166718,0.259459
-78.08333,5.5,0.261177
-78.08333,5.583336,0.262948
-78.08333,5.6666718,0.265105
-78.08333,5.75,0.267165
-78.08333,5.833336,0.269044
-78.08333,5.9166718,0.27176
-78.08333,6.0,0.275189
-78.08333,6.083336,0.278822
-78.08333,6.1666718,0.282174
-78.08333,6.25,0.284985
-78.08333,6.333336,0.28726
-78.08333,6.4166718,0.289456
-78.08333,6.5,0.29106
-78.08333,6.583336,0.292438
-78.08333,6.6666718,0.293968
-78.08333,6.75,0.294749
-78.08333,6.833336,0.296127
-78.08333,6.9166718,0.297551
-78.08333,7.0,0.300351
-78.08333,7.083336,0.305134
-78.08333,7.1666718,0.312075
-78.08333,7.25,0.321563
-78.08333,7.333336,0.329826
-78.08333,7.4166718,0.334279
-78.08333,7.5,0.0
-78.08333,7.583336,0.0
-78.08333,7.6666718,0.0
-78.08333,7.75,0.0
-78.08333,7.833336,0.0
-78.08333,7.9166718,0.0
-78.08333,8.0,0.0
-78.08333,8.083336,0.0
-78.08333,8.166672,0.0
-78.08333,8.25,0.0
-78.08333,8.333336,0.0
-78.08333,8.416672,0.0
-78.08333,8.5,0.0
-78.08333,8.583336,0.0
-78.08333,8.666672,0.0
-78.08333,8.75,0.0
-78.08333,8.833336,0.0
-78.08333,8.916672,0.0
-78.08333,9.0,0.0
-78.08333,9.083336,0.0
-78.08333,9.166672,0.0
-78.08333,9.25,0.0
-78.08333,9.333336,0.145404
-78.08333,9.416672,0.144783
-78.08333,9.5,0.144447
-78.08333,9.583336,0.144175
-78.08333,9.666672,0.142321
-78.08333,9.75,0.138913
-78.08333,9.833336,0.134091
-78.08333,9.916672,0.127572
-78.08333,10.0,0.119693
-78.08333,10.083336,0.110741
-78.08333,10.166672,0.10113
-78.08333,10.25,0.090841
-78.08333,10.333336,0.080054
-78.08333,10.416672,0.069928
-78.08333,10.5,0.061791
-78.08333,10.583336,0.056743
-78.08333,10.666672,0.054147
-78.08333,10.75,0.053184
-78.08333,10.833336,0.052655
-78.08333,10.916672,0.053222
-78.08333,11.0,0.05431
-78.08333,11.083336,0.054933
-78.08333,11.166672,0.056827
-78.08333,11.25,0.060571
-78.08333,11.333336,0.067325
-78.08333,11.416672,0.075823
-78.08333,11.5,0.087034
-78.08333,11.583336,0.099134
-78.08333,11.666672,0.109371
-78.08333,11.75,0.117965
-78.08333,11.833336,0.124894
-78.08333,11.916672,0.131642
-78.08333,12.0,0.139406
-78.08333,12.083336,0.154063
-78.08333,12.166672,0.18301
-78.08333,12.25,0.209672
-78.08333,12.333336,0.227343
-78.08333,12.416672,0.242443
-78.0,-4.25,0.0
-78.0,-4.166664,0.0
-78.0,-4.0833282,0.0
-78.0,-4.0,0.0
-78.0,-3.9166641,0.0
-78.0,-3.8333282,0.0
-78.0,-3.75,0.0
-78.0,-3.6666641,0.0
-78.0,-3.5833282,0.0
-78.0,-3.5,0.0
-78.0,-3.4166641,0.0
-78.0,-3.3333282,0.0
-78.0,-3.25,0.0
-78.0,-3.1666641,0.0
-78.0,-3.0833282,0.0
-78.0,-3.0,0.0
-78.0,-2.9166641,0.0
-78.0,-2.8333282,0.0
-78.0,-2.75,0.0
-78.0,-2.6666641,0.0
-78.0,-2.5833282,0.0
-78.0,-2.5,0.0
-78.0,-2.4166641,0.0
-78.0,-2.3333282,0.0
-78.0,-2.25,0.0
-78.0,-2.1666641,0.0
-78.0,-2.0833282,0.0
-78.0,-2.0,0.0
-78.0,-1.9166641,0.0
-78.0,-1.8333282,0.0
-78.0,-1.75,0.0
-78.0,-1.6666641,0.0
-78.0,-1.5833282,0.0
-78.0,-1.5,0.0
-78.0,-1.4166641,0.0
-78.0,-1.3333282,0.0
-78.0,-1.25,0.0
-78.0,-1.1666641,0.0
-78.0,-1.0833282,0.0
-78.0,-1.0,0.0
-78.0,-0.9166641,0.0
-78.0,-0.83332825,0.0
-78.0,-0.75,0.0
-78.0,-0.6666641,0.0
-78.0,-0.58332825,0.0
-78.0,-0.5,0.0
-78.0,-0.41666412,0.0
-78.0,-0.33332825,0.0
-78.0,-0.25,0.0
-78.0,-0.16666412,0.0
-78.0,-0.08332825,0.0
-78.0,0.0,0.0
-78.0,0.08333588,0.0
-78.0,0.16667175,0.0
-78.0,0.25,0.0
-78.0,0.33333588,0.0
-78.0,0.41667175,0.0
-78.0,0.5,0.0
-78.0,0.5833359,0.0
-78.0,0.66667175,0.0
-78.0,0.75,0.0
-78.0,0.8333359,0.0
-78.0,0.91667175,0.0
-78.0,1.0,0.0
-78.0,1.0833359,0.0
-78.0,1.1666718,0.0
-78.0,1.25,0.0
-78.0,1.3333359,0.0
-78.0,1.4166718,0.0
-78.0,1.5,0.0
-78.0,1.5833359,0.0
-78.0,1.6666718,0.0
-78.0,1.75,0.0
-78.0,1.8333359,0.0
-78.0,1.9166718,0.0
-78.0,2.0,0.0
-78.0,2.0833359,0.0
-78.0,2.1666718,0.0
-78.0,2.25,0.0
-78.0,2.3333359,0.0
-78.0,2.4166718,0.0
-78.0,2.5,0.0
-78.0,2.5833359,0.0
-78.0,2.6666718,0.289003
-78.0,2.75,0.284723
-78.0,2.8333359,0.285676
-78.0,2.9166718,0.286882
-78.0,3.0,0.28628
-78.0,3.0833359,0.285771
-78.0,3.1666718,0.285716
-78.0,3.25,0.285564
-78.0,3.3333359,0.284752
-78.0,3.4166718,0.284431
-78.0,3.5,0.285003
-78.0,3.5833359,0.285006
-78.0,3.6666718,0.28386
-78.0,3.75,0.283132
-78.0,3.8333359,0.281784
-78.0,3.9166718,0.279998
-78.0,4.0,0.277684
-78.0,4.083336,0.276378
-78.0,4.1666718,0.275024
-78.0,4.25,0.273795
-78.0,4.333336,0.272438
-78.0,4.4166718,0.270844
-78.0,4.5,0.268765
-78.0,4.583336,0.265946
-78.0,4.6666718,0.2631
-78.0,4.75,0.260566
-78.0,4.833336,0.257912
-78.0,4.9166718,0.256374
-78.0,5.0,0.255629
-78.0,5.083336,0.25521
-78.0,5.1666718,0.255633
-78.0,5.25,0.257122
-78.0,5.333336,0.259306
-78.0,5.4166718,0.261275
-78.0,5.5,0.263263
-78.0,5.583336,0.265366
-78.0,5.6666718,0.267858
-78.0,5.75,0.270285
-78.0,5.833336,0.272259
-78.0,5.9166718,0.274908
-78.0,6.0,0.278696
-78.0,6.083336,0.283163
-78.0,6.1666718,0.287432
-78.0,6.25,0.291092
-78.0,6.333336,0.294246
-78.0,6.4166718,0.296986
-78.0,6.5,0.299448
-78.0,6.583336,0.30173
-78.0,6.6666718,0.304263
-78.0,6.75,0.306316
-78.0,6.833336,0.309415
-78.0,6.9166718,0.312795
-78.0,7.0,0.31649
-78.0,7.083336,0.321357
-78.0,7.1666718,0.327829
-78.0,7.25,0.3333
-78.0,7.333336,0.336058
-78.0,7.4166718,0.340538
-78.0,7.5,0.0
-78.0,7.583336,0.0
-78.0,7.6666718,0.0
-78.0,7.75,0.0
-78.0,7.833336,0.0
-78.0,7.9166718,0.0
-78.0,8.0,0.0
-78.0,8.083336,0.0
-78.0,8.166672,0.0
-78.0,8.25,0.0
-78.0,8.333336,0.0
-78.0,8.416672,0.0
-78.0,8.5,0.0
-78.0,8.583336,0.0
-78.0,8.666672,0.0
-78.0,8.75,0.0
-78.0,8.833336,0.0
-78.0,8.916672,0.0
-78.0,9.0,0.0
-78.0,9.083336,0.0
-78.0,9.166672,0.0
-78.0,9.25,0.145446
-78.0,9.333336,0.143734
-78.0,9.416672,0.142736
-78.0,9.5,0.142629
-78.0,9.583336,0.141574
-78.0,9.666672,0.138783
-78.0,9.75,0.13441
-78.0,9.833336,0.128898
-78.0,9.916672,0.121769
-78.0,10.0,0.113101
-78.0,10.083336,0.103687
-78.0,10.166672,0.093768
-78.0,10.25,0.083435
-78.0,10.333336,0.073572
-78.0,10.416672,0.065429
-78.0,10.5,0.059708
-78.0,10.583336,0.055884
-78.0,10.666672,0.053371
-78.0,10.75,0.052226
-78.0,10.833336,0.05176
-78.0,10.916672,0.052496
-78.0,11.0,0.052956
-78.0,11.083336,0.053832
-78.0,11.166672,0.055873
-78.0,11.25,0.060235
-78.0,11.333336,0.067426
-78.0,11.416672,0.076108
-78.0,11.5,0.087505
-78.0,11.583336,0.09968
-78.0,11.666672,0.109727
-78.0,11.75,0.118221
-78.0,11.833336,0.12535
-78.0,11.916672,0.131695
-78.0,12.0,0.138945
-78.0,12.083336,0.15346
-78.0,12.166672,0.182442
-78.0,12.25,0.209362
-78.0,12.333336,0.226644
-78.0,12.416672,0.241045
-77.916664,-4.25,0.0
-77.916664,-4.166664,0.0
-77.916664,-4.0833282,0.0
-77.916664,-4.0,0.0
-77.916664,-3.9166641,0.0
-77.916664,-3.8333282,0.0
-77.916664,-3.75,0.0
-77.916664,-3.6666641,0.0
-77.916664,-3.5833282,0.0
-77.916664,-3.5,0.0
-77.916664,-3.4166641,0.0
-77.916664,-3.3333282,0.0
-77.916664,-3.25,0.0
-77.916664,-3.1666641,0.0
-77.916664,-3.0833282,0.0
-77.916664,-3.0,0.0
-77.916664,-2.9166641,0.0
-77.916664,-2.8333282,0.0
-77.916664,-2.75,0.0
-77.916664,-2.6666641,0.0
-77.916664,-2.5833282,0.0
-77.916664,-2.5,0.0
-77.916664,-2.4166641,0.0
-77.916664,-2.3333282,0.0
-77.916664,-2.25,0.0
-77.916664,-2.1666641,0.0
-77.916664,-2.0833282,0.0
-77.916664,-2.0,0.0
-77.916664,-1.9166641,0.0
-77.916664,-1.8333282,0.0
-77.916664,-1.75,0.0
-77.916664,-1.6666641,0.0
-77.916664,-1.5833282,0.0
-77.916664,-1.5,0.0
-77.916664,-1.4166641,0.0
-77.916664,-1.3333282,0.0
-77.916664,-1.25,0.0
-77.916664,-1.1666641,0.0
-77.916664,-1.0833282,0.0
-77.916664,-1.0,0.0
-77.916664,-0.9166641,0.0
-77.916664,-0.83332825,0.0
-77.916664,-0.75,0.0
-77.916664,-0.6666641,0.0
-77.916664,-0.58332825,0.0
-77.916664,-0.5,0.0
-77.916664,-0.41666412,0.0
-77.916664,-0.33332825,0.0
-77.916664,-0.25,0.0
-77.916664,-0.16666412,0.0
-77.916664,-0.08332825,0.0
-77.916664,0.0,0.0
-77.916664,0.08333588,0.0
-77.916664,0.16667175,0.0
-77.916664,0.25,0.0
-77.916664,0.33333588,0.0
-77.916664,0.41667175,0.0
-77.916664,0.5,0.0
-77.916664,0.5833359,0.0
-77.916664,0.66667175,0.0
-77.916664,0.75,0.0
-77.916664,0.8333359,0.0
-77.916664,0.91667175,0.0
-77.916664,1.0,0.0
-77.916664,1.0833359,0.0
-77.916664,1.1666718,0.0
-77.916664,1.25,0.0
-77.916664,1.3333359,0.0
-77.916664,1.4166718,0.0
-77.916664,1.5,0.0
-77.916664,1.5833359,0.0
-77.916664,1.6666718,0.0
-77.916664,1.75,0.0
-77.916664,1.8333359,0.0
-77.916664,1.9166718,0.0
-77.916664,2.0,0.0
-77.916664,2.0833359,0.0
-77.916664,2.1666718,0.0
-77.916664,2.25,0.0
-77.916664,2.3333359,0.0
-77.916664,2.4166718,0.0
-77.916664,2.5,0.0
-77.916664,2.5833359,0.0
-77.916664,2.6666718,0.290559
-77.916664,2.75,0.289129
-77.916664,2.8333359,0.288415
-77.916664,2.9166718,0.288163
-77.916664,3.0,0.286756
-77.916664,3.0833359,0.286039
-77.916664,3.1666718,0.286064
-77.916664,3.25,0.286068
-77.916664,3.3333359,0.285645
-77.916664,3.4166718,0.28549
-77.916664,3.5,0.286076
-77.916664,3.5833359,0.286326
-77.916664,3.6666718,0.28553
-77.916664,3.75,0.28468
-77.916664,3.8333359,0.284019
-77.916664,3.9166718,0.282099
-77.916664,4.0,0.279152
-77.916664,4.083336,0.277665
-77.916664,4.1666718,0.276588
-77.916664,4.25,0.276009
-77.916664,4.333336,0.275332
-77.916664,4.4166718,0.274363
-77.916664,4.5,0.272984
-77.916664,4.583336,0.270784
-77.916664,4.6666718,0.268279
-77.916664,4.75,0.266313
-77.916664,4.833336,0.264471
-77.916664,4.9166718,0.262664
-77.916664,5.0,0.261845
-77.916664,5.083336,0.261522
-77.916664,5.1666718,0.261071
-77.916664,5.25,0.26119
-77.916664,5.333336,0.26263
-77.916664,5.4166718,0.264284
-77.916664,5.5,0.266362
-77.916664,5.583336,0.268578
-77.916664,5.6666718,0.271358
-77.916664,5.75,0.27432
-77.916664,5.833336,0.276908
-77.916664,5.9166718,0.279946
-77.916664,6.0,0.283793
-77.916664,6.083336,0.28855
-77.916664,6.1666718,0.293197
-77.916664,6.25,0.297203
-77.916664,6.333336,0.301041
-77.916664,6.4166718,0.304465
-77.916664,6.5,0.307966
-77.916664,6.583336,0.311474
-77.916664,6.6666718,0.314885
-77.916664,6.75,0.318691
-77.916664,6.833336,0.322329
-77.916664,6.9166718,0.325321
-77.916664,7.0,0.328854
-77.916664,7.083336,0.332567
-77.916664,7.1666718,0.337698
-77.916664,7.25,0.340236
-77.916664,7.333336,0.0
-77.916664,7.4166718,0.0
-77.916664,7.5,0.0
-77.916664,7.583336,0.0
-77.916664,7.6666718,0.0
-77.916664,7.75,0.0
-77.916664,7.833336,0.0
-77.916664,7.9166718,0.0
-77.916664,8.0,0.0
-77.916664,8.083336,0.0
-77.916664,8.166672,0.0
-77.916664,8.25,0.0
-77.916664,8.333336,0.0
-77.916664,8.416672,0.0
-77.916664,8.5,0.0
-77.916664,8.583336,0.0
-77.916664,8.666672,0.0
-77.916664,8.75,0.0
-77.916664,8.833336,0.0
-77.916664,8.916672,0.0
-77.916664,9.0,0.0
-77.916664,9.083336,0.0
-77.916664,9.166672,0.14516
-77.916664,9.25,0.144021
-77.916664,9.333336,0.142038
-77.916664,9.416672,0.141081
-77.916664,9.5,0.140371
-77.916664,9.583336,0.138265
-77.916664,9.666672,0.134476
-77.916664,9.75,0.129059
-77.916664,9.833336,0.122347
-77.916664,9.916672,0.114303
-77.916664,10.0,0.10517
-77.916664,10.083336,0.095814
-77.916664,10.166672,0.086413
-77.916664,10.25,0.077095
-77.916664,10.333336,0.068769
-77.916664,10.416672,0.062275
-77.916664,10.5,0.057201
-77.916664,10.583336,0.053029
-77.916664,10.666672,0.050437
-77.916664,10.75,0.049568
-77.916664,10.833336,0.050076
-77.916664,10.916672,0.051034
-77.916664,11.0,0.051602
-77.916664,11.083336,0.052406
-77.916664,11.166672,0.054776
-77.916664,11.25,0.059661
-77.916664,11.333336,0.067213
-77.916664,11.416672,0.07607
-77.916664,11.5,0.087864
-77.916664,11.583336,0.099846
-77.916664,11.666672,0.109935
-77.916664,11.75,0.118198
-77.916664,11.833336,0.125347
-77.916664,11.916672,0.131572
-77.916664,12.0,0.138901
-77.916664,12.083336,0.153634
-77.916664,12.166672,0.182266
-77.916664,12.25,0.208464
-77.916664,12.333336,0.225414
-77.916664,12.416672,0.23916
-77.83333,-4.25,0.0
-77.83333,-4.166664,0.0
-77.83333,-4.0833282,0.0
-77.83333,-4.0,0.0
-77.83333,-3.9166641,0.0
-77.83333,-3.8333282,0.0
-77.83333,-3.75,0.0
-77.83333,-3.6666641,0.0
-77.83333,-3.5833282,0.0
-77.83333,-3.5,0.0
-77.83333,-3.4166641,0.0
-77.83333,-3.3333282,0.0
-77.83333,-3.25,0.0
-77.83333,-3.1666641,0.0
-77.83333,-3.0833282,0.0
-77.83333,-3.0,0.0
-77.83333,-2.9166641,0.0
-77.83333,-2.8333282,0.0
-77.83333,-2.75,0.0
-77.83333,-2.6666641,0.0
-77.83333,-2.5833282,0.0
-77.83333,-2.5,0.0
-77.83333,-2.4166641,0.0
-77.83333,-2.3333282,0.0
-77.83333,-2.25,0.0
-77.83333,-2.1666641,0.0
-77.83333,-2.0833282,0.0
-77.83333,-2.0,0.0
-77.83333,-1.9166641,0.0
-77.83333,-1.8333282,0.0
-77.83333,-1.75,0.0
-77.83333,-1.6666641,0.0
-77.83333,-1.5833282,0.0
-77.83333,-1.5,0.0
-77.83333,-1.4166641,0.0
-77.83333,-1.3333282,0.0
-77.83333,-1.25,0.0
-77.83333,-1.1666641,0.0
-77.83333,-1.0833282,0.0
-77.83333,-1.0,0.0
-77.83333,-0.9166641,0.0
-77.83333,-0.83332825,0.0
-77.83333,-0.75,0.0
-77.83333,-0.6666641,0.0
-77.83333,-0.58332825,0.0
-77.83333,-0.5,0.0
-77.83333,-0.41666412,0.0
-77.83333,-0.33332825,0.0
-77.83333,-0.25,0.0
-77.83333,-0.16666412,0.0
-77.83333,-0.08332825,0.0
-77.83333,0.0,0.0
-77.83333,0.08333588,0.0
-77.83333,0.16667175,0.0
-77.83333,0.25,0.0
-77.83333,0.33333588,0.0
-77.83333,0.41667175,0.0
-77.83333,0.5,0.0
-77.83333,0.5833359,0.0
-77.83333,0.66667175,0.0
-77.83333,0.75,0.0
-77.83333,0.8333359,0.0
-77.83333,0.91667175,0.0
-77.83333,1.0,0.0
-77.83333,1.0833359,0.0
-77.83333,1.1666718,0.0
-77.83333,1.25,0.0
-77.83333,1.3333359,0.0
-77.83333,1.4166718,0.0
-77.83333,1.5,0.0
-77.83333,1.5833359,0.0
-77.83333,1.6666718,0.0
-77.83333,1.75,0.0
-77.83333,1.8333359,0.0
-77.83333,1.9166718,0.0
-77.83333,2.0,0.0
-77.83333,2.0833359,0.0
-77.83333,2.1666718,0.0
-77.83333,2.25,0.0
-77.83333,2.3333359,0.0
-77.83333,2.4166718,0.0
-77.83333,2.5,0.0
-77.83333,2.5833359,0.0
-77.83333,2.6666718,0.0
-77.83333,2.75,0.291728
-77.83333,2.8333359,0.290887
-77.83333,2.9166718,0.29006
-77.83333,3.0,0.288121
-77.83333,3.0833359,0.286924
-77.83333,3.1666718,0.286414
-77.83333,3.25,0.286583
-77.83333,3.3333359,0.28716
-77.83333,3.4166718,0.28671
-77.83333,3.5,0.286739
-77.83333,3.5833359,0.287367
-77.83333,3.6666718,0.287342
-77.83333,3.75,0.287037
-77.83333,3.8333359,0.287185
-77.83333,3.9166718,0.286862
-77.83333,4.0,0.284547
-77.83333,4.083336,0.282261
-77.83333,4.1666718,0.282277
-77.83333,4.25,0.282045
-77.83333,4.333336,0.281405
-77.83333,4.4166718,0.280526
-77.83333,4.5,0.279314
-77.83333,4.583336,0.277454
-77.83333,4.6666718,0.275358
-77.83333,4.75,0.273426
-77.83333,4.833336,0.271811
-77.83333,4.9166718,0.270069
-77.83333,5.0,0.268293
-77.83333,5.083336,0.267084
-77.83333,5.1666718,0.266315
-77.83333,5.25,0.266518
-77.83333,5.333336,0.267128
-77.83333,5.4166718,0.2682
-77.83333,5.5,0.270173
-77.83333,5.583336,0.272727
-77.83333,5.6666718,0.276012
-77.83333,5.75,0.279849
-77.83333,5.833336,0.283512
-77.83333,5.9166718,0.287102
-77.83333,6.0,0.290778
-77.83333,6.083336,0.295023
-77.83333,6.1666718,0.29881
-77.83333,6.25,0.302585
-77.83333,6.333336,0.306291
-77.83333,6.4166718,0.310142
-77.83333,6.5,0.313735
-77.83333,6.583336,0.317331
-77.83333,6.6666718,0.320766
-77.83333,6.75,0.324609
-77.83333,6.833336,0.327534
-77.83333,6.9166718,0.331023
-77.83333,7.0,0.334418
-77.83333,7.083336,0.338121
-77.83333,7.1666718,0.339729
-77.83333,7.25,0.0
-77.83333,7.333336,0.0
-77.83333,7.4166718,0.0
-77.83333,7.5,0.0
-77.83333,7.583336,0.0
-77.83333,7.6666718,0.0
-77.83333,7.75,0.0
-77.83333,7.833336,0.0
-77.83333,7.9166718,0.0
-77.83333,8.0,0.0
-77.83333,8.083336,0.0
-77.83333,8.166672,0.0
-77.83333,8.25,0.0
-77.83333,8.333336,0.0
-77.83333,8.416672,0.0
-77.83333,8.5,0.0
-77.83333,8.583336,0.0
-77.83333,8.666672,0.0
-77.83333,8.75,0.0
-77.83333,8.833336,0.0
-77.83333,8.916672,0.0
-77.83333,9.0,0.0
-77.83333,9.083336,0.144733
-77.83333,9.166672,0.141893
-77.83333,9.25,0.14074
-77.83333,9.333336,0.140349
-77.83333,9.416672,0.139647
-77.83333,9.5,0.137648
-77.83333,9.583336,0.134915
-77.83333,9.666672,0.12991
-77.83333,9.75,0.123224
-77.83333,9.833336,0.115635
-77.83333,9.916672,0.107029
-77.83333,10.0,0.097933
-77.83333,10.083336,0.089013
-77.83333,10.166672,0.080454
-77.83333,10.25,0.072164
-77.83333,10.333336,0.06475
-77.83333,10.416672,0.05831
-77.83333,10.5,0.052633
-77.83333,10.583336,0.048308
-77.83333,10.666672,0.046608
-77.83333,10.75,0.046994
-77.83333,10.833336,0.048259
-77.83333,10.916672,0.049405
-77.83333,11.0,0.049948
-77.83333,11.083336,0.050777
-77.83333,11.166672,0.053413
-77.83333,11.25,0.058844
-77.83333,11.333336,0.066474
-77.83333,11.416672,0.075687
-77.83333,11.5,0.087789
-77.83333,11.583336,0.099666
-77.83333,11.666672,0.109505
-77.83333,11.75,0.117445
-77.83333,11.833336,0.125174
-77.83333,11.916672,0.131561
-77.83333,12.0,0.13901
-77.83333,12.083336,0.154714
-77.83333,12.166672,0.181999
-77.83333,12.25,0.206806
-77.83333,12.333336,0.223596
-77.83333,12.416672,0.236605
-77.75,-4.25,0.0
-77.75,-4.166664,0.0
-77.75,-4.0833282,0.0
-77.75,-4.0,0.0
-77.75,-3.9166641,0.0
-77.75,-3.8333282,0.0
-77.75,-3.75,0.0
-77.75,-3.6666641,0.0
-77.75,-3.5833282,0.0
-77.75,-3.5,0.0
-77.75,-3.4166641,0.0
-77.75,-3.3333282,0.0
-77.75,-3.25,0.0
-77.75,-3.1666641,0.0
-77.75,-3.0833282,0.0
-77.75,-3.0,0.0
-77.75,-2.9166641,0.0
-77.75,-2.8333282,0.0
-77.75,-2.75,0.0
-77.75,-2.6666641,0.0
-77.75,-2.5833282,0.0
-77.75,-2.5,0.0
-77.75,-2.4166641,0.0
-77.75,-2.3333282,0.0
-77.75,-2.25,0.0
-77.75,-2.1666641,0.0
-77.75,-2.0833282,0.0
-77.75,-2.0,0.0
-77.75,-1.9166641,0.0
-77.75,-1.8333282,0.0
-77.75,-1.75,0.0
-77.75,-1.6666641,0.0
-77.75,-1.5833282,0.0
-77.75,-1.5,0.0
-77.75,-1.4166641,0.0
-77.75,-1.3333282,0.0
-77.75,-1.25,0.0
-77.75,-1.1666641,0.0
-77.75,-1.0833282,0.0
-77.75,-1.0,0.0
-77.75,-0.9166641,0.0
-77.75,-0.83332825,0.0
-77.75,-0.75,0.0
-77.75,-0.6666641,0.0
-77.75,-0.58332825,0.0
-77.75,-0.5,0.0
-77.75,-0.41666412,0.0
-77.75,-0.33332825,0.0
-77.75,-0.25,0.0
-77.75,-0.16666412,0.0
-77.75,-0.08332825,0.0
-77.75,0.0,0.0
-77.75,0.08333588,0.0
-77.75,0.16667175,0.0
-77.75,0.25,0.0
-77.75,0.33333588,0.0
-77.75,0.41667175,0.0
-77.75,0.5,0.0
-77.75,0.5833359,0.0
-77.75,0.66667175,0.0
-77.75,0.75,0.0
-77.75,0.8333359,0.0
-77.75,0.91667175,0.0
-77.75,1.0,0.0
-77.75,1.0833359,0.0
-77.75,1.1666718,0.0
-77.75,1.25,0.0
-77.75,1.3333359,0.0
-77.75,1.4166718,0.0
-77.75,1.5,0.0
-77.75,1.5833359,0.0
-77.75,1.6666718,0.0
-77.75,1.75,0.0
-77.75,1.8333359,0.0
-77.75,1.9166718,0.0
-77.75,2.0,0.0
-77.75,2.0833359,0.0
-77.75,2.1666718,0.0
-77.75,2.25,0.0
-77.75,2.3333359,0.0
-77.75,2.4166718,0.0
-77.75,2.5,0.0
-77.75,2.5833359,0.0
-77.75,2.6666718,0.0
-77.75,2.75,0.0
-77.75,2.8333359,0.293013
-77.75,2.9166718,0.292956
-77.75,3.0,0.291936
-77.75,3.0833359,0.289788
-77.75,3.1666718,0.289406
-77.75,3.25,0.288648
-77.75,3.3333359,0.288622
-77.75,3.4166718,0.288582
-77.75,3.5,0.288384
-77.75,3.5833359,0.288578
-77.75,3.6666718,0.288315
-77.75,3.75,0.289192
-77.75,3.8333359,0.290153
-77.75,3.9166718,0.291381
-77.75,4.0,0.290894
-77.75,4.083336,0.291041
-77.75,4.1666718,0.29068
-77.75,4.25,0.289382
-77.75,4.333336,0.288516
-77.75,4.4166718,0.287632
-77.75,4.5,0.286385
-77.75,4.583336,0.283594
-77.75,4.6666718,0.280848
-77.75,4.75,0.280119
-77.75,4.833336,0.27945
-77.75,4.9166718,0.278458
-77.75,5.0,0.277046
-77.75,5.083336,0.275918
-77.75,5.1666718,0.275031
-77.75,5.25,0.274943
-77.75,5.333336,0.274902
-77.75,5.4166718,0.275027
-77.75,5.5,0.276826
-77.75,5.583336,0.279645
-77.75,5.6666718,0.283842
-77.75,5.75,0.287803
-77.75,5.833336,0.29181
-77.75,5.9166718,0.295301
-77.75,6.0,0.298129
-77.75,6.083336,0.301292
-77.75,6.1666718,0.30443
-77.75,6.25,0.307605
-77.75,6.333336,0.311377
-77.75,6.4166718,0.314926
-77.75,6.5,0.31786
-77.75,6.583336,0.320995
-77.75,6.6666718,0.323888
-77.75,6.75,0.326764
-77.75,6.833336,0.33022
-77.75,6.9166718,0.334742
-77.75,7.0,0.338208
-77.75,7.083336,0.339718
-77.75,7.1666718,0.0
-77.75,7.25,0.0
-77.75,7.333336,0.0
-77.75,7.4166718,0.0
-77.75,7.5,0.0
-77.75,7.583336,0.0
-77.75,7.6666718,0.0
-77.75,7.75,0.0
-77.75,7.833336,0.0
-77.75,7.9166718,0.0
-77.75,8.0,0.0
-77.75,8.083336,0.0
-77.75,8.166672,0.0
-77.75,8.25,0.0
-77.75,8.333336,0.0
-77.75,8.416672,0.0
-77.75,8.5,0.0
-77.75,8.583336,0.0
-77.75,8.666672,0.0
-77.75,8.75,0.0
-77.75,8.833336,0.0
-77.75,8.916672,0.0
-77.75,9.0,0.143522
-77.75,9.083336,0.140576
-77.75,9.166672,0.138575
-77.75,9.25,0.138026
-77.75,9.333336,0.138531
-77.75,9.416672,0.137496
-77.75,9.5,0.134495
-77.75,9.583336,0.131402
-77.75,9.666672,0.126174
-77.75,9.75,0.118292
-77.75,9.833336,0.109419
-77.75,9.916672,0.100556
-77.75,10.0,0.091877
-77.75,10.083336,0.083581
-77.75,10.166672,0.075514
-77.75,10.25,0.0676
-77.75,10.333336,0.060064
-77.75,10.416672,0.053125
-77.75,10.5,0.047489
-77.75,10.583336,0.04417
-77.75,10.666672,0.043699
-77.75,10.75,0.044813
-77.75,10.833336,0.046888
-77.75,10.916672,0.048003
-77.75,11.0,0.048145
-77.75,11.083336,0.048921
-77.75,11.166672,0.051839
-77.75,11.25,0.05755
-77.75,11.333336,0.065148
-77.75,11.416672,0.074883
-77.75,11.5,0.087576
-77.75,11.583336,0.099397
-77.75,11.666672,0.108674
-77.75,11.75,0.11642
-77.75,11.833336,0.124164
-77.75,11.916672,0.130832
-77.75,12.0,0.138934
-77.75,12.083336,0.155881
-77.75,12.166672,0.181619
-77.75,12.25,0.204646
-77.75,12.333336,0.221074
-77.75,12.416672,0.233346
-77.666664,-4.25,0.0
-77.666664,-4.166664,0.0
-77.666664,-4.0833282,0.0
-77.666664,-4.0,0.0
-77.666664,-3.9166641,0.0
-77.666664,-3.8333282,0.0
-77.666664,-3.75,0.0
-77.666664,-3.6666641,0.0
-77.666664,-3.5833282,0.0
-77.666664,-3.5,0.0
-77.666664,-3.4166641,0.0
-77.666664,-3.3333282,0.0
-77.666664,-3.25,0.0
-77.666664,-3.1666641,0.0
-77.666664,-3.0833282,0.0
-77.666664,-3.0,0.0
-77.666664,-2.9166641,0.0
-77.666664,-2.8333282,0.0
-77.666664,-2.75,0.0
-77.666664,-2.6666641,0.0
-77.666664,-2.5833282,0.0
-77.666664,-2.5,0.0
-77.666664,-2.4166641,0.0
-77.666664,-2.3333282,0.0
-77.666664,-2.25,0.0
-77.666664,-2.1666641,0.0
-77.666664,-2.0833282,0.0
-77.666664,-2.0,0.0
-77.666664,-1.9166641,0.0
-77.666664,-1.8333282,0.0
-77.666664,-1.75,0.0
-77.666664,-1.6666641,0.0
-77.666664,-1.5833282,0.0
-77.666664,-1.5,0.0
-77.666664,-1.4166641,0.0
-77.666664,-1.3333282,0.0
-77.666664,-1.25,0.0
-77.666664,-1.1666641,0.0
-77.666664,-1.0833282,0.0
-77.666664,-1.0,0.0
-77.666664,-0.9166641,0.0
-77.666664,-0.83332825,0.0
-77.666664,-0.75,0.0
-77.666664,-0.6666641,0.0
-77.666664,-0.58332825,0.0
-77.666664,-0.5,0.0
-77.666664,-0.41666412,0.0
-77.666664,-0.33332825,0.0
-77.666664,-0.25,0.0
-77.666664,-0.16666412,0.0
-77.666664,-0.08332825,0.0
-77.666664,0.0,0.0
-77.666664,0.08333588,0.0
-77.666664,0.16667175,0.0
-77.666664,0.25,0.0
-77.666664,0.33333588,0.0
-77.666664,0.41667175,0.0
-77.666664,0.5,0.0
-77.666664,0.5833359,0.0
-77.666664,0.66667175,0.0
-77.666664,0.75,0.0
-77.666664,0.8333359,0.0
-77.666664,0.91667175,0.0
-77.666664,1.0,0.0
-77.666664,1.0833359,0.0
-77.666664,1.1666718,0.0
-77.666664,1.25,0.0
-77.666664,1.3333359,0.0
-77.666664,1.4166718,0.0
-77.666664,1.5,0.0
-77.666664,1.5833359,0.0
-77.666664,1.6666718,0.0
-77.666664,1.75,0.0
-77.666664,1.8333359,0.0
-77.666664,1.9166718,0.0
-77.666664,2.0,0.0
-77.666664,2.0833359,0.0
-77.666664,2.1666718,0.0
-77.666664,2.25,0.0
-77.666664,2.3333359,0.0
-77.666664,2.4166718,0.0
-77.666664,2.5,0.0
-77.666664,2.5833359,0.0
-77.666664,2.6666718,0.0
-77.666664,2.75,0.0
-77.666664,2.8333359,0.0
-77.666664,2.9166718,0.295303
-77.666664,3.0,0.294827
-77.666664,3.0833359,0.294303
-77.666664,3.1666718,0.29298
-77.666664,3.25,0.292371
-77.666664,3.3333359,0.291103
-77.666664,3.4166718,0.290514
-77.666664,3.5,0.29048
-77.666664,3.5833359,0.29022
-77.666664,3.6666718,0.29017
-77.666664,3.75,0.291428
-77.666664,3.8333359,0.293353
-77.666664,3.9166718,0.295988
-77.666664,4.0,0.297188
-77.666664,4.083336,0.298492
-77.666664,4.1666718,0.297177
-77.666664,4.25,0.296011
-77.666664,4.333336,0.294959
-77.666664,4.4166718,0.29398
-77.666664,4.5,0.29155
-77.666664,4.583336,0.289352
-77.666664,4.6666718,0.287091
-77.666664,4.75,0.286026
-77.666664,4.833336,0.285211
-77.666664,4.9166718,0.285026
-77.666664,5.0,0.284066
-77.666664,5.083336,0.28361
-77.666664,5.1666718,0.282996
-77.666664,5.25,0.2831
-77.666664,5.333336,0.283503
-77.666664,5.4166718,0.284151
-77.666664,5.5,0.286192
-77.666664,5.583336,0.290217
-77.666664,5.6666718,0.294484
-77.666664,5.75,0.297958
-77.666664,5.833336,0.299589
-77.666664,5.9166718,0.301934
-77.666664,6.0,0.30411
-77.666664,6.083336,0.305918
-77.666664,6.1666718,0.308399
-77.666664,6.25,0.311111
-77.666664,6.333336,0.314483
-77.666664,6.4166718,0.317459
-77.666664,6.5,0.320702
-77.666664,6.583336,0.323922
-77.666664,6.6666718,0.326589
-77.666664,6.75,0.328601
-77.666664,6.833336,0.333242
-77.666664,6.9166718,0.337554
-77.666664,7.0,0.338366
-77.666664,7.083336,0.340919
-77.666664,7.1666718,0.0
-77.666664,7.25,0.0
-77.666664,7.333336,0.0
-77.666664,7.4166718,0.0
-77.666664,7.5,0.0
-77.666664,7.583336,0.0
-77.666664,7.6666718,0.0
-77.666664,7.75,0.0
-77.666664,7.833336,0.0
-77.666664,7.9166718,0.0
-77.666664,8.0,0.0
-77.666664,8.083336,0.0
-77.666664,8.166672,0.0
-77.666664,8.25,0.0
-77.666664,8.333336,0.0
-77.666664,8.416672,0.0
-77.666664,8.5,0.0
-77.666664,8.583336,0.0
-77.666664,8.666672,0.0
-77.666664,8.75,0.0
-77.666664,8.833336,0.0
-77.666664,8.916672,0.144036
-77.666664,9.0,0.140465
-77.666664,9.083336,0.137505
-77.666664,9.166672,0.135826
-77.666664,9.25,0.13602
-77.666664,9.333336,0.136636
-77.666664,9.416672,0.135256
-77.666664,9.5,0.131973
-77.666664,9.583336,0.127995
-77.666664,9.666672,0.122865
-77.666664,9.75,0.115289
-77.666664,9.833336,0.105483
-77.666664,9.916672,0.09562
-77.666664,10.0,0.086817
-77.666664,10.083336,0.078798
-77.666664,10.166672,0.070971
-77.666664,10.25,0.062966
-77.666664,10.333336,0.055175
-77.666664,10.416672,0.048623
-77.666664,10.5,0.044197
-77.666664,10.583336,0.042366
-77.666664,10.666672,0.042587
-77.666664,10.75,0.043746
-77.666664,10.833336,0.045768
-77.666664,10.916672,0.046527
-77.666664,11.0,0.046145
-77.666664,11.083336,0.046822
-77.666664,11.166672,0.050013
-77.666664,11.25,0.055765
-77.666664,11.333336,0.063455
-77.666664,11.416672,0.073837
-77.666664,11.5,0.086943
-77.666664,11.583336,0.098659
-77.666664,11.666672,0.107481
-77.666664,11.75,0.115189
-77.666664,11.833336,0.122851
-77.666664,11.916672,0.12994
-77.666664,12.0,0.138941
-77.666664,12.083336,0.156643
-77.666664,12.166672,0.180435
-77.666664,12.25,0.201609
-77.666664,12.333336,0.217719
-77.666664,12.416672,0.22936
-77.58333,-4.25,0.0
-77.58333,-4.166664,0.0
-77.58333,-4.0833282,0.0
-77.58333,-4.0,0.0
-77.58333,-3.9166641,0.0
-77.58333,-3.8333282,0.0
-77.58333,-3.75,0.0
-77.58333,-3.6666641,0.0
-77.58333,-3.5833282,0.0
-77.58333,-3.5,0.0
-77.58333,-3.4166641,0.0
-77.58333,-3.3333282,0.0
-77.58333,-3.25,0.0
-77.58333,-3.1666641,0.0
-77.58333,-3.0833282,0.0
-77.58333,-3.0,0.0
-77.58333,-2.9166641,0.0
-77.58333,-2.8333282,0.0
-77.58333,-2.75,0.0
-77.58333,-2.6666641,0.0
-77.58333,-2.5833282,0.0
-77.58333,-2.5,0.0
-77.58333,-2.4166641,0.0
-77.58333,-2.3333282,0.0
-77.58333,-2.25,0.0
-77.58333,-2.1666641,0.0
-77.58333,-2.0833282,0.0
-77.58333,-2.0,0.0
-77.58333,-1.9166641,0.0
-77.58333,-1.8333282,0.0
-77.58333,-1.75,0.0
-77.58333,-1.6666641,0.0
-77.58333,-1.5833282,0.0
-77.58333,-1.5,0.0
-77.58333,-1.4166641,0.0
-77.58333,-1.3333282,0.0
-77.58333,-1.25,0.0
-77.58333,-1.1666641,0.0
-77.58333,-1.0833282,0.0
-77.58333,-1.0,0.0
-77.58333,-0.9166641,0.0
-77.58333,-0.83332825,0.0
-77.58333,-0.75,0.0
-77.58333,-0.6666641,0.0
-77.58333,-0.58332825,0.0
-77.58333,-0.5,0.0
-77.58333,-0.41666412,0.0
-77.58333,-0.33332825,0.0
-77.58333,-0.25,0.0
-77.58333,-0.16666412,0.0
-77.58333,-0.08332825,0.0
-77.58333,0.0,0.0
-77.58333,0.08333588,0.0
-77.58333,0.16667175,0.0
-77.58333,0.25,0.0
-77.58333,0.33333588,0.0
-77.58333,0.41667175,0.0
-77.58333,0.5,0.0
-77.58333,0.5833359,0.0
-77.58333,0.66667175,0.0
-77.58333,0.75,0.0
-77.58333,0.8333359,0.0
-77.58333,0.91667175,0.0
-77.58333,1.0,0.0
-77.58333,1.0833359,0.0
-77.58333,1.1666718,0.0
-77.58333,1.25,0.0
-77.58333,1.3333359,0.0
-77.58333,1.4166718,0.0
-77.58333,1.5,0.0
-77.58333,1.5833359,0.0
-77.58333,1.6666718,0.0
-77.58333,1.75,0.0
-77.58333,1.8333359,0.0
-77.58333,1.9166718,0.0
-77.58333,2.0,0.0
-77.58333,2.0833359,0.0
-77.58333,2.1666718,0.0
-77.58333,2.25,0.0
-77.58333,2.3333359,0.0
-77.58333,2.4166718,0.0
-77.58333,2.5,0.0
-77.58333,2.5833359,0.0
-77.58333,2.6666718,0.0
-77.58333,2.75,0.0
-77.58333,2.8333359,0.0
-77.58333,2.9166718,0.0
-77.58333,3.0,0.0
-77.58333,3.0833359,0.296156
-77.58333,3.1666718,0.295815
-77.58333,3.25,0.295692
-77.58333,3.3333359,0.293918
-77.58333,3.4166718,0.293215
-77.58333,3.5,0.293013
-77.58333,3.5833359,0.293113
-77.58333,3.6666718,0.293328
-77.58333,3.75,0.294349
-77.58333,3.8333359,0.297459
-77.58333,3.9166718,0.300007
-77.58333,4.0,0.303697
-77.58333,4.083336,0.302359
-77.58333,4.1666718,0.302261
-77.58333,4.25,0.301837
-77.58333,4.333336,0.300231
-77.58333,4.4166718,0.298793
-77.58333,4.5,0.295516
-77.58333,4.583336,0.293626
-77.58333,4.6666718,0.291361
-77.58333,4.75,0.289933
-77.58333,4.833336,0.289969
-77.58333,4.9166718,0.289908
-77.58333,5.0,0.289835
-77.58333,5.083336,0.290505
-77.58333,5.1666718,0.290985
-77.58333,5.25,0.291569
-77.58333,5.333336,0.292214
-77.58333,5.4166718,0.294601
-77.58333,5.5,0.29747
-77.58333,5.583336,0.300214
-77.58333,5.6666718,0.301979
-77.58333,5.75,0.301641
-77.58333,5.833336,0.302387
-77.58333,5.9166718,0.30527
-77.58333,6.0,0.306473
-77.58333,6.083336,0.308108
-77.58333,6.1666718,0.310045
-77.58333,6.25,0.311848
-77.58333,6.333336,0.314527
-77.58333,6.4166718,0.317553
-77.58333,6.5,0.321026
-77.58333,6.583336,0.324744
-77.58333,6.6666718,0.32718
-77.58333,6.75,0.330279
-77.58333,6.833336,0.332657
-77.58333,6.9166718,0.0
-77.58333,7.0,0.0
-77.58333,7.083336,0.0
-77.58333,7.1666718,0.0
-77.58333,7.25,0.0
-77.58333,7.333336,0.0
-77.58333,7.4166718,0.0
-77.58333,7.5,0.0
-77.58333,7.583336,0.0
-77.58333,7.6666718,0.0
-77.58333,7.75,0.0
-77.58333,7.833336,0.0
-77.58333,7.9166718,0.0
-77.58333,8.0,0.0
-77.58333,8.083336,0.0
-77.58333,8.166672,0.0
-77.58333,8.25,0.0
-77.58333,8.333336,0.0
-77.58333,8.416672,0.0
-77.58333,8.5,0.0
-77.58333,8.583336,0.0
-77.58333,8.666672,0.0
-77.58333,8.75,0.0
-77.58333,8.833336,0.144608
-77.58333,8.916672,0.140216
-77.58333,9.0,0.136945
-77.58333,9.083336,0.135549
-77.58333,9.166672,0.134475
-77.58333,9.25,0.133654
-77.58333,9.333336,0.134193
-77.58333,9.416672,0.13367
-77.58333,9.5,0.13097
-77.58333,9.583336,0.12641
-77.58333,9.666672,0.120499
-77.58333,9.75,0.113017
-77.58333,9.833336,0.103704
-77.58333,9.916672,0.093586
-77.58333,10.0,0.084138
-77.58333,10.083336,0.075511
-77.58333,10.166672,0.067296
-77.58333,10.25,0.059215
-77.58333,10.333336,0.051901
-77.58333,10.416672,0.046366
-77.58333,10.5,0.043415
-77.58333,10.583336,0.042624
-77.58333,10.666672,0.04291
-77.58333,10.75,0.043629
-77.58333,10.833336,0.04504
-77.58333,10.916672,0.045054
-77.58333,11.0,0.044108
-77.58333,11.083336,0.044675
-77.58333,11.166672,0.047934
-77.58333,11.25,0.053629
-77.58333,11.333336,0.061583
-77.58333,11.416672,0.072856
-77.58333,11.5,0.086129
-77.58333,11.583336,0.097726
-77.58333,11.666672,0.106227
-77.58333,11.75,0.113711
-77.58333,11.833336,0.121011
-77.58333,11.916672,0.127994
-77.58333,12.0,0.138367
-77.58333,12.083336,0.156459
-77.58333,12.166672,0.178379
-77.58333,12.25,0.19795
-77.58333,12.333336,0.213636
-77.58333,12.416672,0.225049
-77.5,-4.25,0.0
-77.5,-4.166664,0.0
-77.5,-4.0833282,0.0
-77.5,-4.0,0.0
-77.5,-3.9166641,0.0
-77.5,-3.8333282,0.0
-77.5,-3.75,0.0
-77.5,-3.6666641,0.0
-77.5,-3.5833282,0.0
-77.5,-3.5,0.0
-77.5,-3.4166641,0.0
-77.5,-3.3333282,0.0
-77.5,-3.25,0.0
-77.5,-3.1666641,0.0
-77.5,-3.0833282,0.0
-77.5,-3.0,0.0
-77.5,-2.9166641,0.0
-77.5,-2.8333282,0.0
-77.5,-2.75,0.0
-77.5,-2.6666641,0.0
-77.5,-2.5833282,0.0
-77.5,-2.5,0.0
-77.5,-2.4166641,0.0
-77.5,-2.3333282,0.0
-77.5,-2.25,0.0
-77.5,-2.1666641,0.0
-77.5,-2.0833282,0.0
-77.5,-2.0,0.0
-77.5,-1.9166641,0.0
-77.5,-1.8333282,0.0
-77.5,-1.75,0.0
-77.5,-1.6666641,0.0
-77.5,-1.5833282,0.0
-77.5,-1.5,0.0
-77.5,-1.4166641,0.0
-77.5,-1.3333282,0.0
-77.5,-1.25,0.0
-77.5,-1.1666641,0.0
-77.5,-1.0833282,0.0
-77.5,-1.0,0.0
-77.5,-0.9166641,0.0
-77.5,-0.83332825,0.0
-77.5,-0.75,0.0
-77.5,-0.6666641,0.0
-77.5,-0.58332825,0.0
-77.5,-0.5,0.0
-77.5,-0.41666412,0.0
-77.5,-0.33332825,0.0
-77.5,-0.25,0.0
-77.5,-0.16666412,0.0
-77.5,-0.08332825,0.0
-77.5,0.0,0.0
-77.5,0.08333588,0.0
-77.5,0.16667175,0.0
-77.5,0.25,0.0
-77.5,0.33333588,0.0
-77.5,0.41667175,0.0
-77.5,0.5,0.0
-77.5,0.5833359,0.0
-77.5,0.66667175,0.0
-77.5,0.75,0.0
-77.5,0.8333359,0.0
-77.5,0.91667175,0.0
-77.5,1.0,0.0
-77.5,1.0833359,0.0
-77.5,1.1666718,0.0
-77.5,1.25,0.0
-77.5,1.3333359,0.0
-77.5,1.4166718,0.0
-77.5,1.5,0.0
-77.5,1.5833359,0.0
-77.5,1.6666718,0.0
-77.5,1.75,0.0
-77.5,1.8333359,0.0
-77.5,1.9166718,0.0
-77.5,2.0,0.0
-77.5,2.0833359,0.0
-77.5,2.1666718,0.0
-77.5,2.25,0.0
-77.5,2.3333359,0.0
-77.5,2.4166718,0.0
-77.5,2.5,0.0
-77.5,2.5833359,0.0
-77.5,2.6666718,0.0
-77.5,2.75,0.0
-77.5,2.8333359,0.0
-77.5,2.9166718,0.0
-77.5,3.0,0.0
-77.5,3.0833359,0.0
-77.5,3.1666718,0.0
-77.5,3.25,0.297501
-77.5,3.3333359,0.297173
-77.5,3.4166718,0.296017
-77.5,3.5,0.29645
-77.5,3.5833359,0.295549
-77.5,3.6666718,0.296994
-77.5,3.75,0.29843
-77.5,3.8333359,0.302216
-77.5,3.9166718,0.306349
-77.5,4.0,0.310931
-77.5,4.083336,0.309434
-77.5,4.1666718,0.309219
-77.5,4.25,0.308957
-77.5,4.333336,0.304454
-77.5,4.4166718,0.301574
-77.5,4.5,0.296335
-77.5,4.583336,0.295342
-77.5,4.6666718,0.294699
-77.5,4.75,0.294944
-77.5,4.833336,0.295086
-77.5,4.9166718,0.296987
-77.5,5.0,0.298286
-77.5,5.083336,0.301437
-77.5,5.1666718,0.301132
-77.5,5.25,0.301182
-77.5,5.333336,0.302193
-77.5,5.4166718,0.304337
-77.5,5.5,0.305562
-77.5,5.583336,0.306082
-77.5,5.6666718,0.305084
-77.5,5.75,0.305683
-77.5,5.833336,0.305622
-77.5,5.9166718,0.306929
-77.5,6.0,0.307922
-77.5,6.083336,0.310346
-77.5,6.1666718,0.31104
-77.5,6.25,0.312254
-77.5,6.333336,0.313211
-77.5,6.4166718,0.316682
-77.5,6.5,0.320397
-77.5,6.583336,0.323752
-77.5,6.6666718,0.325379
-77.5,6.75,0.0
-77.5,6.833336,0.0
-77.5,6.9166718,0.0
-77.5,7.0,0.0
-77.5,7.083336,0.0
-77.5,7.1666718,0.0
-77.5,7.25,0.0
-77.5,7.333336,0.0
-77.5,7.4166718,0.0
-77.5,7.5,0.0
-77.5,7.583336,0.0
-77.5,7.6666718,0.0
-77.5,7.75,0.0
-77.5,7.833336,0.0
-77.5,7.9166718,0.0
-77.5,8.0,0.0
-77.5,8.083336,0.0
-77.5,8.166672,0.0
-77.5,8.25,0.0
-77.5,8.333336,0.0
-77.5,8.416672,0.0
-77.5,8.5,0.0
-77.5,8.583336,0.0
-77.5,8.666672,0.0
-77.5,8.75,0.146492
-77.5,8.833336,0.141812
-77.5,8.916672,0.136158
-77.5,9.0,0.132068
-77.5,9.083336,0.131663
-77.5,9.166672,0.132357
-77.5,9.25,0.132463
-77.5,9.333336,0.132728
-77.5,9.416672,0.131962
-77.5,9.5,0.130256
-77.5,9.583336,0.126301
-77.5,9.666672,0.120226
-77.5,9.75,0.11233
-77.5,9.833336,0.102844
-77.5,9.916672,0.092811
-77.5,10.0,0.083131
-77.5,10.083336,0.074152
-77.5,10.166672,0.065699
-77.5,10.25,0.057887
-77.5,10.333336,0.051359
-77.5,10.416672,0.04683
-77.5,10.5,0.044718
-77.5,10.583336,0.044203
-77.5,10.666672,0.044161
-77.5,10.75,0.044242
-77.5,10.833336,0.04465
-77.5,10.916672,0.043813
-77.5,11.0,0.042275
-77.5,11.083336,0.042699
-77.5,11.166672,0.045895
-77.5,11.25,0.051523
-77.5,11.333336,0.059886
-77.5,11.416672,0.071672
-77.5,11.5,0.084986
-77.5,11.583336,0.096723
-77.5,11.666672,0.104929
-77.5,11.75,0.111973
-77.5,11.833336,0.118545
-77.5,11.916672,0.125218
-77.5,12.0,0.136936
-77.5,12.083336,0.155509
-77.5,12.166672,0.175723
-77.5,12.25,0.193622
-77.5,12.333336,0.208957
-77.5,12.416672,0.220538
-77.416664,-4.25,0.0
-77.416664,-4.166664,0.0
-77.416664,-4.0833282,0.0
-77.416664,-4.0,0.0
-77.416664,-3.9166641,0.0
-77.416664,-3.8333282,0.0
-77.416664,-3.75,0.0
-77.416664,-3.6666641,0.0
-77.416664,-3.5833282,0.0
-77.416664,-3.5,0.0
-77.416664,-3.4166641,0.0
-77.416664,-3.3333282,0.0
-77.416664,-3.25,0.0
-77.416664,-3.1666641,0.0
-77.416664,-3.0833282,0.0
-77.416664,-3.0,0.0
-77.416664,-2.9166641,0.0
-77.416664,-2.8333282,0.0
-77.416664,-2.75,0.0
-77.416664,-2.6666641,0.0
-77.416664,-2.5833282,0.0
-77.416664,-2.5,0.0
-77.416664,-2.4166641,0.0
-77.416664,-2.3333282,0.0
-77.416664,-2.25,0.0
-77.416664,-2.1666641,0.0
-77.416664,-2.0833282,0.0
-77.416664,-2.0,0.0
-77.416664,-1.9166641,0.0
-77.416664,-1.8333282,0.0
-77.416664,-1.75,0.0
-77.416664,-1.6666641,0.0
-77.416664,-1.5833282,0.0
-77.416664,-1.5,0.0
-77.416664,-1.4166641,0.0
-77.416664,-1.3333282,0.0
-77.416664,-1.25,0.0
-77.416664,-1.1666641,0.0
-77.416664,-1.0833282,0.0
-77.416664,-1.0,0.0
-77.416664,-0.9166641,0.0
-77.416664,-0.83332825,0.0
-77.416664,-0.75,0.0
-77.416664,-0.6666641,0.0
-77.416664,-0.58332825,0.0
-77.416664,-0.5,0.0
-77.416664,-0.41666412,0.0
-77.416664,-0.33332825,0.0
-77.416664,-0.25,0.0
-77.416664,-0.16666412,0.0
-77.416664,-0.08332825,0.0
-77.416664,0.0,0.0
-77.416664,0.08333588,0.0
-77.416664,0.16667175,0.0
-77.416664,0.25,0.0
-77.416664,0.33333588,0.0
-77.416664,0.41667175,0.0
-77.416664,0.5,0.0
-77.416664,0.5833359,0.0
-77.416664,0.66667175,0.0
-77.416664,0.75,0.0
-77.416664,0.8333359,0.0
-77.416664,0.91667175,0.0
-77.416664,1.0,0.0
-77.416664,1.0833359,0.0
-77.416664,1.1666718,0.0
-77.416664,1.25,0.0
-77.416664,1.3333359,0.0
-77.416664,1.4166718,0.0
-77.416664,1.5,0.0
-77.416664,1.5833359,0.0
-77.416664,1.6666718,0.0
-77.416664,1.75,0.0
-77.416664,1.8333359,0.0
-77.416664,1.9166718,0.0
-77.416664,2.0,0.0
-77.416664,2.0833359,0.0
-77.416664,2.1666718,0.0
-77.416664,2.25,0.0
-77.416664,2.3333359,0.0
-77.416664,2.4166718,0.0
-77.416664,2.5,0.0
-77.416664,2.5833359,0.0
-77.416664,2.6666718,0.0
-77.416664,2.75,0.0
-77.416664,2.8333359,0.0
-77.416664,2.9166718,0.0
-77.416664,3.0,0.0
-77.416664,3.0833359,0.0
-77.416664,3.1666718,0.0
-77.416664,3.25,0.0
-77.416664,3.3333359,0.299283
-77.416664,3.4166718,0.299731
-77.416664,3.5,0.300469
-77.416664,3.5833359,0.302066
-77.416664,3.6666718,0.30315
-77.416664,3.75,0.305183
-77.416664,3.8333359,0.309047
-77.416664,3.9166718,0.314069
-77.416664,4.0,0.322371
-77.416664,4.083336,0.0
-77.416664,4.1666718,0.0
-77.416664,4.25,0.0
-77.416664,4.333336,0.304352
-77.416664,4.4166718,0.303473
-77.416664,4.5,0.300333
-77.416664,4.583336,0.301541
-77.416664,4.6666718,0.302742
-77.416664,4.75,0.304221
-77.416664,4.833336,0.305449
-77.416664,4.9166718,0.308113
-77.416664,5.0,0.307992
-77.416664,5.083336,0.313172
-77.416664,5.1666718,0.308726
-77.416664,5.25,0.305147
-77.416664,5.333336,0.307705
-77.416664,5.4166718,0.310263
-77.416664,5.5,0.0
-77.416664,5.583336,0.0
-77.416664,5.6666718,0.302048
-77.416664,5.75,0.304533
-77.416664,5.833336,0.305895
-77.416664,5.9166718,0.307067
-77.416664,6.0,0.309492
-77.416664,6.083336,0.311263
-77.416664,6.1666718,0.0
-77.416664,6.25,0.0
-77.416664,6.333336,0.312532
-77.416664,6.4166718,0.316397
-77.416664,6.5,0.319874
-77.416664,6.583336,0.323232
-77.416664,6.6666718,0.324166
-77.416664,6.75,0.0
-77.416664,6.833336,0.0
-77.416664,6.9166718,0.0
-77.416664,7.0,0.0
-77.416664,7.083336,0.0
-77.416664,7.1666718,0.0
-77.416664,7.25,0.0
-77.416664,7.333336,0.0
-77.416664,7.4166718,0.0
-77.416664,7.5,0.0
-77.416664,7.583336,0.0
-77.416664,7.6666718,0.0
-77.416664,7.75,0.0
-77.416664,7.833336,0.0
-77.416664,7.9166718,0.0
-77.416664,8.0,0.0
-77.416664,8.083336,0.0
-77.416664,8.166672,0.0
-77.416664,8.25,0.0
-77.416664,8.333336,0.0
-77.416664,8.416672,0.0
-77.416664,8.5,0.0
-77.416664,8.583336,0.0
-77.416664,8.666672,0.0
-77.416664,8.75,0.145191
-77.416664,8.833336,0.139258
-77.416664,8.916672,0.133382
-77.416664,9.0,0.129423
-77.416664,9.083336,0.128966
-77.416664,9.166672,0.130629
-77.416664,9.25,0.131836
-77.416664,9.333336,0.132179
-77.416664,9.416672,0.13122
-77.416664,9.5,0.129437
-77.416664,9.583336,0.126565
-77.416664,9.666672,0.121284
-77.416664,9.75,0.113738
-77.416664,9.833336,0.104419
-77.416664,9.916672,0.094151
-77.416664,10.0,0.08409
-77.416664,10.083336,0.074887
-77.416664,10.166672,0.066518
-77.416664,10.25,0.059239
-77.416664,10.333336,0.053608
-77.416664,10.416672,0.049872
-77.416664,10.5,0.047945
-77.416664,10.583336,0.04692
-77.416664,10.666672,0.046152
-77.416664,10.75,0.045398
-77.416664,10.833336,0.044604
-77.416664,10.916672,0.042764
-77.416664,11.0,0.04067
-77.416664,11.083336,0.040975
-77.416664,11.166672,0.044033
-77.416664,11.25,0.04977
-77.416664,11.333336,0.058601
-77.416664,11.416672,0.070378
-77.416664,11.5,0.08355
-77.416664,11.583336,0.095406
-77.416664,11.666672,0.103696
-77.416664,11.75,0.110034
-77.416664,11.833336,0.115641
-77.416664,11.916672,0.122104
-77.416664,12.0,0.134628
-77.416664,12.083336,0.15342
-77.416664,12.166672,0.171705
-77.416664,12.25,0.188664
-77.416664,12.333336,0.203845
-77.416664,12.416672,0.21587
-77.33333,-4.25,0.0
-77.33333,-4.166664,0.0
-77.33333,-4.0833282,0.0
-77.33333,-4.0,0.0
-77.33333,-3.9166641,0.0
-77.33333,-3.8333282,0.0
-77.33333,-3.75,0.0
-77.33333,-3.6666641,0.0
-77.33333,-3.5833282,0.0
-77.33333,-3.5,0.0
-77.33333,-3.4166641,0.0
-77.33333,-3.3333282,0.0
-77.33333,-3.25,0.0
-77.33333,-3.1666641,0.0
-77.33333,-3.0833282,0.0
-77.33333,-3.0,0.0
-77.33333,-2.9166641,0.0
-77.33333,-2.8333282,0.0
-77.33333,-2.75,0.0
-77.33333,-2.6666641,0.0
-77.33333,-2.5833282,0.0
-77.33333,-2.5,0.0
-77.33333,-2.4166641,0.0
-77.33333,-2.3333282,0.0
-77.33333,-2.25,0.0
-77.33333,-2.1666641,0.0
-77.33333,-2.0833282,0.0
-77.33333,-2.0,0.0
-77.33333,-1.9166641,0.0
-77.33333,-1.8333282,0.0
-77.33333,-1.75,0.0
-77.33333,-1.6666641,0.0
-77.33333,-1.5833282,0.0
-77.33333,-1.5,0.0
-77.33333,-1.4166641,0.0
-77.33333,-1.3333282,0.0
-77.33333,-1.25,0.0
-77.33333,-1.1666641,0.0
-77.33333,-1.0833282,0.0
-77.33333,-1.0,0.0
-77.33333,-0.9166641,0.0
-77.33333,-0.83332825,0.0
-77.33333,-0.75,0.0
-77.33333,-0.6666641,0.0
-77.33333,-0.58332825,0.0
-77.33333,-0.5,0.0
-77.33333,-0.41666412,0.0
-77.33333,-0.33332825,0.0
-77.33333,-0.25,0.0
-77.33333,-0.16666412,0.0
-77.33333,-0.08332825,0.0
-77.33333,0.0,0.0
-77.33333,0.08333588,0.0
-77.33333,0.16667175,0.0
-77.33333,0.25,0.0
-77.33333,0.33333588,0.0
-77.33333,0.41667175,0.0
-77.33333,0.5,0.0
-77.33333,0.5833359,0.0
-77.33333,0.66667175,0.0
-77.33333,0.75,0.0
-77.33333,0.8333359,0.0
-77.33333,0.91667175,0.0
-77.33333,1.0,0.0
-77.33333,1.0833359,0.0
-77.33333,1.1666718,0.0
-77.33333,1.25,0.0
-77.33333,1.3333359,0.0
-77.33333,1.4166718,0.0
-77.33333,1.5,0.0
-77.33333,1.5833359,0.0
-77.33333,1.6666718,0.0
-77.33333,1.75,0.0
-77.33333,1.8333359,0.0
-77.33333,1.9166718,0.0
-77.33333,2.0,0.0
-77.33333,2.0833359,0.0
-77.33333,2.1666718,0.0
-77.33333,2.25,0.0
-77.33333,2.3333359,0.0
-77.33333,2.4166718,0.0
-77.33333,2.5,0.0
-77.33333,2.5833359,0.0
-77.33333,2.6666718,0.0
-77.33333,2.75,0.0
-77.33333,2.8333359,0.0
-77.33333,2.9166718,0.0
-77.33333,3.0,0.0
-77.33333,3.0833359,0.0
-77.33333,3.1666718,0.0
-77.33333,3.25,0.0
-77.33333,3.3333359,0.0
-77.33333,3.4166718,0.302088
-77.33333,3.5,0.303453
-77.33333,3.5833359,0.307698
-77.33333,3.6666718,0.308074
-77.33333,3.75,0.311369
-77.33333,3.8333359,0.31467
-77.33333,3.9166718,0.319411
-77.33333,4.0,0.324332
-77.33333,4.083336,0.0
-77.33333,4.1666718,0.0
-77.33333,4.25,0.0
-77.33333,4.333336,0.0
-77.33333,4.4166718,0.308291
-77.33333,4.5,0.306059
-77.33333,4.583336,0.30977
-77.33333,4.6666718,0.31209
-77.33333,4.75,0.313678
-77.33333,4.833336,0.314655
-77.33333,4.9166718,0.313564
-77.33333,5.0,0.0
-77.33333,5.083336,0.0
-77.33333,5.1666718,0.0
-77.33333,5.25,0.0
-77.33333,5.333336,0.0
-77.33333,5.4166718,0.0
-77.33333,5.5,0.0
-77.33333,5.583336,0.0
-77.33333,5.6666718,0.304472
-77.33333,5.75,0.306921
-77.33333,5.833336,0.308868
-77.33333,5.9166718,0.30989
-77.33333,6.0,0.309759
-77.33333,6.083336,0.0
-77.33333,6.1666718,0.0
-77.33333,6.25,0.0
-77.33333,6.333336,0.0
-77.33333,6.4166718,0.0
-77.33333,6.5,0.0
-77.33333,6.583336,0.0
-77.33333,6.6666718,0.0
-77.33333,6.75,0.0
-77.33333,6.833336,0.0
-77.33333,6.9166718,0.0
-77.33333,7.0,0.0
-77.33333,7.083336,0.0
-77.33333,7.1666718,0.0
-77.33333,7.25,0.0
-77.33333,7.333336,0.0
-77.33333,7.4166718,0.0
-77.33333,7.5,0.0
-77.33333,7.583336,0.0
-77.33333,7.6666718,0.0
-77.33333,7.75,0.0
-77.33333,7.833336,0.0
-77.33333,7.9166718,0.0
-77.33333,8.0,0.0
-77.33333,8.083336,0.0
-77.33333,8.166672,0.0
-77.33333,8.25,0.0
-77.33333,8.333336,0.0
-77.33333,8.416672,0.0
-77.33333,8.5,0.0
-77.33333,8.583336,0.0
-77.33333,8.666672,0.149489
-77.33333,8.75,0.14488
-77.33333,8.833336,0.137421
-77.33333,8.916672,0.131109
-77.33333,9.0,0.128326
-77.33333,9.083336,0.128488
-77.33333,9.166672,0.129991
-77.33333,9.25,0.131153
-77.33333,9.333336,0.131639
-77.33333,9.416672,0.131227
-77.33333,9.5,0.129439
-77.33333,9.583336,0.126719
-77.33333,9.666672,0.122325
-77.33333,9.75,0.115731
-77.33333,9.833336,0.107424
-77.33333,9.916672,0.097867
-77.33333,10.0,0.087996
-77.33333,10.083336,0.07875
-77.33333,10.166672,0.070449
-77.33333,10.25,0.06349
-77.33333,10.333336,0.058336
-77.33333,10.416672,0.054749
-77.33333,10.5,0.052307
-77.33333,10.583336,0.050316
-77.33333,10.666672,0.048447
-77.33333,10.75,0.046695
-77.33333,10.833336,0.044639
-77.33333,10.916672,0.041741
-77.33333,11.0,0.039294
-77.33333,11.083336,0.039691
-77.33333,11.166672,0.042559
-77.33333,11.25,0.048535
-77.33333,11.333336,0.057703
-77.33333,11.416672,0.069287
-77.33333,11.5,0.082143
-77.33333,11.583336,0.094042
-77.33333,11.666672,0.102489
-77.33333,11.75,0.107903
-77.33333,11.833336,0.112399
-77.33333,11.916672,0.11818
-77.33333,12.0,0.130632
-77.33333,12.083336,0.149676
-77.33333,12.166672,0.166757
-77.33333,12.25,0.18295
-77.33333,12.333336,0.198611
-77.33333,12.416672,0.211327
-77.25,-4.25,0.0
-77.25,-4.166664,0.0
-77.25,-4.0833282,0.0
-77.25,-4.0,0.0
-77.25,-3.9166641,0.0
-77.25,-3.8333282,0.0
-77.25,-3.75,0.0
-77.25,-3.6666641,0.0
-77.25,-3.5833282,0.0
-77.25,-3.5,0.0
-77.25,-3.4166641,0.0
-77.25,-3.3333282,0.0
-77.25,-3.25,0.0
-77.25,-3.1666641,0.0
-77.25,-3.0833282,0.0
-77.25,-3.0,0.0
-77.25,-2.9166641,0.0
-77.25,-2.8333282,0.0
-77.25,-2.75,0.0
-77.25,-2.6666641,0.0
-77.25,-2.5833282,0.0
-77.25,-2.5,0.0
-77.25,-2.4166641,0.0
-77.25,-2.3333282,0.0
-77.25,-2.25,0.0
-77.25,-2.1666641,0.0
-77.25,-2.0833282,0.0
-77.25,-2.0,0.0
-77.25,-1.9166641,0.0
-77.25,-1.8333282,0.0
-77.25,-1.75,0.0
-77.25,-1.6666641,0.0
-77.25,-1.5833282,0.0
-77.25,-1.5,0.0
-77.25,-1.4166641,0.0
-77.25,-1.3333282,0.0
-77.25,-1.25,0.0
-77.25,-1.1666641,0.0
-77.25,-1.0833282,0.0
-77.25,-1.0,0.0
-77.25,-0.9166641,0.0
-77.25,-0.83332825,0.0
-77.25,-0.75,0.0
-77.25,-0.6666641,0.0
-77.25,-0.58332825,0.0
-77.25,-0.5,0.0
-77.25,-0.41666412,0.0
-77.25,-0.33332825,0.0
-77.25,-0.25,0.0
-77.25,-0.16666412,0.0
-77.25,-0.08332825,0.0
-77.25,0.0,0.0
-77.25,0.08333588,0.0
-77.25,0.16667175,0.0
-77.25,0.25,0.0
-77.25,0.33333588,0.0
-77.25,0.41667175,0.0
-77.25,0.5,0.0
-77.25,0.5833359,0.0
-77.25,0.66667175,0.0
-77.25,0.75,0.0
-77.25,0.8333359,0.0
-77.25,0.91667175,0.0
-77.25,1.0,0.0
-77.25,1.0833359,0.0
-77.25,1.1666718,0.0
-77.25,1.25,0.0
-77.25,1.3333359,0.0
-77.25,1.4166718,0.0
-77.25,1.5,0.0
-77.25,1.5833359,0.0
-77.25,1.6666718,0.0
-77.25,1.75,0.0
-77.25,1.8333359,0.0
-77.25,1.9166718,0.0
-77.25,2.0,0.0
-77.25,2.0833359,0.0
-77.25,2.1666718,0.0
-77.25,2.25,0.0
-77.25,2.3333359,0.0
-77.25,2.4166718,0.0
-77.25,2.5,0.0
-77.25,2.5833359,0.0
-77.25,2.6666718,0.0
-77.25,2.75,0.0
-77.25,2.8333359,0.0
-77.25,2.9166718,0.0
-77.25,3.0,0.0
-77.25,3.0833359,0.0
-77.25,3.1666718,0.0
-77.25,3.25,0.0
-77.25,3.3333359,0.0
-77.25,3.4166718,0.0
-77.25,3.5,0.0
-77.25,3.5833359,0.312423
-77.25,3.6666718,0.314939
-77.25,3.75,0.316533
-77.25,3.8333359,0.319184
-77.25,3.9166718,0.0
-77.25,4.0,0.0
-77.25,4.083336,0.0
-77.25,4.1666718,0.0
-77.25,4.25,0.0
-77.25,4.333336,0.0
-77.25,4.4166718,0.0
-77.25,4.5,0.0
-77.25,4.583336,0.0
-77.25,4.6666718,0.0
-77.25,4.75,0.0
-77.25,4.833336,0.0
-77.25,4.9166718,0.0
-77.25,5.0,0.0
-77.25,5.083336,0.0
-77.25,5.1666718,0.0
-77.25,5.25,0.0
-77.25,5.333336,0.0
-77.25,5.4166718,0.0
-77.25,5.5,0.0
-77.25,5.583336,0.0
-77.25,5.6666718,0.0
-77.25,5.75,0.0
-77.25,5.833336,0.0
-77.25,5.9166718,0.0
-77.25,6.0,0.0
-77.25,6.083336,0.0
-77.25,6.1666718,0.0
-77.25,6.25,0.0
-77.25,6.333336,0.0
-77.25,6.4166718,0.0
-77.25,6.5,0.0
-77.25,6.583336,0.0
-77.25,6.6666718,0.0
-77.25,6.75,0.0
-77.25,6.833336,0.0
-77.25,6.9166718,0.0
-77.25,7.0,0.0
-77.25,7.083336,0.0
-77.25,7.1666718,0.0
-77.25,7.25,0.0
-77.25,7.333336,0.0
-77.25,7.4166718,0.0
-77.25,7.5,0.0
-77.25,7.583336,0.0
-77.25,7.6666718,0.0
-77.25,7.75,0.0
-77.25,7.833336,0.0
-77.25,7.9166718,0.0
-77.25,8.0,0.0
-77.25,8.083336,0.0
-77.25,8.166672,0.0
-77.25,8.25,0.0
-77.25,8.333336,0.0
-77.25,8.416672,0.0
-77.25,8.5,0.159546
-77.25,8.583336,0.15547
-77.25,8.666672,0.151832
-77.25,8.75,0.146115
-77.25,8.833336,0.137964
-77.25,8.916672,0.131063
-77.25,9.0,0.128991
-77.25,9.083336,0.129729
-77.25,9.166672,0.130968
-77.25,9.25,0.131993
-77.25,9.333336,0.132232
-77.25,9.416672,0.131601
-77.25,9.5,0.129851
-77.25,9.583336,0.126942
-77.25,9.666672,0.122887
-77.25,9.75,0.117037
-77.25,9.833336,0.109796
-77.25,9.916672,0.101632
-77.25,10.0,0.092922
-77.25,10.083336,0.084332
-77.25,10.166672,0.07634
-77.25,10.25,0.069618
-77.25,10.333336,0.064404
-77.25,10.416672,0.06018
-77.25,10.5,0.056803
-77.25,10.583336,0.053623
-77.25,10.666672,0.050453
-77.25,10.75,0.047728
-77.25,10.833336,0.044522
-77.25,10.916672,0.040645
-77.25,11.0,0.038275
-77.25,11.083336,0.038958
-77.25,11.166672,0.041601
-77.25,11.25,0.047938
-77.25,11.333336,0.057204
-77.25,11.416672,0.068356
-77.25,11.5,0.081117
-77.25,11.583336,0.092592
-77.25,11.666672,0.100885
-77.25,11.75,0.105795
-77.25,11.833336,0.109552
-77.25,11.916672,0.113801
-77.25,12.0,0.125093
-77.25,12.083336,0.143894
-77.25,12.166672,0.161166
-77.25,12.25,0.17692
-77.25,12.333336,0.192881
-77.25,12.416672,0.206936
-77.166664,-4.25,0.0
-77.166664,-4.166664,0.0
-77.166664,-4.0833282,0.0
-77.166664,-4.0,0.0
-77.166664,-3.9166641,0.0
-77.166664,-3.8333282,0.0
-77.166664,-3.75,0.0
-77.166664,-3.6666641,0.0
-77.166664,-3.5833282,0.0
-77.166664,-3.5,0.0
-77.166664,-3.4166641,0.0
-77.166664,-3.3333282,0.0
-77.166664,-3.25,0.0
-77.166664,-3.1666641,0.0
-77.166664,-3.0833282,0.0
-77.166664,-3.0,0.0
-77.166664,-2.9166641,0.0
-77.166664,-2.8333282,0.0
-77.166664,-2.75,0.0
-77.166664,-2.6666641,0.0
-77.166664,-2.5833282,0.0
-77.166664,-2.5,0.0
-77.166664,-2.4166641,0.0
-77.166664,-2.3333282,0.0
-77.166664,-2.25,0.0
-77.166664,-2.1666641,0.0
-77.166664,-2.0833282,0.0
-77.166664,-2.0,0.0
-77.166664,-1.9166641,0.0
-77.166664,-1.8333282,0.0
-77.166664,-1.75,0.0
-77.166664,-1.6666641,0.0
-77.166664,-1.5833282,0.0
-77.166664,-1.5,0.0
-77.166664,-1.4166641,0.0
-77.166664,-1.3333282,0.0
-77.166664,-1.25,0.0
-77.166664,-1.1666641,0.0
-77.166664,-1.0833282,0.0
-77.166664,-1.0,0.0
-77.166664,-0.9166641,0.0
-77.166664,-0.83332825,0.0
-77.166664,-0.75,0.0
-77.166664,-0.6666641,0.0
-77.166664,-0.58332825,0.0
-77.166664,-0.5,0.0
-77.166664,-0.41666412,0.0
-77.166664,-0.33332825,0.0
-77.166664,-0.25,0.0
-77.166664,-0.16666412,0.0
-77.166664,-0.08332825,0.0
-77.166664,0.0,0.0
-77.166664,0.08333588,0.0
-77.166664,0.16667175,0.0
-77.166664,0.25,0.0
-77.166664,0.33333588,0.0
-77.166664,0.41667175,0.0
-77.166664,0.5,0.0
-77.166664,0.5833359,0.0
-77.166664,0.66667175,0.0
-77.166664,0.75,0.0
-77.166664,0.8333359,0.0
-77.166664,0.91667175,0.0
-77.166664,1.0,0.0
-77.166664,1.0833359,0.0
-77.166664,1.1666718,0.0
-77.166664,1.25,0.0
-77.166664,1.3333359,0.0
-77.166664,1.4166718,0.0
-77.166664,1.5,0.0
-77.166664,1.5833359,0.0
-77.166664,1.6666718,0.0
-77.166664,1.75,0.0
-77.166664,1.8333359,0.0
-77.166664,1.9166718,0.0
-77.166664,2.0,0.0
-77.166664,2.0833359,0.0
-77.166664,2.1666718,0.0
-77.166664,2.25,0.0
-77.166664,2.3333359,0.0
-77.166664,2.4166718,0.0
-77.166664,2.5,0.0
-77.166664,2.5833359,0.0
-77.166664,2.6666718,0.0
-77.166664,2.75,0.0
-77.166664,2.8333359,0.0
-77.166664,2.9166718,0.0
-77.166664,3.0,0.0
-77.166664,3.0833359,0.0
-77.166664,3.1666718,0.0
-77.166664,3.25,0.0
-77.166664,3.3333359,0.0
-77.166664,3.4166718,0.0
-77.166664,3.5,0.0
-77.166664,3.5833359,0.0
-77.166664,3.6666718,0.318234
-77.166664,3.75,0.319505
-77.166664,3.8333359,0.321576
-77.166664,3.9166718,0.0
-77.166664,4.0,0.0
-77.166664,4.083336,0.0
-77.166664,4.1666718,0.0
-77.166664,4.25,0.0
-77.166664,4.333336,0.0
-77.166664,4.4166718,0.0
-77.166664,4.5,0.0
-77.166664,4.583336,0.0
-77.166664,4.6666718,0.0
-77.166664,4.75,0.0
-77.166664,4.833336,0.0
-77.166664,4.9166718,0.0
-77.166664,5.0,0.0
-77.166664,5.083336,0.0
-77.166664,5.1666718,0.0
-77.166664,5.25,0.0
-77.166664,5.333336,0.0
-77.166664,5.4166718,0.0
-77.166664,5.5,0.0
-77.166664,5.583336,0.0
-77.166664,5.6666718,0.0
-77.166664,5.75,0.0
-77.166664,5.833336,0.0
-77.166664,5.9166718,0.0
-77.166664,6.0,0.0
-77.166664,6.083336,0.0
-77.166664,6.1666718,0.0
-77.166664,6.25,0.0
-77.166664,6.333336,0.0
-77.166664,6.4166718,0.0
-77.166664,6.5,0.0
-77.166664,6.583336,0.0
-77.166664,6.6666718,0.0
-77.166664,6.75,0.0
-77.166664,6.833336,0.0
-77.166664,6.9166718,0.0
-77.166664,7.0,0.0
-77.166664,7.083336,0.0
-77.166664,7.1666718,0.0
-77.166664,7.25,0.0
-77.166664,7.333336,0.0
-77.166664,7.4166718,0.0
-77.166664,7.5,0.0
-77.166664,7.583336,0.0
-77.166664,7.6666718,0.0
-77.166664,7.75,0.0
-77.166664,7.833336,0.0
-77.166664,7.9166718,0.0
-77.166664,8.0,0.0
-77.166664,8.083336,0.0
-77.166664,8.166672,0.0
-77.166664,8.25,0.0
-77.166664,8.333336,0.0
-77.166664,8.416672,0.0
-77.166664,8.5,0.15875
-77.166664,8.583336,0.157444
-77.166664,8.666672,0.153717
-77.166664,8.75,0.148186
-77.166664,8.833336,0.140967
-77.166664,8.916672,0.134435
-77.166664,9.0,0.13165
-77.166664,9.083336,0.131847
-77.166664,9.166672,0.132865
-77.166664,9.25,0.133678
-77.166664,9.333336,0.133831
-77.166664,9.416672,0.132696
-77.166664,9.5,0.130392
-77.166664,9.583336,0.127271
-77.166664,9.666672,0.123214
-77.166664,9.75,0.117822
-77.166664,9.833336,0.111233
-77.166664,9.916672,0.104086
-77.166664,10.0,0.096618
-77.166664,10.083336,0.089011
-77.166664,10.166672,0.081754
-77.166664,10.25,0.075431
-77.166664,10.333336,0.069876
-77.166664,10.416672,0.064956
-77.166664,10.5,0.060696
-77.166664,10.583336,0.056332
-77.166664,10.666672,0.05196
-77.166664,10.75,0.048333
-77.166664,10.833336,0.044022
-77.166664,10.916672,0.039532
-77.166664,11.0,0.037681
-77.166664,11.083336,0.038633
-77.166664,11.166672,0.041086
-77.166664,11.25,0.047766
-77.166664,11.333336,0.056885
-77.166664,11.416672,0.067585
-77.166664,11.5,0.080285
-77.166664,11.583336,0.091456
-77.166664,11.666672,0.099209
-77.166664,11.75,0.103815
-77.166664,11.833336,0.107491
-77.166664,11.916672,0.110334
-77.166664,12.0,0.119724
-77.166664,12.083336,0.137034
-77.166664,12.166672,0.155266
-77.166664,12.25,0.170582
-77.166664,12.333336,0.186661
-77.166664,12.416672,0.202399
-77.08333,-4.25,0.0
-77.08333,-4.166664,0.0
-77.08333,-4.0833282,0.0
-77.08333,-4.0,0.0
-77.08333,-3.9166641,0.0
-77.08333,-3.8333282,0.0
-77.08333,-3.75,0.0
-77.08333,-3.6666641,0.0
-77.08333,-3.5833282,0.0
-77.08333,-3.5,0.0
-77.08333,-3.4166641,0.0
-77.08333,-3.3333282,0.0
-77.08333,-3.25,0.0
-77.08333,-3.1666641,0.0
-77.08333,-3.0833282,0.0
-77.08333,-3.0,0.0
-77.08333,-2.9166641,0.0
-77.08333,-2.8333282,0.0
-77.08333,-2.75,0.0
-77.08333,-2.6666641,0.0
-77.08333,-2.5833282,0.0
-77.08333,-2.5,0.0
-77.08333,-2.4166641,0.0
-77.08333,-2.3333282,0.0
-77.08333,-2.25,0.0
-77.08333,-2.1666641,0.0
-77.08333,-2.0833282,0.0
-77.08333,-2.0,0.0
-77.08333,-1.9166641,0.0
-77.08333,-1.8333282,0.0
-77.08333,-1.75,0.0
-77.08333,-1.6666641,0.0
-77.08333,-1.5833282,0.0
-77.08333,-1.5,0.0
-77.08333,-1.4166641,0.0
-77.08333,-1.3333282,0.0
-77.08333,-1.25,0.0
-77.08333,-1.1666641,0.0
-77.08333,-1.0833282,0.0
-77.08333,-1.0,0.0
-77.08333,-0.9166641,0.0
-77.08333,-0.83332825,0.0
-77.08333,-0.75,0.0
-77.08333,-0.6666641,0.0
-77.08333,-0.58332825,0.0
-77.08333,-0.5,0.0
-77.08333,-0.41666412,0.0
-77.08333,-0.33332825,0.0
-77.08333,-0.25,0.0
-77.08333,-0.16666412,0.0
-77.08333,-0.08332825,0.0
-77.08333,0.0,0.0
-77.08333,0.08333588,0.0
-77.08333,0.16667175,0.0
-77.08333,0.25,0.0
-77.08333,0.33333588,0.0
-77.08333,0.41667175,0.0
-77.08333,0.5,0.0
-77.08333,0.5833359,0.0
-77.08333,0.66667175,0.0
-77.08333,0.75,0.0
-77.08333,0.8333359,0.0
-77.08333,0.91667175,0.0
-77.08333,1.0,0.0
-77.08333,1.0833359,0.0
-77.08333,1.1666718,0.0
-77.08333,1.25,0.0
-77.08333,1.3333359,0.0
-77.08333,1.4166718,0.0
-77.08333,1.5,0.0
-77.08333,1.5833359,0.0
-77.08333,1.6666718,0.0
-77.08333,1.75,0.0
-77.08333,1.8333359,0.0
-77.08333,1.9166718,0.0
-77.08333,2.0,0.0
-77.08333,2.0833359,0.0
-77.08333,2.1666718,0.0
-77.08333,2.25,0.0
-77.08333,2.3333359,0.0
-77.08333,2.4166718,0.0
-77.08333,2.5,0.0
-77.08333,2.5833359,0.0
-77.08333,2.6666718,0.0
-77.08333,2.75,0.0
-77.08333,2.8333359,0.0
-77.08333,2.9166718,0.0
-77.08333,3.0,0.0
-77.08333,3.0833359,0.0
-77.08333,3.1666718,0.0
-77.08333,3.25,0.0
-77.08333,3.3333359,0.0
-77.08333,3.4166718,0.0
-77.08333,3.5,0.0
-77.08333,3.5833359,0.0
-77.08333,3.6666718,0.0
-77.08333,3.75,0.0
-77.08333,3.8333359,0.0
-77.08333,3.9166718,0.0
-77.08333,4.0,0.0
-77.08333,4.083336,0.0
-77.08333,4.1666718,0.0
-77.08333,4.25,0.0
-77.08333,4.333336,0.0
-77.08333,4.4166718,0.0
-77.08333,4.5,0.0
-77.08333,4.583336,0.0
-77.08333,4.6666718,0.0
-77.08333,4.75,0.0
-77.08333,4.833336,0.0
-77.08333,4.9166718,0.0
-77.08333,5.0,0.0
-77.08333,5.083336,0.0
-77.08333,5.1666718,0.0
-77.08333,5.25,0.0
-77.08333,5.333336,0.0
-77.08333,5.4166718,0.0
-77.08333,5.5,0.0
-77.08333,5.583336,0.0
-77.08333,5.6666718,0.0
-77.08333,5.75,0.0
-77.08333,5.833336,0.0
-77.08333,5.9166718,0.0
-77.08333,6.0,0.0
-77.08333,6.083336,0.0
-77.08333,6.1666718,0.0
-77.08333,6.25,0.0
-77.08333,6.333336,0.0
-77.08333,6.4166718,0.0
-77.08333,6.5,0.0
-77.08333,6.583336,0.0
-77.08333,6.6666718,0.0
-77.08333,6.75,0.0
-77.08333,6.833336,0.0
-77.08333,6.9166718,0.0
-77.08333,7.0,0.0
-77.08333,7.083336,0.0
-77.08333,7.1666718,0.0
-77.08333,7.25,0.0
-77.08333,7.333336,0.0
-77.08333,7.4166718,0.0
-77.08333,7.5,0.0
-77.08333,7.583336,0.0
-77.08333,7.6666718,0.0
-77.08333,7.75,0.0
-77.08333,7.833336,0.0
-77.08333,7.9166718,0.0
-77.08333,8.0,0.0
-77.08333,8.083336,0.0
-77.08333,8.166672,0.0
-77.08333,8.25,0.0
-77.08333,8.333336,0.0
-77.08333,8.416672,0.160192
-77.08333,8.5,0.160915
-77.08333,8.583336,0.15971
-77.08333,8.666672,0.156503
-77.08333,8.75,0.151105
-77.08333,8.833336,0.144738
-77.08333,8.916672,0.138932
-77.08333,9.0,0.135811
-77.08333,9.083336,0.1352
-77.08333,9.166672,0.135597
-77.08333,9.25,0.135983
-77.08333,9.333336,0.135884
-77.08333,9.416672,0.134118
-77.08333,9.5,0.131058
-77.08333,9.583336,0.127536
-77.08333,9.666672,0.123305
-77.08333,9.75,0.118038
-77.08333,9.833336,0.1118
-77.08333,9.916672,0.10519
-77.08333,10.0,0.098532
-77.08333,10.083336,0.091842
-77.08333,10.166672,0.085463
-77.08333,10.25,0.079526
-77.08333,10.333336,0.073906
-77.08333,10.416672,0.068758
-77.08333,10.5,0.063865
-77.08333,10.583336,0.05844
-77.08333,10.666672,0.053107
-77.08333,10.75,0.048619
-77.08333,10.833336,0.043365
-77.08333,10.916672,0.038761
-77.08333,11.0,0.037449
-77.08333,11.083336,0.038262
-77.08333,11.166672,0.040759
-77.08333,11.25,0.047628
-77.08333,11.333336,0.056401
-77.08333,11.416672,0.066788
-77.08333,11.5,0.079544
-77.08333,11.583336,0.090472
-77.08333,11.666672,0.097419
-77.08333,11.75,0.101717
-77.08333,11.833336,0.105839
-77.08333,11.916672,0.108315
-77.08333,12.0,0.115917
-77.08333,12.083336,0.130777
-77.08333,12.166672,0.149591
-77.08333,12.25,0.164893
-77.08333,12.333336,0.181309
-77.08333,12.416672,0.198046
-77.0,-4.25,0.0
-77.0,-4.166664,0.0
-77.0,-4.0833282,0.0
-77.0,-4.0,0.0
-77.0,-3.9166641,0.0
-77.0,-3.8333282,0.0
-77.0,-3.75,0.0
-77.0,-3.6666641,0.0
-77.0,-3.5833282,0.0
-77.0,-3.5,0.0
-77.0,-3.4166641,0.0
-77.0,-3.3333282,0.0
-77.0,-3.25,0.0
-77.0,-3.1666641,0.0
-77.0,-3.0833282,0.0
-77.0,-3.0,0.0
-77.0,-2.9166641,0.0
-77.0,-2.8333282,0.0
-77.0,-2.75,0.0
-77.0,-2.6666641,0.0
-77.0,-2.5833282,0.0
-77.0,-2.5,0.0
-77.0,-2.4166641,0.0
-77.0,-2.3333282,0.0
-77.0,-2.25,0.0
-77.0,-2.1666641,0.0
-77.0,-2.0833282,0.0
-77.0,-2.0,0.0
-77.0,-1.9166641,0.0
-77.0,-1.8333282,0.0
-77.0,-1.75,0.0
-77.0,-1.6666641,0.0
-77.0,-1.5833282,0.0
-77.0,-1.5,0.0
-77.0,-1.4166641,0.0
-77.0,-1.3333282,0.0
-77.0,-1.25,0.0
-77.0,-1.1666641,0.0
-77.0,-1.0833282,0.0
-77.0,-1.0,0.0
-77.0,-0.9166641,0.0
-77.0,-0.83332825,0.0
-77.0,-0.75,0.0
-77.0,-0.6666641,0.0
-77.0,-0.58332825,0.0
-77.0,-0.5,0.0
-77.0,-0.41666412,0.0
-77.0,-0.33332825,0.0
-77.0,-0.25,0.0
-77.0,-0.16666412,0.0
-77.0,-0.08332825,0.0
-77.0,0.0,0.0
-77.0,0.08333588,0.0
-77.0,0.16667175,0.0
-77.0,0.25,0.0
-77.0,0.33333588,0.0
-77.0,0.41667175,0.0
-77.0,0.5,0.0
-77.0,0.5833359,0.0
-77.0,0.66667175,0.0
-77.0,0.75,0.0
-77.0,0.8333359,0.0
-77.0,0.91667175,0.0
-77.0,1.0,0.0
-77.0,1.0833359,0.0
-77.0,1.1666718,0.0
-77.0,1.25,0.0
-77.0,1.3333359,0.0
-77.0,1.4166718,0.0
-77.0,1.5,0.0
-77.0,1.5833359,0.0
-77.0,1.6666718,0.0
-77.0,1.75,0.0
-77.0,1.8333359,0.0
-77.0,1.9166718,0.0
-77.0,2.0,0.0
-77.0,2.0833359,0.0
-77.0,2.1666718,0.0
-77.0,2.25,0.0
-77.0,2.3333359,0.0
-77.0,2.4166718,0.0
-77.0,2.5,0.0
-77.0,2.5833359,0.0
-77.0,2.6666718,0.0
-77.0,2.75,0.0
-77.0,2.8333359,0.0
-77.0,2.9166718,0.0
-77.0,3.0,0.0
-77.0,3.0833359,0.0
-77.0,3.1666718,0.0
-77.0,3.25,0.0
-77.0,3.3333359,0.0
-77.0,3.4166718,0.0
-77.0,3.5,0.0
-77.0,3.5833359,0.0
-77.0,3.6666718,0.0
-77.0,3.75,0.0
-77.0,3.8333359,0.0
-77.0,3.9166718,0.0
-77.0,4.0,0.0
-77.0,4.083336,0.0
-77.0,4.1666718,0.0
-77.0,4.25,0.0
-77.0,4.333336,0.0
-77.0,4.4166718,0.0
-77.0,4.5,0.0
-77.0,4.583336,0.0
-77.0,4.6666718,0.0
-77.0,4.75,0.0
-77.0,4.833336,0.0
-77.0,4.9166718,0.0
-77.0,5.0,0.0
-77.0,5.083336,0.0
-77.0,5.1666718,0.0
-77.0,5.25,0.0
-77.0,5.333336,0.0
-77.0,5.4166718,0.0
-77.0,5.5,0.0
-77.0,5.583336,0.0
-77.0,5.6666718,0.0
-77.0,5.75,0.0
-77.0,5.833336,0.0
-77.0,5.9166718,0.0
-77.0,6.0,0.0
-77.0,6.083336,0.0
-77.0,6.1666718,0.0
-77.0,6.25,0.0
-77.0,6.333336,0.0
-77.0,6.4166718,0.0
-77.0,6.5,0.0
-77.0,6.583336,0.0
-77.0,6.6666718,0.0
-77.0,6.75,0.0
-77.0,6.833336,0.0
-77.0,6.9166718,0.0
-77.0,7.0,0.0
-77.0,7.083336,0.0
-77.0,7.1666718,0.0
-77.0,7.25,0.0
-77.0,7.333336,0.0
-77.0,7.4166718,0.0
-77.0,7.5,0.0
-77.0,7.583336,0.0
-77.0,7.6666718,0.0
-77.0,7.75,0.0
-77.0,7.833336,0.0
-77.0,7.9166718,0.0
-77.0,8.0,0.0
-77.0,8.083336,0.0
-77.0,8.166672,0.0
-77.0,8.25,0.0
-77.0,8.333336,0.16057
-77.0,8.416672,0.162516
-77.0,8.5,0.164039
-77.0,8.583336,0.163037
-77.0,8.666672,0.159741
-77.0,8.75,0.155245
-77.0,8.833336,0.149605
-77.0,8.916672,0.144226
-77.0,9.0,0.141003
-77.0,9.083336,0.139395
-77.0,9.166672,0.138482
-77.0,9.25,0.137822
-77.0,9.333336,0.136834
-77.0,9.416672,0.134338
-77.0,9.5,0.130688
-77.0,9.583336,0.126822
-77.0,9.666672,0.122558
-77.0,9.75,0.11745
-77.0,9.833336,0.111599
-77.0,9.916672,0.105426
-77.0,10.0,0.099283
-77.0,10.083336,0.093346
-77.0,10.166672,0.087721
-77.0,10.25,0.082306
-77.0,10.333336,0.077006
-77.0,10.416672,0.071901
-77.0,10.5,0.06631
-77.0,10.583336,0.060193
-77.0,10.666672,0.054258
-77.0,10.75,0.048811
-77.0,10.833336,0.042739
-77.0,10.916672,0.038187
-77.0,11.0,0.037192
-77.0,11.083336,0.037961
-77.0,11.166672,0.040632
-77.0,11.25,0.047413
-77.0,11.333336,0.055708
-77.0,11.416672,0.066055
-77.0,11.5,0.078695
-77.0,11.583336,0.089197
-77.0,11.666672,0.09561
-77.0,11.75,0.099459
-77.0,11.833336,0.103945
-77.0,11.916672,0.107258
-77.0,12.0,0.113787
-77.0,12.083336,0.126676
-77.0,12.166672,0.143825
-77.0,12.25,0.160622
-77.0,12.333336,0.17795
-77.0,12.416672,0.194402
-76.916664,-4.25,0.0
-76.916664,-4.166664,0.0
-76.916664,-4.0833282,0.0
-76.916664,-4.0,0.0
-76.916664,-3.9166641,0.0
-76.916664,-3.8333282,0.0
-76.916664,-3.75,0.0
-76.916664,-3.6666641,0.0
-76.916664,-3.5833282,0.0
-76.916664,-3.5,0.0
-76.916664,-3.4166641,0.0
-76.916664,-3.3333282,0.0
-76.916664,-3.25,0.0
-76.916664,-3.1666641,0.0
-76.916664,-3.0833282,0.0
-76.916664,-3.0,0.0
-76.916664,-2.9166641,0.0
-76.916664,-2.8333282,0.0
-76.916664,-2.75,0.0
-76.916664,-2.6666641,0.0
-76.916664,-2.5833282,0.0
-76.916664,-2.5,0.0
-76.916664,-2.4166641,0.0
-76.916664,-2.3333282,0.0
-76.916664,-2.25,0.0
-76.916664,-2.1666641,0.0
-76.916664,-2.0833282,0.0
-76.916664,-2.0,0.0
-76.916664,-1.9166641,0.0
-76.916664,-1.8333282,0.0
-76.916664,-1.75,0.0
-76.916664,-1.6666641,0.0
-76.916664,-1.5833282,0.0
-76.916664,-1.5,0.0
-76.916664,-1.4166641,0.0
-76.916664,-1.3333282,0.0
-76.916664,-1.25,0.0
-76.916664,-1.1666641,0.0
-76.916664,-1.0833282,0.0
-76.916664,-1.0,0.0
-76.916664,-0.9166641,0.0
-76.916664,-0.83332825,0.0
-76.916664,-0.75,0.0
-76.916664,-0.6666641,0.0
-76.916664,-0.58332825,0.0
-76.916664,-0.5,0.0
-76.916664,-0.41666412,0.0
-76.916664,-0.33332825,0.0
-76.916664,-0.25,0.0
-76.916664,-0.16666412,0.0
-76.916664,-0.08332825,0.0
-76.916664,0.0,0.0
-76.916664,0.08333588,0.0
-76.916664,0.16667175,0.0
-76.916664,0.25,0.0
-76.916664,0.33333588,0.0
-76.916664,0.41667175,0.0
-76.916664,0.5,0.0
-76.916664,0.5833359,0.0
-76.916664,0.66667175,0.0
-76.916664,0.75,0.0
-76.916664,0.8333359,0.0
-76.916664,0.91667175,0.0
-76.916664,1.0,0.0
-76.916664,1.0833359,0.0
-76.916664,1.1666718,0.0
-76.916664,1.25,0.0
-76.916664,1.3333359,0.0
-76.916664,1.4166718,0.0
-76.916664,1.5,0.0
-76.916664,1.5833359,0.0
-76.916664,1.6666718,0.0
-76.916664,1.75,0.0
-76.916664,1.8333359,0.0
-76.916664,1.9166718,0.0
-76.916664,2.0,0.0
-76.916664,2.0833359,0.0
-76.916664,2.1666718,0.0
-76.916664,2.25,0.0
-76.916664,2.3333359,0.0
-76.916664,2.4166718,0.0
-76.916664,2.5,0.0
-76.916664,2.5833359,0.0
-76.916664,2.6666718,0.0
-76.916664,2.75,0.0
-76.916664,2.8333359,0.0
-76.916664,2.9166718,0.0
-76.916664,3.0,0.0
-76.916664,3.0833359,0.0
-76.916664,3.1666718,0.0
-76.916664,3.25,0.0
-76.916664,3.3333359,0.0
-76.916664,3.4166718,0.0
-76.916664,3.5,0.0
-76.916664,3.5833359,0.0
-76.916664,3.6666718,0.0
-76.916664,3.75,0.0
-76.916664,3.8333359,0.0
-76.916664,3.9166718,0.0
-76.916664,4.0,0.0
-76.916664,4.083336,0.0
-76.916664,4.1666718,0.0
-76.916664,4.25,0.0
-76.916664,4.333336,0.0
-76.916664,4.4166718,0.0
-76.916664,4.5,0.0
-76.916664,4.583336,0.0
-76.916664,4.6666718,0.0
-76.916664,4.75,0.0
-76.916664,4.833336,0.0
-76.916664,4.9166718,0.0
-76.916664,5.0,0.0
-76.916664,5.083336,0.0
-76.916664,5.1666718,0.0
-76.916664,5.25,0.0
-76.916664,5.333336,0.0
-76.916664,5.4166718,0.0
-76.916664,5.5,0.0
-76.916664,5.583336,0.0
-76.916664,5.6666718,0.0
-76.916664,5.75,0.0
-76.916664,5.833336,0.0
-76.916664,5.9166718,0.0
-76.916664,6.0,0.0
-76.916664,6.083336,0.0
-76.916664,6.1666718,0.0
-76.916664,6.25,0.0
-76.916664,6.333336,0.0
-76.916664,6.4166718,0.0
-76.916664,6.5,0.0
-76.916664,6.583336,0.0
-76.916664,6.6666718,0.0
-76.916664,6.75,0.0
-76.916664,6.833336,0.0
-76.916664,6.9166718,0.0
-76.916664,7.0,0.0
-76.916664,7.083336,0.0
-76.916664,7.1666718,0.0
-76.916664,7.25,0.0
-76.916664,7.333336,0.0
-76.916664,7.4166718,0.0
-76.916664,7.5,0.0
-76.916664,7.583336,0.0
-76.916664,7.6666718,0.0
-76.916664,7.75,0.0
-76.916664,7.833336,0.0
-76.916664,7.9166718,0.0
-76.916664,8.0,0.167157
-76.916664,8.083336,0.164882
-76.916664,8.166672,0.161372
-76.916664,8.25,0.161465
-76.916664,8.333336,0.163446
-76.916664,8.416672,0.166167
-76.916664,8.5,0.169474
-76.916664,8.583336,0.169616
-76.916664,8.666672,0.165765
-76.916664,8.75,0.159902
-76.916664,8.833336,0.153858
-76.916664,8.916672,0.149537
-76.916664,9.0,0.146048
-76.916664,9.083336,0.142983
-76.916664,9.166672,0.139789
-76.916664,9.25,0.137204
-76.916664,9.333336,0.134603
-76.916664,9.416672,0.131304
-76.916664,9.5,0.128158
-76.916664,9.583336,0.125094
-76.916664,9.666672,0.121263
-76.916664,9.75,0.116539
-76.916664,9.833336,0.111215
-76.916664,9.916672,0.105669
-76.916664,10.0,0.100159
-76.916664,10.083336,0.094949
-76.916664,10.166672,0.08996
-76.916664,10.25,0.085037
-76.916664,10.333336,0.080058
-76.916664,10.416672,0.074794
-76.916664,10.5,0.068526
-76.916664,10.583336,0.061978
-76.916664,10.666672,0.055463
-76.916664,10.75,0.048927
-76.916664,10.833336,0.042184
-76.916664,10.916672,0.03793
-76.916664,11.0,0.037222
-76.916664,11.083336,0.038066
-76.916664,11.166672,0.040828
-76.916664,11.25,0.047377
-76.916664,11.333336,0.054909
-76.916664,11.416672,0.065321
-76.916664,11.5,0.077581
-76.916664,11.583336,0.087543
-76.916664,11.666672,0.093484
-76.916664,11.75,0.096995
-76.916664,11.833336,0.101537
-76.916664,11.916672,0.105766
-76.916664,12.0,0.112715
-76.916664,12.083336,0.125115
-76.916664,12.166672,0.140056
-76.916664,12.25,0.157431
-76.916664,12.333336,0.176152
-76.916664,12.416672,0.191729
-76.83333,-4.25,0.0
-76.83333,-4.166664,0.0
-76.83333,-4.0833282,0.0
-76.83333,-4.0,0.0
-76.83333,-3.9166641,0.0
-76.83333,-3.8333282,0.0
-76.83333,-3.75,0.0
-76.83333,-3.6666641,0.0
-76.83333,-3.5833282,0.0
-76.83333,-3.5,0.0
-76.83333,-3.4166641,0.0
-76.83333,-3.3333282,0.0
-76.83333,-3.25,0.0
-76.83333,-3.1666641,0.0
-76.83333,-3.0833282,0.0
-76.83333,-3.0,0.0
-76.83333,-2.9166641,0.0
-76.83333,-2.8333282,0.0
-76.83333,-2.75,0.0
-76.83333,-2.6666641,0.0
-76.83333,-2.5833282,0.0
-76.83333,-2.5,0.0
-76.83333,-2.4166641,0.0
-76.83333,-2.3333282,0.0
-76.83333,-2.25,0.0
-76.83333,-2.1666641,0.0
-76.83333,-2.0833282,0.0
-76.83333,-2.0,0.0
-76.83333,-1.9166641,0.0
-76.83333,-1.8333282,0.0
-76.83333,-1.75,0.0
-76.83333,-1.6666641,0.0
-76.83333,-1.5833282,0.0
-76.83333,-1.5,0.0
-76.83333,-1.4166641,0.0
-76.83333,-1.3333282,0.0
-76.83333,-1.25,0.0
-76.83333,-1.1666641,0.0
-76.83333,-1.0833282,0.0
-76.83333,-1.0,0.0
-76.83333,-0.9166641,0.0
-76.83333,-0.83332825,0.0
-76.83333,-0.75,0.0
-76.83333,-0.6666641,0.0
-76.83333,-0.58332825,0.0
-76.83333,-0.5,0.0
-76.83333,-0.41666412,0.0
-76.83333,-0.33332825,0.0
-76.83333,-0.25,0.0
-76.83333,-0.16666412,0.0
-76.83333,-0.08332825,0.0
-76.83333,0.0,0.0
-76.83333,0.08333588,0.0
-76.83333,0.16667175,0.0
-76.83333,0.25,0.0
-76.83333,0.33333588,0.0
-76.83333,0.41667175,0.0
-76.83333,0.5,0.0
-76.83333,0.5833359,0.0
-76.83333,0.66667175,0.0
-76.83333,0.75,0.0
-76.83333,0.8333359,0.0
-76.83333,0.91667175,0.0
-76.83333,1.0,0.0
-76.83333,1.0833359,0.0
-76.83333,1.1666718,0.0
-76.83333,1.25,0.0
-76.83333,1.3333359,0.0
-76.83333,1.4166718,0.0
-76.83333,1.5,0.0
-76.83333,1.5833359,0.0
-76.83333,1.6666718,0.0
-76.83333,1.75,0.0
-76.83333,1.8333359,0.0
-76.83333,1.9166718,0.0
-76.83333,2.0,0.0
-76.83333,2.0833359,0.0
-76.83333,2.1666718,0.0
-76.83333,2.25,0.0
-76.83333,2.3333359,0.0
-76.83333,2.4166718,0.0
-76.83333,2.5,0.0
-76.83333,2.5833359,0.0
-76.83333,2.6666718,0.0
-76.83333,2.75,0.0
-76.83333,2.8333359,0.0
-76.83333,2.9166718,0.0
-76.83333,3.0,0.0
-76.83333,3.0833359,0.0
-76.83333,3.1666718,0.0
-76.83333,3.25,0.0
-76.83333,3.3333359,0.0
-76.83333,3.4166718,0.0
-76.83333,3.5,0.0
-76.83333,3.5833359,0.0
-76.83333,3.6666718,0.0
-76.83333,3.75,0.0
-76.83333,3.8333359,0.0
-76.83333,3.9166718,0.0
-76.83333,4.0,0.0
-76.83333,4.083336,0.0
-76.83333,4.1666718,0.0
-76.83333,4.25,0.0
-76.83333,4.333336,0.0
-76.83333,4.4166718,0.0
-76.83333,4.5,0.0
-76.83333,4.583336,0.0
-76.83333,4.6666718,0.0
-76.83333,4.75,0.0
-76.83333,4.833336,0.0
-76.83333,4.9166718,0.0
-76.83333,5.0,0.0
-76.83333,5.083336,0.0
-76.83333,5.1666718,0.0
-76.83333,5.25,0.0
-76.83333,5.333336,0.0
-76.83333,5.4166718,0.0
-76.83333,5.5,0.0
-76.83333,5.583336,0.0
-76.83333,5.6666718,0.0
-76.83333,5.75,0.0
-76.83333,5.833336,0.0
-76.83333,5.9166718,0.0
-76.83333,6.0,0.0
-76.83333,6.083336,0.0
-76.83333,6.1666718,0.0
-76.83333,6.25,0.0
-76.83333,6.333336,0.0
-76.83333,6.4166718,0.0
-76.83333,6.5,0.0
-76.83333,6.583336,0.0
-76.83333,6.6666718,0.0
-76.83333,6.75,0.0
-76.83333,6.833336,0.0
-76.83333,6.9166718,0.0
-76.83333,7.0,0.0
-76.83333,7.083336,0.0
-76.83333,7.1666718,0.0
-76.83333,7.25,0.0
-76.83333,7.333336,0.0
-76.83333,7.4166718,0.0
-76.83333,7.5,0.0
-76.83333,7.583336,0.0
-76.83333,7.6666718,0.0
-76.83333,7.75,0.0
-76.83333,7.833336,0.0
-76.83333,7.9166718,0.0
-76.83333,8.0,0.16556
-76.83333,8.083336,0.164525
-76.83333,8.166672,0.164662
-76.83333,8.25,0.166016
-76.83333,8.333336,0.168329
-76.83333,8.416672,0.173157
-76.83333,8.5,0.17512
-76.83333,8.583336,0.0
-76.83333,8.666672,0.169656
-76.83333,8.75,0.163766
-76.83333,8.833336,0.156636
-76.83333,8.916672,0.153345
-76.83333,9.0,0.149661
-76.83333,9.083336,0.145254
-76.83333,9.166672,0.140764
-76.83333,9.25,0.136299
-76.83333,9.333336,0.131959
-76.83333,9.416672,0.128419
-76.83333,9.5,0.126132
-76.83333,9.583336,0.123787
-76.83333,9.666672,0.120575
-76.83333,9.75,0.116409
-76.83333,9.833336,0.111687
-76.83333,9.916672,0.106827
-76.83333,10.0,0.101959
-76.83333,10.083336,0.097327
-76.83333,10.166672,0.092788
-76.83333,10.25,0.088117
-76.83333,10.333336,0.083157
-76.83333,10.416672,0.077484
-76.83333,10.5,0.070645
-76.83333,10.583336,0.063735
-76.83333,10.666672,0.05647
-76.83333,10.75,0.04884
-76.83333,10.833336,0.04181
-76.83333,10.916672,0.038076
-76.83333,11.0,0.037737
-76.83333,11.083336,0.038722
-76.83333,11.166672,0.041324
-76.83333,11.25,0.047448
-76.83333,11.333336,0.054142
-76.83333,11.416672,0.064418
-76.83333,11.5,0.076273
-76.83333,11.583336,0.085844
-76.83333,11.666672,0.091222
-76.83333,11.75,0.094176
-76.83333,11.833336,0.098305
-76.83333,11.916672,0.102974
-76.83333,12.0,0.11176
-76.83333,12.083336,0.124908
-76.83333,12.166672,0.13899
-76.83333,12.25,0.155784
-76.83333,12.333336,0.174979
-76.83333,12.416672,0.188995
-76.75,-4.25,0.0
-76.75,-4.166664,0.0
-76.75,-4.0833282,0.0
-76.75,-4.0,0.0
-76.75,-3.9166641,0.0
-76.75,-3.8333282,0.0
-76.75,-3.75,0.0
-76.75,-3.6666641,0.0
-76.75,-3.5833282,0.0
-76.75,-3.5,0.0
-76.75,-3.4166641,0.0
-76.75,-3.3333282,0.0
-76.75,-3.25,0.0
-76.75,-3.1666641,0.0
-76.75,-3.0833282,0.0
-76.75,-3.0,0.0
-76.75,-2.9166641,0.0
-76.75,-2.8333282,0.0
-76.75,-2.75,0.0
-76.75,-2.6666641,0.0
-76.75,-2.5833282,0.0
-76.75,-2.5,0.0
-76.75,-2.4166641,0.0
-76.75,-2.3333282,0.0
-76.75,-2.25,0.0
-76.75,-2.1666641,0.0
-76.75,-2.0833282,0.0
-76.75,-2.0,0.0
-76.75,-1.9166641,0.0
-76.75,-1.8333282,0.0
-76.75,-1.75,0.0
-76.75,-1.6666641,0.0
-76.75,-1.5833282,0.0
-76.75,-1.5,0.0
-76.75,-1.4166641,0.0
-76.75,-1.3333282,0.0
-76.75,-1.25,0.0
-76.75,-1.1666641,0.0
-76.75,-1.0833282,0.0
-76.75,-1.0,0.0
-76.75,-0.9166641,0.0
-76.75,-0.83332825,0.0
-76.75,-0.75,0.0
-76.75,-0.6666641,0.0
-76.75,-0.58332825,0.0
-76.75,-0.5,0.0
-76.75,-0.41666412,0.0
-76.75,-0.33332825,0.0
-76.75,-0.25,0.0
-76.75,-0.16666412,0.0
-76.75,-0.08332825,0.0
-76.75,0.0,0.0
-76.75,0.08333588,0.0
-76.75,0.16667175,0.0
-76.75,0.25,0.0
-76.75,0.33333588,0.0
-76.75,0.41667175,0.0
-76.75,0.5,0.0
-76.75,0.5833359,0.0
-76.75,0.66667175,0.0
-76.75,0.75,0.0
-76.75,0.8333359,0.0
-76.75,0.91667175,0.0
-76.75,1.0,0.0
-76.75,1.0833359,0.0
-76.75,1.1666718,0.0
-76.75,1.25,0.0
-76.75,1.3333359,0.0
-76.75,1.4166718,0.0
-76.75,1.5,0.0
-76.75,1.5833359,0.0
-76.75,1.6666718,0.0
-76.75,1.75,0.0
-76.75,1.8333359,0.0
-76.75,1.9166718,0.0
-76.75,2.0,0.0
-76.75,2.0833359,0.0
-76.75,2.1666718,0.0
-76.75,2.25,0.0
-76.75,2.3333359,0.0
-76.75,2.4166718,0.0
-76.75,2.5,0.0
-76.75,2.5833359,0.0
-76.75,2.6666718,0.0
-76.75,2.75,0.0
-76.75,2.8333359,0.0
-76.75,2.9166718,0.0
-76.75,3.0,0.0
-76.75,3.0833359,0.0
-76.75,3.1666718,0.0
-76.75,3.25,0.0
-76.75,3.3333359,0.0
-76.75,3.4166718,0.0
-76.75,3.5,0.0
-76.75,3.5833359,0.0
-76.75,3.6666718,0.0
-76.75,3.75,0.0
-76.75,3.8333359,0.0
-76.75,3.9166718,0.0
-76.75,4.0,0.0
-76.75,4.083336,0.0
-76.75,4.1666718,0.0
-76.75,4.25,0.0
-76.75,4.333336,0.0
-76.75,4.4166718,0.0
-76.75,4.5,0.0
-76.75,4.583336,0.0
-76.75,4.6666718,0.0
-76.75,4.75,0.0
-76.75,4.833336,0.0
-76.75,4.9166718,0.0
-76.75,5.0,0.0
-76.75,5.083336,0.0
-76.75,5.1666718,0.0
-76.75,5.25,0.0
-76.75,5.333336,0.0
-76.75,5.4166718,0.0
-76.75,5.5,0.0
-76.75,5.583336,0.0
-76.75,5.6666718,0.0
-76.75,5.75,0.0
-76.75,5.833336,0.0
-76.75,5.9166718,0.0
-76.75,6.0,0.0
-76.75,6.083336,0.0
-76.75,6.1666718,0.0
-76.75,6.25,0.0
-76.75,6.333336,0.0
-76.75,6.4166718,0.0
-76.75,6.5,0.0
-76.75,6.583336,0.0
-76.75,6.6666718,0.0
-76.75,6.75,0.0
-76.75,6.833336,0.0
-76.75,6.9166718,0.0
-76.75,7.0,0.0
-76.75,7.083336,0.0
-76.75,7.1666718,0.0
-76.75,7.25,0.0
-76.75,7.333336,0.0
-76.75,7.4166718,0.0
-76.75,7.5,0.0
-76.75,7.583336,0.0
-76.75,7.6666718,0.0
-76.75,7.75,0.0
-76.75,7.833336,0.0
-76.75,7.9166718,0.0
-76.75,8.0,0.16902
-76.75,8.083336,0.170528
-76.75,8.166672,0.173468
-76.75,8.25,0.176625
-76.75,8.333336,0.179645
-76.75,8.416672,0.180131
-76.75,8.5,0.0
-76.75,8.583336,0.0
-76.75,8.666672,0.171973
-76.75,8.75,0.16625
-76.75,8.833336,0.159986
-76.75,8.916672,0.156195
-76.75,9.0,0.151617
-76.75,9.083336,0.146843
-76.75,9.166672,0.141771
-76.75,9.25,0.135696
-76.75,9.333336,0.13035
-76.75,9.416672,0.127557
-76.75,9.5,0.125897
-76.75,9.583336,0.123719
-76.75,9.666672,0.12088
-76.75,9.75,0.117319
-76.75,9.833336,0.113285
-76.75,9.916672,0.109085
-76.75,10.0,0.104742
-76.75,10.083336,0.100343
-76.75,10.166672,0.09588
-76.75,10.25,0.091188
-76.75,10.333336,0.086042
-76.75,10.416672,0.079971
-76.75,10.5,0.072738
-76.75,10.583336,0.065558
-76.75,10.666672,0.057374
-76.75,10.75,0.048912
-76.75,10.833336,0.042021
-76.75,10.916672,0.038775
-76.75,11.0,0.038794
-76.75,11.083336,0.039955
-76.75,11.166672,0.041899
-76.75,11.25,0.04769
-76.75,11.333336,0.053779
-76.75,11.416672,0.063623
-76.75,11.5,0.074976
-76.75,11.583336,0.084106
-76.75,11.666672,0.088763
-76.75,11.75,0.091051
-76.75,11.833336,0.094428
-76.75,11.916672,0.099783
-76.75,12.0,0.110664
-76.75,12.083336,0.124839
-76.75,12.166672,0.139058
-76.75,12.25,0.15538
-76.75,12.333336,0.172924
-76.75,12.416672,0.185468
-76.666664,-4.25,0.0
-76.666664,-4.166664,0.0
-76.666664,-4.0833282,0.0
-76.666664,-4.0,0.0
-76.666664,-3.9166641,0.0
-76.666664,-3.8333282,0.0
-76.666664,-3.75,0.0
-76.666664,-3.6666641,0.0
-76.666664,-3.5833282,0.0
-76.666664,-3.5,0.0
-76.666664,-3.4166641,0.0
-76.666664,-3.3333282,0.0
-76.666664,-3.25,0.0
-76.666664,-3.1666641,0.0
-76.666664,-3.0833282,0.0
-76.666664,-3.0,0.0
-76.666664,-2.9166641,0.0
-76.666664,-2.8333282,0.0
-76.666664,-2.75,0.0
-76.666664,-2.6666641,0.0
-76.666664,-2.5833282,0.0
-76.666664,-2.5,0.0
-76.666664,-2.4166641,0.0
-76.666664,-2.3333282,0.0
-76.666664,-2.25,0.0
-76.666664,-2.1666641,0.0
-76.666664,-2.0833282,0.0
-76.666664,-2.0,0.0
-76.666664,-1.9166641,0.0
-76.666664,-1.8333282,0.0
-76.666664,-1.75,0.0
-76.666664,-1.6666641,0.0
-76.666664,-1.5833282,0.0
-76.666664,-1.5,0.0
-76.666664,-1.4166641,0.0
-76.666664,-1.3333282,0.0
-76.666664,-1.25,0.0
-76.666664,-1.1666641,0.0
-76.666664,-1.0833282,0.0
-76.666664,-1.0,0.0
-76.666664,-0.9166641,0.0
-76.666664,-0.83332825,0.0
-76.666664,-0.75,0.0
-76.666664,-0.6666641,0.0
-76.666664,-0.58332825,0.0
-76.666664,-0.5,0.0
-76.666664,-0.41666412,0.0
-76.666664,-0.33332825,0.0
-76.666664,-0.25,0.0
-76.666664,-0.16666412,0.0
-76.666664,-0.08332825,0.0
-76.666664,0.0,0.0
-76.666664,0.08333588,0.0
-76.666664,0.16667175,0.0
-76.666664,0.25,0.0
-76.666664,0.33333588,0.0
-76.666664,0.41667175,0.0
-76.666664,0.5,0.0
-76.666664,0.5833359,0.0
-76.666664,0.66667175,0.0
-76.666664,0.75,0.0
-76.666664,0.8333359,0.0
-76.666664,0.91667175,0.0
-76.666664,1.0,0.0
-76.666664,1.0833359,0.0
-76.666664,1.1666718,0.0
-76.666664,1.25,0.0
-76.666664,1.3333359,0.0
-76.666664,1.4166718,0.0
-76.666664,1.5,0.0
-76.666664,1.5833359,0.0
-76.666664,1.6666718,0.0
-76.666664,1.75,0.0
-76.666664,1.8333359,0.0
-76.666664,1.9166718,0.0
-76.666664,2.0,0.0
-76.666664,2.0833359,0.0
-76.666664,2.1666718,0.0
-76.666664,2.25,0.0
-76.666664,2.3333359,0.0
-76.666664,2.4166718,0.0
-76.666664,2.5,0.0
-76.666664,2.5833359,0.0
-76.666664,2.6666718,0.0
-76.666664,2.75,0.0
-76.666664,2.8333359,0.0
-76.666664,2.9166718,0.0
-76.666664,3.0,0.0
-76.666664,3.0833359,0.0
-76.666664,3.1666718,0.0
-76.666664,3.25,0.0
-76.666664,3.3333359,0.0
-76.666664,3.4166718,0.0
-76.666664,3.5,0.0
-76.666664,3.5833359,0.0
-76.666664,3.6666718,0.0
-76.666664,3.75,0.0
-76.666664,3.8333359,0.0
-76.666664,3.9166718,0.0
-76.666664,4.0,0.0
-76.666664,4.083336,0.0
-76.666664,4.1666718,0.0
-76.666664,4.25,0.0
-76.666664,4.333336,0.0
-76.666664,4.4166718,0.0
-76.666664,4.5,0.0
-76.666664,4.583336,0.0
-76.666664,4.6666718,0.0
-76.666664,4.75,0.0
-76.666664,4.833336,0.0
-76.666664,4.9166718,0.0
-76.666664,5.0,0.0
-76.666664,5.083336,0.0
-76.666664,5.1666718,0.0
-76.666664,5.25,0.0
-76.666664,5.333336,0.0
-76.666664,5.4166718,0.0
-76.666664,5.5,0.0
-76.666664,5.583336,0.0
-76.666664,5.6666718,0.0
-76.666664,5.75,0.0
-76.666664,5.833336,0.0
-76.666664,5.9166718,0.0
-76.666664,6.0,0.0
-76.666664,6.083336,0.0
-76.666664,6.1666718,0.0
-76.666664,6.25,0.0
-76.666664,6.333336,0.0
-76.666664,6.4166718,0.0
-76.666664,6.5,0.0
-76.666664,6.583336,0.0
-76.666664,6.6666718,0.0
-76.666664,6.75,0.0
-76.666664,6.833336,0.0
-76.666664,6.9166718,0.0
-76.666664,7.0,0.0
-76.666664,7.083336,0.0
-76.666664,7.1666718,0.0
-76.666664,7.25,0.0
-76.666664,7.333336,0.0
-76.666664,7.4166718,0.0
-76.666664,7.5,0.0
-76.666664,7.583336,0.0
-76.666664,7.6666718,0.0
-76.666664,7.75,0.0
-76.666664,7.833336,0.0
-76.666664,7.9166718,0.0
-76.666664,8.0,0.0
-76.666664,8.083336,0.0
-76.666664,8.166672,0.0
-76.666664,8.25,0.0
-76.666664,8.333336,0.0
-76.666664,8.416672,0.0
-76.666664,8.5,0.0
-76.666664,8.583336,0.0
-76.666664,8.666672,0.0
-76.666664,8.75,0.16982
-76.666664,8.833336,0.163535
-76.666664,8.916672,0.15939
-76.666664,9.0,0.154898
-76.666664,9.083336,0.149265
-76.666664,9.166672,0.143251
-76.666664,9.25,0.13588
-76.666664,9.333336,0.129962
-76.666664,9.416672,0.127743
-76.666664,9.5,0.126336
-76.666664,9.583336,0.124223
-76.666664,9.666672,0.121795
-76.666664,9.75,0.118834
-76.666664,9.833336,0.115276
-76.666664,9.916672,0.111565
-76.666664,10.0,0.107731
-76.666664,10.083336,0.103694
-76.666664,10.166672,0.099158
-76.666664,10.25,0.094097
-76.666664,10.333336,0.088411
-76.666664,10.416672,0.081987
-76.666664,10.5,0.074701
-76.666664,10.583336,0.067208
-76.666664,10.666672,0.058054
-76.666664,10.75,0.049532
-76.666664,10.833336,0.04317
-76.666664,10.916672,0.040234
-76.666664,11.0,0.040328
-76.666664,11.083336,0.041453
-76.666664,11.166672,0.042691
-76.666664,11.25,0.048044
-76.666664,11.333336,0.053784
-76.666664,11.416672,0.063068
-76.666664,11.5,0.073693
-76.666664,11.583336,0.08203
-76.666664,11.666672,0.086097
-76.666664,11.75,0.087708
-76.666664,11.833336,0.090463
-76.666664,11.916672,0.096513
-76.666664,12.0,0.109354
-76.666664,12.083336,0.124282
-76.666664,12.166672,0.138673
-76.666664,12.25,0.153807
-76.666664,12.333336,0.169637
-76.666664,12.416672,0.181004
-76.58333,-4.25,0.0
-76.58333,-4.166664,0.0
-76.58333,-4.0833282,0.0
-76.58333,-4.0,0.0
-76.58333,-3.9166641,0.0
-76.58333,-3.8333282,0.0
-76.58333,-3.75,0.0
-76.58333,-3.6666641,0.0
-76.58333,-3.5833282,0.0
-76.58333,-3.5,0.0
-76.58333,-3.4166641,0.0
-76.58333,-3.3333282,0.0
-76.58333,-3.25,0.0
-76.58333,-3.1666641,0.0
-76.58333,-3.0833282,0.0
-76.58333,-3.0,0.0
-76.58333,-2.9166641,0.0
-76.58333,-2.8333282,0.0
-76.58333,-2.75,0.0
-76.58333,-2.6666641,0.0
-76.58333,-2.5833282,0.0
-76.58333,-2.5,0.0
-76.58333,-2.4166641,0.0
-76.58333,-2.3333282,0.0
-76.58333,-2.25,0.0
-76.58333,-2.1666641,0.0
-76.58333,-2.0833282,0.0
-76.58333,-2.0,0.0
-76.58333,-1.9166641,0.0
-76.58333,-1.8333282,0.0
-76.58333,-1.75,0.0
-76.58333,-1.6666641,0.0
-76.58333,-1.5833282,0.0
-76.58333,-1.5,0.0
-76.58333,-1.4166641,0.0
-76.58333,-1.3333282,0.0
-76.58333,-1.25,0.0
-76.58333,-1.1666641,0.0
-76.58333,-1.0833282,0.0
-76.58333,-1.0,0.0
-76.58333,-0.9166641,0.0
-76.58333,-0.83332825,0.0
-76.58333,-0.75,0.0
-76.58333,-0.6666641,0.0
-76.58333,-0.58332825,0.0
-76.58333,-0.5,0.0
-76.58333,-0.41666412,0.0
-76.58333,-0.33332825,0.0
-76.58333,-0.25,0.0
-76.58333,-0.16666412,0.0
-76.58333,-0.08332825,0.0
-76.58333,0.0,0.0
-76.58333,0.08333588,0.0
-76.58333,0.16667175,0.0
-76.58333,0.25,0.0
-76.58333,0.33333588,0.0
-76.58333,0.41667175,0.0
-76.58333,0.5,0.0
-76.58333,0.5833359,0.0
-76.58333,0.66667175,0.0
-76.58333,0.75,0.0
-76.58333,0.8333359,0.0
-76.58333,0.91667175,0.0
-76.58333,1.0,0.0
-76.58333,1.0833359,0.0
-76.58333,1.1666718,0.0
-76.58333,1.25,0.0
-76.58333,1.3333359,0.0
-76.58333,1.4166718,0.0
-76.58333,1.5,0.0
-76.58333,1.5833359,0.0
-76.58333,1.6666718,0.0
-76.58333,1.75,0.0
-76.58333,1.8333359,0.0
-76.58333,1.9166718,0.0
-76.58333,2.0,0.0
-76.58333,2.0833359,0.0
-76.58333,2.1666718,0.0
-76.58333,2.25,0.0
-76.58333,2.3333359,0.0
-76.58333,2.4166718,0.0
-76.58333,2.5,0.0
-76.58333,2.5833359,0.0
-76.58333,2.6666718,0.0
-76.58333,2.75,0.0
-76.58333,2.8333359,0.0
-76.58333,2.9166718,0.0
-76.58333,3.0,0.0
-76.58333,3.0833359,0.0
-76.58333,3.1666718,0.0
-76.58333,3.25,0.0
-76.58333,3.3333359,0.0
-76.58333,3.4166718,0.0
-76.58333,3.5,0.0
-76.58333,3.5833359,0.0
-76.58333,3.6666718,0.0
-76.58333,3.75,0.0
-76.58333,3.8333359,0.0
-76.58333,3.9166718,0.0
-76.58333,4.0,0.0
-76.58333,4.083336,0.0
-76.58333,4.1666718,0.0
-76.58333,4.25,0.0
-76.58333,4.333336,0.0
-76.58333,4.4166718,0.0
-76.58333,4.5,0.0
-76.58333,4.583336,0.0
-76.58333,4.6666718,0.0
-76.58333,4.75,0.0
-76.58333,4.833336,0.0
-76.58333,4.9166718,0.0
-76.58333,5.0,0.0
-76.58333,5.083336,0.0
-76.58333,5.1666718,0.0
-76.58333,5.25,0.0
-76.58333,5.333336,0.0
-76.58333,5.4166718,0.0
-76.58333,5.5,0.0
-76.58333,5.583336,0.0
-76.58333,5.6666718,0.0
-76.58333,5.75,0.0
-76.58333,5.833336,0.0
-76.58333,5.9166718,0.0
-76.58333,6.0,0.0
-76.58333,6.083336,0.0
-76.58333,6.1666718,0.0
-76.58333,6.25,0.0
-76.58333,6.333336,0.0
-76.58333,6.4166718,0.0
-76.58333,6.5,0.0
-76.58333,6.583336,0.0
-76.58333,6.6666718,0.0
-76.58333,6.75,0.0
-76.58333,6.833336,0.0
-76.58333,6.9166718,0.0
-76.58333,7.0,0.0
-76.58333,7.083336,0.0
-76.58333,7.1666718,0.0
-76.58333,7.25,0.0
-76.58333,7.333336,0.0
-76.58333,7.4166718,0.0
-76.58333,7.5,0.0
-76.58333,7.583336,0.0
-76.58333,7.6666718,0.0
-76.58333,7.75,0.0
-76.58333,7.833336,0.0
-76.58333,7.9166718,0.0
-76.58333,8.0,0.0
-76.58333,8.083336,0.0
-76.58333,8.166672,0.0
-76.58333,8.25,0.0
-76.58333,8.333336,0.0
-76.58333,8.416672,0.0
-76.58333,8.5,0.0
-76.58333,8.583336,0.0
-76.58333,8.666672,0.0
-76.58333,8.75,0.0
-76.58333,8.833336,0.168356
-76.58333,8.916672,0.163287
-76.58333,9.0,0.158991
-76.58333,9.083336,0.153632
-76.58333,9.166672,0.146765
-76.58333,9.25,0.137551
-76.58333,9.333336,0.130632
-76.58333,9.416672,0.128218
-76.58333,9.5,0.127037
-76.58333,9.583336,0.125221
-76.58333,9.666672,0.122917
-76.58333,9.75,0.120372
-76.58333,9.833336,0.117373
-76.58333,9.916672,0.113843
-76.58333,10.0,0.110194
-76.58333,10.083336,0.106396
-76.58333,10.166672,0.102061
-76.58333,10.25,0.096899
-76.58333,10.333336,0.090816
-76.58333,10.416672,0.084113
-76.58333,10.5,0.076642
-76.58333,10.583336,0.06864
-76.58333,10.666672,0.058902
-76.58333,10.75,0.050785
-76.58333,10.833336,0.045138
-76.58333,10.916672,0.042416
-76.58333,11.0,0.042236
-76.58333,11.083336,0.043054
-76.58333,11.166672,0.0438
-76.58333,11.25,0.048396
-76.58333,11.333336,0.053981
-76.58333,11.416672,0.062583
-76.58333,11.5,0.072202
-76.58333,11.583336,0.079771
-76.58333,11.666672,0.08346
-76.58333,11.75,0.084521
-76.58333,11.833336,0.086784
-76.58333,11.916672,0.093071
-76.58333,12.0,0.10687
-76.58333,12.083336,0.122471
-76.58333,12.166672,0.137212
-76.58333,12.25,0.151404
-76.58333,12.333336,0.165262
-76.58333,12.416672,0.174646
-76.5,-4.25,0.0
-76.5,-4.166664,0.0
-76.5,-4.0833282,0.0
-76.5,-4.0,0.0
-76.5,-3.9166641,0.0
-76.5,-3.8333282,0.0
-76.5,-3.75,0.0
-76.5,-3.6666641,0.0
-76.5,-3.5833282,0.0
-76.5,-3.5,0.0
-76.5,-3.4166641,0.0
-76.5,-3.3333282,0.0
-76.5,-3.25,0.0
-76.5,-3.1666641,0.0
-76.5,-3.0833282,0.0
-76.5,-3.0,0.0
-76.5,-2.9166641,0.0
-76.5,-2.8333282,0.0
-76.5,-2.75,0.0
-76.5,-2.6666641,0.0
-76.5,-2.5833282,0.0
-76.5,-2.5,0.0
-76.5,-2.4166641,0.0
-76.5,-2.3333282,0.0
-76.5,-2.25,0.0
-76.5,-2.1666641,0.0
-76.5,-2.0833282,0.0
-76.5,-2.0,0.0
-76.5,-1.9166641,0.0
-76.5,-1.8333282,0.0
-76.5,-1.75,0.0
-76.5,-1.6666641,0.0
-76.5,-1.5833282,0.0
-76.5,-1.5,0.0
-76.5,-1.4166641,0.0
-76.5,-1.3333282,0.0
-76.5,-1.25,0.0
-76.5,-1.1666641,0.0
-76.5,-1.0833282,0.0
-76.5,-1.0,0.0
-76.5,-0.9166641,0.0
-76.5,-0.83332825,0.0
-76.5,-0.75,0.0
-76.5,-0.6666641,0.0
-76.5,-0.58332825,0.0
-76.5,-0.5,0.0
-76.5,-0.41666412,0.0
-76.5,-0.33332825,0.0
-76.5,-0.25,0.0
-76.5,-0.16666412,0.0
-76.5,-0.08332825,0.0
-76.5,0.0,0.0
-76.5,0.08333588,0.0
-76.5,0.16667175,0.0
-76.5,0.25,0.0
-76.5,0.33333588,0.0
-76.5,0.41667175,0.0
-76.5,0.5,0.0
-76.5,0.5833359,0.0
-76.5,0.66667175,0.0
-76.5,0.75,0.0
-76.5,0.8333359,0.0
-76.5,0.91667175,0.0
-76.5,1.0,0.0
-76.5,1.0833359,0.0
-76.5,1.1666718,0.0
-76.5,1.25,0.0
-76.5,1.3333359,0.0
-76.5,1.4166718,0.0
-76.5,1.5,0.0
-76.5,1.5833359,0.0
-76.5,1.6666718,0.0
-76.5,1.75,0.0
-76.5,1.8333359,0.0
-76.5,1.9166718,0.0
-76.5,2.0,0.0
-76.5,2.0833359,0.0
-76.5,2.1666718,0.0
-76.5,2.25,0.0
-76.5,2.3333359,0.0
-76.5,2.4166718,0.0
-76.5,2.5,0.0
-76.5,2.5833359,0.0
-76.5,2.6666718,0.0
-76.5,2.75,0.0
-76.5,2.8333359,0.0
-76.5,2.9166718,0.0
-76.5,3.0,0.0
-76.5,3.0833359,0.0
-76.5,3.1666718,0.0
-76.5,3.25,0.0
-76.5,3.3333359,0.0
-76.5,3.4166718,0.0
-76.5,3.5,0.0
-76.5,3.5833359,0.0
-76.5,3.6666718,0.0
-76.5,3.75,0.0
-76.5,3.8333359,0.0
-76.5,3.9166718,0.0
-76.5,4.0,0.0
-76.5,4.083336,0.0
-76.5,4.1666718,0.0
-76.5,4.25,0.0
-76.5,4.333336,0.0
-76.5,4.4166718,0.0
-76.5,4.5,0.0
-76.5,4.583336,0.0
-76.5,4.6666718,0.0
-76.5,4.75,0.0
-76.5,4.833336,0.0
-76.5,4.9166718,0.0
-76.5,5.0,0.0
-76.5,5.083336,0.0
-76.5,5.1666718,0.0
-76.5,5.25,0.0
-76.5,5.333336,0.0
-76.5,5.4166718,0.0
-76.5,5.5,0.0
-76.5,5.583336,0.0
-76.5,5.6666718,0.0
-76.5,5.75,0.0
-76.5,5.833336,0.0
-76.5,5.9166718,0.0
-76.5,6.0,0.0
-76.5,6.083336,0.0
-76.5,6.1666718,0.0
-76.5,6.25,0.0
-76.5,6.333336,0.0
-76.5,6.4166718,0.0
-76.5,6.5,0.0
-76.5,6.583336,0.0
-76.5,6.6666718,0.0
-76.5,6.75,0.0
-76.5,6.833336,0.0
-76.5,6.9166718,0.0
-76.5,7.0,0.0
-76.5,7.083336,0.0
-76.5,7.1666718,0.0
-76.5,7.25,0.0
-76.5,7.333336,0.0
-76.5,7.4166718,0.0
-76.5,7.5,0.0
-76.5,7.583336,0.0
-76.5,7.6666718,0.0
-76.5,7.75,0.0
-76.5,7.833336,0.0
-76.5,7.9166718,0.0
-76.5,8.0,0.0
-76.5,8.083336,0.0
-76.5,8.166672,0.0
-76.5,8.25,0.0
-76.5,8.333336,0.0
-76.5,8.416672,0.0
-76.5,8.5,0.0
-76.5,8.583336,0.0
-76.5,8.666672,0.0
-76.5,8.75,0.0
-76.5,8.833336,0.17629
-76.5,8.916672,0.170997
-76.5,9.0,0.163407
-76.5,9.083336,0.158383
-76.5,9.166672,0.152161
-76.5,9.25,0.143078
-76.5,9.333336,0.134391
-76.5,9.416672,0.128967
-76.5,9.5,0.126843
-76.5,9.583336,0.125782
-76.5,9.666672,0.123921
-76.5,9.75,0.121668
-76.5,9.833336,0.11916
-76.5,9.916672,0.115975
-76.5,10.0,0.112269
-76.5,10.083336,0.108376
-76.5,10.166672,0.10404
-76.5,10.25,0.098961
-76.5,10.333336,0.092909
-76.5,10.416672,0.086037
-76.5,10.5,0.078289
-76.5,10.583336,0.069894
-76.5,10.666672,0.060355
-76.5,10.75,0.052711
-76.5,10.833336,0.047738
-76.5,10.916672,0.045224
-76.5,11.0,0.044634
-76.5,11.083336,0.044938
-76.5,11.166672,0.045193
-76.5,11.25,0.04901
-76.5,11.333336,0.054161
-76.5,11.416672,0.062069
-76.5,11.5,0.070733
-76.5,11.583336,0.077558
-76.5,11.666672,0.080764
-76.5,11.75,0.081486
-76.5,11.833336,0.083432
-76.5,11.916672,0.089504
-76.5,12.0,0.10312
-76.5,12.083336,0.11936
-76.5,12.166672,0.134854
-76.5,12.25,0.148154
-76.5,12.333336,0.159359
-76.5,12.416672,0.166422
-76.416664,-4.25,0.0
-76.416664,-4.166664,0.0
-76.416664,-4.0833282,0.0
-76.416664,-4.0,0.0
-76.416664,-3.9166641,0.0
-76.416664,-3.8333282,0.0
-76.416664,-3.75,0.0
-76.416664,-3.6666641,0.0
-76.416664,-3.5833282,0.0
-76.416664,-3.5,0.0
-76.416664,-3.4166641,0.0
-76.416664,-3.3333282,0.0
-76.416664,-3.25,0.0
-76.416664,-3.1666641,0.0
-76.416664,-3.0833282,0.0
-76.416664,-3.0,0.0
-76.416664,-2.9166641,0.0
-76.416664,-2.8333282,0.0
-76.416664,-2.75,0.0
-76.416664,-2.6666641,0.0
-76.416664,-2.5833282,0.0
-76.416664,-2.5,0.0
-76.416664,-2.4166641,0.0
-76.416664,-2.3333282,0.0
-76.416664,-2.25,0.0
-76.416664,-2.1666641,0.0
-76.416664,-2.0833282,0.0
-76.416664,-2.0,0.0
-76.416664,-1.9166641,0.0
-76.416664,-1.8333282,0.0
-76.416664,-1.75,0.0
-76.416664,-1.6666641,0.0
-76.416664,-1.5833282,0.0
-76.416664,-1.5,0.0
-76.416664,-1.4166641,0.0
-76.416664,-1.3333282,0.0
-76.416664,-1.25,0.0
-76.416664,-1.1666641,0.0
-76.416664,-1.0833282,0.0
-76.416664,-1.0,0.0
-76.416664,-0.9166641,0.0
-76.416664,-0.83332825,0.0
-76.416664,-0.75,0.0
-76.416664,-0.6666641,0.0
-76.416664,-0.58332825,0.0
-76.416664,-0.5,0.0
-76.416664,-0.41666412,0.0
-76.416664,-0.33332825,0.0
-76.416664,-0.25,0.0
-76.416664,-0.16666412,0.0
-76.416664,-0.08332825,0.0
-76.416664,0.0,0.0
-76.416664,0.08333588,0.0
-76.416664,0.16667175,0.0
-76.416664,0.25,0.0
-76.416664,0.33333588,0.0
-76.416664,0.41667175,0.0
-76.416664,0.5,0.0
-76.416664,0.5833359,0.0
-76.416664,0.66667175,0.0
-76.416664,0.75,0.0
-76.416664,0.8333359,0.0
-76.416664,0.91667175,0.0
-76.416664,1.0,0.0
-76.416664,1.0833359,0.0
-76.416664,1.1666718,0.0
-76.416664,1.25,0.0
-76.416664,1.3333359,0.0
-76.416664,1.4166718,0.0
-76.416664,1.5,0.0
-76.416664,1.5833359,0.0
-76.416664,1.6666718,0.0
-76.416664,1.75,0.0
-76.416664,1.8333359,0.0
-76.416664,1.9166718,0.0
-76.416664,2.0,0.0
-76.416664,2.0833359,0.0
-76.416664,2.1666718,0.0
-76.416664,2.25,0.0
-76.416664,2.3333359,0.0
-76.416664,2.4166718,0.0
-76.416664,2.5,0.0
-76.416664,2.5833359,0.0
-76.416664,2.6666718,0.0
-76.416664,2.75,0.0
-76.416664,2.8333359,0.0
-76.416664,2.9166718,0.0
-76.416664,3.0,0.0
-76.416664,3.0833359,0.0
-76.416664,3.1666718,0.0
-76.416664,3.25,0.0
-76.416664,3.3333359,0.0
-76.416664,3.4166718,0.0
-76.416664,3.5,0.0
-76.416664,3.5833359,0.0
-76.416664,3.6666718,0.0
-76.416664,3.75,0.0
-76.416664,3.8333359,0.0
-76.416664,3.9166718,0.0
-76.416664,4.0,0.0
-76.416664,4.083336,0.0
-76.416664,4.1666718,0.0
-76.416664,4.25,0.0
-76.416664,4.333336,0.0
-76.416664,4.4166718,0.0
-76.416664,4.5,0.0
-76.416664,4.583336,0.0
-76.416664,4.6666718,0.0
-76.416664,4.75,0.0
-76.416664,4.833336,0.0
-76.416664,4.9166718,0.0
-76.416664,5.0,0.0
-76.416664,5.083336,0.0
-76.416664,5.1666718,0.0
-76.416664,5.25,0.0
-76.416664,5.333336,0.0
-76.416664,5.4166718,0.0
-76.416664,5.5,0.0
-76.416664,5.583336,0.0
-76.416664,5.6666718,0.0
-76.416664,5.75,0.0
-76.416664,5.833336,0.0
-76.416664,5.9166718,0.0
-76.416664,6.0,0.0
-76.416664,6.083336,0.0
-76.416664,6.1666718,0.0
-76.416664,6.25,0.0
-76.416664,6.333336,0.0
-76.416664,6.4166718,0.0
-76.416664,6.5,0.0
-76.416664,6.583336,0.0
-76.416664,6.6666718,0.0
-76.416664,6.75,0.0
-76.416664,6.833336,0.0
-76.416664,6.9166718,0.0
-76.416664,7.0,0.0
-76.416664,7.083336,0.0
-76.416664,7.1666718,0.0
-76.416664,7.25,0.0
-76.416664,7.333336,0.0
-76.416664,7.4166718,0.0
-76.416664,7.5,0.0
-76.416664,7.583336,0.0
-76.416664,7.6666718,0.0
-76.416664,7.75,0.0
-76.416664,7.833336,0.0
-76.416664,7.9166718,0.0
-76.416664,8.0,0.0
-76.416664,8.083336,0.0
-76.416664,8.166672,0.0
-76.416664,8.25,0.0
-76.416664,8.333336,0.0
-76.416664,8.416672,0.0
-76.416664,8.5,0.0
-76.416664,8.583336,0.0
-76.416664,8.666672,0.0
-76.416664,8.75,0.0
-76.416664,8.833336,0.0
-76.416664,8.916672,0.178747
-76.416664,9.0,0.171854
-76.416664,9.083336,0.164555
-76.416664,9.166672,0.158275
-76.416664,9.25,0.150481
-76.416664,9.333336,0.142195
-76.416664,9.416672,0.134002
-76.416664,9.5,0.127345
-76.416664,9.583336,0.125084
-76.416664,9.666672,0.124334
-76.416664,9.75,0.122443
-76.416664,9.833336,0.119986
-76.416664,9.916672,0.11731
-76.416664,10.0,0.114117
-76.416664,10.083336,0.110266
-76.416664,10.166672,0.105727
-76.416664,10.25,0.100387
-76.416664,10.333336,0.094288
-76.416664,10.416672,0.087479
-76.416664,10.5,0.079811
-76.416664,10.583336,0.07138
-76.416664,10.666672,0.062529
-76.416664,10.75,0.055557
-76.416664,10.833336,0.051122
-76.416664,10.916672,0.048686
-76.416664,11.0,0.047631
-76.416664,11.083336,0.046878
-76.416664,11.166672,0.046766
-76.416664,11.25,0.049964
-76.416664,11.333336,0.054479
-76.416664,11.416672,0.061688
-76.416664,11.5,0.069324
-76.416664,11.583336,0.075479
-76.416664,11.666672,0.078245
-76.416664,11.75,0.07849
-76.416664,11.833336,0.080252
-76.416664,11.916672,0.085865
-76.416664,12.0,0.098445
-76.416664,12.083336,0.114644
-76.416664,12.166672,0.131044
-76.416664,12.25,0.143432
-76.416664,12.333336,0.152047
-76.416664,12.416672,0.158332
-76.33333,-4.25,0.0
-76.33333,-4.166664,0.0
-76.33333,-4.0833282,0.0
-76.33333,-4.0,0.0
-76.33333,-3.9166641,0.0
-76.33333,-3.8333282,0.0
-76.33333,-3.75,0.0
-76.33333,-3.6666641,0.0
-76.33333,-3.5833282,0.0
-76.33333,-3.5,0.0
-76.33333,-3.4166641,0.0
-76.33333,-3.3333282,0.0
-76.33333,-3.25,0.0
-76.33333,-3.1666641,0.0
-76.33333,-3.0833282,0.0
-76.33333,-3.0,0.0
-76.33333,-2.9166641,0.0
-76.33333,-2.8333282,0.0
-76.33333,-2.75,0.0
-76.33333,-2.6666641,0.0
-76.33333,-2.5833282,0.0
-76.33333,-2.5,0.0
-76.33333,-2.4166641,0.0
-76.33333,-2.3333282,0.0
-76.33333,-2.25,0.0
-76.33333,-2.1666641,0.0
-76.33333,-2.0833282,0.0
-76.33333,-2.0,0.0
-76.33333,-1.9166641,0.0
-76.33333,-1.8333282,0.0
-76.33333,-1.75,0.0
-76.33333,-1.6666641,0.0
-76.33333,-1.5833282,0.0
-76.33333,-1.5,0.0
-76.33333,-1.4166641,0.0
-76.33333,-1.3333282,0.0
-76.33333,-1.25,0.0
-76.33333,-1.1666641,0.0
-76.33333,-1.0833282,0.0
-76.33333,-1.0,0.0
-76.33333,-0.9166641,0.0
-76.33333,-0.83332825,0.0
-76.33333,-0.75,0.0
-76.33333,-0.6666641,0.0
-76.33333,-0.58332825,0.0
-76.33333,-0.5,0.0
-76.33333,-0.41666412,0.0
-76.33333,-0.33332825,0.0
-76.33333,-0.25,0.0
-76.33333,-0.16666412,0.0
-76.33333,-0.08332825,0.0
-76.33333,0.0,0.0
-76.33333,0.08333588,0.0
-76.33333,0.16667175,0.0
-76.33333,0.25,0.0
-76.33333,0.33333588,0.0
-76.33333,0.41667175,0.0
-76.33333,0.5,0.0
-76.33333,0.5833359,0.0
-76.33333,0.66667175,0.0
-76.33333,0.75,0.0
-76.33333,0.8333359,0.0
-76.33333,0.91667175,0.0
-76.33333,1.0,0.0
-76.33333,1.0833359,0.0
-76.33333,1.1666718,0.0
-76.33333,1.25,0.0
-76.33333,1.3333359,0.0
-76.33333,1.4166718,0.0
-76.33333,1.5,0.0
-76.33333,1.5833359,0.0
-76.33333,1.6666718,0.0
-76.33333,1.75,0.0
-76.33333,1.8333359,0.0
-76.33333,1.9166718,0.0
-76.33333,2.0,0.0
-76.33333,2.0833359,0.0
-76.33333,2.1666718,0.0
-76.33333,2.25,0.0
-76.33333,2.3333359,0.0
-76.33333,2.4166718,0.0
-76.33333,2.5,0.0
-76.33333,2.5833359,0.0
-76.33333,2.6666718,0.0
-76.33333,2.75,0.0
-76.33333,2.8333359,0.0
-76.33333,2.9166718,0.0
-76.33333,3.0,0.0
-76.33333,3.0833359,0.0
-76.33333,3.1666718,0.0
-76.33333,3.25,0.0
-76.33333,3.3333359,0.0
-76.33333,3.4166718,0.0
-76.33333,3.5,0.0
-76.33333,3.5833359,0.0
-76.33333,3.6666718,0.0
-76.33333,3.75,0.0
-76.33333,3.8333359,0.0
-76.33333,3.9166718,0.0
-76.33333,4.0,0.0
-76.33333,4.083336,0.0
-76.33333,4.1666718,0.0
-76.33333,4.25,0.0
-76.33333,4.333336,0.0
-76.33333,4.4166718,0.0
-76.33333,4.5,0.0
-76.33333,4.583336,0.0
-76.33333,4.6666718,0.0
-76.33333,4.75,0.0
-76.33333,4.833336,0.0
-76.33333,4.9166718,0.0
-76.33333,5.0,0.0
-76.33333,5.083336,0.0
-76.33333,5.1666718,0.0
-76.33333,5.25,0.0
-76.33333,5.333336,0.0
-76.33333,5.4166718,0.0
-76.33333,5.5,0.0
-76.33333,5.583336,0.0
-76.33333,5.6666718,0.0
-76.33333,5.75,0.0
-76.33333,5.833336,0.0
-76.33333,5.9166718,0.0
-76.33333,6.0,0.0
-76.33333,6.083336,0.0
-76.33333,6.1666718,0.0
-76.33333,6.25,0.0
-76.33333,6.333336,0.0
-76.33333,6.4166718,0.0
-76.33333,6.5,0.0
-76.33333,6.583336,0.0
-76.33333,6.6666718,0.0
-76.33333,6.75,0.0
-76.33333,6.833336,0.0
-76.33333,6.9166718,0.0
-76.33333,7.0,0.0
-76.33333,7.083336,0.0
-76.33333,7.1666718,0.0
-76.33333,7.25,0.0
-76.33333,7.333336,0.0
-76.33333,7.4166718,0.0
-76.33333,7.5,0.0
-76.33333,7.583336,0.0
-76.33333,7.6666718,0.0
-76.33333,7.75,0.0
-76.33333,7.833336,0.0
-76.33333,7.9166718,0.0
-76.33333,8.0,0.0
-76.33333,8.083336,0.0
-76.33333,8.166672,0.0
-76.33333,8.25,0.0
-76.33333,8.333336,0.0
-76.33333,8.416672,0.0
-76.33333,8.5,0.0
-76.33333,8.583336,0.0
-76.33333,8.666672,0.0
-76.33333,8.75,0.0
-76.33333,8.833336,0.0
-76.33333,8.916672,0.0
-76.33333,9.0,0.177425
-76.33333,9.083336,0.172008
-76.33333,9.166672,0.166932
-76.33333,9.25,0.160379
-76.33333,9.333336,0.151863
-76.33333,9.416672,0.14258
-76.33333,9.5,0.134186
-76.33333,9.583336,0.128895
-76.33333,9.666672,0.125903
-76.33333,9.75,0.123897
-76.33333,9.833336,0.1216
-76.33333,9.916672,0.118415
-76.33333,10.0,0.115107
-76.33333,10.083336,0.111693
-76.33333,10.166672,0.107518
-76.33333,10.25,0.1023
-76.33333,10.333336,0.096029
-76.33333,10.416672,0.089101
-76.33333,10.5,0.081544
-76.33333,10.583336,0.073511
-76.33333,10.666672,0.065684
-76.33333,10.75,0.059436
-76.33333,10.833336,0.055155
-76.33333,10.916672,0.052376
-76.33333,11.0,0.050415
-76.33333,11.083336,0.048675
-76.33333,11.166672,0.048401
-76.33333,11.25,0.051493
-76.33333,11.333336,0.055312
-76.33333,11.416672,0.061319
-76.33333,11.5,0.067887
-76.33333,11.583336,0.073422
-76.33333,11.666672,0.0759
-76.33333,11.75,0.075474
-76.33333,11.833336,0.077207
-76.33333,11.916672,0.082228
-76.33333,12.0,0.093555
-76.33333,12.083336,0.108903
-76.33333,12.166672,0.125325
-76.33333,12.25,0.137707
-76.33333,12.333336,0.144473
-76.33333,12.416672,0.151988
-76.25,-4.25,0.0
-76.25,-4.166664,0.0
-76.25,-4.0833282,0.0
-76.25,-4.0,0.0
-76.25,-3.9166641,0.0
-76.25,-3.8333282,0.0
-76.25,-3.75,0.0
-76.25,-3.6666641,0.0
-76.25,-3.5833282,0.0
-76.25,-3.5,0.0
-76.25,-3.4166641,0.0
-76.25,-3.3333282,0.0
-76.25,-3.25,0.0
-76.25,-3.1666641,0.0
-76.25,-3.0833282,0.0
-76.25,-3.0,0.0
-76.25,-2.9166641,0.0
-76.25,-2.8333282,0.0
-76.25,-2.75,0.0
-76.25,-2.6666641,0.0
-76.25,-2.5833282,0.0
-76.25,-2.5,0.0
-76.25,-2.4166641,0.0
-76.25,-2.3333282,0.0
-76.25,-2.25,0.0
-76.25,-2.1666641,0.0
-76.25,-2.0833282,0.0
-76.25,-2.0,0.0
-76.25,-1.9166641,0.0
-76.25,-1.8333282,0.0
-76.25,-1.75,0.0
-76.25,-1.6666641,0.0
-76.25,-1.5833282,0.0
-76.25,-1.5,0.0
-76.25,-1.4166641,0.0
-76.25,-1.3333282,0.0
-76.25,-1.25,0.0
-76.25,-1.1666641,0.0
-76.25,-1.0833282,0.0
-76.25,-1.0,0.0
-76.25,-0.9166641,0.0
-76.25,-0.83332825,0.0
-76.25,-0.75,0.0
-76.25,-0.6666641,0.0
-76.25,-0.58332825,0.0
-76.25,-0.5,0.0
-76.25,-0.41666412,0.0
-76.25,-0.33332825,0.0
-76.25,-0.25,0.0
-76.25,-0.16666412,0.0
-76.25,-0.08332825,0.0
-76.25,0.0,0.0
-76.25,0.08333588,0.0
-76.25,0.16667175,0.0
-76.25,0.25,0.0
-76.25,0.33333588,0.0
-76.25,0.41667175,0.0
-76.25,0.5,0.0
-76.25,0.5833359,0.0
-76.25,0.66667175,0.0
-76.25,0.75,0.0
-76.25,0.8333359,0.0
-76.25,0.91667175,0.0
-76.25,1.0,0.0
-76.25,1.0833359,0.0
-76.25,1.1666718,0.0
-76.25,1.25,0.0
-76.25,1.3333359,0.0
-76.25,1.4166718,0.0
-76.25,1.5,0.0
-76.25,1.5833359,0.0
-76.25,1.6666718,0.0
-76.25,1.75,0.0
-76.25,1.8333359,0.0
-76.25,1.9166718,0.0
-76.25,2.0,0.0
-76.25,2.0833359,0.0
-76.25,2.1666718,0.0
-76.25,2.25,0.0
-76.25,2.3333359,0.0
-76.25,2.4166718,0.0
-76.25,2.5,0.0
-76.25,2.5833359,0.0
-76.25,2.6666718,0.0
-76.25,2.75,0.0
-76.25,2.8333359,0.0
-76.25,2.9166718,0.0
-76.25,3.0,0.0
-76.25,3.0833359,0.0
-76.25,3.1666718,0.0
-76.25,3.25,0.0
-76.25,3.3333359,0.0
-76.25,3.4166718,0.0
-76.25,3.5,0.0
-76.25,3.5833359,0.0
-76.25,3.6666718,0.0
-76.25,3.75,0.0
-76.25,3.8333359,0.0
-76.25,3.9166718,0.0
-76.25,4.0,0.0
-76.25,4.083336,0.0
-76.25,4.1666718,0.0
-76.25,4.25,0.0
-76.25,4.333336,0.0
-76.25,4.4166718,0.0
-76.25,4.5,0.0
-76.25,4.583336,0.0
-76.25,4.6666718,0.0
-76.25,4.75,0.0
-76.25,4.833336,0.0
-76.25,4.9166718,0.0
-76.25,5.0,0.0
-76.25,5.083336,0.0
-76.25,5.1666718,0.0
-76.25,5.25,0.0
-76.25,5.333336,0.0
-76.25,5.4166718,0.0
-76.25,5.5,0.0
-76.25,5.583336,0.0
-76.25,5.6666718,0.0
-76.25,5.75,0.0
-76.25,5.833336,0.0
-76.25,5.9166718,0.0
-76.25,6.0,0.0
-76.25,6.083336,0.0
-76.25,6.1666718,0.0
-76.25,6.25,0.0
-76.25,6.333336,0.0
-76.25,6.4166718,0.0
-76.25,6.5,0.0
-76.25,6.583336,0.0
-76.25,6.6666718,0.0
-76.25,6.75,0.0
-76.25,6.833336,0.0
-76.25,6.9166718,0.0
-76.25,7.0,0.0
-76.25,7.083336,0.0
-76.25,7.1666718,0.0
-76.25,7.25,0.0
-76.25,7.333336,0.0
-76.25,7.4166718,0.0
-76.25,7.5,0.0
-76.25,7.583336,0.0
-76.25,7.6666718,0.0
-76.25,7.75,0.0
-76.25,7.833336,0.0
-76.25,7.9166718,0.0
-76.25,8.0,0.0
-76.25,8.083336,0.0
-76.25,8.166672,0.0
-76.25,8.25,0.0
-76.25,8.333336,0.0
-76.25,8.416672,0.0
-76.25,8.5,0.0
-76.25,8.583336,0.0
-76.25,8.666672,0.0
-76.25,8.75,0.0
-76.25,8.833336,0.0
-76.25,8.916672,0.0
-76.25,9.0,0.0
-76.25,9.083336,0.17716
-76.25,9.166672,0.173553
-76.25,9.25,0.168145
-76.25,9.333336,0.162023
-76.25,9.416672,0.153902
-76.25,9.5,0.144732
-76.25,9.583336,0.137713
-76.25,9.666672,0.132835
-76.25,9.75,0.129344
-76.25,9.833336,0.126063
-76.25,9.916672,0.121783
-76.25,10.0,0.11692
-76.25,10.083336,0.112425
-76.25,10.166672,0.108035
-76.25,10.25,0.103253
-76.25,10.333336,0.097604
-76.25,10.416672,0.090938
-76.25,10.5,0.083578
-76.25,10.583336,0.076094
-76.25,10.666672,0.069104
-76.25,10.75,0.063308
-76.25,10.833336,0.058716
-76.25,10.916672,0.055045
-76.25,11.0,0.05236
-76.25,11.083336,0.050738
-76.25,11.166672,0.05066
-76.25,11.25,0.05366
-76.25,11.333336,0.056759
-76.25,11.416672,0.061163
-76.25,11.5,0.066511
-76.25,11.583336,0.071487
-76.25,11.666672,0.073703
-76.25,11.75,0.073554
-76.25,11.833336,0.074686
-76.25,11.916672,0.079166
-76.25,12.0,0.0893
-76.25,12.083336,0.103484
-76.25,12.166672,0.119171
-76.25,12.25,0.131606
-76.25,12.333336,0.139497
-76.25,12.416672,0.151006
-76.166664,-4.25,0.0
-76.166664,-4.166664,0.0
-76.166664,-4.0833282,0.0
-76.166664,-4.0,0.0
-76.166664,-3.9166641,0.0
-76.166664,-3.8333282,0.0
-76.166664,-3.75,0.0
-76.166664,-3.6666641,0.0
-76.166664,-3.5833282,0.0
-76.166664,-3.5,0.0
-76.166664,-3.4166641,0.0
-76.166664,-3.3333282,0.0
-76.166664,-3.25,0.0
-76.166664,-3.1666641,0.0
-76.166664,-3.0833282,0.0
-76.166664,-3.0,0.0
-76.166664,-2.9166641,0.0
-76.166664,-2.8333282,0.0
-76.166664,-2.75,0.0
-76.166664,-2.6666641,0.0
-76.166664,-2.5833282,0.0
-76.166664,-2.5,0.0
-76.166664,-2.4166641,0.0
-76.166664,-2.3333282,0.0
-76.166664,-2.25,0.0
-76.166664,-2.1666641,0.0
-76.166664,-2.0833282,0.0
-76.166664,-2.0,0.0
-76.166664,-1.9166641,0.0
-76.166664,-1.8333282,0.0
-76.166664,-1.75,0.0
-76.166664,-1.6666641,0.0
-76.166664,-1.5833282,0.0
-76.166664,-1.5,0.0
-76.166664,-1.4166641,0.0
-76.166664,-1.3333282,0.0
-76.166664,-1.25,0.0
-76.166664,-1.1666641,0.0
-76.166664,-1.0833282,0.0
-76.166664,-1.0,0.0
-76.166664,-0.9166641,0.0
-76.166664,-0.83332825,0.0
-76.166664,-0.75,0.0
-76.166664,-0.6666641,0.0
-76.166664,-0.58332825,0.0
-76.166664,-0.5,0.0
-76.166664,-0.41666412,0.0
-76.166664,-0.33332825,0.0
-76.166664,-0.25,0.0
-76.166664,-0.16666412,0.0
-76.166664,-0.08332825,0.0
-76.166664,0.0,0.0
-76.166664,0.08333588,0.0
-76.166664,0.16667175,0.0
-76.166664,0.25,0.0
-76.166664,0.33333588,0.0
-76.166664,0.41667175,0.0
-76.166664,0.5,0.0
-76.166664,0.5833359,0.0
-76.166664,0.66667175,0.0
-76.166664,0.75,0.0
-76.166664,0.8333359,0.0
-76.166664,0.91667175,0.0
-76.166664,1.0,0.0
-76.166664,1.0833359,0.0
-76.166664,1.1666718,0.0
-76.166664,1.25,0.0
-76.166664,1.3333359,0.0
-76.166664,1.4166718,0.0
-76.166664,1.5,0.0
-76.166664,1.5833359,0.0
-76.166664,1.6666718,0.0
-76.166664,1.75,0.0
-76.166664,1.8333359,0.0
-76.166664,1.9166718,0.0
-76.166664,2.0,0.0
-76.166664,2.0833359,0.0
-76.166664,2.1666718,0.0
-76.166664,2.25,0.0
-76.166664,2.3333359,0.0
-76.166664,2.4166718,0.0
-76.166664,2.5,0.0
-76.166664,2.5833359,0.0
-76.166664,2.6666718,0.0
-76.166664,2.75,0.0
-76.166664,2.8333359,0.0
-76.166664,2.9166718,0.0
-76.166664,3.0,0.0
-76.166664,3.0833359,0.0
-76.166664,3.1666718,0.0
-76.166664,3.25,0.0
-76.166664,3.3333359,0.0
-76.166664,3.4166718,0.0
-76.166664,3.5,0.0
-76.166664,3.5833359,0.0
-76.166664,3.6666718,0.0
-76.166664,3.75,0.0
-76.166664,3.8333359,0.0
-76.166664,3.9166718,0.0
-76.166664,4.0,0.0
-76.166664,4.083336,0.0
-76.166664,4.1666718,0.0
-76.166664,4.25,0.0
-76.166664,4.333336,0.0
-76.166664,4.4166718,0.0
-76.166664,4.5,0.0
-76.166664,4.583336,0.0
-76.166664,4.6666718,0.0
-76.166664,4.75,0.0
-76.166664,4.833336,0.0
-76.166664,4.9166718,0.0
-76.166664,5.0,0.0
-76.166664,5.083336,0.0
-76.166664,5.1666718,0.0
-76.166664,5.25,0.0
-76.166664,5.333336,0.0
-76.166664,5.4166718,0.0
-76.166664,5.5,0.0
-76.166664,5.583336,0.0
-76.166664,5.6666718,0.0
-76.166664,5.75,0.0
-76.166664,5.833336,0.0
-76.166664,5.9166718,0.0
-76.166664,6.0,0.0
-76.166664,6.083336,0.0
-76.166664,6.1666718,0.0
-76.166664,6.25,0.0
-76.166664,6.333336,0.0
-76.166664,6.4166718,0.0
-76.166664,6.5,0.0
-76.166664,6.583336,0.0
-76.166664,6.6666718,0.0
-76.166664,6.75,0.0
-76.166664,6.833336,0.0
-76.166664,6.9166718,0.0
-76.166664,7.0,0.0
-76.166664,7.083336,0.0
-76.166664,7.1666718,0.0
-76.166664,7.25,0.0
-76.166664,7.333336,0.0
-76.166664,7.4166718,0.0
-76.166664,7.5,0.0
-76.166664,7.583336,0.0
-76.166664,7.6666718,0.0
-76.166664,7.75,0.0
-76.166664,7.833336,0.0
-76.166664,7.9166718,0.0
-76.166664,8.0,0.0
-76.166664,8.083336,0.0
-76.166664,8.166672,0.0
-76.166664,8.25,0.0
-76.166664,8.333336,0.0
-76.166664,8.416672,0.0
-76.166664,8.5,0.0
-76.166664,8.583336,0.0
-76.166664,8.666672,0.0
-76.166664,8.75,0.0
-76.166664,8.833336,0.0
-76.166664,8.916672,0.0
-76.166664,9.0,0.0
-76.166664,9.083336,0.0
-76.166664,9.166672,0.177481
-76.166664,9.25,0.172332
-76.166664,9.333336,0.165182
-76.166664,9.416672,0.157831
-76.166664,9.5,0.150988
-76.166664,9.583336,0.145895
-76.166664,9.666672,0.141292
-76.166664,9.75,0.137535
-76.166664,9.833336,0.132962
-76.166664,9.916672,0.126909
-76.166664,10.0,0.120942
-76.166664,10.083336,0.115378
-76.166664,10.166672,0.109952
-76.166664,10.25,0.104334
-76.166664,10.333336,0.098403
-76.166664,10.416672,0.091923
-76.166664,10.5,0.085061
-76.166664,10.583336,0.078038
-76.166664,10.666672,0.071509
-76.166664,10.75,0.066297
-76.166664,10.833336,0.061939
-76.166664,10.916672,0.058231
-76.166664,11.0,0.055567
-76.166664,11.083336,0.054479
-76.166664,11.166672,0.0546
-76.166664,11.25,0.056577
-76.166664,11.333336,0.058696
-76.166664,11.416672,0.061529
-76.166664,11.5,0.065526
-76.166664,11.583336,0.070104
-76.166664,11.666672,0.071868
-76.166664,11.75,0.071325
-76.166664,11.833336,0.072979
-76.166664,11.916672,0.076646
-76.166664,12.0,0.085837
-76.166664,12.083336,0.09945
-76.166664,12.166672,0.11456
-76.166664,12.25,0.127511
-76.166664,12.333336,0.138616
-76.166664,12.416672,0.154478
-76.08333,-4.25,0.0
-76.08333,-4.166664,0.0
-76.08333,-4.0833282,0.0
-76.08333,-4.0,0.0
-76.08333,-3.9166641,0.0
-76.08333,-3.8333282,0.0
-76.08333,-3.75,0.0
-76.08333,-3.6666641,0.0
-76.08333,-3.5833282,0.0
-76.08333,-3.5,0.0
-76.08333,-3.4166641,0.0
-76.08333,-3.3333282,0.0
-76.08333,-3.25,0.0
-76.08333,-3.1666641,0.0
-76.08333,-3.0833282,0.0
-76.08333,-3.0,0.0
-76.08333,-2.9166641,0.0
-76.08333,-2.8333282,0.0
-76.08333,-2.75,0.0
-76.08333,-2.6666641,0.0
-76.08333,-2.5833282,0.0
-76.08333,-2.5,0.0
-76.08333,-2.4166641,0.0
-76.08333,-2.3333282,0.0
-76.08333,-2.25,0.0
-76.08333,-2.1666641,0.0
-76.08333,-2.0833282,0.0
-76.08333,-2.0,0.0
-76.08333,-1.9166641,0.0
-76.08333,-1.8333282,0.0
-76.08333,-1.75,0.0
-76.08333,-1.6666641,0.0
-76.08333,-1.5833282,0.0
-76.08333,-1.5,0.0
-76.08333,-1.4166641,0.0
-76.08333,-1.3333282,0.0
-76.08333,-1.25,0.0
-76.08333,-1.1666641,0.0
-76.08333,-1.0833282,0.0
-76.08333,-1.0,0.0
-76.08333,-0.9166641,0.0
-76.08333,-0.83332825,0.0
-76.08333,-0.75,0.0
-76.08333,-0.6666641,0.0
-76.08333,-0.58332825,0.0
-76.08333,-0.5,0.0
-76.08333,-0.41666412,0.0
-76.08333,-0.33332825,0.0
-76.08333,-0.25,0.0
-76.08333,-0.16666412,0.0
-76.08333,-0.08332825,0.0
-76.08333,0.0,0.0
-76.08333,0.08333588,0.0
-76.08333,0.16667175,0.0
-76.08333,0.25,0.0
-76.08333,0.33333588,0.0
-76.08333,0.41667175,0.0
-76.08333,0.5,0.0
-76.08333,0.5833359,0.0
-76.08333,0.66667175,0.0
-76.08333,0.75,0.0
-76.08333,0.8333359,0.0
-76.08333,0.91667175,0.0
-76.08333,1.0,0.0
-76.08333,1.0833359,0.0
-76.08333,1.1666718,0.0
-76.08333,1.25,0.0
-76.08333,1.3333359,0.0
-76.08333,1.4166718,0.0
-76.08333,1.5,0.0
-76.08333,1.5833359,0.0
-76.08333,1.6666718,0.0
-76.08333,1.75,0.0
-76.08333,1.8333359,0.0
-76.08333,1.9166718,0.0
-76.08333,2.0,0.0
-76.08333,2.0833359,0.0
-76.08333,2.1666718,0.0
-76.08333,2.25,0.0
-76.08333,2.3333359,0.0
-76.08333,2.4166718,0.0
-76.08333,2.5,0.0
-76.08333,2.5833359,0.0
-76.08333,2.6666718,0.0
-76.08333,2.75,0.0
-76.08333,2.8333359,0.0
-76.08333,2.9166718,0.0
-76.08333,3.0,0.0
-76.08333,3.0833359,0.0
-76.08333,3.1666718,0.0
-76.08333,3.25,0.0
-76.08333,3.3333359,0.0
-76.08333,3.4166718,0.0
-76.08333,3.5,0.0
-76.08333,3.5833359,0.0
-76.08333,3.6666718,0.0
-76.08333,3.75,0.0
-76.08333,3.8333359,0.0
-76.08333,3.9166718,0.0
-76.08333,4.0,0.0
-76.08333,4.083336,0.0
-76.08333,4.1666718,0.0
-76.08333,4.25,0.0
-76.08333,4.333336,0.0
-76.08333,4.4166718,0.0
-76.08333,4.5,0.0
-76.08333,4.583336,0.0
-76.08333,4.6666718,0.0
-76.08333,4.75,0.0
-76.08333,4.833336,0.0
-76.08333,4.9166718,0.0
-76.08333,5.0,0.0
-76.08333,5.083336,0.0
-76.08333,5.1666718,0.0
-76.08333,5.25,0.0
-76.08333,5.333336,0.0
-76.08333,5.4166718,0.0
-76.08333,5.5,0.0
-76.08333,5.583336,0.0
-76.08333,5.6666718,0.0
-76.08333,5.75,0.0
-76.08333,5.833336,0.0
-76.08333,5.9166718,0.0
-76.08333,6.0,0.0
-76.08333,6.083336,0.0
-76.08333,6.1666718,0.0
-76.08333,6.25,0.0
-76.08333,6.333336,0.0
-76.08333,6.4166718,0.0
-76.08333,6.5,0.0
-76.08333,6.583336,0.0
-76.08333,6.6666718,0.0
-76.08333,6.75,0.0
-76.08333,6.833336,0.0
-76.08333,6.9166718,0.0
-76.08333,7.0,0.0
-76.08333,7.083336,0.0
-76.08333,7.1666718,0.0
-76.08333,7.25,0.0
-76.08333,7.333336,0.0
-76.08333,7.4166718,0.0
-76.08333,7.5,0.0
-76.08333,7.583336,0.0
-76.08333,7.6666718,0.0
-76.08333,7.75,0.0
-76.08333,7.833336,0.0
-76.08333,7.9166718,0.0
-76.08333,8.0,0.0
-76.08333,8.083336,0.0
-76.08333,8.166672,0.0
-76.08333,8.25,0.0
-76.08333,8.333336,0.0
-76.08333,8.416672,0.0
-76.08333,8.5,0.0
-76.08333,8.583336,0.0
-76.08333,8.666672,0.0
-76.08333,8.75,0.0
-76.08333,8.833336,0.0
-76.08333,8.916672,0.0
-76.08333,9.0,0.0
-76.08333,9.083336,0.0
-76.08333,9.166672,0.0
-76.08333,9.25,0.0
-76.08333,9.333336,0.16621
-76.08333,9.416672,0.160296
-76.08333,9.5,0.155108
-76.08333,9.583336,0.1512
-76.08333,9.666672,0.147439
-76.08333,9.75,0.143889
-76.08333,9.833336,0.138894
-76.08333,9.916672,0.13188
-76.08333,10.0,0.124923
-76.08333,10.083336,0.119127
-76.08333,10.166672,0.113894
-76.08333,10.25,0.10814
-76.08333,10.333336,0.101823
-76.08333,10.416672,0.095048
-76.08333,10.5,0.088104
-76.08333,10.583336,0.081354
-76.08333,10.666672,0.075448
-76.08333,10.75,0.070772
-76.08333,10.833336,0.067141
-76.08333,10.916672,0.063864
-76.08333,11.0,0.061285
-76.08333,11.083336,0.060072
-76.08333,11.166672,0.059502
-76.08333,11.25,0.059492
-76.08333,11.333336,0.060666
-76.08333,11.416672,0.062436
-76.08333,11.5,0.065198
-76.08333,11.583336,0.069355
-76.08333,11.666672,0.070697
-76.08333,11.75,0.070235
-76.08333,11.833336,0.071832
-76.08333,11.916672,0.074568
-76.08333,12.0,0.083008
-76.08333,12.083336,0.09668
-76.08333,12.166672,0.111874
-76.08333,12.25,0.126115
-76.08333,12.333336,0.141174
-76.08333,12.416672,0.155088
-76.0,-4.25,0.0
-76.0,-4.166664,0.0
-76.0,-4.0833282,0.0
-76.0,-4.0,0.0
-76.0,-3.9166641,0.0
-76.0,-3.8333282,0.0
-76.0,-3.75,0.0
-76.0,-3.6666641,0.0
-76.0,-3.5833282,0.0
-76.0,-3.5,0.0
-76.0,-3.4166641,0.0
-76.0,-3.3333282,0.0
-76.0,-3.25,0.0
-76.0,-3.1666641,0.0
-76.0,-3.0833282,0.0
-76.0,-3.0,0.0
-76.0,-2.9166641,0.0
-76.0,-2.8333282,0.0
-76.0,-2.75,0.0
-76.0,-2.6666641,0.0
-76.0,-2.5833282,0.0
-76.0,-2.5,0.0
-76.0,-2.4166641,0.0
-76.0,-2.3333282,0.0
-76.0,-2.25,0.0
-76.0,-2.1666641,0.0
-76.0,-2.0833282,0.0
-76.0,-2.0,0.0
-76.0,-1.9166641,0.0
-76.0,-1.8333282,0.0
-76.0,-1.75,0.0
-76.0,-1.6666641,0.0
-76.0,-1.5833282,0.0
-76.0,-1.5,0.0
-76.0,-1.4166641,0.0
-76.0,-1.3333282,0.0
-76.0,-1.25,0.0
-76.0,-1.1666641,0.0
-76.0,-1.0833282,0.0
-76.0,-1.0,0.0
-76.0,-0.9166641,0.0
-76.0,-0.83332825,0.0
-76.0,-0.75,0.0
-76.0,-0.6666641,0.0
-76.0,-0.58332825,0.0
-76.0,-0.5,0.0
-76.0,-0.41666412,0.0
-76.0,-0.33332825,0.0
-76.0,-0.25,0.0
-76.0,-0.16666412,0.0
-76.0,-0.08332825,0.0
-76.0,0.0,0.0
-76.0,0.08333588,0.0
-76.0,0.16667175,0.0
-76.0,0.25,0.0
-76.0,0.33333588,0.0
-76.0,0.41667175,0.0
-76.0,0.5,0.0
-76.0,0.5833359,0.0
-76.0,0.66667175,0.0
-76.0,0.75,0.0
-76.0,0.8333359,0.0
-76.0,0.91667175,0.0
-76.0,1.0,0.0
-76.0,1.0833359,0.0
-76.0,1.1666718,0.0
-76.0,1.25,0.0
-76.0,1.3333359,0.0
-76.0,1.4166718,0.0
-76.0,1.5,0.0
-76.0,1.5833359,0.0
-76.0,1.6666718,0.0
-76.0,1.75,0.0
-76.0,1.8333359,0.0
-76.0,1.9166718,0.0
-76.0,2.0,0.0
-76.0,2.0833359,0.0
-76.0,2.1666718,0.0
-76.0,2.25,0.0
-76.0,2.3333359,0.0
-76.0,2.4166718,0.0
-76.0,2.5,0.0
-76.0,2.5833359,0.0
-76.0,2.6666718,0.0
-76.0,2.75,0.0
-76.0,2.8333359,0.0
-76.0,2.9166718,0.0
-76.0,3.0,0.0
-76.0,3.0833359,0.0
-76.0,3.1666718,0.0
-76.0,3.25,0.0
-76.0,3.3333359,0.0
-76.0,3.4166718,0.0
-76.0,3.5,0.0
-76.0,3.5833359,0.0
-76.0,3.6666718,0.0
-76.0,3.75,0.0
-76.0,3.8333359,0.0
-76.0,3.9166718,0.0
-76.0,4.0,0.0
-76.0,4.083336,0.0
-76.0,4.1666718,0.0
-76.0,4.25,0.0
-76.0,4.333336,0.0
-76.0,4.4166718,0.0
-76.0,4.5,0.0
-76.0,4.583336,0.0
-76.0,4.6666718,0.0
-76.0,4.75,0.0
-76.0,4.833336,0.0
-76.0,4.9166718,0.0
-76.0,5.0,0.0
-76.0,5.083336,0.0
-76.0,5.1666718,0.0
-76.0,5.25,0.0
-76.0,5.333336,0.0
-76.0,5.4166718,0.0
-76.0,5.5,0.0
-76.0,5.583336,0.0
-76.0,5.6666718,0.0
-76.0,5.75,0.0
-76.0,5.833336,0.0
-76.0,5.9166718,0.0
-76.0,6.0,0.0
-76.0,6.083336,0.0
-76.0,6.1666718,0.0
-76.0,6.25,0.0
-76.0,6.333336,0.0
-76.0,6.4166718,0.0
-76.0,6.5,0.0
-76.0,6.583336,0.0
-76.0,6.6666718,0.0
-76.0,6.75,0.0
-76.0,6.833336,0.0
-76.0,6.9166718,0.0
-76.0,7.0,0.0
-76.0,7.083336,0.0
-76.0,7.1666718,0.0
-76.0,7.25,0.0
-76.0,7.333336,0.0
-76.0,7.4166718,0.0
-76.0,7.5,0.0
-76.0,7.583336,0.0
-76.0,7.6666718,0.0
-76.0,7.75,0.0
-76.0,7.833336,0.0
-76.0,7.9166718,0.0
-76.0,8.0,0.0
-76.0,8.083336,0.0
-76.0,8.166672,0.0
-76.0,8.25,0.0
-76.0,8.333336,0.0
-76.0,8.416672,0.0
-76.0,8.5,0.0
-76.0,8.583336,0.0
-76.0,8.666672,0.0
-76.0,8.75,0.0
-76.0,8.833336,0.0
-76.0,8.916672,0.0
-76.0,9.0,0.0
-76.0,9.083336,0.0
-76.0,9.166672,0.0
-76.0,9.25,0.0
-76.0,9.333336,0.0
-76.0,9.416672,0.163332
-76.0,9.5,0.157847
-76.0,9.583336,0.153877
-76.0,9.666672,0.150737
-76.0,9.75,0.147695
-76.0,9.833336,0.143242
-76.0,9.916672,0.136711
-76.0,10.0,0.129506
-76.0,10.083336,0.123167
-76.0,10.166672,0.118346
-76.0,10.25,0.113897
-76.0,10.333336,0.108617
-76.0,10.416672,0.10233
-76.0,10.5,0.095609
-76.0,10.583336,0.088948
-76.0,10.666672,0.082993
-76.0,10.75,0.078402
-76.0,10.833336,0.074429
-76.0,10.916672,0.070512
-76.0,11.0,0.067534
-76.0,11.083336,0.065389
-76.0,11.166672,0.063752
-76.0,11.25,0.062352
-76.0,11.333336,0.062586
-76.0,11.416672,0.063707
-76.0,11.5,0.065449
-76.0,11.583336,0.068952
-76.0,11.666672,0.069962
-76.0,11.75,0.069884
-76.0,11.833336,0.070859
-76.0,11.916672,0.07241
-76.0,12.0,0.080547
-76.0,12.083336,0.094678
-76.0,12.166672,0.110638
-76.0,12.25,0.125872
-76.0,12.333336,0.141896
-76.0,12.416672,0.15464
-75.916664,-4.25,0.0
-75.916664,-4.166664,0.0
-75.916664,-4.0833282,0.0
-75.916664,-4.0,0.0
-75.916664,-3.9166641,0.0
-75.916664,-3.8333282,0.0
-75.916664,-3.75,0.0
-75.916664,-3.6666641,0.0
-75.916664,-3.5833282,0.0
-75.916664,-3.5,0.0
-75.916664,-3.4166641,0.0
-75.916664,-3.3333282,0.0
-75.916664,-3.25,0.0
-75.916664,-3.1666641,0.0
-75.916664,-3.0833282,0.0
-75.916664,-3.0,0.0
-75.916664,-2.9166641,0.0
-75.916664,-2.8333282,0.0
-75.916664,-2.75,0.0
-75.916664,-2.6666641,0.0
-75.916664,-2.5833282,0.0
-75.916664,-2.5,0.0
-75.916664,-2.4166641,0.0
-75.916664,-2.3333282,0.0
-75.916664,-2.25,0.0
-75.916664,-2.1666641,0.0
-75.916664,-2.0833282,0.0
-75.916664,-2.0,0.0
-75.916664,-1.9166641,0.0
-75.916664,-1.8333282,0.0
-75.916664,-1.75,0.0
-75.916664,-1.6666641,0.0
-75.916664,-1.5833282,0.0
-75.916664,-1.5,0.0
-75.916664,-1.4166641,0.0
-75.916664,-1.3333282,0.0
-75.916664,-1.25,0.0
-75.916664,-1.1666641,0.0
-75.916664,-1.0833282,0.0
-75.916664,-1.0,0.0
-75.916664,-0.9166641,0.0
-75.916664,-0.83332825,0.0
-75.916664,-0.75,0.0
-75.916664,-0.6666641,0.0
-75.916664,-0.58332825,0.0
-75.916664,-0.5,0.0
-75.916664,-0.41666412,0.0
-75.916664,-0.33332825,0.0
-75.916664,-0.25,0.0
-75.916664,-0.16666412,0.0
-75.916664,-0.08332825,0.0
-75.916664,0.0,0.0
-75.916664,0.08333588,0.0
-75.916664,0.16667175,0.0
-75.916664,0.25,0.0
-75.916664,0.33333588,0.0
-75.916664,0.41667175,0.0
-75.916664,0.5,0.0
-75.916664,0.5833359,0.0
-75.916664,0.66667175,0.0
-75.916664,0.75,0.0
-75.916664,0.8333359,0.0
-75.916664,0.91667175,0.0
-75.916664,1.0,0.0
-75.916664,1.0833359,0.0
-75.916664,1.1666718,0.0
-75.916664,1.25,0.0
-75.916664,1.3333359,0.0
-75.916664,1.4166718,0.0
-75.916664,1.5,0.0
-75.916664,1.5833359,0.0
-75.916664,1.6666718,0.0
-75.916664,1.75,0.0
-75.916664,1.8333359,0.0
-75.916664,1.9166718,0.0
-75.916664,2.0,0.0
-75.916664,2.0833359,0.0
-75.916664,2.1666718,0.0
-75.916664,2.25,0.0
-75.916664,2.3333359,0.0
-75.916664,2.4166718,0.0
-75.916664,2.5,0.0
-75.916664,2.5833359,0.0
-75.916664,2.6666718,0.0
-75.916664,2.75,0.0
-75.916664,2.8333359,0.0
-75.916664,2.9166718,0.0
-75.916664,3.0,0.0
-75.916664,3.0833359,0.0
-75.916664,3.1666718,0.0
-75.916664,3.25,0.0
-75.916664,3.3333359,0.0
-75.916664,3.4166718,0.0
-75.916664,3.5,0.0
-75.916664,3.5833359,0.0
-75.916664,3.6666718,0.0
-75.916664,3.75,0.0
-75.916664,3.8333359,0.0
-75.916664,3.9166718,0.0
-75.916664,4.0,0.0
-75.916664,4.083336,0.0
-75.916664,4.1666718,0.0
-75.916664,4.25,0.0
-75.916664,4.333336,0.0
-75.916664,4.4166718,0.0
-75.916664,4.5,0.0
-75.916664,4.583336,0.0
-75.916664,4.6666718,0.0
-75.916664,4.75,0.0
-75.916664,4.833336,0.0
-75.916664,4.9166718,0.0
-75.916664,5.0,0.0
-75.916664,5.083336,0.0
-75.916664,5.1666718,0.0
-75.916664,5.25,0.0
-75.916664,5.333336,0.0
-75.916664,5.4166718,0.0
-75.916664,5.5,0.0
-75.916664,5.583336,0.0
-75.916664,5.6666718,0.0
-75.916664,5.75,0.0
-75.916664,5.833336,0.0
-75.916664,5.9166718,0.0
-75.916664,6.0,0.0
-75.916664,6.083336,0.0
-75.916664,6.1666718,0.0
-75.916664,6.25,0.0
-75.916664,6.333336,0.0
-75.916664,6.4166718,0.0
-75.916664,6.5,0.0
-75.916664,6.583336,0.0
-75.916664,6.6666718,0.0
-75.916664,6.75,0.0
-75.916664,6.833336,0.0
-75.916664,6.9166718,0.0
-75.916664,7.0,0.0
-75.916664,7.083336,0.0
-75.916664,7.1666718,0.0
-75.916664,7.25,0.0
-75.916664,7.333336,0.0
-75.916664,7.4166718,0.0
-75.916664,7.5,0.0
-75.916664,7.583336,0.0
-75.916664,7.6666718,0.0
-75.916664,7.75,0.0
-75.916664,7.833336,0.0
-75.916664,7.9166718,0.0
-75.916664,8.0,0.0
-75.916664,8.083336,0.0
-75.916664,8.166672,0.0
-75.916664,8.25,0.0
-75.916664,8.333336,0.0
-75.916664,8.416672,0.0
-75.916664,8.5,0.0
-75.916664,8.583336,0.0
-75.916664,8.666672,0.0
-75.916664,8.75,0.0
-75.916664,8.833336,0.0
-75.916664,8.916672,0.0
-75.916664,9.0,0.0
-75.916664,9.083336,0.0
-75.916664,9.166672,0.0
-75.916664,9.25,0.0
-75.916664,9.333336,0.0
-75.916664,9.416672,0.160898
-75.916664,9.5,0.158434
-75.916664,9.583336,0.155569
-75.916664,9.666672,0.152964
-75.916664,9.75,0.150194
-75.916664,9.833336,0.14668
-75.916664,9.916672,0.141711
-75.916664,10.0,0.135403
-75.916664,10.083336,0.12867
-75.916664,10.166672,0.123332
-75.916664,10.25,0.118797
-75.916664,10.333336,0.114126
-75.916664,10.416672,0.108935
-75.916664,10.5,0.10302
-75.916664,10.583336,0.096807
-75.916664,10.666672,0.090951
-75.916664,10.75,0.085318
-75.916664,10.833336,0.079958
-75.916664,10.916672,0.075483
-75.916664,11.0,0.071912
-75.916664,11.083336,0.069007
-75.916664,11.166672,0.066834
-75.916664,11.25,0.064974
-75.916664,11.333336,0.064585
-75.916664,11.416672,0.065126
-75.916664,11.5,0.066172
-75.916664,11.583336,0.068748
-75.916664,11.666672,0.069285
-75.916664,11.75,0.069617
-75.916664,11.833336,0.069096
-75.916664,11.916672,0.06975
-75.916664,12.0,0.078212
-75.916664,12.083336,0.092951
-75.916664,12.166672,0.109601
-75.916664,12.25,0.12553
-75.916664,12.333336,0.141255
-75.916664,12.416672,0.15329
-75.83333,-4.25,0.0
-75.83333,-4.166664,0.0
-75.83333,-4.0833282,0.0
-75.83333,-4.0,0.0
-75.83333,-3.9166641,0.0
-75.83333,-3.8333282,0.0
-75.83333,-3.75,0.0
-75.83333,-3.6666641,0.0
-75.83333,-3.5833282,0.0
-75.83333,-3.5,0.0
-75.83333,-3.4166641,0.0
-75.83333,-3.3333282,0.0
-75.83333,-3.25,0.0
-75.83333,-3.1666641,0.0
-75.83333,-3.0833282,0.0
-75.83333,-3.0,0.0
-75.83333,-2.9166641,0.0
-75.83333,-2.8333282,0.0
-75.83333,-2.75,0.0
-75.83333,-2.6666641,0.0
-75.83333,-2.5833282,0.0
-75.83333,-2.5,0.0
-75.83333,-2.4166641,0.0
-75.83333,-2.3333282,0.0
-75.83333,-2.25,0.0
-75.83333,-2.1666641,0.0
-75.83333,-2.0833282,0.0
-75.83333,-2.0,0.0
-75.83333,-1.9166641,0.0
-75.83333,-1.8333282,0.0
-75.83333,-1.75,0.0
-75.83333,-1.6666641,0.0
-75.83333,-1.5833282,0.0
-75.83333,-1.5,0.0
-75.83333,-1.4166641,0.0
-75.83333,-1.3333282,0.0
-75.83333,-1.25,0.0
-75.83333,-1.1666641,0.0
-75.83333,-1.0833282,0.0
-75.83333,-1.0,0.0
-75.83333,-0.9166641,0.0
-75.83333,-0.83332825,0.0
-75.83333,-0.75,0.0
-75.83333,-0.6666641,0.0
-75.83333,-0.58332825,0.0
-75.83333,-0.5,0.0
-75.83333,-0.41666412,0.0
-75.83333,-0.33332825,0.0
-75.83333,-0.25,0.0
-75.83333,-0.16666412,0.0
-75.83333,-0.08332825,0.0
-75.83333,0.0,0.0
-75.83333,0.08333588,0.0
-75.83333,0.16667175,0.0
-75.83333,0.25,0.0
-75.83333,0.33333588,0.0
-75.83333,0.41667175,0.0
-75.83333,0.5,0.0
-75.83333,0.5833359,0.0
-75.83333,0.66667175,0.0
-75.83333,0.75,0.0
-75.83333,0.8333359,0.0
-75.83333,0.91667175,0.0
-75.83333,1.0,0.0
-75.83333,1.0833359,0.0
-75.83333,1.1666718,0.0
-75.83333,1.25,0.0
-75.83333,1.3333359,0.0
-75.83333,1.4166718,0.0
-75.83333,1.5,0.0
-75.83333,1.5833359,0.0
-75.83333,1.6666718,0.0
-75.83333,1.75,0.0
-75.83333,1.8333359,0.0
-75.83333,1.9166718,0.0
-75.83333,2.0,0.0
-75.83333,2.0833359,0.0
-75.83333,2.1666718,0.0
-75.83333,2.25,0.0
-75.83333,2.3333359,0.0
-75.83333,2.4166718,0.0
-75.83333,2.5,0.0
-75.83333,2.5833359,0.0
-75.83333,2.6666718,0.0
-75.83333,2.75,0.0
-75.83333,2.8333359,0.0
-75.83333,2.9166718,0.0
-75.83333,3.0,0.0
-75.83333,3.0833359,0.0
-75.83333,3.1666718,0.0
-75.83333,3.25,0.0
-75.83333,3.3333359,0.0
-75.83333,3.4166718,0.0
-75.83333,3.5,0.0
-75.83333,3.5833359,0.0
-75.83333,3.6666718,0.0
-75.83333,3.75,0.0
-75.83333,3.8333359,0.0
-75.83333,3.9166718,0.0
-75.83333,4.0,0.0
-75.83333,4.083336,0.0
-75.83333,4.1666718,0.0
-75.83333,4.25,0.0
-75.83333,4.333336,0.0
-75.83333,4.4166718,0.0
-75.83333,4.5,0.0
-75.83333,4.583336,0.0
-75.83333,4.6666718,0.0
-75.83333,4.75,0.0
-75.83333,4.833336,0.0
-75.83333,4.9166718,0.0
-75.83333,5.0,0.0
-75.83333,5.083336,0.0
-75.83333,5.1666718,0.0
-75.83333,5.25,0.0
-75.83333,5.333336,0.0
-75.83333,5.4166718,0.0
-75.83333,5.5,0.0
-75.83333,5.583336,0.0
-75.83333,5.6666718,0.0
-75.83333,5.75,0.0
-75.83333,5.833336,0.0
-75.83333,5.9166718,0.0
-75.83333,6.0,0.0
-75.83333,6.083336,0.0
-75.83333,6.1666718,0.0
-75.83333,6.25,0.0
-75.83333,6.333336,0.0
-75.83333,6.4166718,0.0
-75.83333,6.5,0.0
-75.83333,6.583336,0.0
-75.83333,6.6666718,0.0
-75.83333,6.75,0.0
-75.83333,6.833336,0.0
-75.83333,6.9166718,0.0
-75.83333,7.0,0.0
-75.83333,7.083336,0.0
-75.83333,7.1666718,0.0
-75.83333,7.25,0.0
-75.83333,7.333336,0.0
-75.83333,7.4166718,0.0
-75.83333,7.5,0.0
-75.83333,7.583336,0.0
-75.83333,7.6666718,0.0
-75.83333,7.75,0.0
-75.83333,7.833336,0.0
-75.83333,7.9166718,0.0
-75.83333,8.0,0.0
-75.83333,8.083336,0.0
-75.83333,8.166672,0.0
-75.83333,8.25,0.0
-75.83333,8.333336,0.0
-75.83333,8.416672,0.0
-75.83333,8.5,0.0
-75.83333,8.583336,0.0
-75.83333,8.666672,0.0
-75.83333,8.75,0.0
-75.83333,8.833336,0.0
-75.83333,8.916672,0.0
-75.83333,9.0,0.0
-75.83333,9.083336,0.0
-75.83333,9.166672,0.0
-75.83333,9.25,0.0
-75.83333,9.333336,0.0
-75.83333,9.416672,0.159749
-75.83333,9.5,0.158588
-75.83333,9.583336,0.156571
-75.83333,9.666672,0.154312
-75.83333,9.75,0.151563
-75.83333,9.833336,0.148724
-75.83333,9.916672,0.145098
-75.83333,10.0,0.140479
-75.83333,10.083336,0.134733
-75.83333,10.166672,0.12852
-75.83333,10.25,0.123408
-75.83333,10.333336,0.118883
-75.83333,10.416672,0.113949
-75.83333,10.5,0.108394
-75.83333,10.583336,0.102364
-75.83333,10.666672,0.096365
-75.83333,10.75,0.090365
-75.83333,10.833336,0.084411
-75.83333,10.916672,0.079362
-75.83333,11.0,0.075052
-75.83333,11.083336,0.071413
-75.83333,11.166672,0.068913
-75.83333,11.25,0.067176
-75.83333,11.333336,0.066272
-75.83333,11.416672,0.065995
-75.83333,11.5,0.066619
-75.83333,11.583336,0.068595
-75.83333,11.666672,0.068388
-75.83333,11.75,0.068297
-75.83333,11.833336,0.066151
-75.83333,11.916672,0.066491
-75.83333,12.0,0.075741
-75.83333,12.083336,0.091025
-75.83333,12.166672,0.107952
-75.83333,12.25,0.124807
-75.83333,12.333336,0.139699
-75.83333,12.416672,0.149676
-75.75,-4.25,0.0
-75.75,-4.166664,0.0
-75.75,-4.0833282,0.0
-75.75,-4.0,0.0
-75.75,-3.9166641,0.0
-75.75,-3.8333282,0.0
-75.75,-3.75,0.0
-75.75,-3.6666641,0.0
-75.75,-3.5833282,0.0
-75.75,-3.5,0.0
-75.75,-3.4166641,0.0
-75.75,-3.3333282,0.0
-75.75,-3.25,0.0
-75.75,-3.1666641,0.0
-75.75,-3.0833282,0.0
-75.75,-3.0,0.0
-75.75,-2.9166641,0.0
-75.75,-2.8333282,0.0
-75.75,-2.75,0.0
-75.75,-2.6666641,0.0
-75.75,-2.5833282,0.0
-75.75,-2.5,0.0
-75.75,-2.4166641,0.0
-75.75,-2.3333282,0.0
-75.75,-2.25,0.0
-75.75,-2.1666641,0.0
-75.75,-2.0833282,0.0
-75.75,-2.0,0.0
-75.75,-1.9166641,0.0
-75.75,-1.8333282,0.0
-75.75,-1.75,0.0
-75.75,-1.6666641,0.0
-75.75,-1.5833282,0.0
-75.75,-1.5,0.0
-75.75,-1.4166641,0.0
-75.75,-1.3333282,0.0
-75.75,-1.25,0.0
-75.75,-1.1666641,0.0
-75.75,-1.0833282,0.0
-75.75,-1.0,0.0
-75.75,-0.9166641,0.0
-75.75,-0.83332825,0.0
-75.75,-0.75,0.0
-75.75,-0.6666641,0.0
-75.75,-0.58332825,0.0
-75.75,-0.5,0.0
-75.75,-0.41666412,0.0
-75.75,-0.33332825,0.0
-75.75,-0.25,0.0
-75.75,-0.16666412,0.0
-75.75,-0.08332825,0.0
-75.75,0.0,0.0
-75.75,0.08333588,0.0
-75.75,0.16667175,0.0
-75.75,0.25,0.0
-75.75,0.33333588,0.0
-75.75,0.41667175,0.0
-75.75,0.5,0.0
-75.75,0.5833359,0.0
-75.75,0.66667175,0.0
-75.75,0.75,0.0
-75.75,0.8333359,0.0
-75.75,0.91667175,0.0
-75.75,1.0,0.0
-75.75,1.0833359,0.0
-75.75,1.1666718,0.0
-75.75,1.25,0.0
-75.75,1.3333359,0.0
-75.75,1.4166718,0.0
-75.75,1.5,0.0
-75.75,1.5833359,0.0
-75.75,1.6666718,0.0
-75.75,1.75,0.0
-75.75,1.8333359,0.0
-75.75,1.9166718,0.0
-75.75,2.0,0.0
-75.75,2.0833359,0.0
-75.75,2.1666718,0.0
-75.75,2.25,0.0
-75.75,2.3333359,0.0
-75.75,2.4166718,0.0
-75.75,2.5,0.0
-75.75,2.5833359,0.0
-75.75,2.6666718,0.0
-75.75,2.75,0.0
-75.75,2.8333359,0.0
-75.75,2.9166718,0.0
-75.75,3.0,0.0
-75.75,3.0833359,0.0
-75.75,3.1666718,0.0
-75.75,3.25,0.0
-75.75,3.3333359,0.0
-75.75,3.4166718,0.0
-75.75,3.5,0.0
-75.75,3.5833359,0.0
-75.75,3.6666718,0.0
-75.75,3.75,0.0
-75.75,3.8333359,0.0
-75.75,3.9166718,0.0
-75.75,4.0,0.0
-75.75,4.083336,0.0
-75.75,4.1666718,0.0
-75.75,4.25,0.0
-75.75,4.333336,0.0
-75.75,4.4166718,0.0
-75.75,4.5,0.0
-75.75,4.583336,0.0
-75.75,4.6666718,0.0
-75.75,4.75,0.0
-75.75,4.833336,0.0
-75.75,4.9166718,0.0
-75.75,5.0,0.0
-75.75,5.083336,0.0
-75.75,5.1666718,0.0
-75.75,5.25,0.0
-75.75,5.333336,0.0
-75.75,5.4166718,0.0
-75.75,5.5,0.0
-75.75,5.583336,0.0
-75.75,5.6666718,0.0
-75.75,5.75,0.0
-75.75,5.833336,0.0
-75.75,5.9166718,0.0
-75.75,6.0,0.0
-75.75,6.083336,0.0
-75.75,6.1666718,0.0
-75.75,6.25,0.0
-75.75,6.333336,0.0
-75.75,6.4166718,0.0
-75.75,6.5,0.0
-75.75,6.583336,0.0
-75.75,6.6666718,0.0
-75.75,6.75,0.0
-75.75,6.833336,0.0
-75.75,6.9166718,0.0
-75.75,7.0,0.0
-75.75,7.083336,0.0
-75.75,7.1666718,0.0
-75.75,7.25,0.0
-75.75,7.333336,0.0
-75.75,7.4166718,0.0
-75.75,7.5,0.0
-75.75,7.583336,0.0
-75.75,7.6666718,0.0
-75.75,7.75,0.0
-75.75,7.833336,0.0
-75.75,7.9166718,0.0
-75.75,8.0,0.0
-75.75,8.083336,0.0
-75.75,8.166672,0.0
-75.75,8.25,0.0
-75.75,8.333336,0.0
-75.75,8.416672,0.0
-75.75,8.5,0.0
-75.75,8.583336,0.0
-75.75,8.666672,0.0
-75.75,8.75,0.0
-75.75,8.833336,0.0
-75.75,8.916672,0.0
-75.75,9.0,0.0
-75.75,9.083336,0.0
-75.75,9.166672,0.0
-75.75,9.25,0.0
-75.75,9.333336,0.0
-75.75,9.416672,0.16107
-75.75,9.5,0.159832
-75.75,9.583336,0.157878
-75.75,9.666672,0.15592
-75.75,9.75,0.153434
-75.75,9.833336,0.150496
-75.75,9.916672,0.147556
-75.75,10.0,0.143866
-75.75,10.083336,0.137657
-75.75,10.166672,0.13192
-75.75,10.25,0.127571
-75.75,10.333336,0.123481
-75.75,10.416672,0.118109
-75.75,10.5,0.112149
-75.75,10.583336,0.106019
-75.75,10.666672,0.099809
-75.75,10.75,0.09351
-75.75,10.833336,0.08726
-75.75,10.916672,0.081781
-75.75,11.0,0.077147
-75.75,11.083336,0.072894
-75.75,11.166672,0.070219
-75.75,11.25,0.068399
-75.75,11.333336,0.067122
-75.75,11.416672,0.066103
-75.75,11.5,0.066738
-75.75,11.583336,0.068489
-75.75,11.666672,0.067229
-75.75,11.75,0.065576
-75.75,11.833336,0.061946
-75.75,11.916672,0.063166
-75.75,12.0,0.073223
-75.75,12.083336,0.088586
-75.75,12.166672,0.105277
-75.75,12.25,0.122152
-75.75,12.333336,0.136298
-75.75,12.416672,0.145204
-75.666664,-4.25,0.0
-75.666664,-4.166664,0.0
-75.666664,-4.0833282,0.0
-75.666664,-4.0,0.0
-75.666664,-3.9166641,0.0
-75.666664,-3.8333282,0.0
-75.666664,-3.75,0.0
-75.666664,-3.6666641,0.0
-75.666664,-3.5833282,0.0
-75.666664,-3.5,0.0
-75.666664,-3.4166641,0.0
-75.666664,-3.3333282,0.0
-75.666664,-3.25,0.0
-75.666664,-3.1666641,0.0
-75.666664,-3.0833282,0.0
-75.666664,-3.0,0.0
-75.666664,-2.9166641,0.0
-75.666664,-2.8333282,0.0
-75.666664,-2.75,0.0
-75.666664,-2.6666641,0.0
-75.666664,-2.5833282,0.0
-75.666664,-2.5,0.0
-75.666664,-2.4166641,0.0
-75.666664,-2.3333282,0.0
-75.666664,-2.25,0.0
-75.666664,-2.1666641,0.0
-75.666664,-2.0833282,0.0
-75.666664,-2.0,0.0
-75.666664,-1.9166641,0.0
-75.666664,-1.8333282,0.0
-75.666664,-1.75,0.0
-75.666664,-1.6666641,0.0
-75.666664,-1.5833282,0.0
-75.666664,-1.5,0.0
-75.666664,-1.4166641,0.0
-75.666664,-1.3333282,0.0
-75.666664,-1.25,0.0
-75.666664,-1.1666641,0.0
-75.666664,-1.0833282,0.0
-75.666664,-1.0,0.0
-75.666664,-0.9166641,0.0
-75.666664,-0.83332825,0.0
-75.666664,-0.75,0.0
-75.666664,-0.6666641,0.0
-75.666664,-0.58332825,0.0
-75.666664,-0.5,0.0
-75.666664,-0.41666412,0.0
-75.666664,-0.33332825,0.0
-75.666664,-0.25,0.0
-75.666664,-0.16666412,0.0
-75.666664,-0.08332825,0.0
-75.666664,0.0,0.0
-75.666664,0.08333588,0.0
-75.666664,0.16667175,0.0
-75.666664,0.25,0.0
-75.666664,0.33333588,0.0
-75.666664,0.41667175,0.0
-75.666664,0.5,0.0
-75.666664,0.5833359,0.0
-75.666664,0.66667175,0.0
-75.666664,0.75,0.0
-75.666664,0.8333359,0.0
-75.666664,0.91667175,0.0
-75.666664,1.0,0.0
-75.666664,1.0833359,0.0
-75.666664,1.1666718,0.0
-75.666664,1.25,0.0
-75.666664,1.3333359,0.0
-75.666664,1.4166718,0.0
-75.666664,1.5,0.0
-75.666664,1.5833359,0.0
-75.666664,1.6666718,0.0
-75.666664,1.75,0.0
-75.666664,1.8333359,0.0
-75.666664,1.9166718,0.0
-75.666664,2.0,0.0
-75.666664,2.0833359,0.0
-75.666664,2.1666718,0.0
-75.666664,2.25,0.0
-75.666664,2.3333359,0.0
-75.666664,2.4166718,0.0
-75.666664,2.5,0.0
-75.666664,2.5833359,0.0
-75.666664,2.6666718,0.0
-75.666664,2.75,0.0
-75.666664,2.8333359,0.0
-75.666664,2.9166718,0.0
-75.666664,3.0,0.0
-75.666664,3.0833359,0.0
-75.666664,3.1666718,0.0
-75.666664,3.25,0.0
-75.666664,3.3333359,0.0
-75.666664,3.4166718,0.0
-75.666664,3.5,0.0
-75.666664,3.5833359,0.0
-75.666664,3.6666718,0.0
-75.666664,3.75,0.0
-75.666664,3.8333359,0.0
-75.666664,3.9166718,0.0
-75.666664,4.0,0.0
-75.666664,4.083336,0.0
-75.666664,4.1666718,0.0
-75.666664,4.25,0.0
-75.666664,4.333336,0.0
-75.666664,4.4166718,0.0
-75.666664,4.5,0.0
-75.666664,4.583336,0.0
-75.666664,4.6666718,0.0
-75.666664,4.75,0.0
-75.666664,4.833336,0.0
-75.666664,4.9166718,0.0
-75.666664,5.0,0.0
-75.666664,5.083336,0.0
-75.666664,5.1666718,0.0
-75.666664,5.25,0.0
-75.666664,5.333336,0.0
-75.666664,5.4166718,0.0
-75.666664,5.5,0.0
-75.666664,5.583336,0.0
-75.666664,5.6666718,0.0
-75.666664,5.75,0.0
-75.666664,5.833336,0.0
-75.666664,5.9166718,0.0
-75.666664,6.0,0.0
-75.666664,6.083336,0.0
-75.666664,6.1666718,0.0
-75.666664,6.25,0.0
-75.666664,6.333336,0.0
-75.666664,6.4166718,0.0
-75.666664,6.5,0.0
-75.666664,6.583336,0.0
-75.666664,6.6666718,0.0
-75.666664,6.75,0.0
-75.666664,6.833336,0.0
-75.666664,6.9166718,0.0
-75.666664,7.0,0.0
-75.666664,7.083336,0.0
-75.666664,7.1666718,0.0
-75.666664,7.25,0.0
-75.666664,7.333336,0.0
-75.666664,7.4166718,0.0
-75.666664,7.5,0.0
-75.666664,7.583336,0.0
-75.666664,7.6666718,0.0
-75.666664,7.75,0.0
-75.666664,7.833336,0.0
-75.666664,7.9166718,0.0
-75.666664,8.0,0.0
-75.666664,8.083336,0.0
-75.666664,8.166672,0.0
-75.666664,8.25,0.0
-75.666664,8.333336,0.0
-75.666664,8.416672,0.0
-75.666664,8.5,0.0
-75.666664,8.583336,0.0
-75.666664,8.666672,0.0
-75.666664,8.75,0.0
-75.666664,8.833336,0.0
-75.666664,8.916672,0.0
-75.666664,9.0,0.0
-75.666664,9.083336,0.0
-75.666664,9.166672,0.0
-75.666664,9.25,0.0
-75.666664,9.333336,0.0
-75.666664,9.416672,0.162664
-75.666664,9.5,0.161979
-75.666664,9.583336,0.160554
-75.666664,9.666672,0.159462
-75.666664,9.75,0.156922
-75.666664,9.833336,0.15292
-75.666664,9.916672,0.149648
-75.666664,10.0,0.145971
-75.666664,10.083336,0.142817
-75.666664,10.166672,0.139044
-75.666664,10.25,0.134633
-75.666664,10.333336,0.13025
-75.666664,10.416672,0.123749
-75.666664,10.5,0.115875
-75.666664,10.583336,0.109268
-75.666664,10.666672,0.103316
-75.666664,10.75,0.096444
-75.666664,10.833336,0.089735
-75.666664,10.916672,0.083463
-75.666664,11.0,0.077959
-75.666664,11.083336,0.073449
-75.666664,11.166672,0.070735
-75.666664,11.25,0.068844
-75.666664,11.333336,0.067271
-75.666664,11.416672,0.06636
-75.666664,11.5,0.067214
-75.666664,11.583336,0.068294
-75.666664,11.666672,0.065863
-75.666664,11.75,0.06217
-75.666664,11.833336,0.057843
-75.666664,11.916672,0.060423
-75.666664,12.0,0.070838
-75.666664,12.083336,0.085889
-75.666664,12.166672,0.101796
-75.666664,12.25,0.116791
-75.666664,12.333336,0.131372
-75.666664,12.416672,0.141151
-75.58333,-4.25,0.0
-75.58333,-4.166664,0.0
-75.58333,-4.0833282,0.0
-75.58333,-4.0,0.0
-75.58333,-3.9166641,0.0
-75.58333,-3.8333282,0.0
-75.58333,-3.75,0.0
-75.58333,-3.6666641,0.0
-75.58333,-3.5833282,0.0
-75.58333,-3.5,0.0
-75.58333,-3.4166641,0.0
-75.58333,-3.3333282,0.0
-75.58333,-3.25,0.0
-75.58333,-3.1666641,0.0
-75.58333,-3.0833282,0.0
-75.58333,-3.0,0.0
-75.58333,-2.9166641,0.0
-75.58333,-2.8333282,0.0
-75.58333,-2.75,0.0
-75.58333,-2.6666641,0.0
-75.58333,-2.5833282,0.0
-75.58333,-2.5,0.0
-75.58333,-2.4166641,0.0
-75.58333,-2.3333282,0.0
-75.58333,-2.25,0.0
-75.58333,-2.1666641,0.0
-75.58333,-2.0833282,0.0
-75.58333,-2.0,0.0
-75.58333,-1.9166641,0.0
-75.58333,-1.8333282,0.0
-75.58333,-1.75,0.0
-75.58333,-1.6666641,0.0
-75.58333,-1.5833282,0.0
-75.58333,-1.5,0.0
-75.58333,-1.4166641,0.0
-75.58333,-1.3333282,0.0
-75.58333,-1.25,0.0
-75.58333,-1.1666641,0.0
-75.58333,-1.0833282,0.0
-75.58333,-1.0,0.0
-75.58333,-0.9166641,0.0
-75.58333,-0.83332825,0.0
-75.58333,-0.75,0.0
-75.58333,-0.6666641,0.0
-75.58333,-0.58332825,0.0
-75.58333,-0.5,0.0
-75.58333,-0.41666412,0.0
-75.58333,-0.33332825,0.0
-75.58333,-0.25,0.0
-75.58333,-0.16666412,0.0
-75.58333,-0.08332825,0.0
-75.58333,0.0,0.0
-75.58333,0.08333588,0.0
-75.58333,0.16667175,0.0
-75.58333,0.25,0.0
-75.58333,0.33333588,0.0
-75.58333,0.41667175,0.0
-75.58333,0.5,0.0
-75.58333,0.5833359,0.0
-75.58333,0.66667175,0.0
-75.58333,0.75,0.0
-75.58333,0.8333359,0.0
-75.58333,0.91667175,0.0
-75.58333,1.0,0.0
-75.58333,1.0833359,0.0
-75.58333,1.1666718,0.0
-75.58333,1.25,0.0
-75.58333,1.3333359,0.0
-75.58333,1.4166718,0.0
-75.58333,1.5,0.0
-75.58333,1.5833359,0.0
-75.58333,1.6666718,0.0
-75.58333,1.75,0.0
-75.58333,1.8333359,0.0
-75.58333,1.9166718,0.0
-75.58333,2.0,0.0
-75.58333,2.0833359,0.0
-75.58333,2.1666718,0.0
-75.58333,2.25,0.0
-75.58333,2.3333359,0.0
-75.58333,2.4166718,0.0
-75.58333,2.5,0.0
-75.58333,2.5833359,0.0
-75.58333,2.6666718,0.0
-75.58333,2.75,0.0
-75.58333,2.8333359,0.0
-75.58333,2.9166718,0.0
-75.58333,3.0,0.0
-75.58333,3.0833359,0.0
-75.58333,3.1666718,0.0
-75.58333,3.25,0.0
-75.58333,3.3333359,0.0
-75.58333,3.4166718,0.0
-75.58333,3.5,0.0
-75.58333,3.5833359,0.0
-75.58333,3.6666718,0.0
-75.58333,3.75,0.0
-75.58333,3.8333359,0.0
-75.58333,3.9166718,0.0
-75.58333,4.0,0.0
-75.58333,4.083336,0.0
-75.58333,4.1666718,0.0
-75.58333,4.25,0.0
-75.58333,4.333336,0.0
-75.58333,4.4166718,0.0
-75.58333,4.5,0.0
-75.58333,4.583336,0.0
-75.58333,4.6666718,0.0
-75.58333,4.75,0.0
-75.58333,4.833336,0.0
-75.58333,4.9166718,0.0
-75.58333,5.0,0.0
-75.58333,5.083336,0.0
-75.58333,5.1666718,0.0
-75.58333,5.25,0.0
-75.58333,5.333336,0.0
-75.58333,5.4166718,0.0
-75.58333,5.5,0.0
-75.58333,5.583336,0.0
-75.58333,5.6666718,0.0
-75.58333,5.75,0.0
-75.58333,5.833336,0.0
-75.58333,5.9166718,0.0
-75.58333,6.0,0.0
-75.58333,6.083336,0.0
-75.58333,6.1666718,0.0
-75.58333,6.25,0.0
-75.58333,6.333336,0.0
-75.58333,6.4166718,0.0
-75.58333,6.5,0.0
-75.58333,6.583336,0.0
-75.58333,6.6666718,0.0
-75.58333,6.75,0.0
-75.58333,6.833336,0.0
-75.58333,6.9166718,0.0
-75.58333,7.0,0.0
-75.58333,7.083336,0.0
-75.58333,7.1666718,0.0
-75.58333,7.25,0.0
-75.58333,7.333336,0.0
-75.58333,7.4166718,0.0
-75.58333,7.5,0.0
-75.58333,7.583336,0.0
-75.58333,7.6666718,0.0
-75.58333,7.75,0.0
-75.58333,7.833336,0.0
-75.58333,7.9166718,0.0
-75.58333,8.0,0.0
-75.58333,8.083336,0.0
-75.58333,8.166672,0.0
-75.58333,8.25,0.0
-75.58333,8.333336,0.0
-75.58333,8.416672,0.0
-75.58333,8.5,0.0
-75.58333,8.583336,0.0
-75.58333,8.666672,0.0
-75.58333,8.75,0.0
-75.58333,8.833336,0.0
-75.58333,8.916672,0.0
-75.58333,9.0,0.0
-75.58333,9.083336,0.0
-75.58333,9.166672,0.0
-75.58333,9.25,0.0
-75.58333,9.333336,0.0
-75.58333,9.416672,0.0
-75.58333,9.5,0.163753
-75.58333,9.583336,0.164374
-75.58333,9.666672,0.0
-75.58333,9.75,0.0
-75.58333,9.833336,0.0
-75.58333,9.916672,0.0
-75.58333,10.0,0.147344
-75.58333,10.083336,0.146477
-75.58333,10.166672,0.145153
-75.58333,10.25,0.0
-75.58333,10.333336,0.130327
-75.58333,10.416672,0.12609
-75.58333,10.5,0.119166
-75.58333,10.583336,0.112448
-75.58333,10.666672,0.10708
-75.58333,10.75,0.099873
-75.58333,10.833336,0.092335
-75.58333,10.916672,0.085212
-75.58333,11.0,0.079342
-75.58333,11.083336,0.073834
-75.58333,11.166672,0.070239
-75.58333,11.25,0.068873
-75.58333,11.333336,0.06772
-75.58333,11.416672,0.067022
-75.58333,11.5,0.068001
-75.58333,11.583336,0.067436
-75.58333,11.666672,0.063819
-75.58333,11.75,0.058186
-75.58333,11.833336,0.054395
-75.58333,11.916672,0.058576
-75.58333,12.0,0.068511
-75.58333,12.083336,0.083305
-75.58333,12.166672,0.098532
-75.58333,12.25,0.111823
-75.58333,12.333336,0.125711
-75.58333,12.416672,0.136442
-75.5,-4.25,0.0
-75.5,-4.166664,0.0
-75.5,-4.0833282,0.0
-75.5,-4.0,0.0
-75.5,-3.9166641,0.0
-75.5,-3.8333282,0.0
-75.5,-3.75,0.0
-75.5,-3.6666641,0.0
-75.5,-3.5833282,0.0
-75.5,-3.5,0.0
-75.5,-3.4166641,0.0
-75.5,-3.3333282,0.0
-75.5,-3.25,0.0
-75.5,-3.1666641,0.0
-75.5,-3.0833282,0.0
-75.5,-3.0,0.0
-75.5,-2.9166641,0.0
-75.5,-2.8333282,0.0
-75.5,-2.75,0.0
-75.5,-2.6666641,0.0
-75.5,-2.5833282,0.0
-75.5,-2.5,0.0
-75.5,-2.4166641,0.0
-75.5,-2.3333282,0.0
-75.5,-2.25,0.0
-75.5,-2.1666641,0.0
-75.5,-2.0833282,0.0
-75.5,-2.0,0.0
-75.5,-1.9166641,0.0
-75.5,-1.8333282,0.0
-75.5,-1.75,0.0
-75.5,-1.6666641,0.0
-75.5,-1.5833282,0.0
-75.5,-1.5,0.0
-75.5,-1.4166641,0.0
-75.5,-1.3333282,0.0
-75.5,-1.25,0.0
-75.5,-1.1666641,0.0
-75.5,-1.0833282,0.0
-75.5,-1.0,0.0
-75.5,-0.9166641,0.0
-75.5,-0.83332825,0.0
-75.5,-0.75,0.0
-75.5,-0.6666641,0.0
-75.5,-0.58332825,0.0
-75.5,-0.5,0.0
-75.5,-0.41666412,0.0
-75.5,-0.33332825,0.0
-75.5,-0.25,0.0
-75.5,-0.16666412,0.0
-75.5,-0.08332825,0.0
-75.5,0.0,0.0
-75.5,0.08333588,0.0
-75.5,0.16667175,0.0
-75.5,0.25,0.0
-75.5,0.33333588,0.0
-75.5,0.41667175,0.0
-75.5,0.5,0.0
-75.5,0.5833359,0.0
-75.5,0.66667175,0.0
-75.5,0.75,0.0
-75.5,0.8333359,0.0
-75.5,0.91667175,0.0
-75.5,1.0,0.0
-75.5,1.0833359,0.0
-75.5,1.1666718,0.0
-75.5,1.25,0.0
-75.5,1.3333359,0.0
-75.5,1.4166718,0.0
-75.5,1.5,0.0
-75.5,1.5833359,0.0
-75.5,1.6666718,0.0
-75.5,1.75,0.0
-75.5,1.8333359,0.0
-75.5,1.9166718,0.0
-75.5,2.0,0.0
-75.5,2.0833359,0.0
-75.5,2.1666718,0.0
-75.5,2.25,0.0
-75.5,2.3333359,0.0
-75.5,2.4166718,0.0
-75.5,2.5,0.0
-75.5,2.5833359,0.0
-75.5,2.6666718,0.0
-75.5,2.75,0.0
-75.5,2.8333359,0.0
-75.5,2.9166718,0.0
-75.5,3.0,0.0
-75.5,3.0833359,0.0
-75.5,3.1666718,0.0
-75.5,3.25,0.0
-75.5,3.3333359,0.0
-75.5,3.4166718,0.0
-75.5,3.5,0.0
-75.5,3.5833359,0.0
-75.5,3.6666718,0.0
-75.5,3.75,0.0
-75.5,3.8333359,0.0
-75.5,3.9166718,0.0
-75.5,4.0,0.0
-75.5,4.083336,0.0
-75.5,4.1666718,0.0
-75.5,4.25,0.0
-75.5,4.333336,0.0
-75.5,4.4166718,0.0
-75.5,4.5,0.0
-75.5,4.583336,0.0
-75.5,4.6666718,0.0
-75.5,4.75,0.0
-75.5,4.833336,0.0
-75.5,4.9166718,0.0
-75.5,5.0,0.0
-75.5,5.083336,0.0
-75.5,5.1666718,0.0
-75.5,5.25,0.0
-75.5,5.333336,0.0
-75.5,5.4166718,0.0
-75.5,5.5,0.0
-75.5,5.583336,0.0
-75.5,5.6666718,0.0
-75.5,5.75,0.0
-75.5,5.833336,0.0
-75.5,5.9166718,0.0
-75.5,6.0,0.0
-75.5,6.083336,0.0
-75.5,6.1666718,0.0
-75.5,6.25,0.0
-75.5,6.333336,0.0
-75.5,6.4166718,0.0
-75.5,6.5,0.0
-75.5,6.583336,0.0
-75.5,6.6666718,0.0
-75.5,6.75,0.0
-75.5,6.833336,0.0
-75.5,6.9166718,0.0
-75.5,7.0,0.0
-75.5,7.083336,0.0
-75.5,7.1666718,0.0
-75.5,7.25,0.0
-75.5,7.333336,0.0
-75.5,7.4166718,0.0
-75.5,7.5,0.0
-75.5,7.583336,0.0
-75.5,7.6666718,0.0
-75.5,7.75,0.0
-75.5,7.833336,0.0
-75.5,7.9166718,0.0
-75.5,8.0,0.0
-75.5,8.083336,0.0
-75.5,8.166672,0.0
-75.5,8.25,0.0
-75.5,8.333336,0.0
-75.5,8.416672,0.0
-75.5,8.5,0.0
-75.5,8.583336,0.0
-75.5,8.666672,0.0
-75.5,8.75,0.0
-75.5,8.833336,0.0
-75.5,8.916672,0.0
-75.5,9.0,0.0
-75.5,9.083336,0.0
-75.5,9.166672,0.0
-75.5,9.25,0.0
-75.5,9.333336,0.0
-75.5,9.416672,0.0
-75.5,9.5,0.0
-75.5,9.583336,0.0
-75.5,9.666672,0.0
-75.5,9.75,0.0
-75.5,9.833336,0.0
-75.5,9.916672,0.0
-75.5,10.0,0.0
-75.5,10.083336,0.0
-75.5,10.166672,0.0
-75.5,10.25,0.0
-75.5,10.333336,0.0
-75.5,10.416672,0.123075
-75.5,10.5,0.119378
-75.5,10.583336,0.11537
-75.5,10.666672,0.110291
-75.5,10.75,0.102352
-75.5,10.833336,0.092267
-75.5,10.916672,0.08563
-75.5,11.0,0.079316
-75.5,11.083336,0.073267
-75.5,11.166672,0.069974
-75.5,11.25,0.068665
-75.5,11.333336,0.068322
-75.5,11.416672,0.068175
-75.5,11.5,0.068161
-75.5,11.583336,0.064479
-75.5,11.666672,0.059995
-75.5,11.75,0.054254
-75.5,11.833336,0.0528
-75.5,11.916672,0.056262
-75.5,12.0,0.066163
-75.5,12.083336,0.080998
-75.5,12.166672,0.095549
-75.5,12.25,0.10748
-75.5,12.333336,0.120629
-75.5,12.416672,0.131118
-75.416664,-4.25,0.0
-75.416664,-4.166664,0.0
-75.416664,-4.0833282,0.0
-75.416664,-4.0,0.0
-75.416664,-3.9166641,0.0
-75.416664,-3.8333282,0.0
-75.416664,-3.75,0.0
-75.416664,-3.6666641,0.0
-75.416664,-3.5833282,0.0
-75.416664,-3.5,0.0
-75.416664,-3.4166641,0.0
-75.416664,-3.3333282,0.0
-75.416664,-3.25,0.0
-75.416664,-3.1666641,0.0
-75.416664,-3.0833282,0.0
-75.416664,-3.0,0.0
-75.416664,-2.9166641,0.0
-75.416664,-2.8333282,0.0
-75.416664,-2.75,0.0
-75.416664,-2.6666641,0.0
-75.416664,-2.5833282,0.0
-75.416664,-2.5,0.0
-75.416664,-2.4166641,0.0
-75.416664,-2.3333282,0.0
-75.416664,-2.25,0.0
-75.416664,-2.1666641,0.0
-75.416664,-2.0833282,0.0
-75.416664,-2.0,0.0
-75.416664,-1.9166641,0.0
-75.416664,-1.8333282,0.0
-75.416664,-1.75,0.0
-75.416664,-1.6666641,0.0
-75.416664,-1.5833282,0.0
-75.416664,-1.5,0.0
-75.416664,-1.4166641,0.0
-75.416664,-1.3333282,0.0
-75.416664,-1.25,0.0
-75.416664,-1.1666641,0.0
-75.416664,-1.0833282,0.0
-75.416664,-1.0,0.0
-75.416664,-0.9166641,0.0
-75.416664,-0.83332825,0.0
-75.416664,-0.75,0.0
-75.416664,-0.6666641,0.0
-75.416664,-0.58332825,0.0
-75.416664,-0.5,0.0
-75.416664,-0.41666412,0.0
-75.416664,-0.33332825,0.0
-75.416664,-0.25,0.0
-75.416664,-0.16666412,0.0
-75.416664,-0.08332825,0.0
-75.416664,0.0,0.0
-75.416664,0.08333588,0.0
-75.416664,0.16667175,0.0
-75.416664,0.25,0.0
-75.416664,0.33333588,0.0
-75.416664,0.41667175,0.0
-75.416664,0.5,0.0
-75.416664,0.5833359,0.0
-75.416664,0.66667175,0.0
-75.416664,0.75,0.0
-75.416664,0.8333359,0.0
-75.416664,0.91667175,0.0
-75.416664,1.0,0.0
-75.416664,1.0833359,0.0
-75.416664,1.1666718,0.0
-75.416664,1.25,0.0
-75.416664,1.3333359,0.0
-75.416664,1.4166718,0.0
-75.416664,1.5,0.0
-75.416664,1.5833359,0.0
-75.416664,1.6666718,0.0
-75.416664,1.75,0.0
-75.416664,1.8333359,0.0
-75.416664,1.9166718,0.0
-75.416664,2.0,0.0
-75.416664,2.0833359,0.0
-75.416664,2.1666718,0.0
-75.416664,2.25,0.0
-75.416664,2.3333359,0.0
-75.416664,2.4166718,0.0
-75.416664,2.5,0.0
-75.416664,2.5833359,0.0
-75.416664,2.6666718,0.0
-75.416664,2.75,0.0
-75.416664,2.8333359,0.0
-75.416664,2.9166718,0.0
-75.416664,3.0,0.0
-75.416664,3.0833359,0.0
-75.416664,3.1666718,0.0
-75.416664,3.25,0.0
-75.416664,3.3333359,0.0
-75.416664,3.4166718,0.0
-75.416664,3.5,0.0
-75.416664,3.5833359,0.0
-75.416664,3.6666718,0.0
-75.416664,3.75,0.0
-75.416664,3.8333359,0.0
-75.416664,3.9166718,0.0
-75.416664,4.0,0.0
-75.416664,4.083336,0.0
-75.416664,4.1666718,0.0
-75.416664,4.25,0.0
-75.416664,4.333336,0.0
-75.416664,4.4166718,0.0
-75.416664,4.5,0.0
-75.416664,4.583336,0.0
-75.416664,4.6666718,0.0
-75.416664,4.75,0.0
-75.416664,4.833336,0.0
-75.416664,4.9166718,0.0
-75.416664,5.0,0.0
-75.416664,5.083336,0.0
-75.416664,5.1666718,0.0
-75.416664,5.25,0.0
-75.416664,5.333336,0.0
-75.416664,5.4166718,0.0
-75.416664,5.5,0.0
-75.416664,5.583336,0.0
-75.416664,5.6666718,0.0
-75.416664,5.75,0.0
-75.416664,5.833336,0.0
-75.416664,5.9166718,0.0
-75.416664,6.0,0.0
-75.416664,6.083336,0.0
-75.416664,6.1666718,0.0
-75.416664,6.25,0.0
-75.416664,6.333336,0.0
-75.416664,6.4166718,0.0
-75.416664,6.5,0.0
-75.416664,6.583336,0.0
-75.416664,6.6666718,0.0
-75.416664,6.75,0.0
-75.416664,6.833336,0.0
-75.416664,6.9166718,0.0
-75.416664,7.0,0.0
-75.416664,7.083336,0.0
-75.416664,7.1666718,0.0
-75.416664,7.25,0.0
-75.416664,7.333336,0.0
-75.416664,7.4166718,0.0
-75.416664,7.5,0.0
-75.416664,7.583336,0.0
-75.416664,7.6666718,0.0
-75.416664,7.75,0.0
-75.416664,7.833336,0.0
-75.416664,7.9166718,0.0
-75.416664,8.0,0.0
-75.416664,8.083336,0.0
-75.416664,8.166672,0.0
-75.416664,8.25,0.0
-75.416664,8.333336,0.0
-75.416664,8.416672,0.0
-75.416664,8.5,0.0
-75.416664,8.583336,0.0
-75.416664,8.666672,0.0
-75.416664,8.75,0.0
-75.416664,8.833336,0.0
-75.416664,8.916672,0.0
-75.416664,9.0,0.0
-75.416664,9.083336,0.0
-75.416664,9.166672,0.0
-75.416664,9.25,0.0
-75.416664,9.333336,0.0
-75.416664,9.416672,0.0
-75.416664,9.5,0.0
-75.416664,9.583336,0.0
-75.416664,9.666672,0.0
-75.416664,9.75,0.0
-75.416664,9.833336,0.0
-75.416664,9.916672,0.0
-75.416664,10.0,0.0
-75.416664,10.083336,0.0
-75.416664,10.166672,0.0
-75.416664,10.25,0.0
-75.416664,10.333336,0.0
-75.416664,10.416672,0.0
-75.416664,10.5,0.0
-75.416664,10.583336,0.0
-75.416664,10.666672,0.11413
-75.416664,10.75,0.103008
-75.416664,10.833336,0.089234
-75.416664,10.916672,0.082252
-75.416664,11.0,0.074458
-75.416664,11.083336,0.071344
-75.416664,11.166672,0.070067
-75.416664,11.25,0.069393
-75.416664,11.333336,0.069839
-75.416664,11.416672,0.068997
-75.416664,11.5,0.065257
-75.416664,11.583336,0.057806
-75.416664,11.666672,0.05414
-75.416664,11.75,0.051605
-75.416664,11.833336,0.049939
-75.416664,11.916672,0.05331
-75.416664,12.0,0.064024
-75.416664,12.083336,0.079034
-75.416664,12.166672,0.092853
-75.416664,12.25,0.103166
-75.416664,12.333336,0.115651
-75.416664,12.416672,0.125499
-75.33333,-4.25,0.0
-75.33333,-4.166664,0.0
-75.33333,-4.0833282,0.0
-75.33333,-4.0,0.0
-75.33333,-3.9166641,0.0
-75.33333,-3.8333282,0.0
-75.33333,-3.75,0.0
-75.33333,-3.6666641,0.0
-75.33333,-3.5833282,0.0
-75.33333,-3.5,0.0
-75.33333,-3.4166641,0.0
-75.33333,-3.3333282,0.0
-75.33333,-3.25,0.0
-75.33333,-3.1666641,0.0
-75.33333,-3.0833282,0.0
-75.33333,-3.0,0.0
-75.33333,-2.9166641,0.0
-75.33333,-2.8333282,0.0
-75.33333,-2.75,0.0
-75.33333,-2.6666641,0.0
-75.33333,-2.5833282,0.0
-75.33333,-2.5,0.0
-75.33333,-2.4166641,0.0
-75.33333,-2.3333282,0.0
-75.33333,-2.25,0.0
-75.33333,-2.1666641,0.0
-75.33333,-2.0833282,0.0
-75.33333,-2.0,0.0
-75.33333,-1.9166641,0.0
-75.33333,-1.8333282,0.0
-75.33333,-1.75,0.0
-75.33333,-1.6666641,0.0
-75.33333,-1.5833282,0.0
-75.33333,-1.5,0.0
-75.33333,-1.4166641,0.0
-75.33333,-1.3333282,0.0
-75.33333,-1.25,0.0
-75.33333,-1.1666641,0.0
-75.33333,-1.0833282,0.0
-75.33333,-1.0,0.0
-75.33333,-0.9166641,0.0
-75.33333,-0.83332825,0.0
-75.33333,-0.75,0.0
-75.33333,-0.6666641,0.0
-75.33333,-0.58332825,0.0
-75.33333,-0.5,0.0
-75.33333,-0.41666412,0.0
-75.33333,-0.33332825,0.0
-75.33333,-0.25,0.0
-75.33333,-0.16666412,0.0
-75.33333,-0.08332825,0.0
-75.33333,0.0,0.0
-75.33333,0.08333588,0.0
-75.33333,0.16667175,0.0
-75.33333,0.25,0.0
-75.33333,0.33333588,0.0
-75.33333,0.41667175,0.0
-75.33333,0.5,0.0
-75.33333,0.5833359,0.0
-75.33333,0.66667175,0.0
-75.33333,0.75,0.0
-75.33333,0.8333359,0.0
-75.33333,0.91667175,0.0
-75.33333,1.0,0.0
-75.33333,1.0833359,0.0
-75.33333,1.1666718,0.0
-75.33333,1.25,0.0
-75.33333,1.3333359,0.0
-75.33333,1.4166718,0.0
-75.33333,1.5,0.0
-75.33333,1.5833359,0.0
-75.33333,1.6666718,0.0
-75.33333,1.75,0.0
-75.33333,1.8333359,0.0
-75.33333,1.9166718,0.0
-75.33333,2.0,0.0
-75.33333,2.0833359,0.0
-75.33333,2.1666718,0.0
-75.33333,2.25,0.0
-75.33333,2.3333359,0.0
-75.33333,2.4166718,0.0
-75.33333,2.5,0.0
-75.33333,2.5833359,0.0
-75.33333,2.6666718,0.0
-75.33333,2.75,0.0
-75.33333,2.8333359,0.0
-75.33333,2.9166718,0.0
-75.33333,3.0,0.0
-75.33333,3.0833359,0.0
-75.33333,3.1666718,0.0
-75.33333,3.25,0.0
-75.33333,3.3333359,0.0
-75.33333,3.4166718,0.0
-75.33333,3.5,0.0
-75.33333,3.5833359,0.0
-75.33333,3.6666718,0.0
-75.33333,3.75,0.0
-75.33333,3.8333359,0.0
-75.33333,3.9166718,0.0
-75.33333,4.0,0.0
-75.33333,4.083336,0.0
-75.33333,4.1666718,0.0
-75.33333,4.25,0.0
-75.33333,4.333336,0.0
-75.33333,4.4166718,0.0
-75.33333,4.5,0.0
-75.33333,4.583336,0.0
-75.33333,4.6666718,0.0
-75.33333,4.75,0.0
-75.33333,4.833336,0.0
-75.33333,4.9166718,0.0
-75.33333,5.0,0.0
-75.33333,5.083336,0.0
-75.33333,5.1666718,0.0
-75.33333,5.25,0.0
-75.33333,5.333336,0.0
-75.33333,5.4166718,0.0
-75.33333,5.5,0.0
-75.33333,5.583336,0.0
-75.33333,5.6666718,0.0
-75.33333,5.75,0.0
-75.33333,5.833336,0.0
-75.33333,5.9166718,0.0
-75.33333,6.0,0.0
-75.33333,6.083336,0.0
-75.33333,6.1666718,0.0
-75.33333,6.25,0.0
-75.33333,6.333336,0.0
-75.33333,6.4166718,0.0
-75.33333,6.5,0.0
-75.33333,6.583336,0.0
-75.33333,6.6666718,0.0
-75.33333,6.75,0.0
-75.33333,6.833336,0.0
-75.33333,6.9166718,0.0
-75.33333,7.0,0.0
-75.33333,7.083336,0.0
-75.33333,7.1666718,0.0
-75.33333,7.25,0.0
-75.33333,7.333336,0.0
-75.33333,7.4166718,0.0
-75.33333,7.5,0.0
-75.33333,7.583336,0.0
-75.33333,7.6666718,0.0
-75.33333,7.75,0.0
-75.33333,7.833336,0.0
-75.33333,7.9166718,0.0
-75.33333,8.0,0.0
-75.33333,8.083336,0.0
-75.33333,8.166672,0.0
-75.33333,8.25,0.0
-75.33333,8.333336,0.0
-75.33333,8.416672,0.0
-75.33333,8.5,0.0
-75.33333,8.583336,0.0
-75.33333,8.666672,0.0
-75.33333,8.75,0.0
-75.33333,8.833336,0.0
-75.33333,8.916672,0.0
-75.33333,9.0,0.0
-75.33333,9.083336,0.0
-75.33333,9.166672,0.0
-75.33333,9.25,0.0
-75.33333,9.333336,0.0
-75.33333,9.416672,0.0
-75.33333,9.5,0.0
-75.33333,9.583336,0.0
-75.33333,9.666672,0.0
-75.33333,9.75,0.0
-75.33333,9.833336,0.0
-75.33333,9.916672,0.0
-75.33333,10.0,0.0
-75.33333,10.083336,0.0
-75.33333,10.166672,0.0
-75.33333,10.25,0.0
-75.33333,10.333336,0.0
-75.33333,10.416672,0.0
-75.33333,10.5,0.0
-75.33333,10.583336,0.0
-75.33333,10.666672,0.112978
-75.33333,10.75,0.10277
-75.33333,10.833336,0.088876
-75.33333,10.916672,0.076977
-75.33333,11.0,0.07074
-75.33333,11.083336,0.072863
-75.33333,11.166672,0.075107
-75.33333,11.25,0.074357
-75.33333,11.333336,0.069298
-75.33333,11.416672,0.064047
-75.33333,11.5,0.057486
-75.33333,11.583336,0.051526
-75.33333,11.666672,0.049119
-75.33333,11.75,0.046917
-75.33333,11.833336,0.045019
-75.33333,11.916672,0.050452
-75.33333,12.0,0.062233
-75.33333,12.083336,0.077168
-75.33333,12.166672,0.090134
-75.33333,12.25,0.098694
-75.33333,12.333336,0.109305
-75.33333,12.416672,0.118692
-75.25,-4.25,0.0
-75.25,-4.166664,0.0
-75.25,-4.0833282,0.0
-75.25,-4.0,0.0
-75.25,-3.9166641,0.0
-75.25,-3.8333282,0.0
-75.25,-3.75,0.0
-75.25,-3.6666641,0.0
-75.25,-3.5833282,0.0
-75.25,-3.5,0.0
-75.25,-3.4166641,0.0
-75.25,-3.3333282,0.0
-75.25,-3.25,0.0
-75.25,-3.1666641,0.0
-75.25,-3.0833282,0.0
-75.25,-3.0,0.0
-75.25,-2.9166641,0.0
-75.25,-2.8333282,0.0
-75.25,-2.75,0.0
-75.25,-2.6666641,0.0
-75.25,-2.5833282,0.0
-75.25,-2.5,0.0
-75.25,-2.4166641,0.0
-75.25,-2.3333282,0.0
-75.25,-2.25,0.0
-75.25,-2.1666641,0.0
-75.25,-2.0833282,0.0
-75.25,-2.0,0.0
-75.25,-1.9166641,0.0
-75.25,-1.8333282,0.0
-75.25,-1.75,0.0
-75.25,-1.6666641,0.0
-75.25,-1.5833282,0.0
-75.25,-1.5,0.0
-75.25,-1.4166641,0.0
-75.25,-1.3333282,0.0
-75.25,-1.25,0.0
-75.25,-1.1666641,0.0
-75.25,-1.0833282,0.0
-75.25,-1.0,0.0
-75.25,-0.9166641,0.0
-75.25,-0.83332825,0.0
-75.25,-0.75,0.0
-75.25,-0.6666641,0.0
-75.25,-0.58332825,0.0
-75.25,-0.5,0.0
-75.25,-0.41666412,0.0
-75.25,-0.33332825,0.0
-75.25,-0.25,0.0
-75.25,-0.16666412,0.0
-75.25,-0.08332825,0.0
-75.25,0.0,0.0
-75.25,0.08333588,0.0
-75.25,0.16667175,0.0
-75.25,0.25,0.0
-75.25,0.33333588,0.0
-75.25,0.41667175,0.0
-75.25,0.5,0.0
-75.25,0.5833359,0.0
-75.25,0.66667175,0.0
-75.25,0.75,0.0
-75.25,0.8333359,0.0
-75.25,0.91667175,0.0
-75.25,1.0,0.0
-75.25,1.0833359,0.0
-75.25,1.1666718,0.0
-75.25,1.25,0.0
-75.25,1.3333359,0.0
-75.25,1.4166718,0.0
-75.25,1.5,0.0
-75.25,1.5833359,0.0
-75.25,1.6666718,0.0
-75.25,1.75,0.0
-75.25,1.8333359,0.0
-75.25,1.9166718,0.0
-75.25,2.0,0.0
-75.25,2.0833359,0.0
-75.25,2.1666718,0.0
-75.25,2.25,0.0
-75.25,2.3333359,0.0
-75.25,2.4166718,0.0
-75.25,2.5,0.0
-75.25,2.5833359,0.0
-75.25,2.6666718,0.0
-75.25,2.75,0.0
-75.25,2.8333359,0.0
-75.25,2.9166718,0.0
-75.25,3.0,0.0
-75.25,3.0833359,0.0
-75.25,3.1666718,0.0
-75.25,3.25,0.0
-75.25,3.3333359,0.0
-75.25,3.4166718,0.0
-75.25,3.5,0.0
-75.25,3.5833359,0.0
-75.25,3.6666718,0.0
-75.25,3.75,0.0
-75.25,3.8333359,0.0
-75.25,3.9166718,0.0
-75.25,4.0,0.0
-75.25,4.083336,0.0
-75.25,4.1666718,0.0
-75.25,4.25,0.0
-75.25,4.333336,0.0
-75.25,4.4166718,0.0
-75.25,4.5,0.0
-75.25,4.583336,0.0
-75.25,4.6666718,0.0
-75.25,4.75,0.0
-75.25,4.833336,0.0
-75.25,4.9166718,0.0
-75.25,5.0,0.0
-75.25,5.083336,0.0
-75.25,5.1666718,0.0
-75.25,5.25,0.0
-75.25,5.333336,0.0
-75.25,5.4166718,0.0
-75.25,5.5,0.0
-75.25,5.583336,0.0
-75.25,5.6666718,0.0
-75.25,5.75,0.0
-75.25,5.833336,0.0
-75.25,5.9166718,0.0
-75.25,6.0,0.0
-75.25,6.083336,0.0
-75.25,6.1666718,0.0
-75.25,6.25,0.0
-75.25,6.333336,0.0
-75.25,6.4166718,0.0
-75.25,6.5,0.0
-75.25,6.583336,0.0
-75.25,6.6666718,0.0
-75.25,6.75,0.0
-75.25,6.833336,0.0
-75.25,6.9166718,0.0
-75.25,7.0,0.0
-75.25,7.083336,0.0
-75.25,7.1666718,0.0
-75.25,7.25,0.0
-75.25,7.333336,0.0
-75.25,7.4166718,0.0
-75.25,7.5,0.0
-75.25,7.583336,0.0
-75.25,7.6666718,0.0
-75.25,7.75,0.0
-75.25,7.833336,0.0
-75.25,7.9166718,0.0
-75.25,8.0,0.0
-75.25,8.083336,0.0
-75.25,8.166672,0.0
-75.25,8.25,0.0
-75.25,8.333336,0.0
-75.25,8.416672,0.0
-75.25,8.5,0.0
-75.25,8.583336,0.0
-75.25,8.666672,0.0
-75.25,8.75,0.0
-75.25,8.833336,0.0
-75.25,8.916672,0.0
-75.25,9.0,0.0
-75.25,9.083336,0.0
-75.25,9.166672,0.0
-75.25,9.25,0.0
-75.25,9.333336,0.0
-75.25,9.416672,0.0
-75.25,9.5,0.0
-75.25,9.583336,0.0
-75.25,9.666672,0.0
-75.25,9.75,0.0
-75.25,9.833336,0.0
-75.25,9.916672,0.0
-75.25,10.0,0.0
-75.25,10.083336,0.0
-75.25,10.166672,0.0
-75.25,10.25,0.0
-75.25,10.333336,0.0
-75.25,10.416672,0.0
-75.25,10.5,0.0
-75.25,10.583336,0.0
-75.25,10.666672,0.0
-75.25,10.75,0.097422
-75.25,10.833336,0.084304
-75.25,10.916672,0.071343
-75.25,11.0,0.062971
-75.25,11.083336,0.064171
-75.25,11.166672,0.067204
-75.25,11.25,0.06611
-75.25,11.333336,0.060062
-75.25,11.416672,0.0544
-75.25,11.5,0.049946
-75.25,11.583336,0.046472
-75.25,11.666672,0.0449
-75.25,11.75,0.040155
-75.25,11.833336,0.039895
-75.25,11.916672,0.048157
-75.25,12.0,0.06061
-75.25,12.083336,0.075159
-75.25,12.166672,0.087167
-75.25,12.25,0.094339
-75.25,12.333336,0.102832
-75.25,12.416672,0.110973
-75.166664,-4.25,0.0
-75.166664,-4.166664,0.0
-75.166664,-4.0833282,0.0
-75.166664,-4.0,0.0
-75.166664,-3.9166641,0.0
-75.166664,-3.8333282,0.0
-75.166664,-3.75,0.0
-75.166664,-3.6666641,0.0
-75.166664,-3.5833282,0.0
-75.166664,-3.5,0.0
-75.166664,-3.4166641,0.0
-75.166664,-3.3333282,0.0
-75.166664,-3.25,0.0
-75.166664,-3.1666641,0.0
-75.166664,-3.0833282,0.0
-75.166664,-3.0,0.0
-75.166664,-2.9166641,0.0
-75.166664,-2.8333282,0.0
-75.166664,-2.75,0.0
-75.166664,-2.6666641,0.0
-75.166664,-2.5833282,0.0
-75.166664,-2.5,0.0
-75.166664,-2.4166641,0.0
-75.166664,-2.3333282,0.0
-75.166664,-2.25,0.0
-75.166664,-2.1666641,0.0
-75.166664,-2.0833282,0.0
-75.166664,-2.0,0.0
-75.166664,-1.9166641,0.0
-75.166664,-1.8333282,0.0
-75.166664,-1.75,0.0
-75.166664,-1.6666641,0.0
-75.166664,-1.5833282,0.0
-75.166664,-1.5,0.0
-75.166664,-1.4166641,0.0
-75.166664,-1.3333282,0.0
-75.166664,-1.25,0.0
-75.166664,-1.1666641,0.0
-75.166664,-1.0833282,0.0
-75.166664,-1.0,0.0
-75.166664,-0.9166641,0.0
-75.166664,-0.83332825,0.0
-75.166664,-0.75,0.0
-75.166664,-0.6666641,0.0
-75.166664,-0.58332825,0.0
-75.166664,-0.5,0.0
-75.166664,-0.41666412,0.0
-75.166664,-0.33332825,0.0
-75.166664,-0.25,0.0
-75.166664,-0.16666412,0.0
-75.166664,-0.08332825,0.0
-75.166664,0.0,0.0
-75.166664,0.08333588,0.0
-75.166664,0.16667175,0.0
-75.166664,0.25,0.0
-75.166664,0.33333588,0.0
-75.166664,0.41667175,0.0
-75.166664,0.5,0.0
-75.166664,0.5833359,0.0
-75.166664,0.66667175,0.0
-75.166664,0.75,0.0
-75.166664,0.8333359,0.0
-75.166664,0.91667175,0.0
-75.166664,1.0,0.0
-75.166664,1.0833359,0.0
-75.166664,1.1666718,0.0
-75.166664,1.25,0.0
-75.166664,1.3333359,0.0
-75.166664,1.4166718,0.0
-75.166664,1.5,0.0
-75.166664,1.5833359,0.0
-75.166664,1.6666718,0.0
-75.166664,1.75,0.0
-75.166664,1.8333359,0.0
-75.166664,1.9166718,0.0
-75.166664,2.0,0.0
-75.166664,2.0833359,0.0
-75.166664,2.1666718,0.0
-75.166664,2.25,0.0
-75.166664,2.3333359,0.0
-75.166664,2.4166718,0.0
-75.166664,2.5,0.0
-75.166664,2.5833359,0.0
-75.166664,2.6666718,0.0
-75.166664,2.75,0.0
-75.166664,2.8333359,0.0
-75.166664,2.9166718,0.0
-75.166664,3.0,0.0
-75.166664,3.0833359,0.0
-75.166664,3.1666718,0.0
-75.166664,3.25,0.0
-75.166664,3.3333359,0.0
-75.166664,3.4166718,0.0
-75.166664,3.5,0.0
-75.166664,3.5833359,0.0
-75.166664,3.6666718,0.0
-75.166664,3.75,0.0
-75.166664,3.8333359,0.0
-75.166664,3.9166718,0.0
-75.166664,4.0,0.0
-75.166664,4.083336,0.0
-75.166664,4.1666718,0.0
-75.166664,4.25,0.0
-75.166664,4.333336,0.0
-75.166664,4.4166718,0.0
-75.166664,4.5,0.0
-75.166664,4.583336,0.0
-75.166664,4.6666718,0.0
-75.166664,4.75,0.0
-75.166664,4.833336,0.0
-75.166664,4.9166718,0.0
-75.166664,5.0,0.0
-75.166664,5.083336,0.0
-75.166664,5.1666718,0.0
-75.166664,5.25,0.0
-75.166664,5.333336,0.0
-75.166664,5.4166718,0.0
-75.166664,5.5,0.0
-75.166664,5.583336,0.0
-75.166664,5.6666718,0.0
-75.166664,5.75,0.0
-75.166664,5.833336,0.0
-75.166664,5.9166718,0.0
-75.166664,6.0,0.0
-75.166664,6.083336,0.0
-75.166664,6.1666718,0.0
-75.166664,6.25,0.0
-75.166664,6.333336,0.0
-75.166664,6.4166718,0.0
-75.166664,6.5,0.0
-75.166664,6.583336,0.0
-75.166664,6.6666718,0.0
-75.166664,6.75,0.0
-75.166664,6.833336,0.0
-75.166664,6.9166718,0.0
-75.166664,7.0,0.0
-75.166664,7.083336,0.0
-75.166664,7.1666718,0.0
-75.166664,7.25,0.0
-75.166664,7.333336,0.0
-75.166664,7.4166718,0.0
-75.166664,7.5,0.0
-75.166664,7.583336,0.0
-75.166664,7.6666718,0.0
-75.166664,7.75,0.0
-75.166664,7.833336,0.0
-75.166664,7.9166718,0.0
-75.166664,8.0,0.0
-75.166664,8.083336,0.0
-75.166664,8.166672,0.0
-75.166664,8.25,0.0
-75.166664,8.333336,0.0
-75.166664,8.416672,0.0
-75.166664,8.5,0.0
-75.166664,8.583336,0.0
-75.166664,8.666672,0.0
-75.166664,8.75,0.0
-75.166664,8.833336,0.0
-75.166664,8.916672,0.0
-75.166664,9.0,0.0
-75.166664,9.083336,0.0
-75.166664,9.166672,0.0
-75.166664,9.25,0.0
-75.166664,9.333336,0.0
-75.166664,9.416672,0.0
-75.166664,9.5,0.0
-75.166664,9.583336,0.0
-75.166664,9.666672,0.0
-75.166664,9.75,0.0
-75.166664,9.833336,0.0
-75.166664,9.916672,0.0
-75.166664,10.0,0.0
-75.166664,10.083336,0.0
-75.166664,10.166672,0.0
-75.166664,10.25,0.0
-75.166664,10.333336,0.0
-75.166664,10.416672,0.0
-75.166664,10.5,0.0
-75.166664,10.583336,0.0
-75.166664,10.666672,0.0
-75.166664,10.75,0.0
-75.166664,10.833336,0.077519
-75.166664,10.916672,0.067695
-75.166664,11.0,0.056976
-75.166664,11.083336,0.057982
-75.166664,11.166672,0.060383
-75.166664,11.25,0.058844
-75.166664,11.333336,0.053506
-75.166664,11.416672,0.04958
-75.166664,11.5,0.045953
-75.166664,11.583336,0.043041
-75.166664,11.666672,0.040412
-75.166664,11.75,0.035508
-75.166664,11.833336,0.037154
-75.166664,11.916672,0.045855
-75.166664,12.0,0.059061
-75.166664,12.083336,0.072892
-75.166664,12.166672,0.083813
-75.166664,12.25,0.090157
-75.166664,12.333336,0.097134
-75.166664,12.416672,0.103922
-75.08333,-4.25,0.0
-75.08333,-4.166664,0.0
-75.08333,-4.0833282,0.0
-75.08333,-4.0,0.0
-75.08333,-3.9166641,0.0
-75.08333,-3.8333282,0.0
-75.08333,-3.75,0.0
-75.08333,-3.6666641,0.0
-75.08333,-3.5833282,0.0
-75.08333,-3.5,0.0
-75.08333,-3.4166641,0.0
-75.08333,-3.3333282,0.0
-75.08333,-3.25,0.0
-75.08333,-3.1666641,0.0
-75.08333,-3.0833282,0.0
-75.08333,-3.0,0.0
-75.08333,-2.9166641,0.0
-75.08333,-2.8333282,0.0
-75.08333,-2.75,0.0
-75.08333,-2.6666641,0.0
-75.08333,-2.5833282,0.0
-75.08333,-2.5,0.0
-75.08333,-2.4166641,0.0
-75.08333,-2.3333282,0.0
-75.08333,-2.25,0.0
-75.08333,-2.1666641,0.0
-75.08333,-2.0833282,0.0
-75.08333,-2.0,0.0
-75.08333,-1.9166641,0.0
-75.08333,-1.8333282,0.0
-75.08333,-1.75,0.0
-75.08333,-1.6666641,0.0
-75.08333,-1.5833282,0.0
-75.08333,-1.5,0.0
-75.08333,-1.4166641,0.0
-75.08333,-1.3333282,0.0
-75.08333,-1.25,0.0
-75.08333,-1.1666641,0.0
-75.08333,-1.0833282,0.0
-75.08333,-1.0,0.0
-75.08333,-0.9166641,0.0
-75.08333,-0.83332825,0.0
-75.08333,-0.75,0.0
-75.08333,-0.6666641,0.0
-75.08333,-0.58332825,0.0
-75.08333,-0.5,0.0
-75.08333,-0.41666412,0.0
-75.08333,-0.33332825,0.0
-75.08333,-0.25,0.0
-75.08333,-0.16666412,0.0
-75.08333,-0.08332825,0.0
-75.08333,0.0,0.0
-75.08333,0.08333588,0.0
-75.08333,0.16667175,0.0
-75.08333,0.25,0.0
-75.08333,0.33333588,0.0
-75.08333,0.41667175,0.0
-75.08333,0.5,0.0
-75.08333,0.5833359,0.0
-75.08333,0.66667175,0.0
-75.08333,0.75,0.0
-75.08333,0.8333359,0.0
-75.08333,0.91667175,0.0
-75.08333,1.0,0.0
-75.08333,1.0833359,0.0
-75.08333,1.1666718,0.0
-75.08333,1.25,0.0
-75.08333,1.3333359,0.0
-75.08333,1.4166718,0.0
-75.08333,1.5,0.0
-75.08333,1.5833359,0.0
-75.08333,1.6666718,0.0
-75.08333,1.75,0.0
-75.08333,1.8333359,0.0
-75.08333,1.9166718,0.0
-75.08333,2.0,0.0
-75.08333,2.0833359,0.0
-75.08333,2.1666718,0.0
-75.08333,2.25,0.0
-75.08333,2.3333359,0.0
-75.08333,2.4166718,0.0
-75.08333,2.5,0.0
-75.08333,2.5833359,0.0
-75.08333,2.6666718,0.0
-75.08333,2.75,0.0
-75.08333,2.8333359,0.0
-75.08333,2.9166718,0.0
-75.08333,3.0,0.0
-75.08333,3.0833359,0.0
-75.08333,3.1666718,0.0
-75.08333,3.25,0.0
-75.08333,3.3333359,0.0
-75.08333,3.4166718,0.0
-75.08333,3.5,0.0
-75.08333,3.5833359,0.0
-75.08333,3.6666718,0.0
-75.08333,3.75,0.0
-75.08333,3.8333359,0.0
-75.08333,3.9166718,0.0
-75.08333,4.0,0.0
-75.08333,4.083336,0.0
-75.08333,4.1666718,0.0
-75.08333,4.25,0.0
-75.08333,4.333336,0.0
-75.08333,4.4166718,0.0
-75.08333,4.5,0.0
-75.08333,4.583336,0.0
-75.08333,4.6666718,0.0
-75.08333,4.75,0.0
-75.08333,4.833336,0.0
-75.08333,4.9166718,0.0
-75.08333,5.0,0.0
-75.08333,5.083336,0.0
-75.08333,5.1666718,0.0
-75.08333,5.25,0.0
-75.08333,5.333336,0.0
-75.08333,5.4166718,0.0
-75.08333,5.5,0.0
-75.08333,5.583336,0.0
-75.08333,5.6666718,0.0
-75.08333,5.75,0.0
-75.08333,5.833336,0.0
-75.08333,5.9166718,0.0
-75.08333,6.0,0.0
-75.08333,6.083336,0.0
-75.08333,6.1666718,0.0
-75.08333,6.25,0.0
-75.08333,6.333336,0.0
-75.08333,6.4166718,0.0
-75.08333,6.5,0.0
-75.08333,6.583336,0.0
-75.08333,6.6666718,0.0
-75.08333,6.75,0.0
-75.08333,6.833336,0.0
-75.08333,6.9166718,0.0
-75.08333,7.0,0.0
-75.08333,7.083336,0.0
-75.08333,7.1666718,0.0
-75.08333,7.25,0.0
-75.08333,7.333336,0.0
-75.08333,7.4166718,0.0
-75.08333,7.5,0.0
-75.08333,7.583336,0.0
-75.08333,7.6666718,0.0
-75.08333,7.75,0.0
-75.08333,7.833336,0.0
-75.08333,7.9166718,0.0
-75.08333,8.0,0.0
-75.08333,8.083336,0.0
-75.08333,8.166672,0.0
-75.08333,8.25,0.0
-75.08333,8.333336,0.0
-75.08333,8.416672,0.0
-75.08333,8.5,0.0
-75.08333,8.583336,0.0
-75.08333,8.666672,0.0
-75.08333,8.75,0.0
-75.08333,8.833336,0.0
-75.08333,8.916672,0.0
-75.08333,9.0,0.0
-75.08333,9.083336,0.0
-75.08333,9.166672,0.0
-75.08333,9.25,0.0
-75.08333,9.333336,0.0
-75.08333,9.416672,0.0
-75.08333,9.5,0.0
-75.08333,9.583336,0.0
-75.08333,9.666672,0.0
-75.08333,9.75,0.0
-75.08333,9.833336,0.0
-75.08333,9.916672,0.0
-75.08333,10.0,0.0
-75.08333,10.083336,0.0
-75.08333,10.166672,0.0
-75.08333,10.25,0.0
-75.08333,10.333336,0.0
-75.08333,10.416672,0.0
-75.08333,10.5,0.0
-75.08333,10.583336,0.0
-75.08333,10.666672,0.0
-75.08333,10.75,0.0
-75.08333,10.833336,0.0
-75.08333,10.916672,0.062815
-75.08333,11.0,0.054903
-75.08333,11.083336,0.053088
-75.08333,11.166672,0.052532
-75.08333,11.25,0.050189
-75.08333,11.333336,0.049495
-75.08333,11.416672,0.048978
-75.08333,11.5,0.04631
-75.08333,11.583336,0.040993
-75.08333,11.666672,0.035482
-75.08333,11.75,0.031564
-75.08333,11.833336,0.033835
-75.08333,11.916672,0.043188
-75.08333,12.0,0.057193
-75.08333,12.083336,0.0703
-75.08333,12.166672,0.080098
-75.08333,12.25,0.085976
-75.08333,12.333336,0.091978
-75.08333,12.416672,0.097345
-75.0,-4.25,0.0
-75.0,-4.166664,0.0
-75.0,-4.0833282,0.0
-75.0,-4.0,0.0
-75.0,-3.9166641,0.0
-75.0,-3.8333282,0.0
-75.0,-3.75,0.0
-75.0,-3.6666641,0.0
-75.0,-3.5833282,0.0
-75.0,-3.5,0.0
-75.0,-3.4166641,0.0
-75.0,-3.3333282,0.0
-75.0,-3.25,0.0
-75.0,-3.1666641,0.0
-75.0,-3.0833282,0.0
-75.0,-3.0,0.0
-75.0,-2.9166641,0.0
-75.0,-2.8333282,0.0
-75.0,-2.75,0.0
-75.0,-2.6666641,0.0
-75.0,-2.5833282,0.0
-75.0,-2.5,0.0
-75.0,-2.4166641,0.0
-75.0,-2.3333282,0.0
-75.0,-2.25,0.0
-75.0,-2.1666641,0.0
-75.0,-2.0833282,0.0
-75.0,-2.0,0.0
-75.0,-1.9166641,0.0
-75.0,-1.8333282,0.0
-75.0,-1.75,0.0
-75.0,-1.6666641,0.0
-75.0,-1.5833282,0.0
-75.0,-1.5,0.0
-75.0,-1.4166641,0.0
-75.0,-1.3333282,0.0
-75.0,-1.25,0.0
-75.0,-1.1666641,0.0
-75.0,-1.0833282,0.0
-75.0,-1.0,0.0
-75.0,-0.9166641,0.0
-75.0,-0.83332825,0.0
-75.0,-0.75,0.0
-75.0,-0.6666641,0.0
-75.0,-0.58332825,0.0
-75.0,-0.5,0.0
-75.0,-0.41666412,0.0
-75.0,-0.33332825,0.0
-75.0,-0.25,0.0
-75.0,-0.16666412,0.0
-75.0,-0.08332825,0.0
-75.0,0.0,0.0
-75.0,0.08333588,0.0
-75.0,0.16667175,0.0
-75.0,0.25,0.0
-75.0,0.33333588,0.0
-75.0,0.41667175,0.0
-75.0,0.5,0.0
-75.0,0.5833359,0.0
-75.0,0.66667175,0.0
-75.0,0.75,0.0
-75.0,0.8333359,0.0
-75.0,0.91667175,0.0
-75.0,1.0,0.0
-75.0,1.0833359,0.0
-75.0,1.1666718,0.0
-75.0,1.25,0.0
-75.0,1.3333359,0.0
-75.0,1.4166718,0.0
-75.0,1.5,0.0
-75.0,1.5833359,0.0
-75.0,1.6666718,0.0
-75.0,1.75,0.0
-75.0,1.8333359,0.0
-75.0,1.9166718,0.0
-75.0,2.0,0.0
-75.0,2.0833359,0.0
-75.0,2.1666718,0.0
-75.0,2.25,0.0
-75.0,2.3333359,0.0
-75.0,2.4166718,0.0
-75.0,2.5,0.0
-75.0,2.5833359,0.0
-75.0,2.6666718,0.0
-75.0,2.75,0.0
-75.0,2.8333359,0.0
-75.0,2.9166718,0.0
-75.0,3.0,0.0
-75.0,3.0833359,0.0
-75.0,3.1666718,0.0
-75.0,3.25,0.0
-75.0,3.3333359,0.0
-75.0,3.4166718,0.0
-75.0,3.5,0.0
-75.0,3.5833359,0.0
-75.0,3.6666718,0.0
-75.0,3.75,0.0
-75.0,3.8333359,0.0
-75.0,3.9166718,0.0
-75.0,4.0,0.0
-75.0,4.083336,0.0
-75.0,4.1666718,0.0
-75.0,4.25,0.0
-75.0,4.333336,0.0
-75.0,4.4166718,0.0
-75.0,4.5,0.0
-75.0,4.583336,0.0
-75.0,4.6666718,0.0
-75.0,4.75,0.0
-75.0,4.833336,0.0
-75.0,4.9166718,0.0
-75.0,5.0,0.0
-75.0,5.083336,0.0
-75.0,5.1666718,0.0
-75.0,5.25,0.0
-75.0,5.333336,0.0
-75.0,5.4166718,0.0
-75.0,5.5,0.0
-75.0,5.583336,0.0
-75.0,5.6666718,0.0
-75.0,5.75,0.0
-75.0,5.833336,0.0
-75.0,5.9166718,0.0
-75.0,6.0,0.0
-75.0,6.083336,0.0
-75.0,6.1666718,0.0
-75.0,6.25,0.0
-75.0,6.333336,0.0
-75.0,6.4166718,0.0
-75.0,6.5,0.0
-75.0,6.583336,0.0
-75.0,6.6666718,0.0
-75.0,6.75,0.0
-75.0,6.833336,0.0
-75.0,6.9166718,0.0
-75.0,7.0,0.0
-75.0,7.083336,0.0
-75.0,7.1666718,0.0
-75.0,7.25,0.0
-75.0,7.333336,0.0
-75.0,7.4166718,0.0
-75.0,7.5,0.0
-75.0,7.583336,0.0
-75.0,7.6666718,0.0
-75.0,7.75,0.0
-75.0,7.833336,0.0
-75.0,7.9166718,0.0
-75.0,8.0,0.0
-75.0,8.083336,0.0
-75.0,8.166672,0.0
-75.0,8.25,0.0
-75.0,8.333336,0.0
-75.0,8.416672,0.0
-75.0,8.5,0.0
-75.0,8.583336,0.0
-75.0,8.666672,0.0
-75.0,8.75,0.0
-75.0,8.833336,0.0
-75.0,8.916672,0.0
-75.0,9.0,0.0
-75.0,9.083336,0.0
-75.0,9.166672,0.0
-75.0,9.25,0.0
-75.0,9.333336,0.0
-75.0,9.416672,0.0
-75.0,9.5,0.0
-75.0,9.583336,0.0
-75.0,9.666672,0.0
-75.0,9.75,0.0
-75.0,9.833336,0.0
-75.0,9.916672,0.0
-75.0,10.0,0.0
-75.0,10.083336,0.0
-75.0,10.166672,0.0
-75.0,10.25,0.0
-75.0,10.333336,0.0
-75.0,10.416672,0.0
-75.0,10.5,0.0
-75.0,10.583336,0.0
-75.0,10.666672,0.0
-75.0,10.75,0.0
-75.0,10.833336,0.0
-75.0,10.916672,0.0
-75.0,11.0,0.05299
-75.0,11.083336,0.048457
-75.0,11.166672,0.045658
-75.0,11.25,0.043441
-75.0,11.333336,0.043177
-75.0,11.416672,0.042991
-75.0,11.5,0.041467
-75.0,11.583336,0.035324
-75.0,11.666672,0.029203
-75.0,11.75,0.028085
-75.0,11.833336,0.030048
-75.0,11.916672,0.040142
-75.0,12.0,0.054451
-75.0,12.083336,0.067181
-75.0,12.166672,0.076176
-75.0,12.25,0.081653
-75.0,12.333336,0.08681
-75.0,12.416672,0.090867
-74.916664,-4.25,0.0
-74.916664,-4.166664,0.0
-74.916664,-4.0833282,0.0
-74.916664,-4.0,0.0
-74.916664,-3.9166641,0.0
-74.916664,-3.8333282,0.0
-74.916664,-3.75,0.0
-74.916664,-3.6666641,0.0
-74.916664,-3.5833282,0.0
-74.916664,-3.5,0.0
-74.916664,-3.4166641,0.0
-74.916664,-3.3333282,0.0
-74.916664,-3.25,0.0
-74.916664,-3.1666641,0.0
-74.916664,-3.0833282,0.0
-74.916664,-3.0,0.0
-74.916664,-2.9166641,0.0
-74.916664,-2.8333282,0.0
-74.916664,-2.75,0.0
-74.916664,-2.6666641,0.0
-74.916664,-2.5833282,0.0
-74.916664,-2.5,0.0
-74.916664,-2.4166641,0.0
-74.916664,-2.3333282,0.0
-74.916664,-2.25,0.0
-74.916664,-2.1666641,0.0
-74.916664,-2.0833282,0.0
-74.916664,-2.0,0.0
-74.916664,-1.9166641,0.0
-74.916664,-1.8333282,0.0
-74.916664,-1.75,0.0
-74.916664,-1.6666641,0.0
-74.916664,-1.5833282,0.0
-74.916664,-1.5,0.0
-74.916664,-1.4166641,0.0
-74.916664,-1.3333282,0.0
-74.916664,-1.25,0.0
-74.916664,-1.1666641,0.0
-74.916664,-1.0833282,0.0
-74.916664,-1.0,0.0
-74.916664,-0.9166641,0.0
-74.916664,-0.83332825,0.0
-74.916664,-0.75,0.0
-74.916664,-0.6666641,0.0
-74.916664,-0.58332825,0.0
-74.916664,-0.5,0.0
-74.916664,-0.41666412,0.0
-74.916664,-0.33332825,0.0
-74.916664,-0.25,0.0
-74.916664,-0.16666412,0.0
-74.916664,-0.08332825,0.0
-74.916664,0.0,0.0
-74.916664,0.08333588,0.0
-74.916664,0.16667175,0.0
-74.916664,0.25,0.0
-74.916664,0.33333588,0.0
-74.916664,0.41667175,0.0
-74.916664,0.5,0.0
-74.916664,0.5833359,0.0
-74.916664,0.66667175,0.0
-74.916664,0.75,0.0
-74.916664,0.8333359,0.0
-74.916664,0.91667175,0.0
-74.916664,1.0,0.0
-74.916664,1.0833359,0.0
-74.916664,1.1666718,0.0
-74.916664,1.25,0.0
-74.916664,1.3333359,0.0
-74.916664,1.4166718,0.0
-74.916664,1.5,0.0
-74.916664,1.5833359,0.0
-74.916664,1.6666718,0.0
-74.916664,1.75,0.0
-74.916664,1.8333359,0.0
-74.916664,1.9166718,0.0
-74.916664,2.0,0.0
-74.916664,2.0833359,0.0
-74.916664,2.1666718,0.0
-74.916664,2.25,0.0
-74.916664,2.3333359,0.0
-74.916664,2.4166718,0.0
-74.916664,2.5,0.0
-74.916664,2.5833359,0.0
-74.916664,2.6666718,0.0
-74.916664,2.75,0.0
-74.916664,2.8333359,0.0
-74.916664,2.9166718,0.0
-74.916664,3.0,0.0
-74.916664,3.0833359,0.0
-74.916664,3.1666718,0.0
-74.916664,3.25,0.0
-74.916664,3.3333359,0.0
-74.916664,3.4166718,0.0
-74.916664,3.5,0.0
-74.916664,3.5833359,0.0
-74.916664,3.6666718,0.0
-74.916664,3.75,0.0
-74.916664,3.8333359,0.0
-74.916664,3.9166718,0.0
-74.916664,4.0,0.0
-74.916664,4.083336,0.0
-74.916664,4.1666718,0.0
-74.916664,4.25,0.0
-74.916664,4.333336,0.0
-74.916664,4.4166718,0.0
-74.916664,4.5,0.0
-74.916664,4.583336,0.0
-74.916664,4.6666718,0.0
-74.916664,4.75,0.0
-74.916664,4.833336,0.0
-74.916664,4.9166718,0.0
-74.916664,5.0,0.0
-74.916664,5.083336,0.0
-74.916664,5.1666718,0.0
-74.916664,5.25,0.0
-74.916664,5.333336,0.0
-74.916664,5.4166718,0.0
-74.916664,5.5,0.0
-74.916664,5.583336,0.0
-74.916664,5.6666718,0.0
-74.916664,5.75,0.0
-74.916664,5.833336,0.0
-74.916664,5.9166718,0.0
-74.916664,6.0,0.0
-74.916664,6.083336,0.0
-74.916664,6.1666718,0.0
-74.916664,6.25,0.0
-74.916664,6.333336,0.0
-74.916664,6.4166718,0.0
-74.916664,6.5,0.0
-74.916664,6.583336,0.0
-74.916664,6.6666718,0.0
-74.916664,6.75,0.0
-74.916664,6.833336,0.0
-74.916664,6.9166718,0.0
-74.916664,7.0,0.0
-74.916664,7.083336,0.0
-74.916664,7.1666718,0.0
-74.916664,7.25,0.0
-74.916664,7.333336,0.0
-74.916664,7.4166718,0.0
-74.916664,7.5,0.0
-74.916664,7.583336,0.0
-74.916664,7.6666718,0.0
-74.916664,7.75,0.0
-74.916664,7.833336,0.0
-74.916664,7.9166718,0.0
-74.916664,8.0,0.0
-74.916664,8.083336,0.0
-74.916664,8.166672,0.0
-74.916664,8.25,0.0
-74.916664,8.333336,0.0
-74.916664,8.416672,0.0
-74.916664,8.5,0.0
-74.916664,8.583336,0.0
-74.916664,8.666672,0.0
-74.916664,8.75,0.0
-74.916664,8.833336,0.0
-74.916664,8.916672,0.0
-74.916664,9.0,0.0
-74.916664,9.083336,0.0
-74.916664,9.166672,0.0
-74.916664,9.25,0.0
-74.916664,9.333336,0.0
-74.916664,9.416672,0.0
-74.916664,9.5,0.0
-74.916664,9.583336,0.0
-74.916664,9.666672,0.0
-74.916664,9.75,0.0
-74.916664,9.833336,0.0
-74.916664,9.916672,0.0
-74.916664,10.0,0.0
-74.916664,10.083336,0.0
-74.916664,10.166672,0.0
-74.916664,10.25,0.0
-74.916664,10.333336,0.0
-74.916664,10.416672,0.0
-74.916664,10.5,0.0
-74.916664,10.583336,0.0
-74.916664,10.666672,0.0
-74.916664,10.75,0.0
-74.916664,10.833336,0.0
-74.916664,10.916672,0.0
-74.916664,11.0,0.0
-74.916664,11.083336,0.050817
-74.916664,11.166672,0.044187
-74.916664,11.25,0.040365
-74.916664,11.333336,0.039184
-74.916664,11.416672,0.038136
-74.916664,11.5,0.036722
-74.916664,11.583336,0.031477
-74.916664,11.666672,0.027493
-74.916664,11.75,0.024517
-74.916664,11.833336,0.02584
-74.916664,11.916672,0.036418
-74.916664,12.0,0.050826
-74.916664,12.083336,0.063331
-74.916664,12.166672,0.072012
-74.916664,12.25,0.077266
-74.916664,12.333336,0.081647
-74.916664,12.416672,0.084591
-74.83333,-4.25,0.0
-74.83333,-4.166664,0.0
-74.83333,-4.0833282,0.0
-74.83333,-4.0,0.0
-74.83333,-3.9166641,0.0
-74.83333,-3.8333282,0.0
-74.83333,-3.75,0.0
-74.83333,-3.6666641,0.0
-74.83333,-3.5833282,0.0
-74.83333,-3.5,0.0
-74.83333,-3.4166641,0.0
-74.83333,-3.3333282,0.0
-74.83333,-3.25,0.0
-74.83333,-3.1666641,0.0
-74.83333,-3.0833282,0.0
-74.83333,-3.0,0.0
-74.83333,-2.9166641,0.0
-74.83333,-2.8333282,0.0
-74.83333,-2.75,0.0
-74.83333,-2.6666641,0.0
-74.83333,-2.5833282,0.0
-74.83333,-2.5,0.0
-74.83333,-2.4166641,0.0
-74.83333,-2.3333282,0.0
-74.83333,-2.25,0.0
-74.83333,-2.1666641,0.0
-74.83333,-2.0833282,0.0
-74.83333,-2.0,0.0
-74.83333,-1.9166641,0.0
-74.83333,-1.8333282,0.0
-74.83333,-1.75,0.0
-74.83333,-1.6666641,0.0
-74.83333,-1.5833282,0.0
-74.83333,-1.5,0.0
-74.83333,-1.4166641,0.0
-74.83333,-1.3333282,0.0
-74.83333,-1.25,0.0
-74.83333,-1.1666641,0.0
-74.83333,-1.0833282,0.0
-74.83333,-1.0,0.0
-74.83333,-0.9166641,0.0
-74.83333,-0.83332825,0.0
-74.83333,-0.75,0.0
-74.83333,-0.6666641,0.0
-74.83333,-0.58332825,0.0
-74.83333,-0.5,0.0
-74.83333,-0.41666412,0.0
-74.83333,-0.33332825,0.0
-74.83333,-0.25,0.0
-74.83333,-0.16666412,0.0
-74.83333,-0.08332825,0.0
-74.83333,0.0,0.0
-74.83333,0.08333588,0.0
-74.83333,0.16667175,0.0
-74.83333,0.25,0.0
-74.83333,0.33333588,0.0
-74.83333,0.41667175,0.0
-74.83333,0.5,0.0
-74.83333,0.5833359,0.0
-74.83333,0.66667175,0.0
-74.83333,0.75,0.0
-74.83333,0.8333359,0.0
-74.83333,0.91667175,0.0
-74.83333,1.0,0.0
-74.83333,1.0833359,0.0
-74.83333,1.1666718,0.0
-74.83333,1.25,0.0
-74.83333,1.3333359,0.0
-74.83333,1.4166718,0.0
-74.83333,1.5,0.0
-74.83333,1.5833359,0.0
-74.83333,1.6666718,0.0
-74.83333,1.75,0.0
-74.83333,1.8333359,0.0
-74.83333,1.9166718,0.0
-74.83333,2.0,0.0
-74.83333,2.0833359,0.0
-74.83333,2.1666718,0.0
-74.83333,2.25,0.0
-74.83333,2.3333359,0.0
-74.83333,2.4166718,0.0
-74.83333,2.5,0.0
-74.83333,2.5833359,0.0
-74.83333,2.6666718,0.0
-74.83333,2.75,0.0
-74.83333,2.8333359,0.0
-74.83333,2.9166718,0.0
-74.83333,3.0,0.0
-74.83333,3.0833359,0.0
-74.83333,3.1666718,0.0
-74.83333,3.25,0.0
-74.83333,3.3333359,0.0
-74.83333,3.4166718,0.0
-74.83333,3.5,0.0
-74.83333,3.5833359,0.0
-74.83333,3.6666718,0.0
-74.83333,3.75,0.0
-74.83333,3.8333359,0.0
-74.83333,3.9166718,0.0
-74.83333,4.0,0.0
-74.83333,4.083336,0.0
-74.83333,4.1666718,0.0
-74.83333,4.25,0.0
-74.83333,4.333336,0.0
-74.83333,4.4166718,0.0
-74.83333,4.5,0.0
-74.83333,4.583336,0.0
-74.83333,4.6666718,0.0
-74.83333,4.75,0.0
-74.83333,4.833336,0.0
-74.83333,4.9166718,0.0
-74.83333,5.0,0.0
-74.83333,5.083336,0.0
-74.83333,5.1666718,0.0
-74.83333,5.25,0.0
-74.83333,5.333336,0.0
-74.83333,5.4166718,0.0
-74.83333,5.5,0.0
-74.83333,5.583336,0.0
-74.83333,5.6666718,0.0
-74.83333,5.75,0.0
-74.83333,5.833336,0.0
-74.83333,5.9166718,0.0
-74.83333,6.0,0.0
-74.83333,6.083336,0.0
-74.83333,6.1666718,0.0
-74.83333,6.25,0.0
-74.83333,6.333336,0.0
-74.83333,6.4166718,0.0
-74.83333,6.5,0.0
-74.83333,6.583336,0.0
-74.83333,6.6666718,0.0
-74.83333,6.75,0.0
-74.83333,6.833336,0.0
-74.83333,6.9166718,0.0
-74.83333,7.0,0.0
-74.83333,7.083336,0.0
-74.83333,7.1666718,0.0
-74.83333,7.25,0.0
-74.83333,7.333336,0.0
-74.83333,7.4166718,0.0
-74.83333,7.5,0.0
-74.83333,7.583336,0.0
-74.83333,7.6666718,0.0
-74.83333,7.75,0.0
-74.83333,7.833336,0.0
-74.83333,7.9166718,0.0
-74.83333,8.0,0.0
-74.83333,8.083336,0.0
-74.83333,8.166672,0.0
-74.83333,8.25,0.0
-74.83333,8.333336,0.0
-74.83333,8.416672,0.0
-74.83333,8.5,0.0
-74.83333,8.583336,0.0
-74.83333,8.666672,0.0
-74.83333,8.75,0.0
-74.83333,8.833336,0.0
-74.83333,8.916672,0.0
-74.83333,9.0,0.0
-74.83333,9.083336,0.0
-74.83333,9.166672,0.0
-74.83333,9.25,0.0
-74.83333,9.333336,0.0
-74.83333,9.416672,0.0
-74.83333,9.5,0.0
-74.83333,9.583336,0.0
-74.83333,9.666672,0.0
-74.83333,9.75,0.0
-74.83333,9.833336,0.0
-74.83333,9.916672,0.0
-74.83333,10.0,0.0
-74.83333,10.083336,0.0
-74.83333,10.166672,0.0
-74.83333,10.25,0.0
-74.83333,10.333336,0.0
-74.83333,10.416672,0.0
-74.83333,10.5,0.0
-74.83333,10.583336,0.0
-74.83333,10.666672,0.0
-74.83333,10.75,0.0
-74.83333,10.833336,0.0
-74.83333,10.916672,0.0
-74.83333,11.0,0.0
-74.83333,11.083336,0.045728
-74.83333,11.166672,0.036279
-74.83333,11.25,0.033446
-74.83333,11.333336,0.032921
-74.83333,11.416672,0.032601
-74.83333,11.5,0.031561
-74.83333,11.583336,0.028218
-74.83333,11.666672,0.02479
-74.83333,11.75,0.020113
-74.83333,11.833336,0.021283
-74.83333,11.916672,0.031918
-74.83333,12.0,0.046088
-74.83333,12.083336,0.05842
-74.83333,12.166672,0.067181
-74.83333,12.25,0.072529
-74.83333,12.333336,0.076256
-74.83333,12.416672,0.078334
-74.75,-4.25,0.0
-74.75,-4.166664,0.0
-74.75,-4.0833282,0.0
-74.75,-4.0,0.0
-74.75,-3.9166641,0.0
-74.75,-3.8333282,0.0
-74.75,-3.75,0.0
-74.75,-3.6666641,0.0
-74.75,-3.5833282,0.0
-74.75,-3.5,0.0
-74.75,-3.4166641,0.0
-74.75,-3.3333282,0.0
-74.75,-3.25,0.0
-74.75,-3.1666641,0.0
-74.75,-3.0833282,0.0
-74.75,-3.0,0.0
-74.75,-2.9166641,0.0
-74.75,-2.8333282,0.0
-74.75,-2.75,0.0
-74.75,-2.6666641,0.0
-74.75,-2.5833282,0.0
-74.75,-2.5,0.0
-74.75,-2.4166641,0.0
-74.75,-2.3333282,0.0
-74.75,-2.25,0.0
-74.75,-2.1666641,0.0
-74.75,-2.0833282,0.0
-74.75,-2.0,0.0
-74.75,-1.9166641,0.0
-74.75,-1.8333282,0.0
-74.75,-1.75,0.0
-74.75,-1.6666641,0.0
-74.75,-1.5833282,0.0
-74.75,-1.5,0.0
-74.75,-1.4166641,0.0
-74.75,-1.3333282,0.0
-74.75,-1.25,0.0
-74.75,-1.1666641,0.0
-74.75,-1.0833282,0.0
-74.75,-1.0,0.0
-74.75,-0.9166641,0.0
-74.75,-0.83332825,0.0
-74.75,-0.75,0.0
-74.75,-0.6666641,0.0
-74.75,-0.58332825,0.0
-74.75,-0.5,0.0
-74.75,-0.41666412,0.0
-74.75,-0.33332825,0.0
-74.75,-0.25,0.0
-74.75,-0.16666412,0.0
-74.75,-0.08332825,0.0
-74.75,0.0,0.0
-74.75,0.08333588,0.0
-74.75,0.16667175,0.0
-74.75,0.25,0.0
-74.75,0.33333588,0.0
-74.75,0.41667175,0.0
-74.75,0.5,0.0
-74.75,0.5833359,0.0
-74.75,0.66667175,0.0
-74.75,0.75,0.0
-74.75,0.8333359,0.0
-74.75,0.91667175,0.0
-74.75,1.0,0.0
-74.75,1.0833359,0.0
-74.75,1.1666718,0.0
-74.75,1.25,0.0
-74.75,1.3333359,0.0
-74.75,1.4166718,0.0
-74.75,1.5,0.0
-74.75,1.5833359,0.0
-74.75,1.6666718,0.0
-74.75,1.75,0.0
-74.75,1.8333359,0.0
-74.75,1.9166718,0.0
-74.75,2.0,0.0
-74.75,2.0833359,0.0
-74.75,2.1666718,0.0
-74.75,2.25,0.0
-74.75,2.3333359,0.0
-74.75,2.4166718,0.0
-74.75,2.5,0.0
-74.75,2.5833359,0.0
-74.75,2.6666718,0.0
-74.75,2.75,0.0
-74.75,2.8333359,0.0
-74.75,2.9166718,0.0
-74.75,3.0,0.0
-74.75,3.0833359,0.0
-74.75,3.1666718,0.0
-74.75,3.25,0.0
-74.75,3.3333359,0.0
-74.75,3.4166718,0.0
-74.75,3.5,0.0
-74.75,3.5833359,0.0
-74.75,3.6666718,0.0
-74.75,3.75,0.0
-74.75,3.8333359,0.0
-74.75,3.9166718,0.0
-74.75,4.0,0.0
-74.75,4.083336,0.0
-74.75,4.1666718,0.0
-74.75,4.25,0.0
-74.75,4.333336,0.0
-74.75,4.4166718,0.0
-74.75,4.5,0.0
-74.75,4.583336,0.0
-74.75,4.6666718,0.0
-74.75,4.75,0.0
-74.75,4.833336,0.0
-74.75,4.9166718,0.0
-74.75,5.0,0.0
-74.75,5.083336,0.0
-74.75,5.1666718,0.0
-74.75,5.25,0.0
-74.75,5.333336,0.0
-74.75,5.4166718,0.0
-74.75,5.5,0.0
-74.75,5.583336,0.0
-74.75,5.6666718,0.0
-74.75,5.75,0.0
-74.75,5.833336,0.0
-74.75,5.9166718,0.0
-74.75,6.0,0.0
-74.75,6.083336,0.0
-74.75,6.1666718,0.0
-74.75,6.25,0.0
-74.75,6.333336,0.0
-74.75,6.4166718,0.0
-74.75,6.5,0.0
-74.75,6.583336,0.0
-74.75,6.6666718,0.0
-74.75,6.75,0.0
-74.75,6.833336,0.0
-74.75,6.9166718,0.0
-74.75,7.0,0.0
-74.75,7.083336,0.0
-74.75,7.1666718,0.0
-74.75,7.25,0.0
-74.75,7.333336,0.0
-74.75,7.4166718,0.0
-74.75,7.5,0.0
-74.75,7.583336,0.0
-74.75,7.6666718,0.0
-74.75,7.75,0.0
-74.75,7.833336,0.0
-74.75,7.9166718,0.0
-74.75,8.0,0.0
-74.75,8.083336,0.0
-74.75,8.166672,0.0
-74.75,8.25,0.0
-74.75,8.333336,0.0
-74.75,8.416672,0.0
-74.75,8.5,0.0
-74.75,8.583336,0.0
-74.75,8.666672,0.0
-74.75,8.75,0.0
-74.75,8.833336,0.0
-74.75,8.916672,0.0
-74.75,9.0,0.0
-74.75,9.083336,0.0
-74.75,9.166672,0.0
-74.75,9.25,0.0
-74.75,9.333336,0.0
-74.75,9.416672,0.0
-74.75,9.5,0.0
-74.75,9.583336,0.0
-74.75,9.666672,0.0
-74.75,9.75,0.0
-74.75,9.833336,0.0
-74.75,9.916672,0.0
-74.75,10.0,0.0
-74.75,10.083336,0.0
-74.75,10.166672,0.0
-74.75,10.25,0.0
-74.75,10.333336,0.0
-74.75,10.416672,0.0
-74.75,10.5,0.0
-74.75,10.583336,0.0
-74.75,10.666672,0.0
-74.75,10.75,0.0
-74.75,10.833336,0.0
-74.75,10.916672,0.0
-74.75,11.0,0.0
-74.75,11.083336,0.040918
-74.75,11.166672,0.031869
-74.75,11.25,0.028148
-74.75,11.333336,0.027549
-74.75,11.416672,0.027176
-74.75,11.5,0.026322
-74.75,11.583336,0.024029
-74.75,11.666672,0.021009
-74.75,11.75,0.015889
-74.75,11.833336,0.016601
-74.75,11.916672,0.026678
-74.75,12.0,0.040397
-74.75,12.083336,0.052487
-74.75,12.166672,0.061522
-74.75,12.25,0.067189
-74.75,12.333336,0.070323
-74.75,12.416672,0.072026
-74.666664,-4.25,0.0
-74.666664,-4.166664,0.0
-74.666664,-4.0833282,0.0
-74.666664,-4.0,0.0
-74.666664,-3.9166641,0.0
-74.666664,-3.8333282,0.0
-74.666664,-3.75,0.0
-74.666664,-3.6666641,0.0
-74.666664,-3.5833282,0.0
-74.666664,-3.5,0.0
-74.666664,-3.4166641,0.0
-74.666664,-3.3333282,0.0
-74.666664,-3.25,0.0
-74.666664,-3.1666641,0.0
-74.666664,-3.0833282,0.0
-74.666664,-3.0,0.0
-74.666664,-2.9166641,0.0
-74.666664,-2.8333282,0.0
-74.666664,-2.75,0.0
-74.666664,-2.6666641,0.0
-74.666664,-2.5833282,0.0
-74.666664,-2.5,0.0
-74.666664,-2.4166641,0.0
-74.666664,-2.3333282,0.0
-74.666664,-2.25,0.0
-74.666664,-2.1666641,0.0
-74.666664,-2.0833282,0.0
-74.666664,-2.0,0.0
-74.666664,-1.9166641,0.0
-74.666664,-1.8333282,0.0
-74.666664,-1.75,0.0
-74.666664,-1.6666641,0.0
-74.666664,-1.5833282,0.0
-74.666664,-1.5,0.0
-74.666664,-1.4166641,0.0
-74.666664,-1.3333282,0.0
-74.666664,-1.25,0.0
-74.666664,-1.1666641,0.0
-74.666664,-1.0833282,0.0
-74.666664,-1.0,0.0
-74.666664,-0.9166641,0.0
-74.666664,-0.83332825,0.0
-74.666664,-0.75,0.0
-74.666664,-0.6666641,0.0
-74.666664,-0.58332825,0.0
-74.666664,-0.5,0.0
-74.666664,-0.41666412,0.0
-74.666664,-0.33332825,0.0
-74.666664,-0.25,0.0
-74.666664,-0.16666412,0.0
-74.666664,-0.08332825,0.0
-74.666664,0.0,0.0
-74.666664,0.08333588,0.0
-74.666664,0.16667175,0.0
-74.666664,0.25,0.0
-74.666664,0.33333588,0.0
-74.666664,0.41667175,0.0
-74.666664,0.5,0.0
-74.666664,0.5833359,0.0
-74.666664,0.66667175,0.0
-74.666664,0.75,0.0
-74.666664,0.8333359,0.0
-74.666664,0.91667175,0.0
-74.666664,1.0,0.0
-74.666664,1.0833359,0.0
-74.666664,1.1666718,0.0
-74.666664,1.25,0.0
-74.666664,1.3333359,0.0
-74.666664,1.4166718,0.0
-74.666664,1.5,0.0
-74.666664,1.5833359,0.0
-74.666664,1.6666718,0.0
-74.666664,1.75,0.0
-74.666664,1.8333359,0.0
-74.666664,1.9166718,0.0
-74.666664,2.0,0.0
-74.666664,2.0833359,0.0
-74.666664,2.1666718,0.0
-74.666664,2.25,0.0
-74.666664,2.3333359,0.0
-74.666664,2.4166718,0.0
-74.666664,2.5,0.0
-74.666664,2.5833359,0.0
-74.666664,2.6666718,0.0
-74.666664,2.75,0.0
-74.666664,2.8333359,0.0
-74.666664,2.9166718,0.0
-74.666664,3.0,0.0
-74.666664,3.0833359,0.0
-74.666664,3.1666718,0.0
-74.666664,3.25,0.0
-74.666664,3.3333359,0.0
-74.666664,3.4166718,0.0
-74.666664,3.5,0.0
-74.666664,3.5833359,0.0
-74.666664,3.6666718,0.0
-74.666664,3.75,0.0
-74.666664,3.8333359,0.0
-74.666664,3.9166718,0.0
-74.666664,4.0,0.0
-74.666664,4.083336,0.0
-74.666664,4.1666718,0.0
-74.666664,4.25,0.0
-74.666664,4.333336,0.0
-74.666664,4.4166718,0.0
-74.666664,4.5,0.0
-74.666664,4.583336,0.0
-74.666664,4.6666718,0.0
-74.666664,4.75,0.0
-74.666664,4.833336,0.0
-74.666664,4.9166718,0.0
-74.666664,5.0,0.0
-74.666664,5.083336,0.0
-74.666664,5.1666718,0.0
-74.666664,5.25,0.0
-74.666664,5.333336,0.0
-74.666664,5.4166718,0.0
-74.666664,5.5,0.0
-74.666664,5.583336,0.0
-74.666664,5.6666718,0.0
-74.666664,5.75,0.0
-74.666664,5.833336,0.0
-74.666664,5.9166718,0.0
-74.666664,6.0,0.0
-74.666664,6.083336,0.0
-74.666664,6.1666718,0.0
-74.666664,6.25,0.0
-74.666664,6.333336,0.0
-74.666664,6.4166718,0.0
-74.666664,6.5,0.0
-74.666664,6.583336,0.0
-74.666664,6.6666718,0.0
-74.666664,6.75,0.0
-74.666664,6.833336,0.0
-74.666664,6.9166718,0.0
-74.666664,7.0,0.0
-74.666664,7.083336,0.0
-74.666664,7.1666718,0.0
-74.666664,7.25,0.0
-74.666664,7.333336,0.0
-74.666664,7.4166718,0.0
-74.666664,7.5,0.0
-74.666664,7.583336,0.0
-74.666664,7.6666718,0.0
-74.666664,7.75,0.0
-74.666664,7.833336,0.0
-74.666664,7.9166718,0.0
-74.666664,8.0,0.0
-74.666664,8.083336,0.0
-74.666664,8.166672,0.0
-74.666664,8.25,0.0
-74.666664,8.333336,0.0
-74.666664,8.416672,0.0
-74.666664,8.5,0.0
-74.666664,8.583336,0.0
-74.666664,8.666672,0.0
-74.666664,8.75,0.0
-74.666664,8.833336,0.0
-74.666664,8.916672,0.0
-74.666664,9.0,0.0
-74.666664,9.083336,0.0
-74.666664,9.166672,0.0
-74.666664,9.25,0.0
-74.666664,9.333336,0.0
-74.666664,9.416672,0.0
-74.666664,9.5,0.0
-74.666664,9.583336,0.0
-74.666664,9.666672,0.0
-74.666664,9.75,0.0
-74.666664,9.833336,0.0
-74.666664,9.916672,0.0
-74.666664,10.0,0.0
-74.666664,10.083336,0.0
-74.666664,10.166672,0.0
-74.666664,10.25,0.0
-74.666664,10.333336,0.0
-74.666664,10.416672,0.0
-74.666664,10.5,0.0
-74.666664,10.583336,0.0
-74.666664,10.666672,0.0
-74.666664,10.75,0.0
-74.666664,10.833336,0.0
-74.666664,10.916672,0.0
-74.666664,11.0,0.0
-74.666664,11.083336,0.036046
-74.666664,11.166672,0.029039
-74.666664,11.25,0.023934
-74.666664,11.333336,0.022427
-74.666664,11.416672,0.022504
-74.666664,11.5,0.021701
-74.666664,11.583336,0.019171
-74.666664,11.666672,0.016787
-74.666664,11.75,0.011916
-74.666664,11.833336,0.011664
-74.666664,11.916672,0.020536
-74.666664,12.0,0.033713
-74.666664,12.083336,0.045371
-74.666664,12.166672,0.054746
-74.666664,12.25,0.06097
-74.666664,12.333336,0.063956
-74.666664,12.416672,0.065551
-74.58333,-4.25,0.0
-74.58333,-4.166664,0.0
-74.58333,-4.0833282,0.0
-74.58333,-4.0,0.0
-74.58333,-3.9166641,0.0
-74.58333,-3.8333282,0.0
-74.58333,-3.75,0.0
-74.58333,-3.6666641,0.0
-74.58333,-3.5833282,0.0
-74.58333,-3.5,0.0
-74.58333,-3.4166641,0.0
-74.58333,-3.3333282,0.0
-74.58333,-3.25,0.0
-74.58333,-3.1666641,0.0
-74.58333,-3.0833282,0.0
-74.58333,-3.0,0.0
-74.58333,-2.9166641,0.0
-74.58333,-2.8333282,0.0
-74.58333,-2.75,0.0
-74.58333,-2.6666641,0.0
-74.58333,-2.5833282,0.0
-74.58333,-2.5,0.0
-74.58333,-2.4166641,0.0
-74.58333,-2.3333282,0.0
-74.58333,-2.25,0.0
-74.58333,-2.1666641,0.0
-74.58333,-2.0833282,0.0
-74.58333,-2.0,0.0
-74.58333,-1.9166641,0.0
-74.58333,-1.8333282,0.0
-74.58333,-1.75,0.0
-74.58333,-1.6666641,0.0
-74.58333,-1.5833282,0.0
-74.58333,-1.5,0.0
-74.58333,-1.4166641,0.0
-74.58333,-1.3333282,0.0
-74.58333,-1.25,0.0
-74.58333,-1.1666641,0.0
-74.58333,-1.0833282,0.0
-74.58333,-1.0,0.0
-74.58333,-0.9166641,0.0
-74.58333,-0.83332825,0.0
-74.58333,-0.75,0.0
-74.58333,-0.6666641,0.0
-74.58333,-0.58332825,0.0
-74.58333,-0.5,0.0
-74.58333,-0.41666412,0.0
-74.58333,-0.33332825,0.0
-74.58333,-0.25,0.0
-74.58333,-0.16666412,0.0
-74.58333,-0.08332825,0.0
-74.58333,0.0,0.0
-74.58333,0.08333588,0.0
-74.58333,0.16667175,0.0
-74.58333,0.25,0.0
-74.58333,0.33333588,0.0
-74.58333,0.41667175,0.0
-74.58333,0.5,0.0
-74.58333,0.5833359,0.0
-74.58333,0.66667175,0.0
-74.58333,0.75,0.0
-74.58333,0.8333359,0.0
-74.58333,0.91667175,0.0
-74.58333,1.0,0.0
-74.58333,1.0833359,0.0
-74.58333,1.1666718,0.0
-74.58333,1.25,0.0
-74.58333,1.3333359,0.0
-74.58333,1.4166718,0.0
-74.58333,1.5,0.0
-74.58333,1.5833359,0.0
-74.58333,1.6666718,0.0
-74.58333,1.75,0.0
-74.58333,1.8333359,0.0
-74.58333,1.9166718,0.0
-74.58333,2.0,0.0
-74.58333,2.0833359,0.0
-74.58333,2.1666718,0.0
-74.58333,2.25,0.0
-74.58333,2.3333359,0.0
-74.58333,2.4166718,0.0
-74.58333,2.5,0.0
-74.58333,2.5833359,0.0
-74.58333,2.6666718,0.0
-74.58333,2.75,0.0
-74.58333,2.8333359,0.0
-74.58333,2.9166718,0.0
-74.58333,3.0,0.0
-74.58333,3.0833359,0.0
-74.58333,3.1666718,0.0
-74.58333,3.25,0.0
-74.58333,3.3333359,0.0
-74.58333,3.4166718,0.0
-74.58333,3.5,0.0
-74.58333,3.5833359,0.0
-74.58333,3.6666718,0.0
-74.58333,3.75,0.0
-74.58333,3.8333359,0.0
-74.58333,3.9166718,0.0
-74.58333,4.0,0.0
-74.58333,4.083336,0.0
-74.58333,4.1666718,0.0
-74.58333,4.25,0.0
-74.58333,4.333336,0.0
-74.58333,4.4166718,0.0
-74.58333,4.5,0.0
-74.58333,4.583336,0.0
-74.58333,4.6666718,0.0
-74.58333,4.75,0.0
-74.58333,4.833336,0.0
-74.58333,4.9166718,0.0
-74.58333,5.0,0.0
-74.58333,5.083336,0.0
-74.58333,5.1666718,0.0
-74.58333,5.25,0.0
-74.58333,5.333336,0.0
-74.58333,5.4166718,0.0
-74.58333,5.5,0.0
-74.58333,5.583336,0.0
-74.58333,5.6666718,0.0
-74.58333,5.75,0.0
-74.58333,5.833336,0.0
-74.58333,5.9166718,0.0
-74.58333,6.0,0.0
-74.58333,6.083336,0.0
-74.58333,6.1666718,0.0
-74.58333,6.25,0.0
-74.58333,6.333336,0.0
-74.58333,6.4166718,0.0
-74.58333,6.5,0.0
-74.58333,6.583336,0.0
-74.58333,6.6666718,0.0
-74.58333,6.75,0.0
-74.58333,6.833336,0.0
-74.58333,6.9166718,0.0
-74.58333,7.0,0.0
-74.58333,7.083336,0.0
-74.58333,7.1666718,0.0
-74.58333,7.25,0.0
-74.58333,7.333336,0.0
-74.58333,7.4166718,0.0
-74.58333,7.5,0.0
-74.58333,7.583336,0.0
-74.58333,7.6666718,0.0
-74.58333,7.75,0.0
-74.58333,7.833336,0.0
-74.58333,7.9166718,0.0
-74.58333,8.0,0.0
-74.58333,8.083336,0.0
-74.58333,8.166672,0.0
-74.58333,8.25,0.0
-74.58333,8.333336,0.0
-74.58333,8.416672,0.0
-74.58333,8.5,0.0
-74.58333,8.583336,0.0
-74.58333,8.666672,0.0
-74.58333,8.75,0.0
-74.58333,8.833336,0.0
-74.58333,8.916672,0.0
-74.58333,9.0,0.0
-74.58333,9.083336,0.0
-74.58333,9.166672,0.0
-74.58333,9.25,0.0
-74.58333,9.333336,0.0
-74.58333,9.416672,0.0
-74.58333,9.5,0.0
-74.58333,9.583336,0.0
-74.58333,9.666672,0.0
-74.58333,9.75,0.0
-74.58333,9.833336,0.0
-74.58333,9.916672,0.0
-74.58333,10.0,0.0
-74.58333,10.083336,0.0
-74.58333,10.166672,0.0
-74.58333,10.25,0.0
-74.58333,10.333336,0.0
-74.58333,10.416672,0.0
-74.58333,10.5,0.0
-74.58333,10.583336,0.0
-74.58333,10.666672,0.0
-74.58333,10.75,0.0
-74.58333,10.833336,0.0
-74.58333,10.916672,0.0
-74.58333,11.0,0.046408
-74.58333,11.083336,0.033332
-74.58333,11.166672,0.023761
-74.58333,11.25,0.019734
-74.58333,11.333336,0.016031
-74.58333,11.416672,0.01475
-74.58333,11.5,0.014396
-74.58333,11.583336,0.013037
-74.58333,11.666672,0.011794
-74.58333,11.75,0.00758
-74.58333,11.833336,0.007142
-74.58333,11.916672,0.013889
-74.58333,12.0,0.026321
-74.58333,12.083336,0.037348
-74.58333,12.166672,0.046605
-74.58333,12.25,0.054029
-74.58333,12.333336,0.058228
-74.58333,12.416672,0.059934
-74.5,-4.25,0.0
-74.5,-4.166664,0.0
-74.5,-4.0833282,0.0
-74.5,-4.0,0.0
-74.5,-3.9166641,0.0
-74.5,-3.8333282,0.0
-74.5,-3.75,0.0
-74.5,-3.6666641,0.0
-74.5,-3.5833282,0.0
-74.5,-3.5,0.0
-74.5,-3.4166641,0.0
-74.5,-3.3333282,0.0
-74.5,-3.25,0.0
-74.5,-3.1666641,0.0
-74.5,-3.0833282,0.0
-74.5,-3.0,0.0
-74.5,-2.9166641,0.0
-74.5,-2.8333282,0.0
-74.5,-2.75,0.0
-74.5,-2.6666641,0.0
-74.5,-2.5833282,0.0
-74.5,-2.5,0.0
-74.5,-2.4166641,0.0
-74.5,-2.3333282,0.0
-74.5,-2.25,0.0
-74.5,-2.1666641,0.0
-74.5,-2.0833282,0.0
-74.5,-2.0,0.0
-74.5,-1.9166641,0.0
-74.5,-1.8333282,0.0
-74.5,-1.75,0.0
-74.5,-1.6666641,0.0
-74.5,-1.5833282,0.0
-74.5,-1.5,0.0
-74.5,-1.4166641,0.0
-74.5,-1.3333282,0.0
-74.5,-1.25,0.0
-74.5,-1.1666641,0.0
-74.5,-1.0833282,0.0
-74.5,-1.0,0.0
-74.5,-0.9166641,0.0
-74.5,-0.83332825,0.0
-74.5,-0.75,0.0
-74.5,-0.6666641,0.0
-74.5,-0.58332825,0.0
-74.5,-0.5,0.0
-74.5,-0.41666412,0.0
-74.5,-0.33332825,0.0
-74.5,-0.25,0.0
-74.5,-0.16666412,0.0
-74.5,-0.08332825,0.0
-74.5,0.0,0.0
-74.5,0.08333588,0.0
-74.5,0.16667175,0.0
-74.5,0.25,0.0
-74.5,0.33333588,0.0
-74.5,0.41667175,0.0
-74.5,0.5,0.0
-74.5,0.5833359,0.0
-74.5,0.66667175,0.0
-74.5,0.75,0.0
-74.5,0.8333359,0.0
-74.5,0.91667175,0.0
-74.5,1.0,0.0
-74.5,1.0833359,0.0
-74.5,1.1666718,0.0
-74.5,1.25,0.0
-74.5,1.3333359,0.0
-74.5,1.4166718,0.0
-74.5,1.5,0.0
-74.5,1.5833359,0.0
-74.5,1.6666718,0.0
-74.5,1.75,0.0
-74.5,1.8333359,0.0
-74.5,1.9166718,0.0
-74.5,2.0,0.0
-74.5,2.0833359,0.0
-74.5,2.1666718,0.0
-74.5,2.25,0.0
-74.5,2.3333359,0.0
-74.5,2.4166718,0.0
-74.5,2.5,0.0
-74.5,2.5833359,0.0
-74.5,2.6666718,0.0
-74.5,2.75,0.0
-74.5,2.8333359,0.0
-74.5,2.9166718,0.0
-74.5,3.0,0.0
-74.5,3.0833359,0.0
-74.5,3.1666718,0.0
-74.5,3.25,0.0
-74.5,3.3333359,0.0
-74.5,3.4166718,0.0
-74.5,3.5,0.0
-74.5,3.5833359,0.0
-74.5,3.6666718,0.0
-74.5,3.75,0.0
-74.5,3.8333359,0.0
-74.5,3.9166718,0.0
-74.5,4.0,0.0
-74.5,4.083336,0.0
-74.5,4.1666718,0.0
-74.5,4.25,0.0
-74.5,4.333336,0.0
-74.5,4.4166718,0.0
-74.5,4.5,0.0
-74.5,4.583336,0.0
-74.5,4.6666718,0.0
-74.5,4.75,0.0
-74.5,4.833336,0.0
-74.5,4.9166718,0.0
-74.5,5.0,0.0
-74.5,5.083336,0.0
-74.5,5.1666718,0.0
-74.5,5.25,0.0
-74.5,5.333336,0.0
-74.5,5.4166718,0.0
-74.5,5.5,0.0
-74.5,5.583336,0.0
-74.5,5.6666718,0.0
-74.5,5.75,0.0
-74.5,5.833336,0.0
-74.5,5.9166718,0.0
-74.5,6.0,0.0
-74.5,6.083336,0.0
-74.5,6.1666718,0.0
-74.5,6.25,0.0
-74.5,6.333336,0.0
-74.5,6.4166718,0.0
-74.5,6.5,0.0
-74.5,6.583336,0.0
-74.5,6.6666718,0.0
-74.5,6.75,0.0
-74.5,6.833336,0.0
-74.5,6.9166718,0.0
-74.5,7.0,0.0
-74.5,7.083336,0.0
-74.5,7.1666718,0.0
-74.5,7.25,0.0
-74.5,7.333336,0.0
-74.5,7.4166718,0.0
-74.5,7.5,0.0
-74.5,7.583336,0.0
-74.5,7.6666718,0.0
-74.5,7.75,0.0
-74.5,7.833336,0.0
-74.5,7.9166718,0.0
-74.5,8.0,0.0
-74.5,8.083336,0.0
-74.5,8.166672,0.0
-74.5,8.25,0.0
-74.5,8.333336,0.0
-74.5,8.416672,0.0
-74.5,8.5,0.0
-74.5,8.583336,0.0
-74.5,8.666672,0.0
-74.5,8.75,0.0
-74.5,8.833336,0.0
-74.5,8.916672,0.0
-74.5,9.0,0.0
-74.5,9.083336,0.0
-74.5,9.166672,0.0
-74.5,9.25,0.0
-74.5,9.333336,0.0
-74.5,9.416672,0.0
-74.5,9.5,0.0
-74.5,9.583336,0.0
-74.5,9.666672,0.0
-74.5,9.75,0.0
-74.5,9.833336,0.0
-74.5,9.916672,0.0
-74.5,10.0,0.0
-74.5,10.083336,0.0
-74.5,10.166672,0.0
-74.5,10.25,0.0
-74.5,10.333336,0.0
-74.5,10.416672,0.0
-74.5,10.5,0.0
-74.5,10.583336,0.0
-74.5,10.666672,0.0
-74.5,10.75,0.0
-74.5,10.833336,0.0
-74.5,10.916672,0.0
-74.5,11.0,0.039861
-74.5,11.083336,0.026235
-74.5,11.166672,0.020447
-74.5,11.25,0.015618
-74.5,11.333336,0.009423
-74.5,11.416672,0.008746
-74.5,11.5,0.00921
-74.5,11.583336,0.008159
-74.5,11.666672,0.007694
-74.5,11.75,0.00456
-74.5,11.833336,0.003031
-74.5,11.916672,0.007145
-74.5,12.0,0.018315
-74.5,12.083336,0.028641
-74.5,12.166672,0.037097
-74.5,12.25,0.045108
-74.5,12.333336,0.052426
-74.5,12.416672,0.056383
-74.416664,-4.25,0.0
-74.416664,-4.166664,0.0
-74.416664,-4.0833282,0.0
-74.416664,-4.0,0.0
-74.416664,-3.9166641,0.0
-74.416664,-3.8333282,0.0
-74.416664,-3.75,0.0
-74.416664,-3.6666641,0.0
-74.416664,-3.5833282,0.0
-74.416664,-3.5,0.0
-74.416664,-3.4166641,0.0
-74.416664,-3.3333282,0.0
-74.416664,-3.25,0.0
-74.416664,-3.1666641,0.0
-74.416664,-3.0833282,0.0
-74.416664,-3.0,0.0
-74.416664,-2.9166641,0.0
-74.416664,-2.8333282,0.0
-74.416664,-2.75,0.0
-74.416664,-2.6666641,0.0
-74.416664,-2.5833282,0.0
-74.416664,-2.5,0.0
-74.416664,-2.4166641,0.0
-74.416664,-2.3333282,0.0
-74.416664,-2.25,0.0
-74.416664,-2.1666641,0.0
-74.416664,-2.0833282,0.0
-74.416664,-2.0,0.0
-74.416664,-1.9166641,0.0
-74.416664,-1.8333282,0.0
-74.416664,-1.75,0.0
-74.416664,-1.6666641,0.0
-74.416664,-1.5833282,0.0
-74.416664,-1.5,0.0
-74.416664,-1.4166641,0.0
-74.416664,-1.3333282,0.0
-74.416664,-1.25,0.0
-74.416664,-1.1666641,0.0
-74.416664,-1.0833282,0.0
-74.416664,-1.0,0.0
-74.416664,-0.9166641,0.0
-74.416664,-0.83332825,0.0
-74.416664,-0.75,0.0
-74.416664,-0.6666641,0.0
-74.416664,-0.58332825,0.0
-74.416664,-0.5,0.0
-74.416664,-0.41666412,0.0
-74.416664,-0.33332825,0.0
-74.416664,-0.25,0.0
-74.416664,-0.16666412,0.0
-74.416664,-0.08332825,0.0
-74.416664,0.0,0.0
-74.416664,0.08333588,0.0
-74.416664,0.16667175,0.0
-74.416664,0.25,0.0
-74.416664,0.33333588,0.0
-74.416664,0.41667175,0.0
-74.416664,0.5,0.0
-74.416664,0.5833359,0.0
-74.416664,0.66667175,0.0
-74.416664,0.75,0.0
-74.416664,0.8333359,0.0
-74.416664,0.91667175,0.0
-74.416664,1.0,0.0
-74.416664,1.0833359,0.0
-74.416664,1.1666718,0.0
-74.416664,1.25,0.0
-74.416664,1.3333359,0.0
-74.416664,1.4166718,0.0
-74.416664,1.5,0.0
-74.416664,1.5833359,0.0
-74.416664,1.6666718,0.0
-74.416664,1.75,0.0
-74.416664,1.8333359,0.0
-74.416664,1.9166718,0.0
-74.416664,2.0,0.0
-74.416664,2.0833359,0.0
-74.416664,2.1666718,0.0
-74.416664,2.25,0.0
-74.416664,2.3333359,0.0
-74.416664,2.4166718,0.0
-74.416664,2.5,0.0
-74.416664,2.5833359,0.0
-74.416664,2.6666718,0.0
-74.416664,2.75,0.0
-74.416664,2.8333359,0.0
-74.416664,2.9166718,0.0
-74.416664,3.0,0.0
-74.416664,3.0833359,0.0
-74.416664,3.1666718,0.0
-74.416664,3.25,0.0
-74.416664,3.3333359,0.0
-74.416664,3.4166718,0.0
-74.416664,3.5,0.0
-74.416664,3.5833359,0.0
-74.416664,3.6666718,0.0
-74.416664,3.75,0.0
-74.416664,3.8333359,0.0
-74.416664,3.9166718,0.0
-74.416664,4.0,0.0
-74.416664,4.083336,0.0
-74.416664,4.1666718,0.0
-74.416664,4.25,0.0
-74.416664,4.333336,0.0
-74.416664,4.4166718,0.0
-74.416664,4.5,0.0
-74.416664,4.583336,0.0
-74.416664,4.6666718,0.0
-74.416664,4.75,0.0
-74.416664,4.833336,0.0
-74.416664,4.9166718,0.0
-74.416664,5.0,0.0
-74.416664,5.083336,0.0
-74.416664,5.1666718,0.0
-74.416664,5.25,0.0
-74.416664,5.333336,0.0
-74.416664,5.4166718,0.0
-74.416664,5.5,0.0
-74.416664,5.583336,0.0
-74.416664,5.6666718,0.0
-74.416664,5.75,0.0
-74.416664,5.833336,0.0
-74.416664,5.9166718,0.0
-74.416664,6.0,0.0
-74.416664,6.083336,0.0
-74.416664,6.1666718,0.0
-74.416664,6.25,0.0
-74.416664,6.333336,0.0
-74.416664,6.4166718,0.0
-74.416664,6.5,0.0
-74.416664,6.583336,0.0
-74.416664,6.6666718,0.0
-74.416664,6.75,0.0
-74.416664,6.833336,0.0
-74.416664,6.9166718,0.0
-74.416664,7.0,0.0
-74.416664,7.083336,0.0
-74.416664,7.1666718,0.0
-74.416664,7.25,0.0
-74.416664,7.333336,0.0
-74.416664,7.4166718,0.0
-74.416664,7.5,0.0
-74.416664,7.583336,0.0
-74.416664,7.6666718,0.0
-74.416664,7.75,0.0
-74.416664,7.833336,0.0
-74.416664,7.9166718,0.0
-74.416664,8.0,0.0
-74.416664,8.083336,0.0
-74.416664,8.166672,0.0
-74.416664,8.25,0.0
-74.416664,8.333336,0.0
-74.416664,8.416672,0.0
-74.416664,8.5,0.0
-74.416664,8.583336,0.0
-74.416664,8.666672,0.0
-74.416664,8.75,0.0
-74.416664,8.833336,0.0
-74.416664,8.916672,0.0
-74.416664,9.0,0.0
-74.416664,9.083336,0.0
-74.416664,9.166672,0.0
-74.416664,9.25,0.0
-74.416664,9.333336,0.0
-74.416664,9.416672,0.0
-74.416664,9.5,0.0
-74.416664,9.583336,0.0
-74.416664,9.666672,0.0
-74.416664,9.75,0.0
-74.416664,9.833336,0.0
-74.416664,9.916672,0.0
-74.416664,10.0,0.0
-74.416664,10.083336,0.0
-74.416664,10.166672,0.0
-74.416664,10.25,0.0
-74.416664,10.333336,0.0
-74.416664,10.416672,0.0
-74.416664,10.5,0.0
-74.416664,10.583336,0.0
-74.416664,10.666672,0.0
-74.416664,10.75,0.0
-74.416664,10.833336,0.0
-74.416664,10.916672,0.0
-74.416664,11.0,0.034168
-74.416664,11.083336,0.023727
-74.416664,11.166672,0.01756
-74.416664,11.25,0.010823
-74.416664,11.333336,0.003463
-74.416664,11.416672,0.003696
-74.416664,11.5,0.005117
-74.416664,11.583336,0.004317
-74.416664,11.666672,0.004223
-74.416664,11.75,0.001705
-74.416664,11.833336,-0.000839
-74.416664,11.916672,0.000943
-74.416664,12.0,0.010213
-74.416664,12.083336,0.019717
-74.416664,12.166672,0.027018
-74.416664,12.25,0.034986
-74.416664,12.333336,0.042859
-74.416664,12.416672,0.048825
-74.33333,-4.25,0.0
-74.33333,-4.166664,0.0
-74.33333,-4.0833282,0.0
-74.33333,-4.0,0.0
-74.33333,-3.9166641,0.0
-74.33333,-3.8333282,0.0
-74.33333,-3.75,0.0
-74.33333,-3.6666641,0.0
-74.33333,-3.5833282,0.0
-74.33333,-3.5,0.0
-74.33333,-3.4166641,0.0
-74.33333,-3.3333282,0.0
-74.33333,-3.25,0.0
-74.33333,-3.1666641,0.0
-74.33333,-3.0833282,0.0
-74.33333,-3.0,0.0
-74.33333,-2.9166641,0.0
-74.33333,-2.8333282,0.0
-74.33333,-2.75,0.0
-74.33333,-2.6666641,0.0
-74.33333,-2.5833282,0.0
-74.33333,-2.5,0.0
-74.33333,-2.4166641,0.0
-74.33333,-2.3333282,0.0
-74.33333,-2.25,0.0
-74.33333,-2.1666641,0.0
-74.33333,-2.0833282,0.0
-74.33333,-2.0,0.0
-74.33333,-1.9166641,0.0
-74.33333,-1.8333282,0.0
-74.33333,-1.75,0.0
-74.33333,-1.6666641,0.0
-74.33333,-1.5833282,0.0
-74.33333,-1.5,0.0
-74.33333,-1.4166641,0.0
-74.33333,-1.3333282,0.0
-74.33333,-1.25,0.0
-74.33333,-1.1666641,0.0
-74.33333,-1.0833282,0.0
-74.33333,-1.0,0.0
-74.33333,-0.9166641,0.0
-74.33333,-0.83332825,0.0
-74.33333,-0.75,0.0
-74.33333,-0.6666641,0.0
-74.33333,-0.58332825,0.0
-74.33333,-0.5,0.0
-74.33333,-0.41666412,0.0
-74.33333,-0.33332825,0.0
-74.33333,-0.25,0.0
-74.33333,-0.16666412,0.0
-74.33333,-0.08332825,0.0
-74.33333,0.0,0.0
-74.33333,0.08333588,0.0
-74.33333,0.16667175,0.0
-74.33333,0.25,0.0
-74.33333,0.33333588,0.0
-74.33333,0.41667175,0.0
-74.33333,0.5,0.0
-74.33333,0.5833359,0.0
-74.33333,0.66667175,0.0
-74.33333,0.75,0.0
-74.33333,0.8333359,0.0
-74.33333,0.91667175,0.0
-74.33333,1.0,0.0
-74.33333,1.0833359,0.0
-74.33333,1.1666718,0.0
-74.33333,1.25,0.0
-74.33333,1.3333359,0.0
-74.33333,1.4166718,0.0
-74.33333,1.5,0.0
-74.33333,1.5833359,0.0
-74.33333,1.6666718,0.0
-74.33333,1.75,0.0
-74.33333,1.8333359,0.0
-74.33333,1.9166718,0.0
-74.33333,2.0,0.0
-74.33333,2.0833359,0.0
-74.33333,2.1666718,0.0
-74.33333,2.25,0.0
-74.33333,2.3333359,0.0
-74.33333,2.4166718,0.0
-74.33333,2.5,0.0
-74.33333,2.5833359,0.0
-74.33333,2.6666718,0.0
-74.33333,2.75,0.0
-74.33333,2.8333359,0.0
-74.33333,2.9166718,0.0
-74.33333,3.0,0.0
-74.33333,3.0833359,0.0
-74.33333,3.1666718,0.0
-74.33333,3.25,0.0
-74.33333,3.3333359,0.0
-74.33333,3.4166718,0.0
-74.33333,3.5,0.0
-74.33333,3.5833359,0.0
-74.33333,3.6666718,0.0
-74.33333,3.75,0.0
-74.33333,3.8333359,0.0
-74.33333,3.9166718,0.0
-74.33333,4.0,0.0
-74.33333,4.083336,0.0
-74.33333,4.1666718,0.0
-74.33333,4.25,0.0
-74.33333,4.333336,0.0
-74.33333,4.4166718,0.0
-74.33333,4.5,0.0
-74.33333,4.583336,0.0
-74.33333,4.6666718,0.0
-74.33333,4.75,0.0
-74.33333,4.833336,0.0
-74.33333,4.9166718,0.0
-74.33333,5.0,0.0
-74.33333,5.083336,0.0
-74.33333,5.1666718,0.0
-74.33333,5.25,0.0
-74.33333,5.333336,0.0
-74.33333,5.4166718,0.0
-74.33333,5.5,0.0
-74.33333,5.583336,0.0
-74.33333,5.6666718,0.0
-74.33333,5.75,0.0
-74.33333,5.833336,0.0
-74.33333,5.9166718,0.0
-74.33333,6.0,0.0
-74.33333,6.083336,0.0
-74.33333,6.1666718,0.0
-74.33333,6.25,0.0
-74.33333,6.333336,0.0
-74.33333,6.4166718,0.0
-74.33333,6.5,0.0
-74.33333,6.583336,0.0
-74.33333,6.6666718,0.0
-74.33333,6.75,0.0
-74.33333,6.833336,0.0
-74.33333,6.9166718,0.0
-74.33333,7.0,0.0
-74.33333,7.083336,0.0
-74.33333,7.1666718,0.0
-74.33333,7.25,0.0
-74.33333,7.333336,0.0
-74.33333,7.4166718,0.0
-74.33333,7.5,0.0
-74.33333,7.583336,0.0
-74.33333,7.6666718,0.0
-74.33333,7.75,0.0
-74.33333,7.833336,0.0
-74.33333,7.9166718,0.0
-74.33333,8.0,0.0
-74.33333,8.083336,0.0
-74.33333,8.166672,0.0
-74.33333,8.25,0.0
-74.33333,8.333336,0.0
-74.33333,8.416672,0.0
-74.33333,8.5,0.0
-74.33333,8.583336,0.0
-74.33333,8.666672,0.0
-74.33333,8.75,0.0
-74.33333,8.833336,0.0
-74.33333,8.916672,0.0
-74.33333,9.0,0.0
-74.33333,9.083336,0.0
-74.33333,9.166672,0.0
-74.33333,9.25,0.0
-74.33333,9.333336,0.0
-74.33333,9.416672,0.0
-74.33333,9.5,0.0
-74.33333,9.583336,0.0
-74.33333,9.666672,0.0
-74.33333,9.75,0.0
-74.33333,9.833336,0.0
-74.33333,9.916672,0.0
-74.33333,10.0,0.0
-74.33333,10.083336,0.0
-74.33333,10.166672,0.0
-74.33333,10.25,0.0
-74.33333,10.333336,0.0
-74.33333,10.416672,0.0
-74.33333,10.5,0.0
-74.33333,10.583336,0.0
-74.33333,10.666672,0.0
-74.33333,10.75,0.0
-74.33333,10.833336,0.0
-74.33333,10.916672,0.0
-74.33333,11.0,0.033601
-74.33333,11.083336,0.028088
-74.33333,11.166672,0.019603
-74.33333,11.25,0.009271
-74.33333,11.333336,0.000891
-74.33333,11.416672,-0.001967
-74.33333,11.5,0.000117
-74.33333,11.583336,0.001352
-74.33333,11.666672,0.001466
-74.33333,11.75,-0.000637
-74.33333,11.833336,-0.004249
-74.33333,11.916672,-0.004482
-74.33333,12.0,0.002403
-74.33333,12.083336,0.01098
-74.33333,12.166672,0.017286
-74.33333,12.25,0.023354
-74.33333,12.333336,0.031613
-74.33333,12.416672,0.038957
-74.25,-4.25,0.0
-74.25,-4.166664,0.0
-74.25,-4.0833282,0.0
-74.25,-4.0,0.0
-74.25,-3.9166641,0.0
-74.25,-3.8333282,0.0
-74.25,-3.75,0.0
-74.25,-3.6666641,0.0
-74.25,-3.5833282,0.0
-74.25,-3.5,0.0
-74.25,-3.4166641,0.0
-74.25,-3.3333282,0.0
-74.25,-3.25,0.0
-74.25,-3.1666641,0.0
-74.25,-3.0833282,0.0
-74.25,-3.0,0.0
-74.25,-2.9166641,0.0
-74.25,-2.8333282,0.0
-74.25,-2.75,0.0
-74.25,-2.6666641,0.0
-74.25,-2.5833282,0.0
-74.25,-2.5,0.0
-74.25,-2.4166641,0.0
-74.25,-2.3333282,0.0
-74.25,-2.25,0.0
-74.25,-2.1666641,0.0
-74.25,-2.0833282,0.0
-74.25,-2.0,0.0
-74.25,-1.9166641,0.0
-74.25,-1.8333282,0.0
-74.25,-1.75,0.0
-74.25,-1.6666641,0.0
-74.25,-1.5833282,0.0
-74.25,-1.5,0.0
-74.25,-1.4166641,0.0
-74.25,-1.3333282,0.0
-74.25,-1.25,0.0
-74.25,-1.1666641,0.0
-74.25,-1.0833282,0.0
-74.25,-1.0,0.0
-74.25,-0.9166641,0.0
-74.25,-0.83332825,0.0
-74.25,-0.75,0.0
-74.25,-0.6666641,0.0
-74.25,-0.58332825,0.0
-74.25,-0.5,0.0
-74.25,-0.41666412,0.0
-74.25,-0.33332825,0.0
-74.25,-0.25,0.0
-74.25,-0.16666412,0.0
-74.25,-0.08332825,0.0
-74.25,0.0,0.0
-74.25,0.08333588,0.0
-74.25,0.16667175,0.0
-74.25,0.25,0.0
-74.25,0.33333588,0.0
-74.25,0.41667175,0.0
-74.25,0.5,0.0
-74.25,0.5833359,0.0
-74.25,0.66667175,0.0
-74.25,0.75,0.0
-74.25,0.8333359,0.0
-74.25,0.91667175,0.0
-74.25,1.0,0.0
-74.25,1.0833359,0.0
-74.25,1.1666718,0.0
-74.25,1.25,0.0
-74.25,1.3333359,0.0
-74.25,1.4166718,0.0
-74.25,1.5,0.0
-74.25,1.5833359,0.0
-74.25,1.6666718,0.0
-74.25,1.75,0.0
-74.25,1.8333359,0.0
-74.25,1.9166718,0.0
-74.25,2.0,0.0
-74.25,2.0833359,0.0
-74.25,2.1666718,0.0
-74.25,2.25,0.0
-74.25,2.3333359,0.0
-74.25,2.4166718,0.0
-74.25,2.5,0.0
-74.25,2.5833359,0.0
-74.25,2.6666718,0.0
-74.25,2.75,0.0
-74.25,2.8333359,0.0
-74.25,2.9166718,0.0
-74.25,3.0,0.0
-74.25,3.0833359,0.0
-74.25,3.1666718,0.0
-74.25,3.25,0.0
-74.25,3.3333359,0.0
-74.25,3.4166718,0.0
-74.25,3.5,0.0
-74.25,3.5833359,0.0
-74.25,3.6666718,0.0
-74.25,3.75,0.0
-74.25,3.8333359,0.0
-74.25,3.9166718,0.0
-74.25,4.0,0.0
-74.25,4.083336,0.0
-74.25,4.1666718,0.0
-74.25,4.25,0.0
-74.25,4.333336,0.0
-74.25,4.4166718,0.0
-74.25,4.5,0.0
-74.25,4.583336,0.0
-74.25,4.6666718,0.0
-74.25,4.75,0.0
-74.25,4.833336,0.0
-74.25,4.9166718,0.0
-74.25,5.0,0.0
-74.25,5.083336,0.0
-74.25,5.1666718,0.0
-74.25,5.25,0.0
-74.25,5.333336,0.0
-74.25,5.4166718,0.0
-74.25,5.5,0.0
-74.25,5.583336,0.0
-74.25,5.6666718,0.0
-74.25,5.75,0.0
-74.25,5.833336,0.0
-74.25,5.9166718,0.0
-74.25,6.0,0.0
-74.25,6.083336,0.0
-74.25,6.1666718,0.0
-74.25,6.25,0.0
-74.25,6.333336,0.0
-74.25,6.4166718,0.0
-74.25,6.5,0.0
-74.25,6.583336,0.0
-74.25,6.6666718,0.0
-74.25,6.75,0.0
-74.25,6.833336,0.0
-74.25,6.9166718,0.0
-74.25,7.0,0.0
-74.25,7.083336,0.0
-74.25,7.1666718,0.0
-74.25,7.25,0.0
-74.25,7.333336,0.0
-74.25,7.4166718,0.0
-74.25,7.5,0.0
-74.25,7.583336,0.0
-74.25,7.6666718,0.0
-74.25,7.75,0.0
-74.25,7.833336,0.0
-74.25,7.9166718,0.0
-74.25,8.0,0.0
-74.25,8.083336,0.0
-74.25,8.166672,0.0
-74.25,8.25,0.0
-74.25,8.333336,0.0
-74.25,8.416672,0.0
-74.25,8.5,0.0
-74.25,8.583336,0.0
-74.25,8.666672,0.0
-74.25,8.75,0.0
-74.25,8.833336,0.0
-74.25,8.916672,0.0
-74.25,9.0,0.0
-74.25,9.083336,0.0
-74.25,9.166672,0.0
-74.25,9.25,0.0
-74.25,9.333336,0.0
-74.25,9.416672,0.0
-74.25,9.5,0.0
-74.25,9.583336,0.0
-74.25,9.666672,0.0
-74.25,9.75,0.0
-74.25,9.833336,0.0
-74.25,9.916672,0.0
-74.25,10.0,0.0
-74.25,10.083336,0.0
-74.25,10.166672,0.0
-74.25,10.25,0.0
-74.25,10.333336,0.0
-74.25,10.416672,0.0
-74.25,10.5,0.0
-74.25,10.583336,0.0
-74.25,10.666672,0.0
-74.25,10.75,0.0
-74.25,10.833336,0.0
-74.25,10.916672,0.0
-74.25,11.0,0.033267
-74.25,11.083336,0.031197
-74.25,11.166672,0.021162
-74.25,11.25,0.009136
-74.25,11.333336,-0.000905
-74.25,11.416672,-0.003009
-74.25,11.5,-0.002605
-74.25,11.583336,-0.00165
-74.25,11.666672,-0.001005
-74.25,11.75,-0.003709
-74.25,11.833336,-0.008108
-74.25,11.916672,-0.009025
-74.25,12.0,-0.004402
-74.25,12.083336,0.002826
-74.25,12.166672,0.00859
-74.25,12.25,0.013704
-74.25,12.333336,0.020732
-74.25,12.416672,0.027134
-74.166664,-4.25,0.0
-74.166664,-4.166664,0.0
-74.166664,-4.0833282,0.0
-74.166664,-4.0,0.0
-74.166664,-3.9166641,0.0
-74.166664,-3.8333282,0.0
-74.166664,-3.75,0.0
-74.166664,-3.6666641,0.0
-74.166664,-3.5833282,0.0
-74.166664,-3.5,0.0
-74.166664,-3.4166641,0.0
-74.166664,-3.3333282,0.0
-74.166664,-3.25,0.0
-74.166664,-3.1666641,0.0
-74.166664,-3.0833282,0.0
-74.166664,-3.0,0.0
-74.166664,-2.9166641,0.0
-74.166664,-2.8333282,0.0
-74.166664,-2.75,0.0
-74.166664,-2.6666641,0.0
-74.166664,-2.5833282,0.0
-74.166664,-2.5,0.0
-74.166664,-2.4166641,0.0
-74.166664,-2.3333282,0.0
-74.166664,-2.25,0.0
-74.166664,-2.1666641,0.0
-74.166664,-2.0833282,0.0
-74.166664,-2.0,0.0
-74.166664,-1.9166641,0.0
-74.166664,-1.8333282,0.0
-74.166664,-1.75,0.0
-74.166664,-1.6666641,0.0
-74.166664,-1.5833282,0.0
-74.166664,-1.5,0.0
-74.166664,-1.4166641,0.0
-74.166664,-1.3333282,0.0
-74.166664,-1.25,0.0
-74.166664,-1.1666641,0.0
-74.166664,-1.0833282,0.0
-74.166664,-1.0,0.0
-74.166664,-0.9166641,0.0
-74.166664,-0.83332825,0.0
-74.166664,-0.75,0.0
-74.166664,-0.6666641,0.0
-74.166664,-0.58332825,0.0
-74.166664,-0.5,0.0
-74.166664,-0.41666412,0.0
-74.166664,-0.33332825,0.0
-74.166664,-0.25,0.0
-74.166664,-0.16666412,0.0
-74.166664,-0.08332825,0.0
-74.166664,0.0,0.0
-74.166664,0.08333588,0.0
-74.166664,0.16667175,0.0
-74.166664,0.25,0.0
-74.166664,0.33333588,0.0
-74.166664,0.41667175,0.0
-74.166664,0.5,0.0
-74.166664,0.5833359,0.0
-74.166664,0.66667175,0.0
-74.166664,0.75,0.0
-74.166664,0.8333359,0.0
-74.166664,0.91667175,0.0
-74.166664,1.0,0.0
-74.166664,1.0833359,0.0
-74.166664,1.1666718,0.0
-74.166664,1.25,0.0
-74.166664,1.3333359,0.0
-74.166664,1.4166718,0.0
-74.166664,1.5,0.0
-74.166664,1.5833359,0.0
-74.166664,1.6666718,0.0
-74.166664,1.75,0.0
-74.166664,1.8333359,0.0
-74.166664,1.9166718,0.0
-74.166664,2.0,0.0
-74.166664,2.0833359,0.0
-74.166664,2.1666718,0.0
-74.166664,2.25,0.0
-74.166664,2.3333359,0.0
-74.166664,2.4166718,0.0
-74.166664,2.5,0.0
-74.166664,2.5833359,0.0
-74.166664,2.6666718,0.0
-74.166664,2.75,0.0
-74.166664,2.8333359,0.0
-74.166664,2.9166718,0.0
-74.166664,3.0,0.0
-74.166664,3.0833359,0.0
-74.166664,3.1666718,0.0
-74.166664,3.25,0.0
-74.166664,3.3333359,0.0
-74.166664,3.4166718,0.0
-74.166664,3.5,0.0
-74.166664,3.5833359,0.0
-74.166664,3.6666718,0.0
-74.166664,3.75,0.0
-74.166664,3.8333359,0.0
-74.166664,3.9166718,0.0
-74.166664,4.0,0.0
-74.166664,4.083336,0.0
-74.166664,4.1666718,0.0
-74.166664,4.25,0.0
-74.166664,4.333336,0.0
-74.166664,4.4166718,0.0
-74.166664,4.5,0.0
-74.166664,4.583336,0.0
-74.166664,4.6666718,0.0
-74.166664,4.75,0.0
-74.166664,4.833336,0.0
-74.166664,4.9166718,0.0
-74.166664,5.0,0.0
-74.166664,5.083336,0.0
-74.166664,5.1666718,0.0
-74.166664,5.25,0.0
-74.166664,5.333336,0.0
-74.166664,5.4166718,0.0
-74.166664,5.5,0.0
-74.166664,5.583336,0.0
-74.166664,5.6666718,0.0
-74.166664,5.75,0.0
-74.166664,5.833336,0.0
-74.166664,5.9166718,0.0
-74.166664,6.0,0.0
-74.166664,6.083336,0.0
-74.166664,6.1666718,0.0
-74.166664,6.25,0.0
-74.166664,6.333336,0.0
-74.166664,6.4166718,0.0
-74.166664,6.5,0.0
-74.166664,6.583336,0.0
-74.166664,6.6666718,0.0
-74.166664,6.75,0.0
-74.166664,6.833336,0.0
-74.166664,6.9166718,0.0
-74.166664,7.0,0.0
-74.166664,7.083336,0.0
-74.166664,7.1666718,0.0
-74.166664,7.25,0.0
-74.166664,7.333336,0.0
-74.166664,7.4166718,0.0
-74.166664,7.5,0.0
-74.166664,7.583336,0.0
-74.166664,7.6666718,0.0
-74.166664,7.75,0.0
-74.166664,7.833336,0.0
-74.166664,7.9166718,0.0
-74.166664,8.0,0.0
-74.166664,8.083336,0.0
-74.166664,8.166672,0.0
-74.166664,8.25,0.0
-74.166664,8.333336,0.0
-74.166664,8.416672,0.0
-74.166664,8.5,0.0
-74.166664,8.583336,0.0
-74.166664,8.666672,0.0
-74.166664,8.75,0.0
-74.166664,8.833336,0.0
-74.166664,8.916672,0.0
-74.166664,9.0,0.0
-74.166664,9.083336,0.0
-74.166664,9.166672,0.0
-74.166664,9.25,0.0
-74.166664,9.333336,0.0
-74.166664,9.416672,0.0
-74.166664,9.5,0.0
-74.166664,9.583336,0.0
-74.166664,9.666672,0.0
-74.166664,9.75,0.0
-74.166664,9.833336,0.0
-74.166664,9.916672,0.0
-74.166664,10.0,0.0
-74.166664,10.083336,0.0
-74.166664,10.166672,0.0
-74.166664,10.25,0.0
-74.166664,10.333336,0.0
-74.166664,10.416672,0.0
-74.166664,10.5,0.0
-74.166664,10.583336,0.0
-74.166664,10.666672,0.0
-74.166664,10.75,0.0
-74.166664,10.833336,0.0
-74.166664,10.916672,0.0
-74.166664,11.0,0.0
-74.166664,11.083336,0.0
-74.166664,11.166672,0.0
-74.166664,11.25,0.001354
-74.166664,11.333336,-0.004362
-74.166664,11.416672,-0.00481
-74.166664,11.5,-0.004467
-74.166664,11.583336,-0.003221
-74.166664,11.666672,-0.00249
-74.166664,11.75,-0.006216
-74.166664,11.833336,-0.011291
-74.166664,11.916672,-0.013087
-74.166664,12.0,-0.010105
-74.166664,12.083336,-0.003956
-74.166664,12.166672,0.001929
-74.166664,12.25,0.006479
-74.166664,12.333336,0.012469
-74.166664,12.416672,0.01886
-74.08333,-4.25,0.0
-74.08333,-4.166664,0.0
-74.08333,-4.0833282,0.0
-74.08333,-4.0,0.0
-74.08333,-3.9166641,0.0
-74.08333,-3.8333282,0.0
-74.08333,-3.75,0.0
-74.08333,-3.6666641,0.0
-74.08333,-3.5833282,0.0
-74.08333,-3.5,0.0
-74.08333,-3.4166641,0.0
-74.08333,-3.3333282,0.0
-74.08333,-3.25,0.0
-74.08333,-3.1666641,0.0
-74.08333,-3.0833282,0.0
-74.08333,-3.0,0.0
-74.08333,-2.9166641,0.0
-74.08333,-2.8333282,0.0
-74.08333,-2.75,0.0
-74.08333,-2.6666641,0.0
-74.08333,-2.5833282,0.0
-74.08333,-2.5,0.0
-74.08333,-2.4166641,0.0
-74.08333,-2.3333282,0.0
-74.08333,-2.25,0.0
-74.08333,-2.1666641,0.0
-74.08333,-2.0833282,0.0
-74.08333,-2.0,0.0
-74.08333,-1.9166641,0.0
-74.08333,-1.8333282,0.0
-74.08333,-1.75,0.0
-74.08333,-1.6666641,0.0
-74.08333,-1.5833282,0.0
-74.08333,-1.5,0.0
-74.08333,-1.4166641,0.0
-74.08333,-1.3333282,0.0
-74.08333,-1.25,0.0
-74.08333,-1.1666641,0.0
-74.08333,-1.0833282,0.0
-74.08333,-1.0,0.0
-74.08333,-0.9166641,0.0
-74.08333,-0.83332825,0.0
-74.08333,-0.75,0.0
-74.08333,-0.6666641,0.0
-74.08333,-0.58332825,0.0
-74.08333,-0.5,0.0
-74.08333,-0.41666412,0.0
-74.08333,-0.33332825,0.0
-74.08333,-0.25,0.0
-74.08333,-0.16666412,0.0
-74.08333,-0.08332825,0.0
-74.08333,0.0,0.0
-74.08333,0.08333588,0.0
-74.08333,0.16667175,0.0
-74.08333,0.25,0.0
-74.08333,0.33333588,0.0
-74.08333,0.41667175,0.0
-74.08333,0.5,0.0
-74.08333,0.5833359,0.0
-74.08333,0.66667175,0.0
-74.08333,0.75,0.0
-74.08333,0.8333359,0.0
-74.08333,0.91667175,0.0
-74.08333,1.0,0.0
-74.08333,1.0833359,0.0
-74.08333,1.1666718,0.0
-74.08333,1.25,0.0
-74.08333,1.3333359,0.0
-74.08333,1.4166718,0.0
-74.08333,1.5,0.0
-74.08333,1.5833359,0.0
-74.08333,1.6666718,0.0
-74.08333,1.75,0.0
-74.08333,1.8333359,0.0
-74.08333,1.9166718,0.0
-74.08333,2.0,0.0
-74.08333,2.0833359,0.0
-74.08333,2.1666718,0.0
-74.08333,2.25,0.0
-74.08333,2.3333359,0.0
-74.08333,2.4166718,0.0
-74.08333,2.5,0.0
-74.08333,2.5833359,0.0
-74.08333,2.6666718,0.0
-74.08333,2.75,0.0
-74.08333,2.8333359,0.0
-74.08333,2.9166718,0.0
-74.08333,3.0,0.0
-74.08333,3.0833359,0.0
-74.08333,3.1666718,0.0
-74.08333,3.25,0.0
-74.08333,3.3333359,0.0
-74.08333,3.4166718,0.0
-74.08333,3.5,0.0
-74.08333,3.5833359,0.0
-74.08333,3.6666718,0.0
-74.08333,3.75,0.0
-74.08333,3.8333359,0.0
-74.08333,3.9166718,0.0
-74.08333,4.0,0.0
-74.08333,4.083336,0.0
-74.08333,4.1666718,0.0
-74.08333,4.25,0.0
-74.08333,4.333336,0.0
-74.08333,4.4166718,0.0
-74.08333,4.5,0.0
-74.08333,4.583336,0.0
-74.08333,4.6666718,0.0
-74.08333,4.75,0.0
-74.08333,4.833336,0.0
-74.08333,4.9166718,0.0
-74.08333,5.0,0.0
-74.08333,5.083336,0.0
-74.08333,5.1666718,0.0
-74.08333,5.25,0.0
-74.08333,5.333336,0.0
-74.08333,5.4166718,0.0
-74.08333,5.5,0.0
-74.08333,5.583336,0.0
-74.08333,5.6666718,0.0
-74.08333,5.75,0.0
-74.08333,5.833336,0.0
-74.08333,5.9166718,0.0
-74.08333,6.0,0.0
-74.08333,6.083336,0.0
-74.08333,6.1666718,0.0
-74.08333,6.25,0.0
-74.08333,6.333336,0.0
-74.08333,6.4166718,0.0
-74.08333,6.5,0.0
-74.08333,6.583336,0.0
-74.08333,6.6666718,0.0
-74.08333,6.75,0.0
-74.08333,6.833336,0.0
-74.08333,6.9166718,0.0
-74.08333,7.0,0.0
-74.08333,7.083336,0.0
-74.08333,7.1666718,0.0
-74.08333,7.25,0.0
-74.08333,7.333336,0.0
-74.08333,7.4166718,0.0
-74.08333,7.5,0.0
-74.08333,7.583336,0.0
-74.08333,7.6666718,0.0
-74.08333,7.75,0.0
-74.08333,7.833336,0.0
-74.08333,7.9166718,0.0
-74.08333,8.0,0.0
-74.08333,8.083336,0.0
-74.08333,8.166672,0.0
-74.08333,8.25,0.0
-74.08333,8.333336,0.0
-74.08333,8.416672,0.0
-74.08333,8.5,0.0
-74.08333,8.583336,0.0
-74.08333,8.666672,0.0
-74.08333,8.75,0.0
-74.08333,8.833336,0.0
-74.08333,8.916672,0.0
-74.08333,9.0,0.0
-74.08333,9.083336,0.0
-74.08333,9.166672,0.0
-74.08333,9.25,0.0
-74.08333,9.333336,0.0
-74.08333,9.416672,0.0
-74.08333,9.5,0.0
-74.08333,9.583336,0.0
-74.08333,9.666672,0.0
-74.08333,9.75,0.0
-74.08333,9.833336,0.0
-74.08333,9.916672,0.0
-74.08333,10.0,0.0
-74.08333,10.083336,0.0
-74.08333,10.166672,0.0
-74.08333,10.25,0.0
-74.08333,10.333336,0.0
-74.08333,10.416672,0.0
-74.08333,10.5,0.0
-74.08333,10.583336,0.0
-74.08333,10.666672,0.0
-74.08333,10.75,0.0
-74.08333,10.833336,0.0
-74.08333,10.916672,0.0
-74.08333,11.0,0.0
-74.08333,11.083336,0.0
-74.08333,11.166672,0.0
-74.08333,11.25,0.0
-74.08333,11.333336,-0.01056
-74.08333,11.416672,-0.011273
-74.08333,11.5,-0.008005
-74.08333,11.583336,-0.005552
-74.08333,11.666672,-0.004795
-74.08333,11.75,-0.008694
-74.08333,11.833336,-0.014365
-74.08333,11.916672,-0.0169
-74.08333,12.0,-0.015144
-74.08333,12.083336,-0.009859
-74.08333,12.166672,-0.003436
-74.08333,12.25,0.00205
-74.08333,12.333336,0.007724
-74.08333,12.416672,0.012408
-74.0,-4.25,0.0
-74.0,-4.166664,0.0
-74.0,-4.0833282,0.0
-74.0,-4.0,0.0
-74.0,-3.9166641,0.0
-74.0,-3.8333282,0.0
-74.0,-3.75,0.0
-74.0,-3.6666641,0.0
-74.0,-3.5833282,0.0
-74.0,-3.5,0.0
-74.0,-3.4166641,0.0
-74.0,-3.3333282,0.0
-74.0,-3.25,0.0
-74.0,-3.1666641,0.0
-74.0,-3.0833282,0.0
-74.0,-3.0,0.0
-74.0,-2.9166641,0.0
-74.0,-2.8333282,0.0
-74.0,-2.75,0.0
-74.0,-2.6666641,0.0
-74.0,-2.5833282,0.0
-74.0,-2.5,0.0
-74.0,-2.4166641,0.0
-74.0,-2.3333282,0.0
-74.0,-2.25,0.0
-74.0,-2.1666641,0.0
-74.0,-2.0833282,0.0
-74.0,-2.0,0.0
-74.0,-1.9166641,0.0
-74.0,-1.8333282,0.0
-74.0,-1.75,0.0
-74.0,-1.6666641,0.0
-74.0,-1.5833282,0.0
-74.0,-1.5,0.0
-74.0,-1.4166641,0.0
-74.0,-1.3333282,0.0
-74.0,-1.25,0.0
-74.0,-1.1666641,0.0
-74.0,-1.0833282,0.0
-74.0,-1.0,0.0
-74.0,-0.9166641,0.0
-74.0,-0.83332825,0.0
-74.0,-0.75,0.0
-74.0,-0.6666641,0.0
-74.0,-0.58332825,0.0
-74.0,-0.5,0.0
-74.0,-0.41666412,0.0
-74.0,-0.33332825,0.0
-74.0,-0.25,0.0
-74.0,-0.16666412,0.0
-74.0,-0.08332825,0.0
-74.0,0.0,0.0
-74.0,0.08333588,0.0
-74.0,0.16667175,0.0
-74.0,0.25,0.0
-74.0,0.33333588,0.0
-74.0,0.41667175,0.0
-74.0,0.5,0.0
-74.0,0.5833359,0.0
-74.0,0.66667175,0.0
-74.0,0.75,0.0
-74.0,0.8333359,0.0
-74.0,0.91667175,0.0
-74.0,1.0,0.0
-74.0,1.0833359,0.0
-74.0,1.1666718,0.0
-74.0,1.25,0.0
-74.0,1.3333359,0.0
-74.0,1.4166718,0.0
-74.0,1.5,0.0
-74.0,1.5833359,0.0
-74.0,1.6666718,0.0
-74.0,1.75,0.0
-74.0,1.8333359,0.0
-74.0,1.9166718,0.0
-74.0,2.0,0.0
-74.0,2.0833359,0.0
-74.0,2.1666718,0.0
-74.0,2.25,0.0
-74.0,2.3333359,0.0
-74.0,2.4166718,0.0
-74.0,2.5,0.0
-74.0,2.5833359,0.0
-74.0,2.6666718,0.0
-74.0,2.75,0.0
-74.0,2.8333359,0.0
-74.0,2.9166718,0.0
-74.0,3.0,0.0
-74.0,3.0833359,0.0
-74.0,3.1666718,0.0
-74.0,3.25,0.0
-74.0,3.3333359,0.0
-74.0,3.4166718,0.0
-74.0,3.5,0.0
-74.0,3.5833359,0.0
-74.0,3.6666718,0.0
-74.0,3.75,0.0
-74.0,3.8333359,0.0
-74.0,3.9166718,0.0
-74.0,4.0,0.0
-74.0,4.083336,0.0
-74.0,4.1666718,0.0
-74.0,4.25,0.0
-74.0,4.333336,0.0
-74.0,4.4166718,0.0
-74.0,4.5,0.0
-74.0,4.583336,0.0
-74.0,4.6666718,0.0
-74.0,4.75,0.0
-74.0,4.833336,0.0
-74.0,4.9166718,0.0
-74.0,5.0,0.0
-74.0,5.083336,0.0
-74.0,5.1666718,0.0
-74.0,5.25,0.0
-74.0,5.333336,0.0
-74.0,5.4166718,0.0
-74.0,5.5,0.0
-74.0,5.583336,0.0
-74.0,5.6666718,0.0
-74.0,5.75,0.0
-74.0,5.833336,0.0
-74.0,5.9166718,0.0
-74.0,6.0,0.0
-74.0,6.083336,0.0
-74.0,6.1666718,0.0
-74.0,6.25,0.0
-74.0,6.333336,0.0
-74.0,6.4166718,0.0
-74.0,6.5,0.0
-74.0,6.583336,0.0
-74.0,6.6666718,0.0
-74.0,6.75,0.0
-74.0,6.833336,0.0
-74.0,6.9166718,0.0
-74.0,7.0,0.0
-74.0,7.083336,0.0
-74.0,7.1666718,0.0
-74.0,7.25,0.0
-74.0,7.333336,0.0
-74.0,7.4166718,0.0
-74.0,7.5,0.0
-74.0,7.583336,0.0
-74.0,7.6666718,0.0
-74.0,7.75,0.0
-74.0,7.833336,0.0
-74.0,7.9166718,0.0
-74.0,8.0,0.0
-74.0,8.083336,0.0
-74.0,8.166672,0.0
-74.0,8.25,0.0
-74.0,8.333336,0.0
-74.0,8.416672,0.0
-74.0,8.5,0.0
-74.0,8.583336,0.0
-74.0,8.666672,0.0
-74.0,8.75,0.0
-74.0,8.833336,0.0
-74.0,8.916672,0.0
-74.0,9.0,0.0
-74.0,9.083336,0.0
-74.0,9.166672,0.0
-74.0,9.25,0.0
-74.0,9.333336,0.0
-74.0,9.416672,0.0
-74.0,9.5,0.0
-74.0,9.583336,0.0
-74.0,9.666672,0.0
-74.0,9.75,0.0
-74.0,9.833336,0.0
-74.0,9.916672,0.0
-74.0,10.0,0.0
-74.0,10.083336,0.0
-74.0,10.166672,0.0
-74.0,10.25,0.0
-74.0,10.333336,0.0
-74.0,10.416672,0.0
-74.0,10.5,0.0
-74.0,10.583336,0.0
-74.0,10.666672,0.0
-74.0,10.75,0.0
-74.0,10.833336,0.0
-74.0,10.916672,0.0
-74.0,11.0,0.0
-74.0,11.083336,0.0
-74.0,11.166672,0.0
-74.0,11.25,0.0
-74.0,11.333336,-0.013958
-74.0,11.416672,-0.014007
-74.0,11.5,-0.009816
-74.0,11.583336,-0.006819
-74.0,11.666672,-0.00635
-74.0,11.75,-0.010831
-74.0,11.833336,-0.017304
-74.0,11.916672,-0.020337
-74.0,12.0,-0.019397
-74.0,12.083336,-0.015233
-74.0,12.166672,-0.009066
-74.0,12.25,-0.002023
-74.0,12.333336,0.004179
-74.0,12.416672,0.008283
-73.916664,-4.25,0.0
-73.916664,-4.166664,0.0
-73.916664,-4.0833282,0.0
-73.916664,-4.0,0.0
-73.916664,-3.9166641,0.0
-73.916664,-3.8333282,0.0
-73.916664,-3.75,0.0
-73.916664,-3.6666641,0.0
-73.916664,-3.5833282,0.0
-73.916664,-3.5,0.0
-73.916664,-3.4166641,0.0
-73.916664,-3.3333282,0.0
-73.916664,-3.25,0.0
-73.916664,-3.1666641,0.0
-73.916664,-3.0833282,0.0
-73.916664,-3.0,0.0
-73.916664,-2.9166641,0.0
-73.916664,-2.8333282,0.0
-73.916664,-2.75,0.0
-73.916664,-2.6666641,0.0
-73.916664,-2.5833282,0.0
-73.916664,-2.5,0.0
-73.916664,-2.4166641,0.0
-73.916664,-2.3333282,0.0
-73.916664,-2.25,0.0
-73.916664,-2.1666641,0.0
-73.916664,-2.0833282,0.0
-73.916664,-2.0,0.0
-73.916664,-1.9166641,0.0
-73.916664,-1.8333282,0.0
-73.916664,-1.75,0.0
-73.916664,-1.6666641,0.0
-73.916664,-1.5833282,0.0
-73.916664,-1.5,0.0
-73.916664,-1.4166641,0.0
-73.916664,-1.3333282,0.0
-73.916664,-1.25,0.0
-73.916664,-1.1666641,0.0
-73.916664,-1.0833282,0.0
-73.916664,-1.0,0.0
-73.916664,-0.9166641,0.0
-73.916664,-0.83332825,0.0
-73.916664,-0.75,0.0
-73.916664,-0.6666641,0.0
-73.916664,-0.58332825,0.0
-73.916664,-0.5,0.0
-73.916664,-0.41666412,0.0
-73.916664,-0.33332825,0.0
-73.916664,-0.25,0.0
-73.916664,-0.16666412,0.0
-73.916664,-0.08332825,0.0
-73.916664,0.0,0.0
-73.916664,0.08333588,0.0
-73.916664,0.16667175,0.0
-73.916664,0.25,0.0
-73.916664,0.33333588,0.0
-73.916664,0.41667175,0.0
-73.916664,0.5,0.0
-73.916664,0.5833359,0.0
-73.916664,0.66667175,0.0
-73.916664,0.75,0.0
-73.916664,0.8333359,0.0
-73.916664,0.91667175,0.0
-73.916664,1.0,0.0
-73.916664,1.0833359,0.0
-73.916664,1.1666718,0.0
-73.916664,1.25,0.0
-73.916664,1.3333359,0.0
-73.916664,1.4166718,0.0
-73.916664,1.5,0.0
-73.916664,1.5833359,0.0
-73.916664,1.6666718,0.0
-73.916664,1.75,0.0
-73.916664,1.8333359,0.0
-73.916664,1.9166718,0.0
-73.916664,2.0,0.0
-73.916664,2.0833359,0.0
-73.916664,2.1666718,0.0
-73.916664,2.25,0.0
-73.916664,2.3333359,0.0
-73.916664,2.4166718,0.0
-73.916664,2.5,0.0
-73.916664,2.5833359,0.0
-73.916664,2.6666718,0.0
-73.916664,2.75,0.0
-73.916664,2.8333359,0.0
-73.916664,2.9166718,0.0
-73.916664,3.0,0.0
-73.916664,3.0833359,0.0
-73.916664,3.1666718,0.0
-73.916664,3.25,0.0
-73.916664,3.3333359,0.0
-73.916664,3.4166718,0.0
-73.916664,3.5,0.0
-73.916664,3.5833359,0.0
-73.916664,3.6666718,0.0
-73.916664,3.75,0.0
-73.916664,3.8333359,0.0
-73.916664,3.9166718,0.0
-73.916664,4.0,0.0
-73.916664,4.083336,0.0
-73.916664,4.1666718,0.0
-73.916664,4.25,0.0
-73.916664,4.333336,0.0
-73.916664,4.4166718,0.0
-73.916664,4.5,0.0
-73.916664,4.583336,0.0
-73.916664,4.6666718,0.0
-73.916664,4.75,0.0
-73.916664,4.833336,0.0
-73.916664,4.9166718,0.0
-73.916664,5.0,0.0
-73.916664,5.083336,0.0
-73.916664,5.1666718,0.0
-73.916664,5.25,0.0
-73.916664,5.333336,0.0
-73.916664,5.4166718,0.0
-73.916664,5.5,0.0
-73.916664,5.583336,0.0
-73.916664,5.6666718,0.0
-73.916664,5.75,0.0
-73.916664,5.833336,0.0
-73.916664,5.9166718,0.0
-73.916664,6.0,0.0
-73.916664,6.083336,0.0
-73.916664,6.1666718,0.0
-73.916664,6.25,0.0
-73.916664,6.333336,0.0
-73.916664,6.4166718,0.0
-73.916664,6.5,0.0
-73.916664,6.583336,0.0
-73.916664,6.6666718,0.0
-73.916664,6.75,0.0
-73.916664,6.833336,0.0
-73.916664,6.9166718,0.0
-73.916664,7.0,0.0
-73.916664,7.083336,0.0
-73.916664,7.1666718,0.0
-73.916664,7.25,0.0
-73.916664,7.333336,0.0
-73.916664,7.4166718,0.0
-73.916664,7.5,0.0
-73.916664,7.583336,0.0
-73.916664,7.6666718,0.0
-73.916664,7.75,0.0
-73.916664,7.833336,0.0
-73.916664,7.9166718,0.0
-73.916664,8.0,0.0
-73.916664,8.083336,0.0
-73.916664,8.166672,0.0
-73.916664,8.25,0.0
-73.916664,8.333336,0.0
-73.916664,8.416672,0.0
-73.916664,8.5,0.0
-73.916664,8.583336,0.0
-73.916664,8.666672,0.0
-73.916664,8.75,0.0
-73.916664,8.833336,0.0
-73.916664,8.916672,0.0
-73.916664,9.0,0.0
-73.916664,9.083336,0.0
-73.916664,9.166672,0.0
-73.916664,9.25,0.0
-73.916664,9.333336,0.0
-73.916664,9.416672,0.0
-73.916664,9.5,0.0
-73.916664,9.583336,0.0
-73.916664,9.666672,0.0
-73.916664,9.75,0.0
-73.916664,9.833336,0.0
-73.916664,9.916672,0.0
-73.916664,10.0,0.0
-73.916664,10.083336,0.0
-73.916664,10.166672,0.0
-73.916664,10.25,0.0
-73.916664,10.333336,0.0
-73.916664,10.416672,0.0
-73.916664,10.5,0.0
-73.916664,10.583336,0.0
-73.916664,10.666672,0.0
-73.916664,10.75,0.0
-73.916664,10.833336,0.0
-73.916664,10.916672,0.0
-73.916664,11.0,0.0
-73.916664,11.083336,0.0
-73.916664,11.166672,0.0
-73.916664,11.25,0.0
-73.916664,11.333336,-0.01626
-73.916664,11.416672,-0.014019
-73.916664,11.5,-0.01028
-73.916664,11.583336,-0.006963
-73.916664,11.666672,-0.007999
-73.916664,11.75,-0.013851
-73.916664,11.833336,-0.020423
-73.916664,11.916672,-0.023137
-73.916664,12.0,-0.022469
-73.916664,12.083336,-0.018969
-73.916664,12.166672,-0.014068
-73.916664,12.25,-0.006905
-73.916664,12.333336,0.000132
-73.916664,12.416672,0.004101
-73.83333,-4.25,0.0
-73.83333,-4.166664,0.0
-73.83333,-4.0833282,0.0
-73.83333,-4.0,0.0
-73.83333,-3.9166641,0.0
-73.83333,-3.8333282,0.0
-73.83333,-3.75,0.0
-73.83333,-3.6666641,0.0
-73.83333,-3.5833282,0.0
-73.83333,-3.5,0.0
-73.83333,-3.4166641,0.0
-73.83333,-3.3333282,0.0
-73.83333,-3.25,0.0
-73.83333,-3.1666641,0.0
-73.83333,-3.0833282,0.0
-73.83333,-3.0,0.0
-73.83333,-2.9166641,0.0
-73.83333,-2.8333282,0.0
-73.83333,-2.75,0.0
-73.83333,-2.6666641,0.0
-73.83333,-2.5833282,0.0
-73.83333,-2.5,0.0
-73.83333,-2.4166641,0.0
-73.83333,-2.3333282,0.0
-73.83333,-2.25,0.0
-73.83333,-2.1666641,0.0
-73.83333,-2.0833282,0.0
-73.83333,-2.0,0.0
-73.83333,-1.9166641,0.0
-73.83333,-1.8333282,0.0
-73.83333,-1.75,0.0
-73.83333,-1.6666641,0.0
-73.83333,-1.5833282,0.0
-73.83333,-1.5,0.0
-73.83333,-1.4166641,0.0
-73.83333,-1.3333282,0.0
-73.83333,-1.25,0.0
-73.83333,-1.1666641,0.0
-73.83333,-1.0833282,0.0
-73.83333,-1.0,0.0
-73.83333,-0.9166641,0.0
-73.83333,-0.83332825,0.0
-73.83333,-0.75,0.0
-73.83333,-0.6666641,0.0
-73.83333,-0.58332825,0.0
-73.83333,-0.5,0.0
-73.83333,-0.41666412,0.0
-73.83333,-0.33332825,0.0
-73.83333,-0.25,0.0
-73.83333,-0.16666412,0.0
-73.83333,-0.08332825,0.0
-73.83333,0.0,0.0
-73.83333,0.08333588,0.0
-73.83333,0.16667175,0.0
-73.83333,0.25,0.0
-73.83333,0.33333588,0.0
-73.83333,0.41667175,0.0
-73.83333,0.5,0.0
-73.83333,0.5833359,0.0
-73.83333,0.66667175,0.0
-73.83333,0.75,0.0
-73.83333,0.8333359,0.0
-73.83333,0.91667175,0.0
-73.83333,1.0,0.0
-73.83333,1.0833359,0.0
-73.83333,1.1666718,0.0
-73.83333,1.25,0.0
-73.83333,1.3333359,0.0
-73.83333,1.4166718,0.0
-73.83333,1.5,0.0
-73.83333,1.5833359,0.0
-73.83333,1.6666718,0.0
-73.83333,1.75,0.0
-73.83333,1.8333359,0.0
-73.83333,1.9166718,0.0
-73.83333,2.0,0.0
-73.83333,2.0833359,0.0
-73.83333,2.1666718,0.0
-73.83333,2.25,0.0
-73.83333,2.3333359,0.0
-73.83333,2.4166718,0.0
-73.83333,2.5,0.0
-73.83333,2.5833359,0.0
-73.83333,2.6666718,0.0
-73.83333,2.75,0.0
-73.83333,2.8333359,0.0
-73.83333,2.9166718,0.0
-73.83333,3.0,0.0
-73.83333,3.0833359,0.0
-73.83333,3.1666718,0.0
-73.83333,3.25,0.0
-73.83333,3.3333359,0.0
-73.83333,3.4166718,0.0
-73.83333,3.5,0.0
-73.83333,3.5833359,0.0
-73.83333,3.6666718,0.0
-73.83333,3.75,0.0
-73.83333,3.8333359,0.0
-73.83333,3.9166718,0.0
-73.83333,4.0,0.0
-73.83333,4.083336,0.0
-73.83333,4.1666718,0.0
-73.83333,4.25,0.0
-73.83333,4.333336,0.0
-73.83333,4.4166718,0.0
-73.83333,4.5,0.0
-73.83333,4.583336,0.0
-73.83333,4.6666718,0.0
-73.83333,4.75,0.0
-73.83333,4.833336,0.0
-73.83333,4.9166718,0.0
-73.83333,5.0,0.0
-73.83333,5.083336,0.0
-73.83333,5.1666718,0.0
-73.83333,5.25,0.0
-73.83333,5.333336,0.0
-73.83333,5.4166718,0.0
-73.83333,5.5,0.0
-73.83333,5.583336,0.0
-73.83333,5.6666718,0.0
-73.83333,5.75,0.0
-73.83333,5.833336,0.0
-73.83333,5.9166718,0.0
-73.83333,6.0,0.0
-73.83333,6.083336,0.0
-73.83333,6.1666718,0.0
-73.83333,6.25,0.0
-73.83333,6.333336,0.0
-73.83333,6.4166718,0.0
-73.83333,6.5,0.0
-73.83333,6.583336,0.0
-73.83333,6.6666718,0.0
-73.83333,6.75,0.0
-73.83333,6.833336,0.0
-73.83333,6.9166718,0.0
-73.83333,7.0,0.0
-73.83333,7.083336,0.0
-73.83333,7.1666718,0.0
-73.83333,7.25,0.0
-73.83333,7.333336,0.0
-73.83333,7.4166718,0.0
-73.83333,7.5,0.0
-73.83333,7.583336,0.0
-73.83333,7.6666718,0.0
-73.83333,7.75,0.0
-73.83333,7.833336,0.0
-73.83333,7.9166718,0.0
-73.83333,8.0,0.0
-73.83333,8.083336,0.0
-73.83333,8.166672,0.0
-73.83333,8.25,0.0
-73.83333,8.333336,0.0
-73.83333,8.416672,0.0
-73.83333,8.5,0.0
-73.83333,8.583336,0.0
-73.83333,8.666672,0.0
-73.83333,8.75,0.0
-73.83333,8.833336,0.0
-73.83333,8.916672,0.0
-73.83333,9.0,0.0
-73.83333,9.083336,0.0
-73.83333,9.166672,0.0
-73.83333,9.25,0.0
-73.83333,9.333336,0.0
-73.83333,9.416672,0.0
-73.83333,9.5,0.0
-73.83333,9.583336,0.0
-73.83333,9.666672,0.0
-73.83333,9.75,0.0
-73.83333,9.833336,0.0
-73.83333,9.916672,0.0
-73.83333,10.0,0.0
-73.83333,10.083336,0.0
-73.83333,10.166672,0.0
-73.83333,10.25,0.0
-73.83333,10.333336,0.0
-73.83333,10.416672,0.0
-73.83333,10.5,0.0
-73.83333,10.583336,0.0
-73.83333,10.666672,0.0
-73.83333,10.75,0.0
-73.83333,10.833336,0.0
-73.83333,10.916672,0.0
-73.83333,11.0,0.0
-73.83333,11.083336,0.0
-73.83333,11.166672,0.0
-73.83333,11.25,-0.016307
-73.83333,11.333336,-0.01723
-73.83333,11.416672,-0.015
-73.83333,11.5,-0.011939
-73.83333,11.583336,-0.008867
-73.83333,11.666672,-0.011497
-73.83333,11.75,-0.018511
-73.83333,11.833336,-0.022725
-73.83333,11.916672,-0.024518
-73.83333,12.0,-0.02408
-73.83333,12.083336,-0.020734
-73.83333,12.166672,-0.016476
-73.83333,12.25,-0.010933
-73.83333,12.333336,-0.003735
-73.83333,12.416672,0.000184
-73.75,-4.25,0.0
-73.75,-4.166664,0.0
-73.75,-4.0833282,0.0
-73.75,-4.0,0.0
-73.75,-3.9166641,0.0
-73.75,-3.8333282,0.0
-73.75,-3.75,0.0
-73.75,-3.6666641,0.0
-73.75,-3.5833282,0.0
-73.75,-3.5,0.0
-73.75,-3.4166641,0.0
-73.75,-3.3333282,0.0
-73.75,-3.25,0.0
-73.75,-3.1666641,0.0
-73.75,-3.0833282,0.0
-73.75,-3.0,0.0
-73.75,-2.9166641,0.0
-73.75,-2.8333282,0.0
-73.75,-2.75,0.0
-73.75,-2.6666641,0.0
-73.75,-2.5833282,0.0
-73.75,-2.5,0.0
-73.75,-2.4166641,0.0
-73.75,-2.3333282,0.0
-73.75,-2.25,0.0
-73.75,-2.1666641,0.0
-73.75,-2.0833282,0.0
-73.75,-2.0,0.0
-73.75,-1.9166641,0.0
-73.75,-1.8333282,0.0
-73.75,-1.75,0.0
-73.75,-1.6666641,0.0
-73.75,-1.5833282,0.0
-73.75,-1.5,0.0
-73.75,-1.4166641,0.0
-73.75,-1.3333282,0.0
-73.75,-1.25,0.0
-73.75,-1.1666641,0.0
-73.75,-1.0833282,0.0
-73.75,-1.0,0.0
-73.75,-0.9166641,0.0
-73.75,-0.83332825,0.0
-73.75,-0.75,0.0
-73.75,-0.6666641,0.0
-73.75,-0.58332825,0.0
-73.75,-0.5,0.0
-73.75,-0.41666412,0.0
-73.75,-0.33332825,0.0
-73.75,-0.25,0.0
-73.75,-0.16666412,0.0
-73.75,-0.08332825,0.0
-73.75,0.0,0.0
-73.75,0.08333588,0.0
-73.75,0.16667175,0.0
-73.75,0.25,0.0
-73.75,0.33333588,0.0
-73.75,0.41667175,0.0
-73.75,0.5,0.0
-73.75,0.5833359,0.0
-73.75,0.66667175,0.0
-73.75,0.75,0.0
-73.75,0.8333359,0.0
-73.75,0.91667175,0.0
-73.75,1.0,0.0
-73.75,1.0833359,0.0
-73.75,1.1666718,0.0
-73.75,1.25,0.0
-73.75,1.3333359,0.0
-73.75,1.4166718,0.0
-73.75,1.5,0.0
-73.75,1.5833359,0.0
-73.75,1.6666718,0.0
-73.75,1.75,0.0
-73.75,1.8333359,0.0
-73.75,1.9166718,0.0
-73.75,2.0,0.0
-73.75,2.0833359,0.0
-73.75,2.1666718,0.0
-73.75,2.25,0.0
-73.75,2.3333359,0.0
-73.75,2.4166718,0.0
-73.75,2.5,0.0
-73.75,2.5833359,0.0
-73.75,2.6666718,0.0
-73.75,2.75,0.0
-73.75,2.8333359,0.0
-73.75,2.9166718,0.0
-73.75,3.0,0.0
-73.75,3.0833359,0.0
-73.75,3.1666718,0.0
-73.75,3.25,0.0
-73.75,3.3333359,0.0
-73.75,3.4166718,0.0
-73.75,3.5,0.0
-73.75,3.5833359,0.0
-73.75,3.6666718,0.0
-73.75,3.75,0.0
-73.75,3.8333359,0.0
-73.75,3.9166718,0.0
-73.75,4.0,0.0
-73.75,4.083336,0.0
-73.75,4.1666718,0.0
-73.75,4.25,0.0
-73.75,4.333336,0.0
-73.75,4.4166718,0.0
-73.75,4.5,0.0
-73.75,4.583336,0.0
-73.75,4.6666718,0.0
-73.75,4.75,0.0
-73.75,4.833336,0.0
-73.75,4.9166718,0.0
-73.75,5.0,0.0
-73.75,5.083336,0.0
-73.75,5.1666718,0.0
-73.75,5.25,0.0
-73.75,5.333336,0.0
-73.75,5.4166718,0.0
-73.75,5.5,0.0
-73.75,5.583336,0.0
-73.75,5.6666718,0.0
-73.75,5.75,0.0
-73.75,5.833336,0.0
-73.75,5.9166718,0.0
-73.75,6.0,0.0
-73.75,6.083336,0.0
-73.75,6.1666718,0.0
-73.75,6.25,0.0
-73.75,6.333336,0.0
-73.75,6.4166718,0.0
-73.75,6.5,0.0
-73.75,6.583336,0.0
-73.75,6.6666718,0.0
-73.75,6.75,0.0
-73.75,6.833336,0.0
-73.75,6.9166718,0.0
-73.75,7.0,0.0
-73.75,7.083336,0.0
-73.75,7.1666718,0.0
-73.75,7.25,0.0
-73.75,7.333336,0.0
-73.75,7.4166718,0.0
-73.75,7.5,0.0
-73.75,7.583336,0.0
-73.75,7.6666718,0.0
-73.75,7.75,0.0
-73.75,7.833336,0.0
-73.75,7.9166718,0.0
-73.75,8.0,0.0
-73.75,8.083336,0.0
-73.75,8.166672,0.0
-73.75,8.25,0.0
-73.75,8.333336,0.0
-73.75,8.416672,0.0
-73.75,8.5,0.0
-73.75,8.583336,0.0
-73.75,8.666672,0.0
-73.75,8.75,0.0
-73.75,8.833336,0.0
-73.75,8.916672,0.0
-73.75,9.0,0.0
-73.75,9.083336,0.0
-73.75,9.166672,0.0
-73.75,9.25,0.0
-73.75,9.333336,0.0
-73.75,9.416672,0.0
-73.75,9.5,0.0
-73.75,9.583336,0.0
-73.75,9.666672,0.0
-73.75,9.75,0.0
-73.75,9.833336,0.0
-73.75,9.916672,0.0
-73.75,10.0,0.0
-73.75,10.083336,0.0
-73.75,10.166672,0.0
-73.75,10.25,0.0
-73.75,10.333336,0.0
-73.75,10.416672,0.0
-73.75,10.5,0.0
-73.75,10.583336,0.0
-73.75,10.666672,0.0
-73.75,10.75,0.0
-73.75,10.833336,0.0
-73.75,10.916672,0.0
-73.75,11.0,0.0
-73.75,11.083336,0.0
-73.75,11.166672,0.0
-73.75,11.25,-0.015621
-73.75,11.333336,-0.016502
-73.75,11.416672,-0.01631
-73.75,11.5,-0.014412
-73.75,11.583336,-0.012869
-73.75,11.666672,-0.016597
-73.75,11.75,-0.021936
-73.75,11.833336,-0.023223
-73.75,11.916672,-0.024093
-73.75,12.0,-0.023772
-73.75,12.083336,-0.020429
-73.75,12.166672,-0.016446
-73.75,12.25,-0.012623
-73.75,12.333336,-0.006562
-73.75,12.416672,-0.003108
-73.666664,-4.25,0.0
-73.666664,-4.166664,0.0
-73.666664,-4.0833282,0.0
-73.666664,-4.0,0.0
-73.666664,-3.9166641,0.0
-73.666664,-3.8333282,0.0
-73.666664,-3.75,0.0
-73.666664,-3.6666641,0.0
-73.666664,-3.5833282,0.0
-73.666664,-3.5,0.0
-73.666664,-3.4166641,0.0
-73.666664,-3.3333282,0.0
-73.666664,-3.25,0.0
-73.666664,-3.1666641,0.0
-73.666664,-3.0833282,0.0
-73.666664,-3.0,0.0
-73.666664,-2.9166641,0.0
-73.666664,-2.8333282,0.0
-73.666664,-2.75,0.0
-73.666664,-2.6666641,0.0
-73.666664,-2.5833282,0.0
-73.666664,-2.5,0.0
-73.666664,-2.4166641,0.0
-73.666664,-2.3333282,0.0
-73.666664,-2.25,0.0
-73.666664,-2.1666641,0.0
-73.666664,-2.0833282,0.0
-73.666664,-2.0,0.0
-73.666664,-1.9166641,0.0
-73.666664,-1.8333282,0.0
-73.666664,-1.75,0.0
-73.666664,-1.6666641,0.0
-73.666664,-1.5833282,0.0
-73.666664,-1.5,0.0
-73.666664,-1.4166641,0.0
-73.666664,-1.3333282,0.0
-73.666664,-1.25,0.0
-73.666664,-1.1666641,0.0
-73.666664,-1.0833282,0.0
-73.666664,-1.0,0.0
-73.666664,-0.9166641,0.0
-73.666664,-0.83332825,0.0
-73.666664,-0.75,0.0
-73.666664,-0.6666641,0.0
-73.666664,-0.58332825,0.0
-73.666664,-0.5,0.0
-73.666664,-0.41666412,0.0
-73.666664,-0.33332825,0.0
-73.666664,-0.25,0.0
-73.666664,-0.16666412,0.0
-73.666664,-0.08332825,0.0
-73.666664,0.0,0.0
-73.666664,0.08333588,0.0
-73.666664,0.16667175,0.0
-73.666664,0.25,0.0
-73.666664,0.33333588,0.0
-73.666664,0.41667175,0.0
-73.666664,0.5,0.0
-73.666664,0.5833359,0.0
-73.666664,0.66667175,0.0
-73.666664,0.75,0.0
-73.666664,0.8333359,0.0
-73.666664,0.91667175,0.0
-73.666664,1.0,0.0
-73.666664,1.0833359,0.0
-73.666664,1.1666718,0.0
-73.666664,1.25,0.0
-73.666664,1.3333359,0.0
-73.666664,1.4166718,0.0
-73.666664,1.5,0.0
-73.666664,1.5833359,0.0
-73.666664,1.6666718,0.0
-73.666664,1.75,0.0
-73.666664,1.8333359,0.0
-73.666664,1.9166718,0.0
-73.666664,2.0,0.0
-73.666664,2.0833359,0.0
-73.666664,2.1666718,0.0
-73.666664,2.25,0.0
-73.666664,2.3333359,0.0
-73.666664,2.4166718,0.0
-73.666664,2.5,0.0
-73.666664,2.5833359,0.0
-73.666664,2.6666718,0.0
-73.666664,2.75,0.0
-73.666664,2.8333359,0.0
-73.666664,2.9166718,0.0
-73.666664,3.0,0.0
-73.666664,3.0833359,0.0
-73.666664,3.1666718,0.0
-73.666664,3.25,0.0
-73.666664,3.3333359,0.0
-73.666664,3.4166718,0.0
-73.666664,3.5,0.0
-73.666664,3.5833359,0.0
-73.666664,3.6666718,0.0
-73.666664,3.75,0.0
-73.666664,3.8333359,0.0
-73.666664,3.9166718,0.0
-73.666664,4.0,0.0
-73.666664,4.083336,0.0
-73.666664,4.1666718,0.0
-73.666664,4.25,0.0
-73.666664,4.333336,0.0
-73.666664,4.4166718,0.0
-73.666664,4.5,0.0
-73.666664,4.583336,0.0
-73.666664,4.6666718,0.0
-73.666664,4.75,0.0
-73.666664,4.833336,0.0
-73.666664,4.9166718,0.0
-73.666664,5.0,0.0
-73.666664,5.083336,0.0
-73.666664,5.1666718,0.0
-73.666664,5.25,0.0
-73.666664,5.333336,0.0
-73.666664,5.4166718,0.0
-73.666664,5.5,0.0
-73.666664,5.583336,0.0
-73.666664,5.6666718,0.0
-73.666664,5.75,0.0
-73.666664,5.833336,0.0
-73.666664,5.9166718,0.0
-73.666664,6.0,0.0
-73.666664,6.083336,0.0
-73.666664,6.1666718,0.0
-73.666664,6.25,0.0
-73.666664,6.333336,0.0
-73.666664,6.4166718,0.0
-73.666664,6.5,0.0
-73.666664,6.583336,0.0
-73.666664,6.6666718,0.0
-73.666664,6.75,0.0
-73.666664,6.833336,0.0
-73.666664,6.9166718,0.0
-73.666664,7.0,0.0
-73.666664,7.083336,0.0
-73.666664,7.1666718,0.0
-73.666664,7.25,0.0
-73.666664,7.333336,0.0
-73.666664,7.4166718,0.0
-73.666664,7.5,0.0
-73.666664,7.583336,0.0
-73.666664,7.6666718,0.0
-73.666664,7.75,0.0
-73.666664,7.833336,0.0
-73.666664,7.9166718,0.0
-73.666664,8.0,0.0
-73.666664,8.083336,0.0
-73.666664,8.166672,0.0
-73.666664,8.25,0.0
-73.666664,8.333336,0.0
-73.666664,8.416672,0.0
-73.666664,8.5,0.0
-73.666664,8.583336,0.0
-73.666664,8.666672,0.0
-73.666664,8.75,0.0
-73.666664,8.833336,0.0
-73.666664,8.916672,0.0
-73.666664,9.0,0.0
-73.666664,9.083336,0.0
-73.666664,9.166672,0.0
-73.666664,9.25,0.0
-73.666664,9.333336,0.0
-73.666664,9.416672,0.0
-73.666664,9.5,0.0
-73.666664,9.583336,0.0
-73.666664,9.666672,0.0
-73.666664,9.75,0.0
-73.666664,9.833336,0.0
-73.666664,9.916672,0.0
-73.666664,10.0,0.0
-73.666664,10.083336,0.0
-73.666664,10.166672,0.0
-73.666664,10.25,0.0
-73.666664,10.333336,0.0
-73.666664,10.416672,0.0
-73.666664,10.5,0.0
-73.666664,10.583336,0.0
-73.666664,10.666672,0.0
-73.666664,10.75,0.0
-73.666664,10.833336,0.0
-73.666664,10.916672,0.0
-73.666664,11.0,0.0
-73.666664,11.083336,0.0
-73.666664,11.166672,0.0
-73.666664,11.25,-0.018844
-73.666664,11.333336,-0.019148
-73.666664,11.416672,-0.017928
-73.666664,11.5,-0.016079
-73.666664,11.583336,-0.016343
-73.666664,11.666672,-0.019406
-73.666664,11.75,-0.021445
-73.666664,11.833336,-0.021509
-73.666664,11.916672,-0.022921
-73.666664,12.0,-0.021505
-73.666664,12.083336,-0.018205
-73.666664,12.166672,-0.015216
-73.666664,12.25,-0.012981
-73.666664,12.333336,-0.008809
-73.666664,12.416672,-0.006431
-73.58333,-4.25,0.0
-73.58333,-4.166664,0.0
-73.58333,-4.0833282,0.0
-73.58333,-4.0,0.0
-73.58333,-3.9166641,0.0
-73.58333,-3.8333282,0.0
-73.58333,-3.75,0.0
-73.58333,-3.6666641,0.0
-73.58333,-3.5833282,0.0
-73.58333,-3.5,0.0
-73.58333,-3.4166641,0.0
-73.58333,-3.3333282,0.0
-73.58333,-3.25,0.0
-73.58333,-3.1666641,0.0
-73.58333,-3.0833282,0.0
-73.58333,-3.0,0.0
-73.58333,-2.9166641,0.0
-73.58333,-2.8333282,0.0
-73.58333,-2.75,0.0
-73.58333,-2.6666641,0.0
-73.58333,-2.5833282,0.0
-73.58333,-2.5,0.0
-73.58333,-2.4166641,0.0
-73.58333,-2.3333282,0.0
-73.58333,-2.25,0.0
-73.58333,-2.1666641,0.0
-73.58333,-2.0833282,0.0
-73.58333,-2.0,0.0
-73.58333,-1.9166641,0.0
-73.58333,-1.8333282,0.0
-73.58333,-1.75,0.0
-73.58333,-1.6666641,0.0
-73.58333,-1.5833282,0.0
-73.58333,-1.5,0.0
-73.58333,-1.4166641,0.0
-73.58333,-1.3333282,0.0
-73.58333,-1.25,0.0
-73.58333,-1.1666641,0.0
-73.58333,-1.0833282,0.0
-73.58333,-1.0,0.0
-73.58333,-0.9166641,0.0
-73.58333,-0.83332825,0.0
-73.58333,-0.75,0.0
-73.58333,-0.6666641,0.0
-73.58333,-0.58332825,0.0
-73.58333,-0.5,0.0
-73.58333,-0.41666412,0.0
-73.58333,-0.33332825,0.0
-73.58333,-0.25,0.0
-73.58333,-0.16666412,0.0
-73.58333,-0.08332825,0.0
-73.58333,0.0,0.0
-73.58333,0.08333588,0.0
-73.58333,0.16667175,0.0
-73.58333,0.25,0.0
-73.58333,0.33333588,0.0
-73.58333,0.41667175,0.0
-73.58333,0.5,0.0
-73.58333,0.5833359,0.0
-73.58333,0.66667175,0.0
-73.58333,0.75,0.0
-73.58333,0.8333359,0.0
-73.58333,0.91667175,0.0
-73.58333,1.0,0.0
-73.58333,1.0833359,0.0
-73.58333,1.1666718,0.0
-73.58333,1.25,0.0
-73.58333,1.3333359,0.0
-73.58333,1.4166718,0.0
-73.58333,1.5,0.0
-73.58333,1.5833359,0.0
-73.58333,1.6666718,0.0
-73.58333,1.75,0.0
-73.58333,1.8333359,0.0
-73.58333,1.9166718,0.0
-73.58333,2.0,0.0
-73.58333,2.0833359,0.0
-73.58333,2.1666718,0.0
-73.58333,2.25,0.0
-73.58333,2.3333359,0.0
-73.58333,2.4166718,0.0
-73.58333,2.5,0.0
-73.58333,2.5833359,0.0
-73.58333,2.6666718,0.0
-73.58333,2.75,0.0
-73.58333,2.8333359,0.0
-73.58333,2.9166718,0.0
-73.58333,3.0,0.0
-73.58333,3.0833359,0.0
-73.58333,3.1666718,0.0
-73.58333,3.25,0.0
-73.58333,3.3333359,0.0
-73.58333,3.4166718,0.0
-73.58333,3.5,0.0
-73.58333,3.5833359,0.0
-73.58333,3.6666718,0.0
-73.58333,3.75,0.0
-73.58333,3.8333359,0.0
-73.58333,3.9166718,0.0
-73.58333,4.0,0.0
-73.58333,4.083336,0.0
-73.58333,4.1666718,0.0
-73.58333,4.25,0.0
-73.58333,4.333336,0.0
-73.58333,4.4166718,0.0
-73.58333,4.5,0.0
-73.58333,4.583336,0.0
-73.58333,4.6666718,0.0
-73.58333,4.75,0.0
-73.58333,4.833336,0.0
-73.58333,4.9166718,0.0
-73.58333,5.0,0.0
-73.58333,5.083336,0.0
-73.58333,5.1666718,0.0
-73.58333,5.25,0.0
-73.58333,5.333336,0.0
-73.58333,5.4166718,0.0
-73.58333,5.5,0.0
-73.58333,5.583336,0.0
-73.58333,5.6666718,0.0
-73.58333,5.75,0.0
-73.58333,5.833336,0.0
-73.58333,5.9166718,0.0
-73.58333,6.0,0.0
-73.58333,6.083336,0.0
-73.58333,6.1666718,0.0
-73.58333,6.25,0.0
-73.58333,6.333336,0.0
-73.58333,6.4166718,0.0
-73.58333,6.5,0.0
-73.58333,6.583336,0.0
-73.58333,6.6666718,0.0
-73.58333,6.75,0.0
-73.58333,6.833336,0.0
-73.58333,6.9166718,0.0
-73.58333,7.0,0.0
-73.58333,7.083336,0.0
-73.58333,7.1666718,0.0
-73.58333,7.25,0.0
-73.58333,7.333336,0.0
-73.58333,7.4166718,0.0
-73.58333,7.5,0.0
-73.58333,7.583336,0.0
-73.58333,7.6666718,0.0
-73.58333,7.75,0.0
-73.58333,7.833336,0.0
-73.58333,7.9166718,0.0
-73.58333,8.0,0.0
-73.58333,8.083336,0.0
-73.58333,8.166672,0.0
-73.58333,8.25,0.0
-73.58333,8.333336,0.0
-73.58333,8.416672,0.0
-73.58333,8.5,0.0
-73.58333,8.583336,0.0
-73.58333,8.666672,0.0
-73.58333,8.75,0.0
-73.58333,8.833336,0.0
-73.58333,8.916672,0.0
-73.58333,9.0,0.0
-73.58333,9.083336,0.0
-73.58333,9.166672,0.0
-73.58333,9.25,0.0
-73.58333,9.333336,0.0
-73.58333,9.416672,0.0
-73.58333,9.5,0.0
-73.58333,9.583336,0.0
-73.58333,9.666672,0.0
-73.58333,9.75,0.0
-73.58333,9.833336,0.0
-73.58333,9.916672,0.0
-73.58333,10.0,0.0
-73.58333,10.083336,0.0
-73.58333,10.166672,0.0
-73.58333,10.25,0.0
-73.58333,10.333336,0.0
-73.58333,10.416672,0.0
-73.58333,10.5,0.0
-73.58333,10.583336,0.0
-73.58333,10.666672,0.0
-73.58333,10.75,0.0
-73.58333,10.833336,0.0
-73.58333,10.916672,0.0
-73.58333,11.0,0.0
-73.58333,11.083336,0.0
-73.58333,11.166672,0.0
-73.58333,11.25,-0.020994
-73.58333,11.333336,-0.019971
-73.58333,11.416672,-0.018026
-73.58333,11.5,-0.016679
-73.58333,11.583336,-0.016895
-73.58333,11.666672,-0.018079
-73.58333,11.75,-0.019572
-73.58333,11.833336,-0.021126
-73.58333,11.916672,-0.020961
-73.58333,12.0,-0.018084
-73.58333,12.083336,-0.015455
-73.58333,12.166672,-0.014054
-73.58333,12.25,-0.012699
-73.58333,12.333336,-0.010925
-73.58333,12.416672,-0.009485
-73.5,-4.25,0.0
-73.5,-4.166664,0.0
-73.5,-4.0833282,0.0
-73.5,-4.0,0.0
-73.5,-3.9166641,0.0
-73.5,-3.8333282,0.0
-73.5,-3.75,0.0
-73.5,-3.6666641,0.0
-73.5,-3.5833282,0.0
-73.5,-3.5,0.0
-73.5,-3.4166641,0.0
-73.5,-3.3333282,0.0
-73.5,-3.25,0.0
-73.5,-3.1666641,0.0
-73.5,-3.0833282,0.0
-73.5,-3.0,0.0
-73.5,-2.9166641,0.0
-73.5,-2.8333282,0.0
-73.5,-2.75,0.0
-73.5,-2.6666641,0.0
-73.5,-2.5833282,0.0
-73.5,-2.5,0.0
-73.5,-2.4166641,0.0
-73.5,-2.3333282,0.0
-73.5,-2.25,0.0
-73.5,-2.1666641,0.0
-73.5,-2.0833282,0.0
-73.5,-2.0,0.0
-73.5,-1.9166641,0.0
-73.5,-1.8333282,0.0
-73.5,-1.75,0.0
-73.5,-1.6666641,0.0
-73.5,-1.5833282,0.0
-73.5,-1.5,0.0
-73.5,-1.4166641,0.0
-73.5,-1.3333282,0.0
-73.5,-1.25,0.0
-73.5,-1.1666641,0.0
-73.5,-1.0833282,0.0
-73.5,-1.0,0.0
-73.5,-0.9166641,0.0
-73.5,-0.83332825,0.0
-73.5,-0.75,0.0
-73.5,-0.6666641,0.0
-73.5,-0.58332825,0.0
-73.5,-0.5,0.0
-73.5,-0.41666412,0.0
-73.5,-0.33332825,0.0
-73.5,-0.25,0.0
-73.5,-0.16666412,0.0
-73.5,-0.08332825,0.0
-73.5,0.0,0.0
-73.5,0.08333588,0.0
-73.5,0.16667175,0.0
-73.5,0.25,0.0
-73.5,0.33333588,0.0
-73.5,0.41667175,0.0
-73.5,0.5,0.0
-73.5,0.5833359,0.0
-73.5,0.66667175,0.0
-73.5,0.75,0.0
-73.5,0.8333359,0.0
-73.5,0.91667175,0.0
-73.5,1.0,0.0
-73.5,1.0833359,0.0
-73.5,1.1666718,0.0
-73.5,1.25,0.0
-73.5,1.3333359,0.0
-73.5,1.4166718,0.0
-73.5,1.5,0.0
-73.5,1.5833359,0.0
-73.5,1.6666718,0.0
-73.5,1.75,0.0
-73.5,1.8333359,0.0
-73.5,1.9166718,0.0
-73.5,2.0,0.0
-73.5,2.0833359,0.0
-73.5,2.1666718,0.0
-73.5,2.25,0.0
-73.5,2.3333359,0.0
-73.5,2.4166718,0.0
-73.5,2.5,0.0
-73.5,2.5833359,0.0
-73.5,2.6666718,0.0
-73.5,2.75,0.0
-73.5,2.8333359,0.0
-73.5,2.9166718,0.0
-73.5,3.0,0.0
-73.5,3.0833359,0.0
-73.5,3.1666718,0.0
-73.5,3.25,0.0
-73.5,3.3333359,0.0
-73.5,3.4166718,0.0
-73.5,3.5,0.0
-73.5,3.5833359,0.0
-73.5,3.6666718,0.0
-73.5,3.75,0.0
-73.5,3.8333359,0.0
-73.5,3.9166718,0.0
-73.5,4.0,0.0
-73.5,4.083336,0.0
-73.5,4.1666718,0.0
-73.5,4.25,0.0
-73.5,4.333336,0.0
-73.5,4.4166718,0.0
-73.5,4.5,0.0
-73.5,4.583336,0.0
-73.5,4.6666718,0.0
-73.5,4.75,0.0
-73.5,4.833336,0.0
-73.5,4.9166718,0.0
-73.5,5.0,0.0
-73.5,5.083336,0.0
-73.5,5.1666718,0.0
-73.5,5.25,0.0
-73.5,5.333336,0.0
-73.5,5.4166718,0.0
-73.5,5.5,0.0
-73.5,5.583336,0.0
-73.5,5.6666718,0.0
-73.5,5.75,0.0
-73.5,5.833336,0.0
-73.5,5.9166718,0.0
-73.5,6.0,0.0
-73.5,6.083336,0.0
-73.5,6.1666718,0.0
-73.5,6.25,0.0
-73.5,6.333336,0.0
-73.5,6.4166718,0.0
-73.5,6.5,0.0
-73.5,6.583336,0.0
-73.5,6.6666718,0.0
-73.5,6.75,0.0
-73.5,6.833336,0.0
-73.5,6.9166718,0.0
-73.5,7.0,0.0
-73.5,7.083336,0.0
-73.5,7.1666718,0.0
-73.5,7.25,0.0
-73.5,7.333336,0.0
-73.5,7.4166718,0.0
-73.5,7.5,0.0
-73.5,7.583336,0.0
-73.5,7.6666718,0.0
-73.5,7.75,0.0
-73.5,7.833336,0.0
-73.5,7.9166718,0.0
-73.5,8.0,0.0
-73.5,8.083336,0.0
-73.5,8.166672,0.0
-73.5,8.25,0.0
-73.5,8.333336,0.0
-73.5,8.416672,0.0
-73.5,8.5,0.0
-73.5,8.583336,0.0
-73.5,8.666672,0.0
-73.5,8.75,0.0
-73.5,8.833336,0.0
-73.5,8.916672,0.0
-73.5,9.0,0.0
-73.5,9.083336,0.0
-73.5,9.166672,0.0
-73.5,9.25,0.0
-73.5,9.333336,0.0
-73.5,9.416672,0.0
-73.5,9.5,0.0
-73.5,9.583336,0.0
-73.5,9.666672,0.0
-73.5,9.75,0.0
-73.5,9.833336,0.0
-73.5,9.916672,0.0
-73.5,10.0,0.0
-73.5,10.083336,0.0
-73.5,10.166672,0.0
-73.5,10.25,0.0
-73.5,10.333336,0.0
-73.5,10.416672,0.0
-73.5,10.5,0.0
-73.5,10.583336,0.0
-73.5,10.666672,0.0
-73.5,10.75,0.0
-73.5,10.833336,0.0
-73.5,10.916672,0.0
-73.5,11.0,0.0
-73.5,11.083336,0.0
-73.5,11.166672,0.0
-73.5,11.25,-0.021026
-73.5,11.333336,-0.020288
-73.5,11.416672,-0.018745
-73.5,11.5,-0.017183
-73.5,11.583336,-0.017483
-73.5,11.666672,-0.019028
-73.5,11.75,-0.021201
-73.5,11.833336,-0.021025
-73.5,11.916672,-0.018351
-73.5,12.0,-0.014843
-73.5,12.083336,-0.012966
-73.5,12.166672,-0.013427
-73.5,12.25,-0.013651
-73.5,12.333336,-0.013763
-73.5,12.416672,-0.012102
-73.416664,-4.25,0.0
-73.416664,-4.166664,0.0
-73.416664,-4.0833282,0.0
-73.416664,-4.0,0.0
-73.416664,-3.9166641,0.0
-73.416664,-3.8333282,0.0
-73.416664,-3.75,0.0
-73.416664,-3.6666641,0.0
-73.416664,-3.5833282,0.0
-73.416664,-3.5,0.0
-73.416664,-3.4166641,0.0
-73.416664,-3.3333282,0.0
-73.416664,-3.25,0.0
-73.416664,-3.1666641,0.0
-73.416664,-3.0833282,0.0
-73.416664,-3.0,0.0
-73.416664,-2.9166641,0.0
-73.416664,-2.8333282,0.0
-73.416664,-2.75,0.0
-73.416664,-2.6666641,0.0
-73.416664,-2.5833282,0.0
-73.416664,-2.5,0.0
-73.416664,-2.4166641,0.0
-73.416664,-2.3333282,0.0
-73.416664,-2.25,0.0
-73.416664,-2.1666641,0.0
-73.416664,-2.0833282,0.0
-73.416664,-2.0,0.0
-73.416664,-1.9166641,0.0
-73.416664,-1.8333282,0.0
-73.416664,-1.75,0.0
-73.416664,-1.6666641,0.0
-73.416664,-1.5833282,0.0
-73.416664,-1.5,0.0
-73.416664,-1.4166641,0.0
-73.416664,-1.3333282,0.0
-73.416664,-1.25,0.0
-73.416664,-1.1666641,0.0
-73.416664,-1.0833282,0.0
-73.416664,-1.0,0.0
-73.416664,-0.9166641,0.0
-73.416664,-0.83332825,0.0
-73.416664,-0.75,0.0
-73.416664,-0.6666641,0.0
-73.416664,-0.58332825,0.0
-73.416664,-0.5,0.0
-73.416664,-0.41666412,0.0
-73.416664,-0.33332825,0.0
-73.416664,-0.25,0.0
-73.416664,-0.16666412,0.0
-73.416664,-0.08332825,0.0
-73.416664,0.0,0.0
-73.416664,0.08333588,0.0
-73.416664,0.16667175,0.0
-73.416664,0.25,0.0
-73.416664,0.33333588,0.0
-73.416664,0.41667175,0.0
-73.416664,0.5,0.0
-73.416664,0.5833359,0.0
-73.416664,0.66667175,0.0
-73.416664,0.75,0.0
-73.416664,0.8333359,0.0
-73.416664,0.91667175,0.0
-73.416664,1.0,0.0
-73.416664,1.0833359,0.0
-73.416664,1.1666718,0.0
-73.416664,1.25,0.0
-73.416664,1.3333359,0.0
-73.416664,1.4166718,0.0
-73.416664,1.5,0.0
-73.416664,1.5833359,0.0
-73.416664,1.6666718,0.0
-73.416664,1.75,0.0
-73.416664,1.8333359,0.0
-73.416664,1.9166718,0.0
-73.416664,2.0,0.0
-73.416664,2.0833359,0.0
-73.416664,2.1666718,0.0
-73.416664,2.25,0.0
-73.416664,2.3333359,0.0
-73.416664,2.4166718,0.0
-73.416664,2.5,0.0
-73.416664,2.5833359,0.0
-73.416664,2.6666718,0.0
-73.416664,2.75,0.0
-73.416664,2.8333359,0.0
-73.416664,2.9166718,0.0
-73.416664,3.0,0.0
-73.416664,3.0833359,0.0
-73.416664,3.1666718,0.0
-73.416664,3.25,0.0
-73.416664,3.3333359,0.0
-73.416664,3.4166718,0.0
-73.416664,3.5,0.0
-73.416664,3.5833359,0.0
-73.416664,3.6666718,0.0
-73.416664,3.75,0.0
-73.416664,3.8333359,0.0
-73.416664,3.9166718,0.0
-73.416664,4.0,0.0
-73.416664,4.083336,0.0
-73.416664,4.1666718,0.0
-73.416664,4.25,0.0
-73.416664,4.333336,0.0
-73.416664,4.4166718,0.0
-73.416664,4.5,0.0
-73.416664,4.583336,0.0
-73.416664,4.6666718,0.0
-73.416664,4.75,0.0
-73.416664,4.833336,0.0
-73.416664,4.9166718,0.0
-73.416664,5.0,0.0
-73.416664,5.083336,0.0
-73.416664,5.1666718,0.0
-73.416664,5.25,0.0
-73.416664,5.333336,0.0
-73.416664,5.4166718,0.0
-73.416664,5.5,0.0
-73.416664,5.583336,0.0
-73.416664,5.6666718,0.0
-73.416664,5.75,0.0
-73.416664,5.833336,0.0
-73.416664,5.9166718,0.0
-73.416664,6.0,0.0
-73.416664,6.083336,0.0
-73.416664,6.1666718,0.0
-73.416664,6.25,0.0
-73.416664,6.333336,0.0
-73.416664,6.4166718,0.0
-73.416664,6.5,0.0
-73.416664,6.583336,0.0
-73.416664,6.6666718,0.0
-73.416664,6.75,0.0
-73.416664,6.833336,0.0
-73.416664,6.9166718,0.0
-73.416664,7.0,0.0
-73.416664,7.083336,0.0
-73.416664,7.1666718,0.0
-73.416664,7.25,0.0
-73.416664,7.333336,0.0
-73.416664,7.4166718,0.0
-73.416664,7.5,0.0
-73.416664,7.583336,0.0
-73.416664,7.6666718,0.0
-73.416664,7.75,0.0
-73.416664,7.833336,0.0
-73.416664,7.9166718,0.0
-73.416664,8.0,0.0
-73.416664,8.083336,0.0
-73.416664,8.166672,0.0
-73.416664,8.25,0.0
-73.416664,8.333336,0.0
-73.416664,8.416672,0.0
-73.416664,8.5,0.0
-73.416664,8.583336,0.0
-73.416664,8.666672,0.0
-73.416664,8.75,0.0
-73.416664,8.833336,0.0
-73.416664,8.916672,0.0
-73.416664,9.0,0.0
-73.416664,9.083336,0.0
-73.416664,9.166672,0.0
-73.416664,9.25,0.0
-73.416664,9.333336,0.0
-73.416664,9.416672,0.0
-73.416664,9.5,0.0
-73.416664,9.583336,0.0
-73.416664,9.666672,0.0
-73.416664,9.75,0.0
-73.416664,9.833336,0.0
-73.416664,9.916672,0.0
-73.416664,10.0,0.0
-73.416664,10.083336,0.0
-73.416664,10.166672,0.0
-73.416664,10.25,0.0
-73.416664,10.333336,0.0
-73.416664,10.416672,0.0
-73.416664,10.5,0.0
-73.416664,10.583336,0.0
-73.416664,10.666672,0.0
-73.416664,10.75,0.0
-73.416664,10.833336,0.0
-73.416664,10.916672,0.0
-73.416664,11.0,0.0
-73.416664,11.083336,0.0
-73.416664,11.166672,0.0
-73.416664,11.25,-0.018907
-73.416664,11.333336,-0.021574
-73.416664,11.416672,-0.022874
-73.416664,11.5,-0.019608
-73.416664,11.583336,-0.019316
-73.416664,11.666672,-0.022114
-73.416664,11.75,-0.023814
-73.416664,11.833336,-0.019692
-73.416664,11.916672,-0.015693
-73.416664,12.0,-0.013418
-73.416664,12.083336,-0.012445
-73.416664,12.166672,-0.01302
-73.416664,12.25,-0.014843
-73.416664,12.333336,-0.015971
-73.416664,12.416672,-0.013952
-73.33333,-4.25,0.0
-73.33333,-4.166664,0.0
-73.33333,-4.0833282,0.0
-73.33333,-4.0,0.0
-73.33333,-3.9166641,0.0
-73.33333,-3.8333282,0.0
-73.33333,-3.75,0.0
-73.33333,-3.6666641,0.0
-73.33333,-3.5833282,0.0
-73.33333,-3.5,0.0
-73.33333,-3.4166641,0.0
-73.33333,-3.3333282,0.0
-73.33333,-3.25,0.0
-73.33333,-3.1666641,0.0
-73.33333,-3.0833282,0.0
-73.33333,-3.0,0.0
-73.33333,-2.9166641,0.0
-73.33333,-2.8333282,0.0
-73.33333,-2.75,0.0
-73.33333,-2.6666641,0.0
-73.33333,-2.5833282,0.0
-73.33333,-2.5,0.0
-73.33333,-2.4166641,0.0
-73.33333,-2.3333282,0.0
-73.33333,-2.25,0.0
-73.33333,-2.1666641,0.0
-73.33333,-2.0833282,0.0
-73.33333,-2.0,0.0
-73.33333,-1.9166641,0.0
-73.33333,-1.8333282,0.0
-73.33333,-1.75,0.0
-73.33333,-1.6666641,0.0
-73.33333,-1.5833282,0.0
-73.33333,-1.5,0.0
-73.33333,-1.4166641,0.0
-73.33333,-1.3333282,0.0
-73.33333,-1.25,0.0
-73.33333,-1.1666641,0.0
-73.33333,-1.0833282,0.0
-73.33333,-1.0,0.0
-73.33333,-0.9166641,0.0
-73.33333,-0.83332825,0.0
-73.33333,-0.75,0.0
-73.33333,-0.6666641,0.0
-73.33333,-0.58332825,0.0
-73.33333,-0.5,0.0
-73.33333,-0.41666412,0.0
-73.33333,-0.33332825,0.0
-73.33333,-0.25,0.0
-73.33333,-0.16666412,0.0
-73.33333,-0.08332825,0.0
-73.33333,0.0,0.0
-73.33333,0.08333588,0.0
-73.33333,0.16667175,0.0
-73.33333,0.25,0.0
-73.33333,0.33333588,0.0
-73.33333,0.41667175,0.0
-73.33333,0.5,0.0
-73.33333,0.5833359,0.0
-73.33333,0.66667175,0.0
-73.33333,0.75,0.0
-73.33333,0.8333359,0.0
-73.33333,0.91667175,0.0
-73.33333,1.0,0.0
-73.33333,1.0833359,0.0
-73.33333,1.1666718,0.0
-73.33333,1.25,0.0
-73.33333,1.3333359,0.0
-73.33333,1.4166718,0.0
-73.33333,1.5,0.0
-73.33333,1.5833359,0.0
-73.33333,1.6666718,0.0
-73.33333,1.75,0.0
-73.33333,1.8333359,0.0
-73.33333,1.9166718,0.0
-73.33333,2.0,0.0
-73.33333,2.0833359,0.0
-73.33333,2.1666718,0.0
-73.33333,2.25,0.0
-73.33333,2.3333359,0.0
-73.33333,2.4166718,0.0
-73.33333,2.5,0.0
-73.33333,2.5833359,0.0
-73.33333,2.6666718,0.0
-73.33333,2.75,0.0
-73.33333,2.8333359,0.0
-73.33333,2.9166718,0.0
-73.33333,3.0,0.0
-73.33333,3.0833359,0.0
-73.33333,3.1666718,0.0
-73.33333,3.25,0.0
-73.33333,3.3333359,0.0
-73.33333,3.4166718,0.0
-73.33333,3.5,0.0
-73.33333,3.5833359,0.0
-73.33333,3.6666718,0.0
-73.33333,3.75,0.0
-73.33333,3.8333359,0.0
-73.33333,3.9166718,0.0
-73.33333,4.0,0.0
-73.33333,4.083336,0.0
-73.33333,4.1666718,0.0
-73.33333,4.25,0.0
-73.33333,4.333336,0.0
-73.33333,4.4166718,0.0
-73.33333,4.5,0.0
-73.33333,4.583336,0.0
-73.33333,4.6666718,0.0
-73.33333,4.75,0.0
-73.33333,4.833336,0.0
-73.33333,4.9166718,0.0
-73.33333,5.0,0.0
-73.33333,5.083336,0.0
-73.33333,5.1666718,0.0
-73.33333,5.25,0.0
-73.33333,5.333336,0.0
-73.33333,5.4166718,0.0
-73.33333,5.5,0.0
-73.33333,5.583336,0.0
-73.33333,5.6666718,0.0
-73.33333,5.75,0.0
-73.33333,5.833336,0.0
-73.33333,5.9166718,0.0
-73.33333,6.0,0.0
-73.33333,6.083336,0.0
-73.33333,6.1666718,0.0
-73.33333,6.25,0.0
-73.33333,6.333336,0.0
-73.33333,6.4166718,0.0
-73.33333,6.5,0.0
-73.33333,6.583336,0.0
-73.33333,6.6666718,0.0
-73.33333,6.75,0.0
-73.33333,6.833336,0.0
-73.33333,6.9166718,0.0
-73.33333,7.0,0.0
-73.33333,7.083336,0.0
-73.33333,7.1666718,0.0
-73.33333,7.25,0.0
-73.33333,7.333336,0.0
-73.33333,7.4166718,0.0
-73.33333,7.5,0.0
-73.33333,7.583336,0.0
-73.33333,7.6666718,0.0
-73.33333,7.75,0.0
-73.33333,7.833336,0.0
-73.33333,7.9166718,0.0
-73.33333,8.0,0.0
-73.33333,8.083336,0.0
-73.33333,8.166672,0.0
-73.33333,8.25,0.0
-73.33333,8.333336,0.0
-73.33333,8.416672,0.0
-73.33333,8.5,0.0
-73.33333,8.583336,0.0
-73.33333,8.666672,0.0
-73.33333,8.75,0.0
-73.33333,8.833336,0.0
-73.33333,8.916672,0.0
-73.33333,9.0,0.0
-73.33333,9.083336,0.0
-73.33333,9.166672,0.0
-73.33333,9.25,0.0
-73.33333,9.333336,0.0
-73.33333,9.416672,0.0
-73.33333,9.5,0.0
-73.33333,9.583336,0.0
-73.33333,9.666672,0.0
-73.33333,9.75,0.0
-73.33333,9.833336,0.0
-73.33333,9.916672,0.0
-73.33333,10.0,0.0
-73.33333,10.083336,0.0
-73.33333,10.166672,0.0
-73.33333,10.25,0.0
-73.33333,10.333336,0.0
-73.33333,10.416672,0.0
-73.33333,10.5,0.0
-73.33333,10.583336,0.0
-73.33333,10.666672,0.0
-73.33333,10.75,0.0
-73.33333,10.833336,0.0
-73.33333,10.916672,0.0
-73.33333,11.0,0.0
-73.33333,11.083336,0.0
-73.33333,11.166672,0.0
-73.33333,11.25,-0.019575
-73.33333,11.333336,-0.022866
-73.33333,11.416672,-0.026323
-73.33333,11.5,-0.022875
-73.33333,11.583336,-0.021231
-73.33333,11.666672,-0.024486
-73.33333,11.75,-0.024967
-73.33333,11.833336,-0.019873
-73.33333,11.916672,-0.016236
-73.33333,12.0,-0.013915
-73.33333,12.083336,-0.012782
-73.33333,12.166672,-0.013337
-73.33333,12.25,-0.01498
-73.33333,12.333336,-0.016003
-73.33333,12.416672,-0.01462
-73.25,-4.25,0.0
-73.25,-4.166664,0.0
-73.25,-4.0833282,0.0
-73.25,-4.0,0.0
-73.25,-3.9166641,0.0
-73.25,-3.8333282,0.0
-73.25,-3.75,0.0
-73.25,-3.6666641,0.0
-73.25,-3.5833282,0.0
-73.25,-3.5,0.0
-73.25,-3.4166641,0.0
-73.25,-3.3333282,0.0
-73.25,-3.25,0.0
-73.25,-3.1666641,0.0
-73.25,-3.0833282,0.0
-73.25,-3.0,0.0
-73.25,-2.9166641,0.0
-73.25,-2.8333282,0.0
-73.25,-2.75,0.0
-73.25,-2.6666641,0.0
-73.25,-2.5833282,0.0
-73.25,-2.5,0.0
-73.25,-2.4166641,0.0
-73.25,-2.3333282,0.0
-73.25,-2.25,0.0
-73.25,-2.1666641,0.0
-73.25,-2.0833282,0.0
-73.25,-2.0,0.0
-73.25,-1.9166641,0.0
-73.25,-1.8333282,0.0
-73.25,-1.75,0.0
-73.25,-1.6666641,0.0
-73.25,-1.5833282,0.0
-73.25,-1.5,0.0
-73.25,-1.4166641,0.0
-73.25,-1.3333282,0.0
-73.25,-1.25,0.0
-73.25,-1.1666641,0.0
-73.25,-1.0833282,0.0
-73.25,-1.0,0.0
-73.25,-0.9166641,0.0
-73.25,-0.83332825,0.0
-73.25,-0.75,0.0
-73.25,-0.6666641,0.0
-73.25,-0.58332825,0.0
-73.25,-0.5,0.0
-73.25,-0.41666412,0.0
-73.25,-0.33332825,0.0
-73.25,-0.25,0.0
-73.25,-0.16666412,0.0
-73.25,-0.08332825,0.0
-73.25,0.0,0.0
-73.25,0.08333588,0.0
-73.25,0.16667175,0.0
-73.25,0.25,0.0
-73.25,0.33333588,0.0
-73.25,0.41667175,0.0
-73.25,0.5,0.0
-73.25,0.5833359,0.0
-73.25,0.66667175,0.0
-73.25,0.75,0.0
-73.25,0.8333359,0.0
-73.25,0.91667175,0.0
-73.25,1.0,0.0
-73.25,1.0833359,0.0
-73.25,1.1666718,0.0
-73.25,1.25,0.0
-73.25,1.3333359,0.0
-73.25,1.4166718,0.0
-73.25,1.5,0.0
-73.25,1.5833359,0.0
-73.25,1.6666718,0.0
-73.25,1.75,0.0
-73.25,1.8333359,0.0
-73.25,1.9166718,0.0
-73.25,2.0,0.0
-73.25,2.0833359,0.0
-73.25,2.1666718,0.0
-73.25,2.25,0.0
-73.25,2.3333359,0.0
-73.25,2.4166718,0.0
-73.25,2.5,0.0
-73.25,2.5833359,0.0
-73.25,2.6666718,0.0
-73.25,2.75,0.0
-73.25,2.8333359,0.0
-73.25,2.9166718,0.0
-73.25,3.0,0.0
-73.25,3.0833359,0.0
-73.25,3.1666718,0.0
-73.25,3.25,0.0
-73.25,3.3333359,0.0
-73.25,3.4166718,0.0
-73.25,3.5,0.0
-73.25,3.5833359,0.0
-73.25,3.6666718,0.0
-73.25,3.75,0.0
-73.25,3.8333359,0.0
-73.25,3.9166718,0.0
-73.25,4.0,0.0
-73.25,4.083336,0.0
-73.25,4.1666718,0.0
-73.25,4.25,0.0
-73.25,4.333336,0.0
-73.25,4.4166718,0.0
-73.25,4.5,0.0
-73.25,4.583336,0.0
-73.25,4.6666718,0.0
-73.25,4.75,0.0
-73.25,4.833336,0.0
-73.25,4.9166718,0.0
-73.25,5.0,0.0
-73.25,5.083336,0.0
-73.25,5.1666718,0.0
-73.25,5.25,0.0
-73.25,5.333336,0.0
-73.25,5.4166718,0.0
-73.25,5.5,0.0
-73.25,5.583336,0.0
-73.25,5.6666718,0.0
-73.25,5.75,0.0
-73.25,5.833336,0.0
-73.25,5.9166718,0.0
-73.25,6.0,0.0
-73.25,6.083336,0.0
-73.25,6.1666718,0.0
-73.25,6.25,0.0
-73.25,6.333336,0.0
-73.25,6.4166718,0.0
-73.25,6.5,0.0
-73.25,6.583336,0.0
-73.25,6.6666718,0.0
-73.25,6.75,0.0
-73.25,6.833336,0.0
-73.25,6.9166718,0.0
-73.25,7.0,0.0
-73.25,7.083336,0.0
-73.25,7.1666718,0.0
-73.25,7.25,0.0
-73.25,7.333336,0.0
-73.25,7.4166718,0.0
-73.25,7.5,0.0
-73.25,7.583336,0.0
-73.25,7.6666718,0.0
-73.25,7.75,0.0
-73.25,7.833336,0.0
-73.25,7.9166718,0.0
-73.25,8.0,0.0
-73.25,8.083336,0.0
-73.25,8.166672,0.0
-73.25,8.25,0.0
-73.25,8.333336,0.0
-73.25,8.416672,0.0
-73.25,8.5,0.0
-73.25,8.583336,0.0
-73.25,8.666672,0.0
-73.25,8.75,0.0
-73.25,8.833336,0.0
-73.25,8.916672,0.0
-73.25,9.0,0.0
-73.25,9.083336,0.0
-73.25,9.166672,0.0
-73.25,9.25,0.0
-73.25,9.333336,0.0
-73.25,9.416672,0.0
-73.25,9.5,0.0
-73.25,9.583336,0.0
-73.25,9.666672,0.0
-73.25,9.75,0.0
-73.25,9.833336,0.0
-73.25,9.916672,0.0
-73.25,10.0,0.0
-73.25,10.083336,0.0
-73.25,10.166672,0.0
-73.25,10.25,0.0
-73.25,10.333336,0.0
-73.25,10.416672,0.0
-73.25,10.5,0.0
-73.25,10.583336,0.0
-73.25,10.666672,0.0
-73.25,10.75,0.0
-73.25,10.833336,0.0
-73.25,10.916672,0.0
-73.25,11.0,0.0
-73.25,11.083336,0.0
-73.25,11.166672,0.0
-73.25,11.25,0.0
-73.25,11.333336,-0.025861
-73.25,11.416672,-0.027205
-73.25,11.5,-0.027492
-73.25,11.583336,-0.024661
-73.25,11.666672,-0.027121
-73.25,11.75,-0.02635
-73.25,11.833336,-0.021564
-73.25,11.916672,-0.019961
-73.25,12.0,-0.018958
-73.25,12.083336,-0.017118
-73.25,12.166672,-0.015275
-73.25,12.25,-0.015309
-73.25,12.333336,-0.015155
-73.25,12.416672,-0.014414
-73.166664,-4.25,0.0
-73.166664,-4.166664,0.0
-73.166664,-4.0833282,0.0
-73.166664,-4.0,0.0
-73.166664,-3.9166641,0.0
-73.166664,-3.8333282,0.0
-73.166664,-3.75,0.0
-73.166664,-3.6666641,0.0
-73.166664,-3.5833282,0.0
-73.166664,-3.5,0.0
-73.166664,-3.4166641,0.0
-73.166664,-3.3333282,0.0
-73.166664,-3.25,0.0
-73.166664,-3.1666641,0.0
-73.166664,-3.0833282,0.0
-73.166664,-3.0,0.0
-73.166664,-2.9166641,0.0
-73.166664,-2.8333282,0.0
-73.166664,-2.75,0.0
-73.166664,-2.6666641,0.0
-73.166664,-2.5833282,0.0
-73.166664,-2.5,0.0
-73.166664,-2.4166641,0.0
-73.166664,-2.3333282,0.0
-73.166664,-2.25,0.0
-73.166664,-2.1666641,0.0
-73.166664,-2.0833282,0.0
-73.166664,-2.0,0.0
-73.166664,-1.9166641,0.0
-73.166664,-1.8333282,0.0
-73.166664,-1.75,0.0
-73.166664,-1.6666641,0.0
-73.166664,-1.5833282,0.0
-73.166664,-1.5,0.0
-73.166664,-1.4166641,0.0
-73.166664,-1.3333282,0.0
-73.166664,-1.25,0.0
-73.166664,-1.1666641,0.0
-73.166664,-1.0833282,0.0
-73.166664,-1.0,0.0
-73.166664,-0.9166641,0.0
-73.166664,-0.83332825,0.0
-73.166664,-0.75,0.0
-73.166664,-0.6666641,0.0
-73.166664,-0.58332825,0.0
-73.166664,-0.5,0.0
-73.166664,-0.41666412,0.0
-73.166664,-0.33332825,0.0
-73.166664,-0.25,0.0
-73.166664,-0.16666412,0.0
-73.166664,-0.08332825,0.0
-73.166664,0.0,0.0
-73.166664,0.08333588,0.0
-73.166664,0.16667175,0.0
-73.166664,0.25,0.0
-73.166664,0.33333588,0.0
-73.166664,0.41667175,0.0
-73.166664,0.5,0.0
-73.166664,0.5833359,0.0
-73.166664,0.66667175,0.0
-73.166664,0.75,0.0
-73.166664,0.8333359,0.0
-73.166664,0.91667175,0.0
-73.166664,1.0,0.0
-73.166664,1.0833359,0.0
-73.166664,1.1666718,0.0
-73.166664,1.25,0.0
-73.166664,1.3333359,0.0
-73.166664,1.4166718,0.0
-73.166664,1.5,0.0
-73.166664,1.5833359,0.0
-73.166664,1.6666718,0.0
-73.166664,1.75,0.0
-73.166664,1.8333359,0.0
-73.166664,1.9166718,0.0
-73.166664,2.0,0.0
-73.166664,2.0833359,0.0
-73.166664,2.1666718,0.0
-73.166664,2.25,0.0
-73.166664,2.3333359,0.0
-73.166664,2.4166718,0.0
-73.166664,2.5,0.0
-73.166664,2.5833359,0.0
-73.166664,2.6666718,0.0
-73.166664,2.75,0.0
-73.166664,2.8333359,0.0
-73.166664,2.9166718,0.0
-73.166664,3.0,0.0
-73.166664,3.0833359,0.0
-73.166664,3.1666718,0.0
-73.166664,3.25,0.0
-73.166664,3.3333359,0.0
-73.166664,3.4166718,0.0
-73.166664,3.5,0.0
-73.166664,3.5833359,0.0
-73.166664,3.6666718,0.0
-73.166664,3.75,0.0
-73.166664,3.8333359,0.0
-73.166664,3.9166718,0.0
-73.166664,4.0,0.0
-73.166664,4.083336,0.0
-73.166664,4.1666718,0.0
-73.166664,4.25,0.0
-73.166664,4.333336,0.0
-73.166664,4.4166718,0.0
-73.166664,4.5,0.0
-73.166664,4.583336,0.0
-73.166664,4.6666718,0.0
-73.166664,4.75,0.0
-73.166664,4.833336,0.0
-73.166664,4.9166718,0.0
-73.166664,5.0,0.0
-73.166664,5.083336,0.0
-73.166664,5.1666718,0.0
-73.166664,5.25,0.0
-73.166664,5.333336,0.0
-73.166664,5.4166718,0.0
-73.166664,5.5,0.0
-73.166664,5.583336,0.0
-73.166664,5.6666718,0.0
-73.166664,5.75,0.0
-73.166664,5.833336,0.0
-73.166664,5.9166718,0.0
-73.166664,6.0,0.0
-73.166664,6.083336,0.0
-73.166664,6.1666718,0.0
-73.166664,6.25,0.0
-73.166664,6.333336,0.0
-73.166664,6.4166718,0.0
-73.166664,6.5,0.0
-73.166664,6.583336,0.0
-73.166664,6.6666718,0.0
-73.166664,6.75,0.0
-73.166664,6.833336,0.0
-73.166664,6.9166718,0.0
-73.166664,7.0,0.0
-73.166664,7.083336,0.0
-73.166664,7.1666718,0.0
-73.166664,7.25,0.0
-73.166664,7.333336,0.0
-73.166664,7.4166718,0.0
-73.166664,7.5,0.0
-73.166664,7.583336,0.0
-73.166664,7.6666718,0.0
-73.166664,7.75,0.0
-73.166664,7.833336,0.0
-73.166664,7.9166718,0.0
-73.166664,8.0,0.0
-73.166664,8.083336,0.0
-73.166664,8.166672,0.0
-73.166664,8.25,0.0
-73.166664,8.333336,0.0
-73.166664,8.416672,0.0
-73.166664,8.5,0.0
-73.166664,8.583336,0.0
-73.166664,8.666672,0.0
-73.166664,8.75,0.0
-73.166664,8.833336,0.0
-73.166664,8.916672,0.0
-73.166664,9.0,0.0
-73.166664,9.083336,0.0
-73.166664,9.166672,0.0
-73.166664,9.25,0.0
-73.166664,9.333336,0.0
-73.166664,9.416672,0.0
-73.166664,9.5,0.0
-73.166664,9.583336,0.0
-73.166664,9.666672,0.0
-73.166664,9.75,0.0
-73.166664,9.833336,0.0
-73.166664,9.916672,0.0
-73.166664,10.0,0.0
-73.166664,10.083336,0.0
-73.166664,10.166672,0.0
-73.166664,10.25,0.0
-73.166664,10.333336,0.0
-73.166664,10.416672,0.0
-73.166664,10.5,0.0
-73.166664,10.583336,0.0
-73.166664,10.666672,0.0
-73.166664,10.75,0.0
-73.166664,10.833336,0.0
-73.166664,10.916672,0.0
-73.166664,11.0,0.0
-73.166664,11.083336,0.0
-73.166664,11.166672,0.0
-73.166664,11.25,0.0
-73.166664,11.333336,0.0
-73.166664,11.416672,-0.029774
-73.166664,11.5,-0.029941
-73.166664,11.583336,-0.029751
-73.166664,11.666672,-0.030017
-73.166664,11.75,-0.029525
-73.166664,11.833336,-0.025734
-73.166664,11.916672,-0.025781
-73.166664,12.0,-0.027517
-73.166664,12.083336,-0.025879
-73.166664,12.166672,-0.020237
-73.166664,12.25,-0.01696
-73.166664,12.333336,-0.015494
-73.166664,12.416672,-0.014341
-73.08333,-4.25,0.0
-73.08333,-4.166664,0.0
-73.08333,-4.0833282,0.0
-73.08333,-4.0,0.0
-73.08333,-3.9166641,0.0
-73.08333,-3.8333282,0.0
-73.08333,-3.75,0.0
-73.08333,-3.6666641,0.0
-73.08333,-3.5833282,0.0
-73.08333,-3.5,0.0
-73.08333,-3.4166641,0.0
-73.08333,-3.3333282,0.0
-73.08333,-3.25,0.0
-73.08333,-3.1666641,0.0
-73.08333,-3.0833282,0.0
-73.08333,-3.0,0.0
-73.08333,-2.9166641,0.0
-73.08333,-2.8333282,0.0
-73.08333,-2.75,0.0
-73.08333,-2.6666641,0.0
-73.08333,-2.5833282,0.0
-73.08333,-2.5,0.0
-73.08333,-2.4166641,0.0
-73.08333,-2.3333282,0.0
-73.08333,-2.25,0.0
-73.08333,-2.1666641,0.0
-73.08333,-2.0833282,0.0
-73.08333,-2.0,0.0
-73.08333,-1.9166641,0.0
-73.08333,-1.8333282,0.0
-73.08333,-1.75,0.0
-73.08333,-1.6666641,0.0
-73.08333,-1.5833282,0.0
-73.08333,-1.5,0.0
-73.08333,-1.4166641,0.0
-73.08333,-1.3333282,0.0
-73.08333,-1.25,0.0
-73.08333,-1.1666641,0.0
-73.08333,-1.0833282,0.0
-73.08333,-1.0,0.0
-73.08333,-0.9166641,0.0
-73.08333,-0.83332825,0.0
-73.08333,-0.75,0.0
-73.08333,-0.6666641,0.0
-73.08333,-0.58332825,0.0
-73.08333,-0.5,0.0
-73.08333,-0.41666412,0.0
-73.08333,-0.33332825,0.0
-73.08333,-0.25,0.0
-73.08333,-0.16666412,0.0
-73.08333,-0.08332825,0.0
-73.08333,0.0,0.0
-73.08333,0.08333588,0.0
-73.08333,0.16667175,0.0
-73.08333,0.25,0.0
-73.08333,0.33333588,0.0
-73.08333,0.41667175,0.0
-73.08333,0.5,0.0
-73.08333,0.5833359,0.0
-73.08333,0.66667175,0.0
-73.08333,0.75,0.0
-73.08333,0.8333359,0.0
-73.08333,0.91667175,0.0
-73.08333,1.0,0.0
-73.08333,1.0833359,0.0
-73.08333,1.1666718,0.0
-73.08333,1.25,0.0
-73.08333,1.3333359,0.0
-73.08333,1.4166718,0.0
-73.08333,1.5,0.0
-73.08333,1.5833359,0.0
-73.08333,1.6666718,0.0
-73.08333,1.75,0.0
-73.08333,1.8333359,0.0
-73.08333,1.9166718,0.0
-73.08333,2.0,0.0
-73.08333,2.0833359,0.0
-73.08333,2.1666718,0.0
-73.08333,2.25,0.0
-73.08333,2.3333359,0.0
-73.08333,2.4166718,0.0
-73.08333,2.5,0.0
-73.08333,2.5833359,0.0
-73.08333,2.6666718,0.0
-73.08333,2.75,0.0
-73.08333,2.8333359,0.0
-73.08333,2.9166718,0.0
-73.08333,3.0,0.0
-73.08333,3.0833359,0.0
-73.08333,3.1666718,0.0
-73.08333,3.25,0.0
-73.08333,3.3333359,0.0
-73.08333,3.4166718,0.0
-73.08333,3.5,0.0
-73.08333,3.5833359,0.0
-73.08333,3.6666718,0.0
-73.08333,3.75,0.0
-73.08333,3.8333359,0.0
-73.08333,3.9166718,0.0
-73.08333,4.0,0.0
-73.08333,4.083336,0.0
-73.08333,4.1666718,0.0
-73.08333,4.25,0.0
-73.08333,4.333336,0.0
-73.08333,4.4166718,0.0
-73.08333,4.5,0.0
-73.08333,4.583336,0.0
-73.08333,4.6666718,0.0
-73.08333,4.75,0.0
-73.08333,4.833336,0.0
-73.08333,4.9166718,0.0
-73.08333,5.0,0.0
-73.08333,5.083336,0.0
-73.08333,5.1666718,0.0
-73.08333,5.25,0.0
-73.08333,5.333336,0.0
-73.08333,5.4166718,0.0
-73.08333,5.5,0.0
-73.08333,5.583336,0.0
-73.08333,5.6666718,0.0
-73.08333,5.75,0.0
-73.08333,5.833336,0.0
-73.08333,5.9166718,0.0
-73.08333,6.0,0.0
-73.08333,6.083336,0.0
-73.08333,6.1666718,0.0
-73.08333,6.25,0.0
-73.08333,6.333336,0.0
-73.08333,6.4166718,0.0
-73.08333,6.5,0.0
-73.08333,6.583336,0.0
-73.08333,6.6666718,0.0
-73.08333,6.75,0.0
-73.08333,6.833336,0.0
-73.08333,6.9166718,0.0
-73.08333,7.0,0.0
-73.08333,7.083336,0.0
-73.08333,7.1666718,0.0
-73.08333,7.25,0.0
-73.08333,7.333336,0.0
-73.08333,7.4166718,0.0
-73.08333,7.5,0.0
-73.08333,7.583336,0.0
-73.08333,7.6666718,0.0
-73.08333,7.75,0.0
-73.08333,7.833336,0.0
-73.08333,7.9166718,0.0
-73.08333,8.0,0.0
-73.08333,8.083336,0.0
-73.08333,8.166672,0.0
-73.08333,8.25,0.0
-73.08333,8.333336,0.0
-73.08333,8.416672,0.0
-73.08333,8.5,0.0
-73.08333,8.583336,0.0
-73.08333,8.666672,0.0
-73.08333,8.75,0.0
-73.08333,8.833336,0.0
-73.08333,8.916672,0.0
-73.08333,9.0,0.0
-73.08333,9.083336,0.0
-73.08333,9.166672,0.0
-73.08333,9.25,0.0
-73.08333,9.333336,0.0
-73.08333,9.416672,0.0
-73.08333,9.5,0.0
-73.08333,9.583336,0.0
-73.08333,9.666672,0.0
-73.08333,9.75,0.0
-73.08333,9.833336,0.0
-73.08333,9.916672,0.0
-73.08333,10.0,0.0
-73.08333,10.083336,0.0
-73.08333,10.166672,0.0
-73.08333,10.25,0.0
-73.08333,10.333336,0.0
-73.08333,10.416672,0.0
-73.08333,10.5,0.0
-73.08333,10.583336,0.0
-73.08333,10.666672,0.0
-73.08333,10.75,0.0
-73.08333,10.833336,0.0
-73.08333,10.916672,0.0
-73.08333,11.0,0.0
-73.08333,11.083336,0.0
-73.08333,11.166672,0.0
-73.08333,11.25,0.0
-73.08333,11.333336,0.0
-73.08333,11.416672,0.0
-73.08333,11.5,-0.033522
-73.08333,11.583336,-0.03315
-73.08333,11.666672,-0.032183
-73.08333,11.75,-0.031865
-73.08333,11.833336,-0.02966
-73.08333,11.916672,-0.029033
-73.08333,12.0,-0.030696
-73.08333,12.083336,-0.029249
-73.08333,12.166672,-0.022288
-73.08333,12.25,-0.017083
-73.08333,12.333336,-0.014958
-73.08333,12.416672,-0.014924
-73.0,-4.25,0.0
-73.0,-4.166664,0.0
-73.0,-4.0833282,0.0
-73.0,-4.0,0.0
-73.0,-3.9166641,0.0
-73.0,-3.8333282,0.0
-73.0,-3.75,0.0
-73.0,-3.6666641,0.0
-73.0,-3.5833282,0.0
-73.0,-3.5,0.0
-73.0,-3.4166641,0.0
-73.0,-3.3333282,0.0
-73.0,-3.25,0.0
-73.0,-3.1666641,0.0
-73.0,-3.0833282,0.0
-73.0,-3.0,0.0
-73.0,-2.9166641,0.0
-73.0,-2.8333282,0.0
-73.0,-2.75,0.0
-73.0,-2.6666641,0.0
-73.0,-2.5833282,0.0
-73.0,-2.5,0.0
-73.0,-2.4166641,0.0
-73.0,-2.3333282,0.0
-73.0,-2.25,0.0
-73.0,-2.1666641,0.0
-73.0,-2.0833282,0.0
-73.0,-2.0,0.0
-73.0,-1.9166641,0.0
-73.0,-1.8333282,0.0
-73.0,-1.75,0.0
-73.0,-1.6666641,0.0
-73.0,-1.5833282,0.0
-73.0,-1.5,0.0
-73.0,-1.4166641,0.0
-73.0,-1.3333282,0.0
-73.0,-1.25,0.0
-73.0,-1.1666641,0.0
-73.0,-1.0833282,0.0
-73.0,-1.0,0.0
-73.0,-0.9166641,0.0
-73.0,-0.83332825,0.0
-73.0,-0.75,0.0
-73.0,-0.6666641,0.0
-73.0,-0.58332825,0.0
-73.0,-0.5,0.0
-73.0,-0.41666412,0.0
-73.0,-0.33332825,0.0
-73.0,-0.25,0.0
-73.0,-0.16666412,0.0
-73.0,-0.08332825,0.0
-73.0,0.0,0.0
-73.0,0.08333588,0.0
-73.0,0.16667175,0.0
-73.0,0.25,0.0
-73.0,0.33333588,0.0
-73.0,0.41667175,0.0
-73.0,0.5,0.0
-73.0,0.5833359,0.0
-73.0,0.66667175,0.0
-73.0,0.75,0.0
-73.0,0.8333359,0.0
-73.0,0.91667175,0.0
-73.0,1.0,0.0
-73.0,1.0833359,0.0
-73.0,1.1666718,0.0
-73.0,1.25,0.0
-73.0,1.3333359,0.0
-73.0,1.4166718,0.0
-73.0,1.5,0.0
-73.0,1.5833359,0.0
-73.0,1.6666718,0.0
-73.0,1.75,0.0
-73.0,1.8333359,0.0
-73.0,1.9166718,0.0
-73.0,2.0,0.0
-73.0,2.0833359,0.0
-73.0,2.1666718,0.0
-73.0,2.25,0.0
-73.0,2.3333359,0.0
-73.0,2.4166718,0.0
-73.0,2.5,0.0
-73.0,2.5833359,0.0
-73.0,2.6666718,0.0
-73.0,2.75,0.0
-73.0,2.8333359,0.0
-73.0,2.9166718,0.0
-73.0,3.0,0.0
-73.0,3.0833359,0.0
-73.0,3.1666718,0.0
-73.0,3.25,0.0
-73.0,3.3333359,0.0
-73.0,3.4166718,0.0
-73.0,3.5,0.0
-73.0,3.5833359,0.0
-73.0,3.6666718,0.0
-73.0,3.75,0.0
-73.0,3.8333359,0.0
-73.0,3.9166718,0.0
-73.0,4.0,0.0
-73.0,4.083336,0.0
-73.0,4.1666718,0.0
-73.0,4.25,0.0
-73.0,4.333336,0.0
-73.0,4.4166718,0.0
-73.0,4.5,0.0
-73.0,4.583336,0.0
-73.0,4.6666718,0.0
-73.0,4.75,0.0
-73.0,4.833336,0.0
-73.0,4.9166718,0.0
-73.0,5.0,0.0
-73.0,5.083336,0.0
-73.0,5.1666718,0.0
-73.0,5.25,0.0
-73.0,5.333336,0.0
-73.0,5.4166718,0.0
-73.0,5.5,0.0
-73.0,5.583336,0.0
-73.0,5.6666718,0.0
-73.0,5.75,0.0
-73.0,5.833336,0.0
-73.0,5.9166718,0.0
-73.0,6.0,0.0
-73.0,6.083336,0.0
-73.0,6.1666718,0.0
-73.0,6.25,0.0
-73.0,6.333336,0.0
-73.0,6.4166718,0.0
-73.0,6.5,0.0
-73.0,6.583336,0.0
-73.0,6.6666718,0.0
-73.0,6.75,0.0
-73.0,6.833336,0.0
-73.0,6.9166718,0.0
-73.0,7.0,0.0
-73.0,7.083336,0.0
-73.0,7.1666718,0.0
-73.0,7.25,0.0
-73.0,7.333336,0.0
-73.0,7.4166718,0.0
-73.0,7.5,0.0
-73.0,7.583336,0.0
-73.0,7.6666718,0.0
-73.0,7.75,0.0
-73.0,7.833336,0.0
-73.0,7.9166718,0.0
-73.0,8.0,0.0
-73.0,8.083336,0.0
-73.0,8.166672,0.0
-73.0,8.25,0.0
-73.0,8.333336,0.0
-73.0,8.416672,0.0
-73.0,8.5,0.0
-73.0,8.583336,0.0
-73.0,8.666672,0.0
-73.0,8.75,0.0
-73.0,8.833336,0.0
-73.0,8.916672,0.0
-73.0,9.0,0.0
-73.0,9.083336,0.0
-73.0,9.166672,0.0
-73.0,9.25,0.0
-73.0,9.333336,0.0
-73.0,9.416672,0.0
-73.0,9.5,0.0
-73.0,9.583336,0.0
-73.0,9.666672,0.0
-73.0,9.75,0.0
-73.0,9.833336,0.0
-73.0,9.916672,0.0
-73.0,10.0,0.0
-73.0,10.083336,0.0
-73.0,10.166672,0.0
-73.0,10.25,0.0
-73.0,10.333336,0.0
-73.0,10.416672,0.0
-73.0,10.5,0.0
-73.0,10.583336,0.0
-73.0,10.666672,0.0
-73.0,10.75,0.0
-73.0,10.833336,0.0
-73.0,10.916672,0.0
-73.0,11.0,0.0
-73.0,11.083336,0.0
-73.0,11.166672,0.0
-73.0,11.25,0.0
-73.0,11.333336,0.0
-73.0,11.416672,0.0
-73.0,11.5,-0.037278
-73.0,11.583336,-0.03643
-73.0,11.666672,-0.035229
-73.0,11.75,-0.032691
-73.0,11.833336,-0.033145
-73.0,11.916672,-0.03176
-73.0,12.0,-0.029274
-73.0,12.083336,-0.026211
-73.0,12.166672,-0.020488
-73.0,12.25,-0.017432
-73.0,12.333336,-0.015985
-73.0,12.416672,-0.017046
-72.916664,-4.25,0.0
-72.916664,-4.166664,0.0
-72.916664,-4.0833282,0.0
-72.916664,-4.0,0.0
-72.916664,-3.9166641,0.0
-72.916664,-3.8333282,0.0
-72.916664,-3.75,0.0
-72.916664,-3.6666641,0.0
-72.916664,-3.5833282,0.0
-72.916664,-3.5,0.0
-72.916664,-3.4166641,0.0
-72.916664,-3.3333282,0.0
-72.916664,-3.25,0.0
-72.916664,-3.1666641,0.0
-72.916664,-3.0833282,0.0
-72.916664,-3.0,0.0
-72.916664,-2.9166641,0.0
-72.916664,-2.8333282,0.0
-72.916664,-2.75,0.0
-72.916664,-2.6666641,0.0
-72.916664,-2.5833282,0.0
-72.916664,-2.5,0.0
-72.916664,-2.4166641,0.0
-72.916664,-2.3333282,0.0
-72.916664,-2.25,0.0
-72.916664,-2.1666641,0.0
-72.916664,-2.0833282,0.0
-72.916664,-2.0,0.0
-72.916664,-1.9166641,0.0
-72.916664,-1.8333282,0.0
-72.916664,-1.75,0.0
-72.916664,-1.6666641,0.0
-72.916664,-1.5833282,0.0
-72.916664,-1.5,0.0
-72.916664,-1.4166641,0.0
-72.916664,-1.3333282,0.0
-72.916664,-1.25,0.0
-72.916664,-1.1666641,0.0
-72.916664,-1.0833282,0.0
-72.916664,-1.0,0.0
-72.916664,-0.9166641,0.0
-72.916664,-0.83332825,0.0
-72.916664,-0.75,0.0
-72.916664,-0.6666641,0.0
-72.916664,-0.58332825,0.0
-72.916664,-0.5,0.0
-72.916664,-0.41666412,0.0
-72.916664,-0.33332825,0.0
-72.916664,-0.25,0.0
-72.916664,-0.16666412,0.0
-72.916664,-0.08332825,0.0
-72.916664,0.0,0.0
-72.916664,0.08333588,0.0
-72.916664,0.16667175,0.0
-72.916664,0.25,0.0
-72.916664,0.33333588,0.0
-72.916664,0.41667175,0.0
-72.916664,0.5,0.0
-72.916664,0.5833359,0.0
-72.916664,0.66667175,0.0
-72.916664,0.75,0.0
-72.916664,0.8333359,0.0
-72.916664,0.91667175,0.0
-72.916664,1.0,0.0
-72.916664,1.0833359,0.0
-72.916664,1.1666718,0.0
-72.916664,1.25,0.0
-72.916664,1.3333359,0.0
-72.916664,1.4166718,0.0
-72.916664,1.5,0.0
-72.916664,1.5833359,0.0
-72.916664,1.6666718,0.0
-72.916664,1.75,0.0
-72.916664,1.8333359,0.0
-72.916664,1.9166718,0.0
-72.916664,2.0,0.0
-72.916664,2.0833359,0.0
-72.916664,2.1666718,0.0
-72.916664,2.25,0.0
-72.916664,2.3333359,0.0
-72.916664,2.4166718,0.0
-72.916664,2.5,0.0
-72.916664,2.5833359,0.0
-72.916664,2.6666718,0.0
-72.916664,2.75,0.0
-72.916664,2.8333359,0.0
-72.916664,2.9166718,0.0
-72.916664,3.0,0.0
-72.916664,3.0833359,0.0
-72.916664,3.1666718,0.0
-72.916664,3.25,0.0
-72.916664,3.3333359,0.0
-72.916664,3.4166718,0.0
-72.916664,3.5,0.0
-72.916664,3.5833359,0.0
-72.916664,3.6666718,0.0
-72.916664,3.75,0.0
-72.916664,3.8333359,0.0
-72.916664,3.9166718,0.0
-72.916664,4.0,0.0
-72.916664,4.083336,0.0
-72.916664,4.1666718,0.0
-72.916664,4.25,0.0
-72.916664,4.333336,0.0
-72.916664,4.4166718,0.0
-72.916664,4.5,0.0
-72.916664,4.583336,0.0
-72.916664,4.6666718,0.0
-72.916664,4.75,0.0
-72.916664,4.833336,0.0
-72.916664,4.9166718,0.0
-72.916664,5.0,0.0
-72.916664,5.083336,0.0
-72.916664,5.1666718,0.0
-72.916664,5.25,0.0
-72.916664,5.333336,0.0
-72.916664,5.4166718,0.0
-72.916664,5.5,0.0
-72.916664,5.583336,0.0
-72.916664,5.6666718,0.0
-72.916664,5.75,0.0
-72.916664,5.833336,0.0
-72.916664,5.9166718,0.0
-72.916664,6.0,0.0
-72.916664,6.083336,0.0
-72.916664,6.1666718,0.0
-72.916664,6.25,0.0
-72.916664,6.333336,0.0
-72.916664,6.4166718,0.0
-72.916664,6.5,0.0
-72.916664,6.583336,0.0
-72.916664,6.6666718,0.0
-72.916664,6.75,0.0
-72.916664,6.833336,0.0
-72.916664,6.9166718,0.0
-72.916664,7.0,0.0
-72.916664,7.083336,0.0
-72.916664,7.1666718,0.0
-72.916664,7.25,0.0
-72.916664,7.333336,0.0
-72.916664,7.4166718,0.0
-72.916664,7.5,0.0
-72.916664,7.583336,0.0
-72.916664,7.6666718,0.0
-72.916664,7.75,0.0
-72.916664,7.833336,0.0
-72.916664,7.9166718,0.0
-72.916664,8.0,0.0
-72.916664,8.083336,0.0
-72.916664,8.166672,0.0
-72.916664,8.25,0.0
-72.916664,8.333336,0.0
-72.916664,8.416672,0.0
-72.916664,8.5,0.0
-72.916664,8.583336,0.0
-72.916664,8.666672,0.0
-72.916664,8.75,0.0
-72.916664,8.833336,0.0
-72.916664,8.916672,0.0
-72.916664,9.0,0.0
-72.916664,9.083336,0.0
-72.916664,9.166672,0.0
-72.916664,9.25,0.0
-72.916664,9.333336,0.0
-72.916664,9.416672,0.0
-72.916664,9.5,0.0
-72.916664,9.583336,0.0
-72.916664,9.666672,0.0
-72.916664,9.75,0.0
-72.916664,9.833336,0.0
-72.916664,9.916672,0.0
-72.916664,10.0,0.0
-72.916664,10.083336,0.0
-72.916664,10.166672,0.0
-72.916664,10.25,0.0
-72.916664,10.333336,0.0
-72.916664,10.416672,0.0
-72.916664,10.5,0.0
-72.916664,10.583336,0.0
-72.916664,10.666672,0.0
-72.916664,10.75,0.0
-72.916664,10.833336,0.0
-72.916664,10.916672,0.0
-72.916664,11.0,0.0
-72.916664,11.083336,0.0
-72.916664,11.166672,0.0
-72.916664,11.25,0.0
-72.916664,11.333336,0.0
-72.916664,11.416672,0.0
-72.916664,11.5,0.0
-72.916664,11.583336,-0.037664
-72.916664,11.666672,-0.036824
-72.916664,11.75,-0.034619
-72.916664,11.833336,-0.034516
-72.916664,11.916672,-0.033259
-72.916664,12.0,-0.027954
-72.916664,12.083336,-0.024142
-72.916664,12.166672,-0.020691
-72.916664,12.25,-0.019083
-72.916664,12.333336,-0.01902
-72.916664,12.416672,-0.021355
-72.83333,-4.25,0.0
-72.83333,-4.166664,0.0
-72.83333,-4.0833282,0.0
-72.83333,-4.0,0.0
-72.83333,-3.9166641,0.0
-72.83333,-3.8333282,0.0
-72.83333,-3.75,0.0
-72.83333,-3.6666641,0.0
-72.83333,-3.5833282,0.0
-72.83333,-3.5,0.0
-72.83333,-3.4166641,0.0
-72.83333,-3.3333282,0.0
-72.83333,-3.25,0.0
-72.83333,-3.1666641,0.0
-72.83333,-3.0833282,0.0
-72.83333,-3.0,0.0
-72.83333,-2.9166641,0.0
-72.83333,-2.8333282,0.0
-72.83333,-2.75,0.0
-72.83333,-2.6666641,0.0
-72.83333,-2.5833282,0.0
-72.83333,-2.5,0.0
-72.83333,-2.4166641,0.0
-72.83333,-2.3333282,0.0
-72.83333,-2.25,0.0
-72.83333,-2.1666641,0.0
-72.83333,-2.0833282,0.0
-72.83333,-2.0,0.0
-72.83333,-1.9166641,0.0
-72.83333,-1.8333282,0.0
-72.83333,-1.75,0.0
-72.83333,-1.6666641,0.0
-72.83333,-1.5833282,0.0
-72.83333,-1.5,0.0
-72.83333,-1.4166641,0.0
-72.83333,-1.3333282,0.0
-72.83333,-1.25,0.0
-72.83333,-1.1666641,0.0
-72.83333,-1.0833282,0.0
-72.83333,-1.0,0.0
-72.83333,-0.9166641,0.0
-72.83333,-0.83332825,0.0
-72.83333,-0.75,0.0
-72.83333,-0.6666641,0.0
-72.83333,-0.58332825,0.0
-72.83333,-0.5,0.0
-72.83333,-0.41666412,0.0
-72.83333,-0.33332825,0.0
-72.83333,-0.25,0.0
-72.83333,-0.16666412,0.0
-72.83333,-0.08332825,0.0
-72.83333,0.0,0.0
-72.83333,0.08333588,0.0
-72.83333,0.16667175,0.0
-72.83333,0.25,0.0
-72.83333,0.33333588,0.0
-72.83333,0.41667175,0.0
-72.83333,0.5,0.0
-72.83333,0.5833359,0.0
-72.83333,0.66667175,0.0
-72.83333,0.75,0.0
-72.83333,0.8333359,0.0
-72.83333,0.91667175,0.0
-72.83333,1.0,0.0
-72.83333,1.0833359,0.0
-72.83333,1.1666718,0.0
-72.83333,1.25,0.0
-72.83333,1.3333359,0.0
-72.83333,1.4166718,0.0
-72.83333,1.5,0.0
-72.83333,1.5833359,0.0
-72.83333,1.6666718,0.0
-72.83333,1.75,0.0
-72.83333,1.8333359,0.0
-72.83333,1.9166718,0.0
-72.83333,2.0,0.0
-72.83333,2.0833359,0.0
-72.83333,2.1666718,0.0
-72.83333,2.25,0.0
-72.83333,2.3333359,0.0
-72.83333,2.4166718,0.0
-72.83333,2.5,0.0
-72.83333,2.5833359,0.0
-72.83333,2.6666718,0.0
-72.83333,2.75,0.0
-72.83333,2.8333359,0.0
-72.83333,2.9166718,0.0
-72.83333,3.0,0.0
-72.83333,3.0833359,0.0
-72.83333,3.1666718,0.0
-72.83333,3.25,0.0
-72.83333,3.3333359,0.0
-72.83333,3.4166718,0.0
-72.83333,3.5,0.0
-72.83333,3.5833359,0.0
-72.83333,3.6666718,0.0
-72.83333,3.75,0.0
-72.83333,3.8333359,0.0
-72.83333,3.9166718,0.0
-72.83333,4.0,0.0
-72.83333,4.083336,0.0
-72.83333,4.1666718,0.0
-72.83333,4.25,0.0
-72.83333,4.333336,0.0
-72.83333,4.4166718,0.0
-72.83333,4.5,0.0
-72.83333,4.583336,0.0
-72.83333,4.6666718,0.0
-72.83333,4.75,0.0
-72.83333,4.833336,0.0
-72.83333,4.9166718,0.0
-72.83333,5.0,0.0
-72.83333,5.083336,0.0
-72.83333,5.1666718,0.0
-72.83333,5.25,0.0
-72.83333,5.333336,0.0
-72.83333,5.4166718,0.0
-72.83333,5.5,0.0
-72.83333,5.583336,0.0
-72.83333,5.6666718,0.0
-72.83333,5.75,0.0
-72.83333,5.833336,0.0
-72.83333,5.9166718,0.0
-72.83333,6.0,0.0
-72.83333,6.083336,0.0
-72.83333,6.1666718,0.0
-72.83333,6.25,0.0
-72.83333,6.333336,0.0
-72.83333,6.4166718,0.0
-72.83333,6.5,0.0
-72.83333,6.583336,0.0
-72.83333,6.6666718,0.0
-72.83333,6.75,0.0
-72.83333,6.833336,0.0
-72.83333,6.9166718,0.0
-72.83333,7.0,0.0
-72.83333,7.083336,0.0
-72.83333,7.1666718,0.0
-72.83333,7.25,0.0
-72.83333,7.333336,0.0
-72.83333,7.4166718,0.0
-72.83333,7.5,0.0
-72.83333,7.583336,0.0
-72.83333,7.6666718,0.0
-72.83333,7.75,0.0
-72.83333,7.833336,0.0
-72.83333,7.9166718,0.0
-72.83333,8.0,0.0
-72.83333,8.083336,0.0
-72.83333,8.166672,0.0
-72.83333,8.25,0.0
-72.83333,8.333336,0.0
-72.83333,8.416672,0.0
-72.83333,8.5,0.0
-72.83333,8.583336,0.0
-72.83333,8.666672,0.0
-72.83333,8.75,0.0
-72.83333,8.833336,0.0
-72.83333,8.916672,0.0
-72.83333,9.0,0.0
-72.83333,9.083336,0.0
-72.83333,9.166672,0.0
-72.83333,9.25,0.0
-72.83333,9.333336,0.0
-72.83333,9.416672,0.0
-72.83333,9.5,0.0
-72.83333,9.583336,0.0
-72.83333,9.666672,0.0
-72.83333,9.75,0.0
-72.83333,9.833336,0.0
-72.83333,9.916672,0.0
-72.83333,10.0,0.0
-72.83333,10.083336,0.0
-72.83333,10.166672,0.0
-72.83333,10.25,0.0
-72.83333,10.333336,0.0
-72.83333,10.416672,0.0
-72.83333,10.5,0.0
-72.83333,10.583336,0.0
-72.83333,10.666672,0.0
-72.83333,10.75,0.0
-72.83333,10.833336,0.0
-72.83333,10.916672,0.0
-72.83333,11.0,0.0
-72.83333,11.083336,0.0
-72.83333,11.166672,0.0
-72.83333,11.25,0.0
-72.83333,11.333336,0.0
-72.83333,11.416672,0.0
-72.83333,11.5,0.0
-72.83333,11.583336,-0.041014
-72.83333,11.666672,-0.040435
-72.83333,11.75,-0.038728
-72.83333,11.833336,-0.036074
-72.83333,11.916672,-0.032994
-72.83333,12.0,-0.028697
-72.83333,12.083336,-0.024583
-72.83333,12.166672,-0.022703
-72.83333,12.25,-0.022387
-72.83333,12.333336,-0.023884
-72.83333,12.416672,-0.026681
-72.75,-4.25,0.0
-72.75,-4.166664,0.0
-72.75,-4.0833282,0.0
-72.75,-4.0,0.0
-72.75,-3.9166641,0.0
-72.75,-3.8333282,0.0
-72.75,-3.75,0.0
-72.75,-3.6666641,0.0
-72.75,-3.5833282,0.0
-72.75,-3.5,0.0
-72.75,-3.4166641,0.0
-72.75,-3.3333282,0.0
-72.75,-3.25,0.0
-72.75,-3.1666641,0.0
-72.75,-3.0833282,0.0
-72.75,-3.0,0.0
-72.75,-2.9166641,0.0
-72.75,-2.8333282,0.0
-72.75,-2.75,0.0
-72.75,-2.6666641,0.0
-72.75,-2.5833282,0.0
-72.75,-2.5,0.0
-72.75,-2.4166641,0.0
-72.75,-2.3333282,0.0
-72.75,-2.25,0.0
-72.75,-2.1666641,0.0
-72.75,-2.0833282,0.0
-72.75,-2.0,0.0
-72.75,-1.9166641,0.0
-72.75,-1.8333282,0.0
-72.75,-1.75,0.0
-72.75,-1.6666641,0.0
-72.75,-1.5833282,0.0
-72.75,-1.5,0.0
-72.75,-1.4166641,0.0
-72.75,-1.3333282,0.0
-72.75,-1.25,0.0
-72.75,-1.1666641,0.0
-72.75,-1.0833282,0.0
-72.75,-1.0,0.0
-72.75,-0.9166641,0.0
-72.75,-0.83332825,0.0
-72.75,-0.75,0.0
-72.75,-0.6666641,0.0
-72.75,-0.58332825,0.0
-72.75,-0.5,0.0
-72.75,-0.41666412,0.0
-72.75,-0.33332825,0.0
-72.75,-0.25,0.0
-72.75,-0.16666412,0.0
-72.75,-0.08332825,0.0
-72.75,0.0,0.0
-72.75,0.08333588,0.0
-72.75,0.16667175,0.0
-72.75,0.25,0.0
-72.75,0.33333588,0.0
-72.75,0.41667175,0.0
-72.75,0.5,0.0
-72.75,0.5833359,0.0
-72.75,0.66667175,0.0
-72.75,0.75,0.0
-72.75,0.8333359,0.0
-72.75,0.91667175,0.0
-72.75,1.0,0.0
-72.75,1.0833359,0.0
-72.75,1.1666718,0.0
-72.75,1.25,0.0
-72.75,1.3333359,0.0
-72.75,1.4166718,0.0
-72.75,1.5,0.0
-72.75,1.5833359,0.0
-72.75,1.6666718,0.0
-72.75,1.75,0.0
-72.75,1.8333359,0.0
-72.75,1.9166718,0.0
-72.75,2.0,0.0
-72.75,2.0833359,0.0
-72.75,2.1666718,0.0
-72.75,2.25,0.0
-72.75,2.3333359,0.0
-72.75,2.4166718,0.0
-72.75,2.5,0.0
-72.75,2.5833359,0.0
-72.75,2.6666718,0.0
-72.75,2.75,0.0
-72.75,2.8333359,0.0
-72.75,2.9166718,0.0
-72.75,3.0,0.0
-72.75,3.0833359,0.0
-72.75,3.1666718,0.0
-72.75,3.25,0.0
-72.75,3.3333359,0.0
-72.75,3.4166718,0.0
-72.75,3.5,0.0
-72.75,3.5833359,0.0
-72.75,3.6666718,0.0
-72.75,3.75,0.0
-72.75,3.8333359,0.0
-72.75,3.9166718,0.0
-72.75,4.0,0.0
-72.75,4.083336,0.0
-72.75,4.1666718,0.0
-72.75,4.25,0.0
-72.75,4.333336,0.0
-72.75,4.4166718,0.0
-72.75,4.5,0.0
-72.75,4.583336,0.0
-72.75,4.6666718,0.0
-72.75,4.75,0.0
-72.75,4.833336,0.0
-72.75,4.9166718,0.0
-72.75,5.0,0.0
-72.75,5.083336,0.0
-72.75,5.1666718,0.0
-72.75,5.25,0.0
-72.75,5.333336,0.0
-72.75,5.4166718,0.0
-72.75,5.5,0.0
-72.75,5.583336,0.0
-72.75,5.6666718,0.0
-72.75,5.75,0.0
-72.75,5.833336,0.0
-72.75,5.9166718,0.0
-72.75,6.0,0.0
-72.75,6.083336,0.0
-72.75,6.1666718,0.0
-72.75,6.25,0.0
-72.75,6.333336,0.0
-72.75,6.4166718,0.0
-72.75,6.5,0.0
-72.75,6.583336,0.0
-72.75,6.6666718,0.0
-72.75,6.75,0.0
-72.75,6.833336,0.0
-72.75,6.9166718,0.0
-72.75,7.0,0.0
-72.75,7.083336,0.0
-72.75,7.1666718,0.0
-72.75,7.25,0.0
-72.75,7.333336,0.0
-72.75,7.4166718,0.0
-72.75,7.5,0.0
-72.75,7.583336,0.0
-72.75,7.6666718,0.0
-72.75,7.75,0.0
-72.75,7.833336,0.0
-72.75,7.9166718,0.0
-72.75,8.0,0.0
-72.75,8.083336,0.0
-72.75,8.166672,0.0
-72.75,8.25,0.0
-72.75,8.333336,0.0
-72.75,8.416672,0.0
-72.75,8.5,0.0
-72.75,8.583336,0.0
-72.75,8.666672,0.0
-72.75,8.75,0.0
-72.75,8.833336,0.0
-72.75,8.916672,0.0
-72.75,9.0,0.0
-72.75,9.083336,0.0
-72.75,9.166672,0.0
-72.75,9.25,0.0
-72.75,9.333336,0.0
-72.75,9.416672,0.0
-72.75,9.5,0.0
-72.75,9.583336,0.0
-72.75,9.666672,0.0
-72.75,9.75,0.0
-72.75,9.833336,0.0
-72.75,9.916672,0.0
-72.75,10.0,0.0
-72.75,10.083336,0.0
-72.75,10.166672,0.0
-72.75,10.25,0.0
-72.75,10.333336,0.0
-72.75,10.416672,0.0
-72.75,10.5,0.0
-72.75,10.583336,0.0
-72.75,10.666672,0.0
-72.75,10.75,0.0
-72.75,10.833336,0.0
-72.75,10.916672,0.0
-72.75,11.0,0.0
-72.75,11.083336,0.0
-72.75,11.166672,0.0
-72.75,11.25,0.0
-72.75,11.333336,0.0
-72.75,11.416672,0.0
-72.75,11.5,0.0
-72.75,11.583336,0.0
-72.75,11.666672,-0.043508
-72.75,11.75,-0.04119
-72.75,11.833336,-0.036617
-72.75,11.916672,-0.033787
-72.75,12.0,-0.029421
-72.75,12.083336,-0.026935
-72.75,12.166672,-0.026388
-72.75,12.25,-0.027595
-72.75,12.333336,-0.030518
-72.75,12.416672,-0.031974
-72.666664,-4.25,0.0
-72.666664,-4.166664,0.0
-72.666664,-4.0833282,0.0
-72.666664,-4.0,0.0
-72.666664,-3.9166641,0.0
-72.666664,-3.8333282,0.0
-72.666664,-3.75,0.0
-72.666664,-3.6666641,0.0
-72.666664,-3.5833282,0.0
-72.666664,-3.5,0.0
-72.666664,-3.4166641,0.0
-72.666664,-3.3333282,0.0
-72.666664,-3.25,0.0
-72.666664,-3.1666641,0.0
-72.666664,-3.0833282,0.0
-72.666664,-3.0,0.0
-72.666664,-2.9166641,0.0
-72.666664,-2.8333282,0.0
-72.666664,-2.75,0.0
-72.666664,-2.6666641,0.0
-72.666664,-2.5833282,0.0
-72.666664,-2.5,0.0
-72.666664,-2.4166641,0.0
-72.666664,-2.3333282,0.0
-72.666664,-2.25,0.0
-72.666664,-2.1666641,0.0
-72.666664,-2.0833282,0.0
-72.666664,-2.0,0.0
-72.666664,-1.9166641,0.0
-72.666664,-1.8333282,0.0
-72.666664,-1.75,0.0
-72.666664,-1.6666641,0.0
-72.666664,-1.5833282,0.0
-72.666664,-1.5,0.0
-72.666664,-1.4166641,0.0
-72.666664,-1.3333282,0.0
-72.666664,-1.25,0.0
-72.666664,-1.1666641,0.0
-72.666664,-1.0833282,0.0
-72.666664,-1.0,0.0
-72.666664,-0.9166641,0.0
-72.666664,-0.83332825,0.0
-72.666664,-0.75,0.0
-72.666664,-0.6666641,0.0
-72.666664,-0.58332825,0.0
-72.666664,-0.5,0.0
-72.666664,-0.41666412,0.0
-72.666664,-0.33332825,0.0
-72.666664,-0.25,0.0
-72.666664,-0.16666412,0.0
-72.666664,-0.08332825,0.0
-72.666664,0.0,0.0
-72.666664,0.08333588,0.0
-72.666664,0.16667175,0.0
-72.666664,0.25,0.0
-72.666664,0.33333588,0.0
-72.666664,0.41667175,0.0
-72.666664,0.5,0.0
-72.666664,0.5833359,0.0
-72.666664,0.66667175,0.0
-72.666664,0.75,0.0
-72.666664,0.8333359,0.0
-72.666664,0.91667175,0.0
-72.666664,1.0,0.0
-72.666664,1.0833359,0.0
-72.666664,1.1666718,0.0
-72.666664,1.25,0.0
-72.666664,1.3333359,0.0
-72.666664,1.4166718,0.0
-72.666664,1.5,0.0
-72.666664,1.5833359,0.0
-72.666664,1.6666718,0.0
-72.666664,1.75,0.0
-72.666664,1.8333359,0.0
-72.666664,1.9166718,0.0
-72.666664,2.0,0.0
-72.666664,2.0833359,0.0
-72.666664,2.1666718,0.0
-72.666664,2.25,0.0
-72.666664,2.3333359,0.0
-72.666664,2.4166718,0.0
-72.666664,2.5,0.0
-72.666664,2.5833359,0.0
-72.666664,2.6666718,0.0
-72.666664,2.75,0.0
-72.666664,2.8333359,0.0
-72.666664,2.9166718,0.0
-72.666664,3.0,0.0
-72.666664,3.0833359,0.0
-72.666664,3.1666718,0.0
-72.666664,3.25,0.0
-72.666664,3.3333359,0.0
-72.666664,3.4166718,0.0
-72.666664,3.5,0.0
-72.666664,3.5833359,0.0
-72.666664,3.6666718,0.0
-72.666664,3.75,0.0
-72.666664,3.8333359,0.0
-72.666664,3.9166718,0.0
-72.666664,4.0,0.0
-72.666664,4.083336,0.0
-72.666664,4.1666718,0.0
-72.666664,4.25,0.0
-72.666664,4.333336,0.0
-72.666664,4.4166718,0.0
-72.666664,4.5,0.0
-72.666664,4.583336,0.0
-72.666664,4.6666718,0.0
-72.666664,4.75,0.0
-72.666664,4.833336,0.0
-72.666664,4.9166718,0.0
-72.666664,5.0,0.0
-72.666664,5.083336,0.0
-72.666664,5.1666718,0.0
-72.666664,5.25,0.0
-72.666664,5.333336,0.0
-72.666664,5.4166718,0.0
-72.666664,5.5,0.0
-72.666664,5.583336,0.0
-72.666664,5.6666718,0.0
-72.666664,5.75,0.0
-72.666664,5.833336,0.0
-72.666664,5.9166718,0.0
-72.666664,6.0,0.0
-72.666664,6.083336,0.0
-72.666664,6.1666718,0.0
-72.666664,6.25,0.0
-72.666664,6.333336,0.0
-72.666664,6.4166718,0.0
-72.666664,6.5,0.0
-72.666664,6.583336,0.0
-72.666664,6.6666718,0.0
-72.666664,6.75,0.0
-72.666664,6.833336,0.0
-72.666664,6.9166718,0.0
-72.666664,7.0,0.0
-72.666664,7.083336,0.0
-72.666664,7.1666718,0.0
-72.666664,7.25,0.0
-72.666664,7.333336,0.0
-72.666664,7.4166718,0.0
-72.666664,7.5,0.0
-72.666664,7.583336,0.0
-72.666664,7.6666718,0.0
-72.666664,7.75,0.0
-72.666664,7.833336,0.0
-72.666664,7.9166718,0.0
-72.666664,8.0,0.0
-72.666664,8.083336,0.0
-72.666664,8.166672,0.0
-72.666664,8.25,0.0
-72.666664,8.333336,0.0
-72.666664,8.416672,0.0
-72.666664,8.5,0.0
-72.666664,8.583336,0.0
-72.666664,8.666672,0.0
-72.666664,8.75,0.0
-72.666664,8.833336,0.0
-72.666664,8.916672,0.0
-72.666664,9.0,0.0
-72.666664,9.083336,0.0
-72.666664,9.166672,0.0
-72.666664,9.25,0.0
-72.666664,9.333336,0.0
-72.666664,9.416672,0.0
-72.666664,9.5,0.0
-72.666664,9.583336,0.0
-72.666664,9.666672,0.0
-72.666664,9.75,0.0
-72.666664,9.833336,0.0
-72.666664,9.916672,0.0
-72.666664,10.0,0.0
-72.666664,10.083336,0.0
-72.666664,10.166672,0.0
-72.666664,10.25,0.0
-72.666664,10.333336,0.0
-72.666664,10.416672,0.0
-72.666664,10.5,0.0
-72.666664,10.583336,0.0
-72.666664,10.666672,0.0
-72.666664,10.75,0.0
-72.666664,10.833336,0.0
-72.666664,10.916672,0.0
-72.666664,11.0,0.0
-72.666664,11.083336,0.0
-72.666664,11.166672,0.0
-72.666664,11.25,0.0
-72.666664,11.333336,0.0
-72.666664,11.416672,0.0
-72.666664,11.5,0.0
-72.666664,11.583336,0.0
-72.666664,11.666672,0.0
-72.666664,11.75,-0.038388
-72.666664,11.833336,-0.037281
-72.666664,11.916672,-0.035664
-72.666664,12.0,-0.032333
-72.666664,12.083336,-0.030471
-72.666664,12.166672,-0.031004
-72.666664,12.25,-0.03339
-72.666664,12.333336,-0.035847
-72.666664,12.416672,-0.034933
-72.58333,-4.25,0.0
-72.58333,-4.166664,0.0
-72.58333,-4.0833282,0.0
-72.58333,-4.0,0.0
-72.58333,-3.9166641,0.0
-72.58333,-3.8333282,0.0
-72.58333,-3.75,0.0
-72.58333,-3.6666641,0.0
-72.58333,-3.5833282,0.0
-72.58333,-3.5,0.0
-72.58333,-3.4166641,0.0
-72.58333,-3.3333282,0.0
-72.58333,-3.25,0.0
-72.58333,-3.1666641,0.0
-72.58333,-3.0833282,0.0
-72.58333,-3.0,0.0
-72.58333,-2.9166641,0.0
-72.58333,-2.8333282,0.0
-72.58333,-2.75,0.0
-72.58333,-2.6666641,0.0
-72.58333,-2.5833282,0.0
-72.58333,-2.5,0.0
-72.58333,-2.4166641,0.0
-72.58333,-2.3333282,0.0
-72.58333,-2.25,0.0
-72.58333,-2.1666641,0.0
-72.58333,-2.0833282,0.0
-72.58333,-2.0,0.0
-72.58333,-1.9166641,0.0
-72.58333,-1.8333282,0.0
-72.58333,-1.75,0.0
-72.58333,-1.6666641,0.0
-72.58333,-1.5833282,0.0
-72.58333,-1.5,0.0
-72.58333,-1.4166641,0.0
-72.58333,-1.3333282,0.0
-72.58333,-1.25,0.0
-72.58333,-1.1666641,0.0
-72.58333,-1.0833282,0.0
-72.58333,-1.0,0.0
-72.58333,-0.9166641,0.0
-72.58333,-0.83332825,0.0
-72.58333,-0.75,0.0
-72.58333,-0.6666641,0.0
-72.58333,-0.58332825,0.0
-72.58333,-0.5,0.0
-72.58333,-0.41666412,0.0
-72.58333,-0.33332825,0.0
-72.58333,-0.25,0.0
-72.58333,-0.16666412,0.0
-72.58333,-0.08332825,0.0
-72.58333,0.0,0.0
-72.58333,0.08333588,0.0
-72.58333,0.16667175,0.0
-72.58333,0.25,0.0
-72.58333,0.33333588,0.0
-72.58333,0.41667175,0.0
-72.58333,0.5,0.0
-72.58333,0.5833359,0.0
-72.58333,0.66667175,0.0
-72.58333,0.75,0.0
-72.58333,0.8333359,0.0
-72.58333,0.91667175,0.0
-72.58333,1.0,0.0
-72.58333,1.0833359,0.0
-72.58333,1.1666718,0.0
-72.58333,1.25,0.0
-72.58333,1.3333359,0.0
-72.58333,1.4166718,0.0
-72.58333,1.5,0.0
-72.58333,1.5833359,0.0
-72.58333,1.6666718,0.0
-72.58333,1.75,0.0
-72.58333,1.8333359,0.0
-72.58333,1.9166718,0.0
-72.58333,2.0,0.0
-72.58333,2.0833359,0.0
-72.58333,2.1666718,0.0
-72.58333,2.25,0.0
-72.58333,2.3333359,0.0
-72.58333,2.4166718,0.0
-72.58333,2.5,0.0
-72.58333,2.5833359,0.0
-72.58333,2.6666718,0.0
-72.58333,2.75,0.0
-72.58333,2.8333359,0.0
-72.58333,2.9166718,0.0
-72.58333,3.0,0.0
-72.58333,3.0833359,0.0
-72.58333,3.1666718,0.0
-72.58333,3.25,0.0
-72.58333,3.3333359,0.0
-72.58333,3.4166718,0.0
-72.58333,3.5,0.0
-72.58333,3.5833359,0.0
-72.58333,3.6666718,0.0
-72.58333,3.75,0.0
-72.58333,3.8333359,0.0
-72.58333,3.9166718,0.0
-72.58333,4.0,0.0
-72.58333,4.083336,0.0
-72.58333,4.1666718,0.0
-72.58333,4.25,0.0
-72.58333,4.333336,0.0
-72.58333,4.4166718,0.0
-72.58333,4.5,0.0
-72.58333,4.583336,0.0
-72.58333,4.6666718,0.0
-72.58333,4.75,0.0
-72.58333,4.833336,0.0
-72.58333,4.9166718,0.0
-72.58333,5.0,0.0
-72.58333,5.083336,0.0
-72.58333,5.1666718,0.0
-72.58333,5.25,0.0
-72.58333,5.333336,0.0
-72.58333,5.4166718,0.0
-72.58333,5.5,0.0
-72.58333,5.583336,0.0
-72.58333,5.6666718,0.0
-72.58333,5.75,0.0
-72.58333,5.833336,0.0
-72.58333,5.9166718,0.0
-72.58333,6.0,0.0
-72.58333,6.083336,0.0
-72.58333,6.1666718,0.0
-72.58333,6.25,0.0
-72.58333,6.333336,0.0
-72.58333,6.4166718,0.0
-72.58333,6.5,0.0
-72.58333,6.583336,0.0
-72.58333,6.6666718,0.0
-72.58333,6.75,0.0
-72.58333,6.833336,0.0
-72.58333,6.9166718,0.0
-72.58333,7.0,0.0
-72.58333,7.083336,0.0
-72.58333,7.1666718,0.0
-72.58333,7.25,0.0
-72.58333,7.333336,0.0
-72.58333,7.4166718,0.0
-72.58333,7.5,0.0
-72.58333,7.583336,0.0
-72.58333,7.6666718,0.0
-72.58333,7.75,0.0
-72.58333,7.833336,0.0
-72.58333,7.9166718,0.0
-72.58333,8.0,0.0
-72.58333,8.083336,0.0
-72.58333,8.166672,0.0
-72.58333,8.25,0.0
-72.58333,8.333336,0.0
-72.58333,8.416672,0.0
-72.58333,8.5,0.0
-72.58333,8.583336,0.0
-72.58333,8.666672,0.0
-72.58333,8.75,0.0
-72.58333,8.833336,0.0
-72.58333,8.916672,0.0
-72.58333,9.0,0.0
-72.58333,9.083336,0.0
-72.58333,9.166672,0.0
-72.58333,9.25,0.0
-72.58333,9.333336,0.0
-72.58333,9.416672,0.0
-72.58333,9.5,0.0
-72.58333,9.583336,0.0
-72.58333,9.666672,0.0
-72.58333,9.75,0.0
-72.58333,9.833336,0.0
-72.58333,9.916672,0.0
-72.58333,10.0,0.0
-72.58333,10.083336,0.0
-72.58333,10.166672,0.0
-72.58333,10.25,0.0
-72.58333,10.333336,0.0
-72.58333,10.416672,0.0
-72.58333,10.5,0.0
-72.58333,10.583336,0.0
-72.58333,10.666672,0.0
-72.58333,10.75,0.0
-72.58333,10.833336,0.0
-72.58333,10.916672,0.0
-72.58333,11.0,0.0
-72.58333,11.083336,0.0
-72.58333,11.166672,0.0
-72.58333,11.25,0.0
-72.58333,11.333336,0.0
-72.58333,11.416672,0.0
-72.58333,11.5,0.0
-72.58333,11.583336,0.0
-72.58333,11.666672,0.0
-72.58333,11.75,-0.039684
-72.58333,11.833336,-0.039956
-72.58333,11.916672,-0.037279
-72.58333,12.0,-0.036543
-72.58333,12.083336,-0.035065
-72.58333,12.166672,-0.035748
-72.58333,12.25,-0.038181
-72.58333,12.333336,-0.038136
-72.58333,12.416672,-0.037112
-72.5,-4.25,0.0
-72.5,-4.166664,0.0
-72.5,-4.0833282,0.0
-72.5,-4.0,0.0
-72.5,-3.9166641,0.0
-72.5,-3.8333282,0.0
-72.5,-3.75,0.0
-72.5,-3.6666641,0.0
-72.5,-3.5833282,0.0
-72.5,-3.5,0.0
-72.5,-3.4166641,0.0
-72.5,-3.3333282,0.0
-72.5,-3.25,0.0
-72.5,-3.1666641,0.0
-72.5,-3.0833282,0.0
-72.5,-3.0,0.0
-72.5,-2.9166641,0.0
-72.5,-2.8333282,0.0
-72.5,-2.75,0.0
-72.5,-2.6666641,0.0
-72.5,-2.5833282,0.0
-72.5,-2.5,0.0
-72.5,-2.4166641,0.0
-72.5,-2.3333282,0.0
-72.5,-2.25,0.0
-72.5,-2.1666641,0.0
-72.5,-2.0833282,0.0
-72.5,-2.0,0.0
-72.5,-1.9166641,0.0
-72.5,-1.8333282,0.0
-72.5,-1.75,0.0
-72.5,-1.6666641,0.0
-72.5,-1.5833282,0.0
-72.5,-1.5,0.0
-72.5,-1.4166641,0.0
-72.5,-1.3333282,0.0
-72.5,-1.25,0.0
-72.5,-1.1666641,0.0
-72.5,-1.0833282,0.0
-72.5,-1.0,0.0
-72.5,-0.9166641,0.0
-72.5,-0.83332825,0.0
-72.5,-0.75,0.0
-72.5,-0.6666641,0.0
-72.5,-0.58332825,0.0
-72.5,-0.5,0.0
-72.5,-0.41666412,0.0
-72.5,-0.33332825,0.0
-72.5,-0.25,0.0
-72.5,-0.16666412,0.0
-72.5,-0.08332825,0.0
-72.5,0.0,0.0
-72.5,0.08333588,0.0
-72.5,0.16667175,0.0
-72.5,0.25,0.0
-72.5,0.33333588,0.0
-72.5,0.41667175,0.0
-72.5,0.5,0.0
-72.5,0.5833359,0.0
-72.5,0.66667175,0.0
-72.5,0.75,0.0
-72.5,0.8333359,0.0
-72.5,0.91667175,0.0
-72.5,1.0,0.0
-72.5,1.0833359,0.0
-72.5,1.1666718,0.0
-72.5,1.25,0.0
-72.5,1.3333359,0.0
-72.5,1.4166718,0.0
-72.5,1.5,0.0
-72.5,1.5833359,0.0
-72.5,1.6666718,0.0
-72.5,1.75,0.0
-72.5,1.8333359,0.0
-72.5,1.9166718,0.0
-72.5,2.0,0.0
-72.5,2.0833359,0.0
-72.5,2.1666718,0.0
-72.5,2.25,0.0
-72.5,2.3333359,0.0
-72.5,2.4166718,0.0
-72.5,2.5,0.0
-72.5,2.5833359,0.0
-72.5,2.6666718,0.0
-72.5,2.75,0.0
-72.5,2.8333359,0.0
-72.5,2.9166718,0.0
-72.5,3.0,0.0
-72.5,3.0833359,0.0
-72.5,3.1666718,0.0
-72.5,3.25,0.0
-72.5,3.3333359,0.0
-72.5,3.4166718,0.0
-72.5,3.5,0.0
-72.5,3.5833359,0.0
-72.5,3.6666718,0.0
-72.5,3.75,0.0
-72.5,3.8333359,0.0
-72.5,3.9166718,0.0
-72.5,4.0,0.0
-72.5,4.083336,0.0
-72.5,4.1666718,0.0
-72.5,4.25,0.0
-72.5,4.333336,0.0
-72.5,4.4166718,0.0
-72.5,4.5,0.0
-72.5,4.583336,0.0
-72.5,4.6666718,0.0
-72.5,4.75,0.0
-72.5,4.833336,0.0
-72.5,4.9166718,0.0
-72.5,5.0,0.0
-72.5,5.083336,0.0
-72.5,5.1666718,0.0
-72.5,5.25,0.0
-72.5,5.333336,0.0
-72.5,5.4166718,0.0
-72.5,5.5,0.0
-72.5,5.583336,0.0
-72.5,5.6666718,0.0
-72.5,5.75,0.0
-72.5,5.833336,0.0
-72.5,5.9166718,0.0
-72.5,6.0,0.0
-72.5,6.083336,0.0
-72.5,6.1666718,0.0
-72.5,6.25,0.0
-72.5,6.333336,0.0
-72.5,6.4166718,0.0
-72.5,6.5,0.0
-72.5,6.583336,0.0
-72.5,6.6666718,0.0
-72.5,6.75,0.0
-72.5,6.833336,0.0
-72.5,6.9166718,0.0
-72.5,7.0,0.0
-72.5,7.083336,0.0
-72.5,7.1666718,0.0
-72.5,7.25,0.0
-72.5,7.333336,0.0
-72.5,7.4166718,0.0
-72.5,7.5,0.0
-72.5,7.583336,0.0
-72.5,7.6666718,0.0
-72.5,7.75,0.0
-72.5,7.833336,0.0
-72.5,7.9166718,0.0
-72.5,8.0,0.0
-72.5,8.083336,0.0
-72.5,8.166672,0.0
-72.5,8.25,0.0
-72.5,8.333336,0.0
-72.5,8.416672,0.0
-72.5,8.5,0.0
-72.5,8.583336,0.0
-72.5,8.666672,0.0
-72.5,8.75,0.0
-72.5,8.833336,0.0
-72.5,8.916672,0.0
-72.5,9.0,0.0
-72.5,9.083336,0.0
-72.5,9.166672,0.0
-72.5,9.25,0.0
-72.5,9.333336,0.0
-72.5,9.416672,0.0
-72.5,9.5,0.0
-72.5,9.583336,0.0
-72.5,9.666672,0.0
-72.5,9.75,0.0
-72.5,9.833336,0.0
-72.5,9.916672,0.0
-72.5,10.0,0.0
-72.5,10.083336,0.0
-72.5,10.166672,0.0
-72.5,10.25,0.0
-72.5,10.333336,0.0
-72.5,10.416672,0.0
-72.5,10.5,0.0
-72.5,10.583336,0.0
-72.5,10.666672,0.0
-72.5,10.75,0.0
-72.5,10.833336,0.0
-72.5,10.916672,0.0
-72.5,11.0,0.0
-72.5,11.083336,0.0
-72.5,11.166672,0.0
-72.5,11.25,0.0
-72.5,11.333336,0.0
-72.5,11.416672,0.0
-72.5,11.5,0.0
-72.5,11.583336,0.0
-72.5,11.666672,0.0
-72.5,11.75,-0.041787
-72.5,11.833336,-0.041416
-72.5,11.916672,-0.039916
-72.5,12.0,-0.040657
-72.5,12.083336,-0.040347
-72.5,12.166672,-0.041064
-72.5,12.25,-0.040372
-72.5,12.333336,-0.038232
-72.5,12.416672,-0.03886
-72.416664,-4.25,0.0
-72.416664,-4.166664,0.0
-72.416664,-4.0833282,0.0
-72.416664,-4.0,0.0
-72.416664,-3.9166641,0.0
-72.416664,-3.8333282,0.0
-72.416664,-3.75,0.0
-72.416664,-3.6666641,0.0
-72.416664,-3.5833282,0.0
-72.416664,-3.5,0.0
-72.416664,-3.4166641,0.0
-72.416664,-3.3333282,0.0
-72.416664,-3.25,0.0
-72.416664,-3.1666641,0.0
-72.416664,-3.0833282,0.0
-72.416664,-3.0,0.0
-72.416664,-2.9166641,0.0
-72.416664,-2.8333282,0.0
-72.416664,-2.75,0.0
-72.416664,-2.6666641,0.0
-72.416664,-2.5833282,0.0
-72.416664,-2.5,0.0
-72.416664,-2.4166641,0.0
-72.416664,-2.3333282,0.0
-72.416664,-2.25,0.0
-72.416664,-2.1666641,0.0
-72.416664,-2.0833282,0.0
-72.416664,-2.0,0.0
-72.416664,-1.9166641,0.0
-72.416664,-1.8333282,0.0
-72.416664,-1.75,0.0
-72.416664,-1.6666641,0.0
-72.416664,-1.5833282,0.0
-72.416664,-1.5,0.0
-72.416664,-1.4166641,0.0
-72.416664,-1.3333282,0.0
-72.416664,-1.25,0.0
-72.416664,-1.1666641,0.0
-72.416664,-1.0833282,0.0
-72.416664,-1.0,0.0
-72.416664,-0.9166641,0.0
-72.416664,-0.83332825,0.0
-72.416664,-0.75,0.0
-72.416664,-0.6666641,0.0
-72.416664,-0.58332825,0.0
-72.416664,-0.5,0.0
-72.416664,-0.41666412,0.0
-72.416664,-0.33332825,0.0
-72.416664,-0.25,0.0
-72.416664,-0.16666412,0.0
-72.416664,-0.08332825,0.0
-72.416664,0.0,0.0
-72.416664,0.08333588,0.0
-72.416664,0.16667175,0.0
-72.416664,0.25,0.0
-72.416664,0.33333588,0.0
-72.416664,0.41667175,0.0
-72.416664,0.5,0.0
-72.416664,0.5833359,0.0
-72.416664,0.66667175,0.0
-72.416664,0.75,0.0
-72.416664,0.8333359,0.0
-72.416664,0.91667175,0.0
-72.416664,1.0,0.0
-72.416664,1.0833359,0.0
-72.416664,1.1666718,0.0
-72.416664,1.25,0.0
-72.416664,1.3333359,0.0
-72.416664,1.4166718,0.0
-72.416664,1.5,0.0
-72.416664,1.5833359,0.0
-72.416664,1.6666718,0.0
-72.416664,1.75,0.0
-72.416664,1.8333359,0.0
-72.416664,1.9166718,0.0
-72.416664,2.0,0.0
-72.416664,2.0833359,0.0
-72.416664,2.1666718,0.0
-72.416664,2.25,0.0
-72.416664,2.3333359,0.0
-72.416664,2.4166718,0.0
-72.416664,2.5,0.0
-72.416664,2.5833359,0.0
-72.416664,2.6666718,0.0
-72.416664,2.75,0.0
-72.416664,2.8333359,0.0
-72.416664,2.9166718,0.0
-72.416664,3.0,0.0
-72.416664,3.0833359,0.0
-72.416664,3.1666718,0.0
-72.416664,3.25,0.0
-72.416664,3.3333359,0.0
-72.416664,3.4166718,0.0
-72.416664,3.5,0.0
-72.416664,3.5833359,0.0
-72.416664,3.6666718,0.0
-72.416664,3.75,0.0
-72.416664,3.8333359,0.0
-72.416664,3.9166718,0.0
-72.416664,4.0,0.0
-72.416664,4.083336,0.0
-72.416664,4.1666718,0.0
-72.416664,4.25,0.0
-72.416664,4.333336,0.0
-72.416664,4.4166718,0.0
-72.416664,4.5,0.0
-72.416664,4.583336,0.0
-72.416664,4.6666718,0.0
-72.416664,4.75,0.0
-72.416664,4.833336,0.0
-72.416664,4.9166718,0.0
-72.416664,5.0,0.0
-72.416664,5.083336,0.0
-72.416664,5.1666718,0.0
-72.416664,5.25,0.0
-72.416664,5.333336,0.0
-72.416664,5.4166718,0.0
-72.416664,5.5,0.0
-72.416664,5.583336,0.0
-72.416664,5.6666718,0.0
-72.416664,5.75,0.0
-72.416664,5.833336,0.0
-72.416664,5.9166718,0.0
-72.416664,6.0,0.0
-72.416664,6.083336,0.0
-72.416664,6.1666718,0.0
-72.416664,6.25,0.0
-72.416664,6.333336,0.0
-72.416664,6.4166718,0.0
-72.416664,6.5,0.0
-72.416664,6.583336,0.0
-72.416664,6.6666718,0.0
-72.416664,6.75,0.0
-72.416664,6.833336,0.0
-72.416664,6.9166718,0.0
-72.416664,7.0,0.0
-72.416664,7.083336,0.0
-72.416664,7.1666718,0.0
-72.416664,7.25,0.0
-72.416664,7.333336,0.0
-72.416664,7.4166718,0.0
-72.416664,7.5,0.0
-72.416664,7.583336,0.0
-72.416664,7.6666718,0.0
-72.416664,7.75,0.0
-72.416664,7.833336,0.0
-72.416664,7.9166718,0.0
-72.416664,8.0,0.0
-72.416664,8.083336,0.0
-72.416664,8.166672,0.0
-72.416664,8.25,0.0
-72.416664,8.333336,0.0
-72.416664,8.416672,0.0
-72.416664,8.5,0.0
-72.416664,8.583336,0.0
-72.416664,8.666672,0.0
-72.416664,8.75,0.0
-72.416664,8.833336,0.0
-72.416664,8.916672,0.0
-72.416664,9.0,0.0
-72.416664,9.083336,0.0
-72.416664,9.166672,0.0
-72.416664,9.25,0.0
-72.416664,9.333336,0.0
-72.416664,9.416672,0.0
-72.416664,9.5,0.0
-72.416664,9.583336,0.0
-72.416664,9.666672,0.0
-72.416664,9.75,0.0
-72.416664,9.833336,0.0
-72.416664,9.916672,0.0
-72.416664,10.0,0.0
-72.416664,10.083336,0.0
-72.416664,10.166672,0.0
-72.416664,10.25,0.0
-72.416664,10.333336,0.0
-72.416664,10.416672,0.0
-72.416664,10.5,0.0
-72.416664,10.583336,0.0
-72.416664,10.666672,0.0
-72.416664,10.75,0.0
-72.416664,10.833336,0.0
-72.416664,10.916672,0.0
-72.416664,11.0,0.0
-72.416664,11.083336,0.0
-72.416664,11.166672,0.0
-72.416664,11.25,0.0
-72.416664,11.333336,0.0
-72.416664,11.416672,0.0
-72.416664,11.5,0.0
-72.416664,11.583336,0.0
-72.416664,11.666672,0.0
-72.416664,11.75,0.0
-72.416664,11.833336,-0.039229
-72.416664,11.916672,-0.041172
-72.416664,12.0,-0.043661
-72.416664,12.083336,-0.044837
-72.416664,12.166672,-0.044446
-72.416664,12.25,-0.043052
-72.416664,12.333336,-0.04165
-72.416664,12.416672,-0.041011
-72.33333,-4.25,0.0
-72.33333,-4.166664,0.0
-72.33333,-4.0833282,0.0
-72.33333,-4.0,0.0
-72.33333,-3.9166641,0.0
-72.33333,-3.8333282,0.0
-72.33333,-3.75,0.0
-72.33333,-3.6666641,0.0
-72.33333,-3.5833282,0.0
-72.33333,-3.5,0.0
-72.33333,-3.4166641,0.0
-72.33333,-3.3333282,0.0
-72.33333,-3.25,0.0
-72.33333,-3.1666641,0.0
-72.33333,-3.0833282,0.0
-72.33333,-3.0,0.0
-72.33333,-2.9166641,0.0
-72.33333,-2.8333282,0.0
-72.33333,-2.75,0.0
-72.33333,-2.6666641,0.0
-72.33333,-2.5833282,0.0
-72.33333,-2.5,0.0
-72.33333,-2.4166641,0.0
-72.33333,-2.3333282,0.0
-72.33333,-2.25,0.0
-72.33333,-2.1666641,0.0
-72.33333,-2.0833282,0.0
-72.33333,-2.0,0.0
-72.33333,-1.9166641,0.0
-72.33333,-1.8333282,0.0
-72.33333,-1.75,0.0
-72.33333,-1.6666641,0.0
-72.33333,-1.5833282,0.0
-72.33333,-1.5,0.0
-72.33333,-1.4166641,0.0
-72.33333,-1.3333282,0.0
-72.33333,-1.25,0.0
-72.33333,-1.1666641,0.0
-72.33333,-1.0833282,0.0
-72.33333,-1.0,0.0
-72.33333,-0.9166641,0.0
-72.33333,-0.83332825,0.0
-72.33333,-0.75,0.0
-72.33333,-0.6666641,0.0
-72.33333,-0.58332825,0.0
-72.33333,-0.5,0.0
-72.33333,-0.41666412,0.0
-72.33333,-0.33332825,0.0
-72.33333,-0.25,0.0
-72.33333,-0.16666412,0.0
-72.33333,-0.08332825,0.0
-72.33333,0.0,0.0
-72.33333,0.08333588,0.0
-72.33333,0.16667175,0.0
-72.33333,0.25,0.0
-72.33333,0.33333588,0.0
-72.33333,0.41667175,0.0
-72.33333,0.5,0.0
-72.33333,0.5833359,0.0
-72.33333,0.66667175,0.0
-72.33333,0.75,0.0
-72.33333,0.8333359,0.0
-72.33333,0.91667175,0.0
-72.33333,1.0,0.0
-72.33333,1.0833359,0.0
-72.33333,1.1666718,0.0
-72.33333,1.25,0.0
-72.33333,1.3333359,0.0
-72.33333,1.4166718,0.0
-72.33333,1.5,0.0
-72.33333,1.5833359,0.0
-72.33333,1.6666718,0.0
-72.33333,1.75,0.0
-72.33333,1.8333359,0.0
-72.33333,1.9166718,0.0
-72.33333,2.0,0.0
-72.33333,2.0833359,0.0
-72.33333,2.1666718,0.0
-72.33333,2.25,0.0
-72.33333,2.3333359,0.0
-72.33333,2.4166718,0.0
-72.33333,2.5,0.0
-72.33333,2.5833359,0.0
-72.33333,2.6666718,0.0
-72.33333,2.75,0.0
-72.33333,2.8333359,0.0
-72.33333,2.9166718,0.0
-72.33333,3.0,0.0
-72.33333,3.0833359,0.0
-72.33333,3.1666718,0.0
-72.33333,3.25,0.0
-72.33333,3.3333359,0.0
-72.33333,3.4166718,0.0
-72.33333,3.5,0.0
-72.33333,3.5833359,0.0
-72.33333,3.6666718,0.0
-72.33333,3.75,0.0
-72.33333,3.8333359,0.0
-72.33333,3.9166718,0.0
-72.33333,4.0,0.0
-72.33333,4.083336,0.0
-72.33333,4.1666718,0.0
-72.33333,4.25,0.0
-72.33333,4.333336,0.0
-72.33333,4.4166718,0.0
-72.33333,4.5,0.0
-72.33333,4.583336,0.0
-72.33333,4.6666718,0.0
-72.33333,4.75,0.0
-72.33333,4.833336,0.0
-72.33333,4.9166718,0.0
-72.33333,5.0,0.0
-72.33333,5.083336,0.0
-72.33333,5.1666718,0.0
-72.33333,5.25,0.0
-72.33333,5.333336,0.0
-72.33333,5.4166718,0.0
-72.33333,5.5,0.0
-72.33333,5.583336,0.0
-72.33333,5.6666718,0.0
-72.33333,5.75,0.0
-72.33333,5.833336,0.0
-72.33333,5.9166718,0.0
-72.33333,6.0,0.0
-72.33333,6.083336,0.0
-72.33333,6.1666718,0.0
-72.33333,6.25,0.0
-72.33333,6.333336,0.0
-72.33333,6.4166718,0.0
-72.33333,6.5,0.0
-72.33333,6.583336,0.0
-72.33333,6.6666718,0.0
-72.33333,6.75,0.0
-72.33333,6.833336,0.0
-72.33333,6.9166718,0.0
-72.33333,7.0,0.0
-72.33333,7.083336,0.0
-72.33333,7.1666718,0.0
-72.33333,7.25,0.0
-72.33333,7.333336,0.0
-72.33333,7.4166718,0.0
-72.33333,7.5,0.0
-72.33333,7.583336,0.0
-72.33333,7.6666718,0.0
-72.33333,7.75,0.0
-72.33333,7.833336,0.0
-72.33333,7.9166718,0.0
-72.33333,8.0,0.0
-72.33333,8.083336,0.0
-72.33333,8.166672,0.0
-72.33333,8.25,0.0
-72.33333,8.333336,0.0
-72.33333,8.416672,0.0
-72.33333,8.5,0.0
-72.33333,8.583336,0.0
-72.33333,8.666672,0.0
-72.33333,8.75,0.0
-72.33333,8.833336,0.0
-72.33333,8.916672,0.0
-72.33333,9.0,0.0
-72.33333,9.083336,0.0
-72.33333,9.166672,0.0
-72.33333,9.25,0.0
-72.33333,9.333336,0.0
-72.33333,9.416672,0.0
-72.33333,9.5,0.0
-72.33333,9.583336,0.0
-72.33333,9.666672,0.0
-72.33333,9.75,0.0
-72.33333,9.833336,0.0
-72.33333,9.916672,0.0
-72.33333,10.0,0.0
-72.33333,10.083336,0.0
-72.33333,10.166672,0.0
-72.33333,10.25,0.0
-72.33333,10.333336,0.0
-72.33333,10.416672,0.0
-72.33333,10.5,0.0
-72.33333,10.583336,0.0
-72.33333,10.666672,0.0
-72.33333,10.75,0.0
-72.33333,10.833336,0.0
-72.33333,10.916672,0.0
-72.33333,11.0,0.0
-72.33333,11.083336,0.0
-72.33333,11.166672,0.0
-72.33333,11.25,0.0
-72.33333,11.333336,0.0
-72.33333,11.416672,0.0
-72.33333,11.5,0.0
-72.33333,11.583336,0.0
-72.33333,11.666672,0.0
-72.33333,11.75,0.0
-72.33333,11.833336,-0.041415
-72.33333,11.916672,-0.043826
-72.33333,12.0,-0.045531
-72.33333,12.083336,-0.047958
-72.33333,12.166672,-0.048852
-72.33333,12.25,-0.04805
-72.33333,12.333336,-0.046129
-72.33333,12.416672,-0.042924
-72.25,-4.25,0.0
-72.25,-4.166664,0.0
-72.25,-4.0833282,0.0
-72.25,-4.0,0.0
-72.25,-3.9166641,0.0
-72.25,-3.8333282,0.0
-72.25,-3.75,0.0
-72.25,-3.6666641,0.0
-72.25,-3.5833282,0.0
-72.25,-3.5,0.0
-72.25,-3.4166641,0.0
-72.25,-3.3333282,0.0
-72.25,-3.25,0.0
-72.25,-3.1666641,0.0
-72.25,-3.0833282,0.0
-72.25,-3.0,0.0
-72.25,-2.9166641,0.0
-72.25,-2.8333282,0.0
-72.25,-2.75,0.0
-72.25,-2.6666641,0.0
-72.25,-2.5833282,0.0
-72.25,-2.5,0.0
-72.25,-2.4166641,0.0
-72.25,-2.3333282,0.0
-72.25,-2.25,0.0
-72.25,-2.1666641,0.0
-72.25,-2.0833282,0.0
-72.25,-2.0,0.0
-72.25,-1.9166641,0.0
-72.25,-1.8333282,0.0
-72.25,-1.75,0.0
-72.25,-1.6666641,0.0
-72.25,-1.5833282,0.0
-72.25,-1.5,0.0
-72.25,-1.4166641,0.0
-72.25,-1.3333282,0.0
-72.25,-1.25,0.0
-72.25,-1.1666641,0.0
-72.25,-1.0833282,0.0
-72.25,-1.0,0.0
-72.25,-0.9166641,0.0
-72.25,-0.83332825,0.0
-72.25,-0.75,0.0
-72.25,-0.6666641,0.0
-72.25,-0.58332825,0.0
-72.25,-0.5,0.0
-72.25,-0.41666412,0.0
-72.25,-0.33332825,0.0
-72.25,-0.25,0.0
-72.25,-0.16666412,0.0
-72.25,-0.08332825,0.0
-72.25,0.0,0.0
-72.25,0.08333588,0.0
-72.25,0.16667175,0.0
-72.25,0.25,0.0
-72.25,0.33333588,0.0
-72.25,0.41667175,0.0
-72.25,0.5,0.0
-72.25,0.5833359,0.0
-72.25,0.66667175,0.0
-72.25,0.75,0.0
-72.25,0.8333359,0.0
-72.25,0.91667175,0.0
-72.25,1.0,0.0
-72.25,1.0833359,0.0
-72.25,1.1666718,0.0
-72.25,1.25,0.0
-72.25,1.3333359,0.0
-72.25,1.4166718,0.0
-72.25,1.5,0.0
-72.25,1.5833359,0.0
-72.25,1.6666718,0.0
-72.25,1.75,0.0
-72.25,1.8333359,0.0
-72.25,1.9166718,0.0
-72.25,2.0,0.0
-72.25,2.0833359,0.0
-72.25,2.1666718,0.0
-72.25,2.25,0.0
-72.25,2.3333359,0.0
-72.25,2.4166718,0.0
-72.25,2.5,0.0
-72.25,2.5833359,0.0
-72.25,2.6666718,0.0
-72.25,2.75,0.0
-72.25,2.8333359,0.0
-72.25,2.9166718,0.0
-72.25,3.0,0.0
-72.25,3.0833359,0.0
-72.25,3.1666718,0.0
-72.25,3.25,0.0
-72.25,3.3333359,0.0
-72.25,3.4166718,0.0
-72.25,3.5,0.0
-72.25,3.5833359,0.0
-72.25,3.6666718,0.0
-72.25,3.75,0.0
-72.25,3.8333359,0.0
-72.25,3.9166718,0.0
-72.25,4.0,0.0
-72.25,4.083336,0.0
-72.25,4.1666718,0.0
-72.25,4.25,0.0
-72.25,4.333336,0.0
-72.25,4.4166718,0.0
-72.25,4.5,0.0
-72.25,4.583336,0.0
-72.25,4.6666718,0.0
-72.25,4.75,0.0
-72.25,4.833336,0.0
-72.25,4.9166718,0.0
-72.25,5.0,0.0
-72.25,5.083336,0.0
-72.25,5.1666718,0.0
-72.25,5.25,0.0
-72.25,5.333336,0.0
-72.25,5.4166718,0.0
-72.25,5.5,0.0
-72.25,5.583336,0.0
-72.25,5.6666718,0.0
-72.25,5.75,0.0
-72.25,5.833336,0.0
-72.25,5.9166718,0.0
-72.25,6.0,0.0
-72.25,6.083336,0.0
-72.25,6.1666718,0.0
-72.25,6.25,0.0
-72.25,6.333336,0.0
-72.25,6.4166718,0.0
-72.25,6.5,0.0
-72.25,6.583336,0.0
-72.25,6.6666718,0.0
-72.25,6.75,0.0
-72.25,6.833336,0.0
-72.25,6.9166718,0.0
-72.25,7.0,0.0
-72.25,7.083336,0.0
-72.25,7.1666718,0.0
-72.25,7.25,0.0
-72.25,7.333336,0.0
-72.25,7.4166718,0.0
-72.25,7.5,0.0
-72.25,7.583336,0.0
-72.25,7.6666718,0.0
-72.25,7.75,0.0
-72.25,7.833336,0.0
-72.25,7.9166718,0.0
-72.25,8.0,0.0
-72.25,8.083336,0.0
-72.25,8.166672,0.0
-72.25,8.25,0.0
-72.25,8.333336,0.0
-72.25,8.416672,0.0
-72.25,8.5,0.0
-72.25,8.583336,0.0
-72.25,8.666672,0.0
-72.25,8.75,0.0
-72.25,8.833336,0.0
-72.25,8.916672,0.0
-72.25,9.0,0.0
-72.25,9.083336,0.0
-72.25,9.166672,0.0
-72.25,9.25,0.0
-72.25,9.333336,0.0
-72.25,9.416672,0.0
-72.25,9.5,0.0
-72.25,9.583336,0.0
-72.25,9.666672,0.0
-72.25,9.75,0.0
-72.25,9.833336,0.0
-72.25,9.916672,0.0
-72.25,10.0,0.0
-72.25,10.083336,0.0
-72.25,10.166672,0.0
-72.25,10.25,0.0
-72.25,10.333336,0.0
-72.25,10.416672,0.0
-72.25,10.5,0.0
-72.25,10.583336,0.0
-72.25,10.666672,0.0
-72.25,10.75,0.0
-72.25,10.833336,0.0
-72.25,10.916672,0.0
-72.25,11.0,0.0
-72.25,11.083336,0.0
-72.25,11.166672,0.0
-72.25,11.25,0.0
-72.25,11.333336,0.0
-72.25,11.416672,0.0
-72.25,11.5,0.0
-72.25,11.583336,0.0
-72.25,11.666672,0.0
-72.25,11.75,0.0
-72.25,11.833336,0.0
-72.25,11.916672,-0.047391
-72.25,12.0,-0.049301
-72.25,12.083336,-0.050556
-72.25,12.166672,-0.051391
-72.25,12.25,-0.051035
-72.25,12.333336,-0.047315
-72.25,12.416672,-0.042895
-72.166664,-4.25,0.0
-72.166664,-4.166664,0.0
-72.166664,-4.0833282,0.0
-72.166664,-4.0,0.0
-72.166664,-3.9166641,0.0
-72.166664,-3.8333282,0.0
-72.166664,-3.75,0.0
-72.166664,-3.6666641,0.0
-72.166664,-3.5833282,0.0
-72.166664,-3.5,0.0
-72.166664,-3.4166641,0.0
-72.166664,-3.3333282,0.0
-72.166664,-3.25,0.0
-72.166664,-3.1666641,0.0
-72.166664,-3.0833282,0.0
-72.166664,-3.0,0.0
-72.166664,-2.9166641,0.0
-72.166664,-2.8333282,0.0
-72.166664,-2.75,0.0
-72.166664,-2.6666641,0.0
-72.166664,-2.5833282,0.0
-72.166664,-2.5,0.0
-72.166664,-2.4166641,0.0
-72.166664,-2.3333282,0.0
-72.166664,-2.25,0.0
-72.166664,-2.1666641,0.0
-72.166664,-2.0833282,0.0
-72.166664,-2.0,0.0
-72.166664,-1.9166641,0.0
-72.166664,-1.8333282,0.0
-72.166664,-1.75,0.0
-72.166664,-1.6666641,0.0
-72.166664,-1.5833282,0.0
-72.166664,-1.5,0.0
-72.166664,-1.4166641,0.0
-72.166664,-1.3333282,0.0
-72.166664,-1.25,0.0
-72.166664,-1.1666641,0.0
-72.166664,-1.0833282,0.0
-72.166664,-1.0,0.0
-72.166664,-0.9166641,0.0
-72.166664,-0.83332825,0.0
-72.166664,-0.75,0.0
-72.166664,-0.6666641,0.0
-72.166664,-0.58332825,0.0
-72.166664,-0.5,0.0
-72.166664,-0.41666412,0.0
-72.166664,-0.33332825,0.0
-72.166664,-0.25,0.0
-72.166664,-0.16666412,0.0
-72.166664,-0.08332825,0.0
-72.166664,0.0,0.0
-72.166664,0.08333588,0.0
-72.166664,0.16667175,0.0
-72.166664,0.25,0.0
-72.166664,0.33333588,0.0
-72.166664,0.41667175,0.0
-72.166664,0.5,0.0
-72.166664,0.5833359,0.0
-72.166664,0.66667175,0.0
-72.166664,0.75,0.0
-72.166664,0.8333359,0.0
-72.166664,0.91667175,0.0
-72.166664,1.0,0.0
-72.166664,1.0833359,0.0
-72.166664,1.1666718,0.0
-72.166664,1.25,0.0
-72.166664,1.3333359,0.0
-72.166664,1.4166718,0.0
-72.166664,1.5,0.0
-72.166664,1.5833359,0.0
-72.166664,1.6666718,0.0
-72.166664,1.75,0.0
-72.166664,1.8333359,0.0
-72.166664,1.9166718,0.0
-72.166664,2.0,0.0
-72.166664,2.0833359,0.0
-72.166664,2.1666718,0.0
-72.166664,2.25,0.0
-72.166664,2.3333359,0.0
-72.166664,2.4166718,0.0
-72.166664,2.5,0.0
-72.166664,2.5833359,0.0
-72.166664,2.6666718,0.0
-72.166664,2.75,0.0
-72.166664,2.8333359,0.0
-72.166664,2.9166718,0.0
-72.166664,3.0,0.0
-72.166664,3.0833359,0.0
-72.166664,3.1666718,0.0
-72.166664,3.25,0.0
-72.166664,3.3333359,0.0
-72.166664,3.4166718,0.0
-72.166664,3.5,0.0
-72.166664,3.5833359,0.0
-72.166664,3.6666718,0.0
-72.166664,3.75,0.0
-72.166664,3.8333359,0.0
-72.166664,3.9166718,0.0
-72.166664,4.0,0.0
-72.166664,4.083336,0.0
-72.166664,4.1666718,0.0
-72.166664,4.25,0.0
-72.166664,4.333336,0.0
-72.166664,4.4166718,0.0
-72.166664,4.5,0.0
-72.166664,4.583336,0.0
-72.166664,4.6666718,0.0
-72.166664,4.75,0.0
-72.166664,4.833336,0.0
-72.166664,4.9166718,0.0
-72.166664,5.0,0.0
-72.166664,5.083336,0.0
-72.166664,5.1666718,0.0
-72.166664,5.25,0.0
-72.166664,5.333336,0.0
-72.166664,5.4166718,0.0
-72.166664,5.5,0.0
-72.166664,5.583336,0.0
-72.166664,5.6666718,0.0
-72.166664,5.75,0.0
-72.166664,5.833336,0.0
-72.166664,5.9166718,0.0
-72.166664,6.0,0.0
-72.166664,6.083336,0.0
-72.166664,6.1666718,0.0
-72.166664,6.25,0.0
-72.166664,6.333336,0.0
-72.166664,6.4166718,0.0
-72.166664,6.5,0.0
-72.166664,6.583336,0.0
-72.166664,6.6666718,0.0
-72.166664,6.75,0.0
-72.166664,6.833336,0.0
-72.166664,6.9166718,0.0
-72.166664,7.0,0.0
-72.166664,7.083336,0.0
-72.166664,7.1666718,0.0
-72.166664,7.25,0.0
-72.166664,7.333336,0.0
-72.166664,7.4166718,0.0
-72.166664,7.5,0.0
-72.166664,7.583336,0.0
-72.166664,7.6666718,0.0
-72.166664,7.75,0.0
-72.166664,7.833336,0.0
-72.166664,7.9166718,0.0
-72.166664,8.0,0.0
-72.166664,8.083336,0.0
-72.166664,8.166672,0.0
-72.166664,8.25,0.0
-72.166664,8.333336,0.0
-72.166664,8.416672,0.0
-72.166664,8.5,0.0
-72.166664,8.583336,0.0
-72.166664,8.666672,0.0
-72.166664,8.75,0.0
-72.166664,8.833336,0.0
-72.166664,8.916672,0.0
-72.166664,9.0,0.0
-72.166664,9.083336,0.0
-72.166664,9.166672,0.0
-72.166664,9.25,0.0
-72.166664,9.333336,0.0
-72.166664,9.416672,0.0
-72.166664,9.5,0.0
-72.166664,9.583336,0.0
-72.166664,9.666672,0.0
-72.166664,9.75,0.0
-72.166664,9.833336,0.0
-72.166664,9.916672,0.0
-72.166664,10.0,0.0
-72.166664,10.083336,0.0
-72.166664,10.166672,0.0
-72.166664,10.25,0.0
-72.166664,10.333336,0.0
-72.166664,10.416672,0.0
-72.166664,10.5,0.0
-72.166664,10.583336,0.0
-72.166664,10.666672,0.0
-72.166664,10.75,0.0
-72.166664,10.833336,0.0
-72.166664,10.916672,0.0
-72.166664,11.0,0.0
-72.166664,11.083336,0.0
-72.166664,11.166672,0.0
-72.166664,11.25,0.0
-72.166664,11.333336,0.0
-72.166664,11.416672,0.0
-72.166664,11.5,0.0
-72.166664,11.583336,0.0
-72.166664,11.666672,0.0
-72.166664,11.75,0.0
-72.166664,11.833336,0.0
-72.166664,11.916672,0.0
-72.166664,12.0,-0.053977
-72.166664,12.083336,-0.056729
-72.166664,12.166672,-0.057025
-72.166664,12.25,-0.052343
-72.166664,12.333336,-0.049846
-72.166664,12.416672,-0.045811
-72.08333,-4.25,0.0
-72.08333,-4.166664,0.0
-72.08333,-4.0833282,0.0
-72.08333,-4.0,0.0
-72.08333,-3.9166641,0.0
-72.08333,-3.8333282,0.0
-72.08333,-3.75,0.0
-72.08333,-3.6666641,0.0
-72.08333,-3.5833282,0.0
-72.08333,-3.5,0.0
-72.08333,-3.4166641,0.0
-72.08333,-3.3333282,0.0
-72.08333,-3.25,0.0
-72.08333,-3.1666641,0.0
-72.08333,-3.0833282,0.0
-72.08333,-3.0,0.0
-72.08333,-2.9166641,0.0
-72.08333,-2.8333282,0.0
-72.08333,-2.75,0.0
-72.08333,-2.6666641,0.0
-72.08333,-2.5833282,0.0
-72.08333,-2.5,0.0
-72.08333,-2.4166641,0.0
-72.08333,-2.3333282,0.0
-72.08333,-2.25,0.0
-72.08333,-2.1666641,0.0
-72.08333,-2.0833282,0.0
-72.08333,-2.0,0.0
-72.08333,-1.9166641,0.0
-72.08333,-1.8333282,0.0
-72.08333,-1.75,0.0
-72.08333,-1.6666641,0.0
-72.08333,-1.5833282,0.0
-72.08333,-1.5,0.0
-72.08333,-1.4166641,0.0
-72.08333,-1.3333282,0.0
-72.08333,-1.25,0.0
-72.08333,-1.1666641,0.0
-72.08333,-1.0833282,0.0
-72.08333,-1.0,0.0
-72.08333,-0.9166641,0.0
-72.08333,-0.83332825,0.0
-72.08333,-0.75,0.0
-72.08333,-0.6666641,0.0
-72.08333,-0.58332825,0.0
-72.08333,-0.5,0.0
-72.08333,-0.41666412,0.0
-72.08333,-0.33332825,0.0
-72.08333,-0.25,0.0
-72.08333,-0.16666412,0.0
-72.08333,-0.08332825,0.0
-72.08333,0.0,0.0
-72.08333,0.08333588,0.0
-72.08333,0.16667175,0.0
-72.08333,0.25,0.0
-72.08333,0.33333588,0.0
-72.08333,0.41667175,0.0
-72.08333,0.5,0.0
-72.08333,0.5833359,0.0
-72.08333,0.66667175,0.0
-72.08333,0.75,0.0
-72.08333,0.8333359,0.0
-72.08333,0.91667175,0.0
-72.08333,1.0,0.0
-72.08333,1.0833359,0.0
-72.08333,1.1666718,0.0
-72.08333,1.25,0.0
-72.08333,1.3333359,0.0
-72.08333,1.4166718,0.0
-72.08333,1.5,0.0
-72.08333,1.5833359,0.0
-72.08333,1.6666718,0.0
-72.08333,1.75,0.0
-72.08333,1.8333359,0.0
-72.08333,1.9166718,0.0
-72.08333,2.0,0.0
-72.08333,2.0833359,0.0
-72.08333,2.1666718,0.0
-72.08333,2.25,0.0
-72.08333,2.3333359,0.0
-72.08333,2.4166718,0.0
-72.08333,2.5,0.0
-72.08333,2.5833359,0.0
-72.08333,2.6666718,0.0
-72.08333,2.75,0.0
-72.08333,2.8333359,0.0
-72.08333,2.9166718,0.0
-72.08333,3.0,0.0
-72.08333,3.0833359,0.0
-72.08333,3.1666718,0.0
-72.08333,3.25,0.0
-72.08333,3.3333359,0.0
-72.08333,3.4166718,0.0
-72.08333,3.5,0.0
-72.08333,3.5833359,0.0
-72.08333,3.6666718,0.0
-72.08333,3.75,0.0
-72.08333,3.8333359,0.0
-72.08333,3.9166718,0.0
-72.08333,4.0,0.0
-72.08333,4.083336,0.0
-72.08333,4.1666718,0.0
-72.08333,4.25,0.0
-72.08333,4.333336,0.0
-72.08333,4.4166718,0.0
-72.08333,4.5,0.0
-72.08333,4.583336,0.0
-72.08333,4.6666718,0.0
-72.08333,4.75,0.0
-72.08333,4.833336,0.0
-72.08333,4.9166718,0.0
-72.08333,5.0,0.0
-72.08333,5.083336,0.0
-72.08333,5.1666718,0.0
-72.08333,5.25,0.0
-72.08333,5.333336,0.0
-72.08333,5.4166718,0.0
-72.08333,5.5,0.0
-72.08333,5.583336,0.0
-72.08333,5.6666718,0.0
-72.08333,5.75,0.0
-72.08333,5.833336,0.0
-72.08333,5.9166718,0.0
-72.08333,6.0,0.0
-72.08333,6.083336,0.0
-72.08333,6.1666718,0.0
-72.08333,6.25,0.0
-72.08333,6.333336,0.0
-72.08333,6.4166718,0.0
-72.08333,6.5,0.0
-72.08333,6.583336,0.0
-72.08333,6.6666718,0.0
-72.08333,6.75,0.0
-72.08333,6.833336,0.0
-72.08333,6.9166718,0.0
-72.08333,7.0,0.0
-72.08333,7.083336,0.0
-72.08333,7.1666718,0.0
-72.08333,7.25,0.0
-72.08333,7.333336,0.0
-72.08333,7.4166718,0.0
-72.08333,7.5,0.0
-72.08333,7.583336,0.0
-72.08333,7.6666718,0.0
-72.08333,7.75,0.0
-72.08333,7.833336,0.0
-72.08333,7.9166718,0.0
-72.08333,8.0,0.0
-72.08333,8.083336,0.0
-72.08333,8.166672,0.0
-72.08333,8.25,0.0
-72.08333,8.333336,0.0
-72.08333,8.416672,0.0
-72.08333,8.5,0.0
-72.08333,8.583336,0.0
-72.08333,8.666672,0.0
-72.08333,8.75,0.0
-72.08333,8.833336,0.0
-72.08333,8.916672,0.0
-72.08333,9.0,0.0
-72.08333,9.083336,0.0
-72.08333,9.166672,0.0
-72.08333,9.25,0.0
-72.08333,9.333336,0.0
-72.08333,9.416672,0.0
-72.08333,9.5,0.0
-72.08333,9.583336,0.0
-72.08333,9.666672,0.0
-72.08333,9.75,0.0
-72.08333,9.833336,0.0
-72.08333,9.916672,0.0
-72.08333,10.0,0.0
-72.08333,10.083336,0.0
-72.08333,10.166672,0.0
-72.08333,10.25,0.0
-72.08333,10.333336,0.0
-72.08333,10.416672,0.0
-72.08333,10.5,0.0
-72.08333,10.583336,0.0
-72.08333,10.666672,0.0
-72.08333,10.75,0.0
-72.08333,10.833336,0.0
-72.08333,10.916672,0.0
-72.08333,11.0,0.0
-72.08333,11.083336,0.0
-72.08333,11.166672,0.0
-72.08333,11.25,0.0
-72.08333,11.333336,0.0
-72.08333,11.416672,0.0
-72.08333,11.5,0.0
-72.08333,11.583336,0.0
-72.08333,11.666672,0.0
-72.08333,11.75,0.0
-72.08333,11.833336,0.0
-72.08333,11.916672,0.0
-72.08333,12.0,0.0
-72.08333,12.083336,0.0
-72.08333,12.166672,0.0
-72.08333,12.25,-0.052203
-72.08333,12.333336,-0.052955
-72.08333,12.416672,-0.0495
-72.0,-4.25,0.0
-72.0,-4.166664,0.0
-72.0,-4.0833282,0.0
-72.0,-4.0,0.0
-72.0,-3.9166641,0.0
-72.0,-3.8333282,0.0
-72.0,-3.75,0.0
-72.0,-3.6666641,0.0
-72.0,-3.5833282,0.0
-72.0,-3.5,0.0
-72.0,-3.4166641,0.0
-72.0,-3.3333282,0.0
-72.0,-3.25,0.0
-72.0,-3.1666641,0.0
-72.0,-3.0833282,0.0
-72.0,-3.0,0.0
-72.0,-2.9166641,0.0
-72.0,-2.8333282,0.0
-72.0,-2.75,0.0
-72.0,-2.6666641,0.0
-72.0,-2.5833282,0.0
-72.0,-2.5,0.0
-72.0,-2.4166641,0.0
-72.0,-2.3333282,0.0
-72.0,-2.25,0.0
-72.0,-2.1666641,0.0
-72.0,-2.0833282,0.0
-72.0,-2.0,0.0
-72.0,-1.9166641,0.0
-72.0,-1.8333282,0.0
-72.0,-1.75,0.0
-72.0,-1.6666641,0.0
-72.0,-1.5833282,0.0
-72.0,-1.5,0.0
-72.0,-1.4166641,0.0
-72.0,-1.3333282,0.0
-72.0,-1.25,0.0
-72.0,-1.1666641,0.0
-72.0,-1.0833282,0.0
-72.0,-1.0,0.0
-72.0,-0.9166641,0.0
-72.0,-0.83332825,0.0
-72.0,-0.75,0.0
-72.0,-0.6666641,0.0
-72.0,-0.58332825,0.0
-72.0,-0.5,0.0
-72.0,-0.41666412,0.0
-72.0,-0.33332825,0.0
-72.0,-0.25,0.0
-72.0,-0.16666412,0.0
-72.0,-0.08332825,0.0
-72.0,0.0,0.0
-72.0,0.08333588,0.0
-72.0,0.16667175,0.0
-72.0,0.25,0.0
-72.0,0.33333588,0.0
-72.0,0.41667175,0.0
-72.0,0.5,0.0
-72.0,0.5833359,0.0
-72.0,0.66667175,0.0
-72.0,0.75,0.0
-72.0,0.8333359,0.0
-72.0,0.91667175,0.0
-72.0,1.0,0.0
-72.0,1.0833359,0.0
-72.0,1.1666718,0.0
-72.0,1.25,0.0
-72.0,1.3333359,0.0
-72.0,1.4166718,0.0
-72.0,1.5,0.0
-72.0,1.5833359,0.0
-72.0,1.6666718,0.0
-72.0,1.75,0.0
-72.0,1.8333359,0.0
-72.0,1.9166718,0.0
-72.0,2.0,0.0
-72.0,2.0833359,0.0
-72.0,2.1666718,0.0
-72.0,2.25,0.0
-72.0,2.3333359,0.0
-72.0,2.4166718,0.0
-72.0,2.5,0.0
-72.0,2.5833359,0.0
-72.0,2.6666718,0.0
-72.0,2.75,0.0
-72.0,2.8333359,0.0
-72.0,2.9166718,0.0
-72.0,3.0,0.0
-72.0,3.0833359,0.0
-72.0,3.1666718,0.0
-72.0,3.25,0.0
-72.0,3.3333359,0.0
-72.0,3.4166718,0.0
-72.0,3.5,0.0
-72.0,3.5833359,0.0
-72.0,3.6666718,0.0
-72.0,3.75,0.0
-72.0,3.8333359,0.0
-72.0,3.9166718,0.0
-72.0,4.0,0.0
-72.0,4.083336,0.0
-72.0,4.1666718,0.0
-72.0,4.25,0.0
-72.0,4.333336,0.0
-72.0,4.4166718,0.0
-72.0,4.5,0.0
-72.0,4.583336,0.0
-72.0,4.6666718,0.0
-72.0,4.75,0.0
-72.0,4.833336,0.0
-72.0,4.9166718,0.0
-72.0,5.0,0.0
-72.0,5.083336,0.0
-72.0,5.1666718,0.0
-72.0,5.25,0.0
-72.0,5.333336,0.0
-72.0,5.4166718,0.0
-72.0,5.5,0.0
-72.0,5.583336,0.0
-72.0,5.6666718,0.0
-72.0,5.75,0.0
-72.0,5.833336,0.0
-72.0,5.9166718,0.0
-72.0,6.0,0.0
-72.0,6.083336,0.0
-72.0,6.1666718,0.0
-72.0,6.25,0.0
-72.0,6.333336,0.0
-72.0,6.4166718,0.0
-72.0,6.5,0.0
-72.0,6.583336,0.0
-72.0,6.6666718,0.0
-72.0,6.75,0.0
-72.0,6.833336,0.0
-72.0,6.9166718,0.0
-72.0,7.0,0.0
-72.0,7.083336,0.0
-72.0,7.1666718,0.0
-72.0,7.25,0.0
-72.0,7.333336,0.0
-72.0,7.4166718,0.0
-72.0,7.5,0.0
-72.0,7.583336,0.0
-72.0,7.6666718,0.0
-72.0,7.75,0.0
-72.0,7.833336,0.0
-72.0,7.9166718,0.0
-72.0,8.0,0.0
-72.0,8.083336,0.0
-72.0,8.166672,0.0
-72.0,8.25,0.0
-72.0,8.333336,0.0
-72.0,8.416672,0.0
-72.0,8.5,0.0
-72.0,8.583336,0.0
-72.0,8.666672,0.0
-72.0,8.75,0.0
-72.0,8.833336,0.0
-72.0,8.916672,0.0
-72.0,9.0,0.0
-72.0,9.083336,0.0
-72.0,9.166672,0.0
-72.0,9.25,0.0
-72.0,9.333336,0.0
-72.0,9.416672,0.0
-72.0,9.5,0.0
-72.0,9.583336,0.0
-72.0,9.666672,0.0
-72.0,9.75,0.0
-72.0,9.833336,0.0
-72.0,9.916672,0.0
-72.0,10.0,0.0
-72.0,10.083336,0.0
-72.0,10.166672,0.0
-72.0,10.25,0.0
-72.0,10.333336,0.0
-72.0,10.416672,0.0
-72.0,10.5,0.0
-72.0,10.583336,0.0
-72.0,10.666672,0.0
-72.0,10.75,0.0
-72.0,10.833336,0.0
-72.0,10.916672,0.0
-72.0,11.0,0.0
-72.0,11.083336,0.0
-72.0,11.166672,0.0
-72.0,11.25,0.0
-72.0,11.333336,0.0
-72.0,11.416672,0.0
-72.0,11.5,0.0
-72.0,11.583336,0.0
-72.0,11.666672,0.0
-72.0,11.75,0.0
-72.0,11.833336,0.0
-72.0,11.916672,0.0
-72.0,12.0,0.0
-72.0,12.083336,0.0
-72.0,12.166672,0.0
-72.0,12.25,0.0
-72.0,12.333336,-0.054922
-72.0,12.416672,-0.053909
-71.916664,-4.25,0.0
-71.916664,-4.166664,0.0
-71.916664,-4.0833282,0.0
-71.916664,-4.0,0.0
-71.916664,-3.9166641,0.0
-71.916664,-3.8333282,0.0
-71.916664,-3.75,0.0
-71.916664,-3.6666641,0.0
-71.916664,-3.5833282,0.0
-71.916664,-3.5,0.0
-71.916664,-3.4166641,0.0
-71.916664,-3.3333282,0.0
-71.916664,-3.25,0.0
-71.916664,-3.1666641,0.0
-71.916664,-3.0833282,0.0
-71.916664,-3.0,0.0
-71.916664,-2.9166641,0.0
-71.916664,-2.8333282,0.0
-71.916664,-2.75,0.0
-71.916664,-2.6666641,0.0
-71.916664,-2.5833282,0.0
-71.916664,-2.5,0.0
-71.916664,-2.4166641,0.0
-71.916664,-2.3333282,0.0
-71.916664,-2.25,0.0
-71.916664,-2.1666641,0.0
-71.916664,-2.0833282,0.0
-71.916664,-2.0,0.0
-71.916664,-1.9166641,0.0
-71.916664,-1.8333282,0.0
-71.916664,-1.75,0.0
-71.916664,-1.6666641,0.0
-71.916664,-1.5833282,0.0
-71.916664,-1.5,0.0
-71.916664,-1.4166641,0.0
-71.916664,-1.3333282,0.0
-71.916664,-1.25,0.0
-71.916664,-1.1666641,0.0
-71.916664,-1.0833282,0.0
-71.916664,-1.0,0.0
-71.916664,-0.9166641,0.0
-71.916664,-0.83332825,0.0
-71.916664,-0.75,0.0
-71.916664,-0.6666641,0.0
-71.916664,-0.58332825,0.0
-71.916664,-0.5,0.0
-71.916664,-0.41666412,0.0
-71.916664,-0.33332825,0.0
-71.916664,-0.25,0.0
-71.916664,-0.16666412,0.0
-71.916664,-0.08332825,0.0
-71.916664,0.0,0.0
-71.916664,0.08333588,0.0
-71.916664,0.16667175,0.0
-71.916664,0.25,0.0
-71.916664,0.33333588,0.0
-71.916664,0.41667175,0.0
-71.916664,0.5,0.0
-71.916664,0.5833359,0.0
-71.916664,0.66667175,0.0
-71.916664,0.75,0.0
-71.916664,0.8333359,0.0
-71.916664,0.91667175,0.0
-71.916664,1.0,0.0
-71.916664,1.0833359,0.0
-71.916664,1.1666718,0.0
-71.916664,1.25,0.0
-71.916664,1.3333359,0.0
-71.916664,1.4166718,0.0
-71.916664,1.5,0.0
-71.916664,1.5833359,0.0
-71.916664,1.6666718,0.0
-71.916664,1.75,0.0
-71.916664,1.8333359,0.0
-71.916664,1.9166718,0.0
-71.916664,2.0,0.0
-71.916664,2.0833359,0.0
-71.916664,2.1666718,0.0
-71.916664,2.25,0.0
-71.916664,2.3333359,0.0
-71.916664,2.4166718,0.0
-71.916664,2.5,0.0
-71.916664,2.5833359,0.0
-71.916664,2.6666718,0.0
-71.916664,2.75,0.0
-71.916664,2.8333359,0.0
-71.916664,2.9166718,0.0
-71.916664,3.0,0.0
-71.916664,3.0833359,0.0
-71.916664,3.1666718,0.0
-71.916664,3.25,0.0
-71.916664,3.3333359,0.0
-71.916664,3.4166718,0.0
-71.916664,3.5,0.0
-71.916664,3.5833359,0.0
-71.916664,3.6666718,0.0
-71.916664,3.75,0.0
-71.916664,3.8333359,0.0
-71.916664,3.9166718,0.0
-71.916664,4.0,0.0
-71.916664,4.083336,0.0
-71.916664,4.1666718,0.0
-71.916664,4.25,0.0
-71.916664,4.333336,0.0
-71.916664,4.4166718,0.0
-71.916664,4.5,0.0
-71.916664,4.583336,0.0
-71.916664,4.6666718,0.0
-71.916664,4.75,0.0
-71.916664,4.833336,0.0
-71.916664,4.9166718,0.0
-71.916664,5.0,0.0
-71.916664,5.083336,0.0
-71.916664,5.1666718,0.0
-71.916664,5.25,0.0
-71.916664,5.333336,0.0
-71.916664,5.4166718,0.0
-71.916664,5.5,0.0
-71.916664,5.583336,0.0
-71.916664,5.6666718,0.0
-71.916664,5.75,0.0
-71.916664,5.833336,0.0
-71.916664,5.9166718,0.0
-71.916664,6.0,0.0
-71.916664,6.083336,0.0
-71.916664,6.1666718,0.0
-71.916664,6.25,0.0
-71.916664,6.333336,0.0
-71.916664,6.4166718,0.0
-71.916664,6.5,0.0
-71.916664,6.583336,0.0
-71.916664,6.6666718,0.0
-71.916664,6.75,0.0
-71.916664,6.833336,0.0
-71.916664,6.9166718,0.0
-71.916664,7.0,0.0
-71.916664,7.083336,0.0
-71.916664,7.1666718,0.0
-71.916664,7.25,0.0
-71.916664,7.333336,0.0
-71.916664,7.4166718,0.0
-71.916664,7.5,0.0
-71.916664,7.583336,0.0
-71.916664,7.6666718,0.0
-71.916664,7.75,0.0
-71.916664,7.833336,0.0
-71.916664,7.9166718,0.0
-71.916664,8.0,0.0
-71.916664,8.083336,0.0
-71.916664,8.166672,0.0
-71.916664,8.25,0.0
-71.916664,8.333336,0.0
-71.916664,8.416672,0.0
-71.916664,8.5,0.0
-71.916664,8.583336,0.0
-71.916664,8.666672,0.0
-71.916664,8.75,0.0
-71.916664,8.833336,0.0
-71.916664,8.916672,0.0
-71.916664,9.0,0.0
-71.916664,9.083336,0.0
-71.916664,9.166672,0.0
-71.916664,9.25,0.0
-71.916664,9.333336,0.0
-71.916664,9.416672,0.0
-71.916664,9.5,0.0
-71.916664,9.583336,0.0
-71.916664,9.666672,0.0
-71.916664,9.75,0.0
-71.916664,9.833336,0.0
-71.916664,9.916672,0.0
-71.916664,10.0,0.0
-71.916664,10.083336,0.0
-71.916664,10.166672,0.0
-71.916664,10.25,0.0
-71.916664,10.333336,0.0
-71.916664,10.416672,0.0
-71.916664,10.5,0.0
-71.916664,10.583336,0.0
-71.916664,10.666672,0.0
-71.916664,10.75,0.0
-71.916664,10.833336,0.0
-71.916664,10.916672,0.0
-71.916664,11.0,0.0
-71.916664,11.083336,0.0
-71.916664,11.166672,0.0
-71.916664,11.25,0.0
-71.916664,11.333336,0.07078
-71.916664,11.416672,0.064242
-71.916664,11.5,0.063523
-71.916664,11.583336,0.063601
-71.916664,11.666672,0.0
-71.916664,11.75,0.0
-71.916664,11.833336,0.0
-71.916664,11.916672,0.0
-71.916664,12.0,0.0
-71.916664,12.083336,0.0
-71.916664,12.166672,0.0
-71.916664,12.25,0.0
-71.916664,12.333336,-0.05689
-71.916664,12.416672,-0.058481
-71.83333,-4.25,0.0
-71.83333,-4.166664,0.0
-71.83333,-4.0833282,0.0
-71.83333,-4.0,0.0
-71.83333,-3.9166641,0.0
-71.83333,-3.8333282,0.0
-71.83333,-3.75,0.0
-71.83333,-3.6666641,0.0
-71.83333,-3.5833282,0.0
-71.83333,-3.5,0.0
-71.83333,-3.4166641,0.0
-71.83333,-3.3333282,0.0
-71.83333,-3.25,0.0
-71.83333,-3.1666641,0.0
-71.83333,-3.0833282,0.0
-71.83333,-3.0,0.0
-71.83333,-2.9166641,0.0
-71.83333,-2.8333282,0.0
-71.83333,-2.75,0.0
-71.83333,-2.6666641,0.0
-71.83333,-2.5833282,0.0
-71.83333,-2.5,0.0
-71.83333,-2.4166641,0.0
-71.83333,-2.3333282,0.0
-71.83333,-2.25,0.0
-71.83333,-2.1666641,0.0
-71.83333,-2.0833282,0.0
-71.83333,-2.0,0.0
-71.83333,-1.9166641,0.0
-71.83333,-1.8333282,0.0
-71.83333,-1.75,0.0
-71.83333,-1.6666641,0.0
-71.83333,-1.5833282,0.0
-71.83333,-1.5,0.0
-71.83333,-1.4166641,0.0
-71.83333,-1.3333282,0.0
-71.83333,-1.25,0.0
-71.83333,-1.1666641,0.0
-71.83333,-1.0833282,0.0
-71.83333,-1.0,0.0
-71.83333,-0.9166641,0.0
-71.83333,-0.83332825,0.0
-71.83333,-0.75,0.0
-71.83333,-0.6666641,0.0
-71.83333,-0.58332825,0.0
-71.83333,-0.5,0.0
-71.83333,-0.41666412,0.0
-71.83333,-0.33332825,0.0
-71.83333,-0.25,0.0
-71.83333,-0.16666412,0.0
-71.83333,-0.08332825,0.0
-71.83333,0.0,0.0
-71.83333,0.08333588,0.0
-71.83333,0.16667175,0.0
-71.83333,0.25,0.0
-71.83333,0.33333588,0.0
-71.83333,0.41667175,0.0
-71.83333,0.5,0.0
-71.83333,0.5833359,0.0
-71.83333,0.66667175,0.0
-71.83333,0.75,0.0
-71.83333,0.8333359,0.0
-71.83333,0.91667175,0.0
-71.83333,1.0,0.0
-71.83333,1.0833359,0.0
-71.83333,1.1666718,0.0
-71.83333,1.25,0.0
-71.83333,1.3333359,0.0
-71.83333,1.4166718,0.0
-71.83333,1.5,0.0
-71.83333,1.5833359,0.0
-71.83333,1.6666718,0.0
-71.83333,1.75,0.0
-71.83333,1.8333359,0.0
-71.83333,1.9166718,0.0
-71.83333,2.0,0.0
-71.83333,2.0833359,0.0
-71.83333,2.1666718,0.0
-71.83333,2.25,0.0
-71.83333,2.3333359,0.0
-71.83333,2.4166718,0.0
-71.83333,2.5,0.0
-71.83333,2.5833359,0.0
-71.83333,2.6666718,0.0
-71.83333,2.75,0.0
-71.83333,2.8333359,0.0
-71.83333,2.9166718,0.0
-71.83333,3.0,0.0
-71.83333,3.0833359,0.0
-71.83333,3.1666718,0.0
-71.83333,3.25,0.0
-71.83333,3.3333359,0.0
-71.83333,3.4166718,0.0
-71.83333,3.5,0.0
-71.83333,3.5833359,0.0
-71.83333,3.6666718,0.0
-71.83333,3.75,0.0
-71.83333,3.8333359,0.0
-71.83333,3.9166718,0.0
-71.83333,4.0,0.0
-71.83333,4.083336,0.0
-71.83333,4.1666718,0.0
-71.83333,4.25,0.0
-71.83333,4.333336,0.0
-71.83333,4.4166718,0.0
-71.83333,4.5,0.0
-71.83333,4.583336,0.0
-71.83333,4.6666718,0.0
-71.83333,4.75,0.0
-71.83333,4.833336,0.0
-71.83333,4.9166718,0.0
-71.83333,5.0,0.0
-71.83333,5.083336,0.0
-71.83333,5.1666718,0.0
-71.83333,5.25,0.0
-71.83333,5.333336,0.0
-71.83333,5.4166718,0.0
-71.83333,5.5,0.0
-71.83333,5.583336,0.0
-71.83333,5.6666718,0.0
-71.83333,5.75,0.0
-71.83333,5.833336,0.0
-71.83333,5.9166718,0.0
-71.83333,6.0,0.0
-71.83333,6.083336,0.0
-71.83333,6.1666718,0.0
-71.83333,6.25,0.0
-71.83333,6.333336,0.0
-71.83333,6.4166718,0.0
-71.83333,6.5,0.0
-71.83333,6.583336,0.0
-71.83333,6.6666718,0.0
-71.83333,6.75,0.0
-71.83333,6.833336,0.0
-71.83333,6.9166718,0.0
-71.83333,7.0,0.0
-71.83333,7.083336,0.0
-71.83333,7.1666718,0.0
-71.83333,7.25,0.0
-71.83333,7.333336,0.0
-71.83333,7.4166718,0.0
-71.83333,7.5,0.0
-71.83333,7.583336,0.0
-71.83333,7.6666718,0.0
-71.83333,7.75,0.0
-71.83333,7.833336,0.0
-71.83333,7.9166718,0.0
-71.83333,8.0,0.0
-71.83333,8.083336,0.0
-71.83333,8.166672,0.0
-71.83333,8.25,0.0
-71.83333,8.333336,0.0
-71.83333,8.416672,0.0
-71.83333,8.5,0.0
-71.83333,8.583336,0.0
-71.83333,8.666672,0.0
-71.83333,8.75,0.0
-71.83333,8.833336,0.0
-71.83333,8.916672,0.0
-71.83333,9.0,0.0
-71.83333,9.083336,0.0
-71.83333,9.166672,0.0
-71.83333,9.25,0.0
-71.83333,9.333336,0.0
-71.83333,9.416672,0.0
-71.83333,9.5,0.0
-71.83333,9.583336,0.0
-71.83333,9.666672,0.0
-71.83333,9.75,0.0
-71.83333,9.833336,0.0
-71.83333,9.916672,0.0
-71.83333,10.0,0.0
-71.83333,10.083336,0.0
-71.83333,10.166672,0.0
-71.83333,10.25,0.0
-71.83333,10.333336,0.0
-71.83333,10.416672,0.0
-71.83333,10.5,0.0
-71.83333,10.583336,0.0
-71.83333,10.666672,0.0
-71.83333,10.75,0.0
-71.83333,10.833336,0.0
-71.83333,10.916672,0.0
-71.83333,11.0,0.0
-71.83333,11.083336,0.0
-71.83333,11.166672,0.089425
-71.83333,11.25,0.080769
-71.83333,11.333336,0.068867
-71.83333,11.416672,0.063185
-71.83333,11.5,0.055951
-71.83333,11.583336,0.054766
-71.83333,11.666672,0.053846
-71.83333,11.75,0.0
-71.83333,11.833336,0.0
-71.83333,11.916672,0.0
-71.83333,12.0,0.0
-71.83333,12.083336,0.0
-71.83333,12.166672,0.0
-71.83333,12.25,0.0
-71.83333,12.333336,0.0
-71.83333,12.416672,-0.058821
-71.75,-4.25,0.0
-71.75,-4.166664,0.0
-71.75,-4.0833282,0.0
-71.75,-4.0,0.0
-71.75,-3.9166641,0.0
-71.75,-3.8333282,0.0
-71.75,-3.75,0.0
-71.75,-3.6666641,0.0
-71.75,-3.5833282,0.0
-71.75,-3.5,0.0
-71.75,-3.4166641,0.0
-71.75,-3.3333282,0.0
-71.75,-3.25,0.0
-71.75,-3.1666641,0.0
-71.75,-3.0833282,0.0
-71.75,-3.0,0.0
-71.75,-2.9166641,0.0
-71.75,-2.8333282,0.0
-71.75,-2.75,0.0
-71.75,-2.6666641,0.0
-71.75,-2.5833282,0.0
-71.75,-2.5,0.0
-71.75,-2.4166641,0.0
-71.75,-2.3333282,0.0
-71.75,-2.25,0.0
-71.75,-2.1666641,0.0
-71.75,-2.0833282,0.0
-71.75,-2.0,0.0
-71.75,-1.9166641,0.0
-71.75,-1.8333282,0.0
-71.75,-1.75,0.0
-71.75,-1.6666641,0.0
-71.75,-1.5833282,0.0
-71.75,-1.5,0.0
-71.75,-1.4166641,0.0
-71.75,-1.3333282,0.0
-71.75,-1.25,0.0
-71.75,-1.1666641,0.0
-71.75,-1.0833282,0.0
-71.75,-1.0,0.0
-71.75,-0.9166641,0.0
-71.75,-0.83332825,0.0
-71.75,-0.75,0.0
-71.75,-0.6666641,0.0
-71.75,-0.58332825,0.0
-71.75,-0.5,0.0
-71.75,-0.41666412,0.0
-71.75,-0.33332825,0.0
-71.75,-0.25,0.0
-71.75,-0.16666412,0.0
-71.75,-0.08332825,0.0
-71.75,0.0,0.0
-71.75,0.08333588,0.0
-71.75,0.16667175,0.0
-71.75,0.25,0.0
-71.75,0.33333588,0.0
-71.75,0.41667175,0.0
-71.75,0.5,0.0
-71.75,0.5833359,0.0
-71.75,0.66667175,0.0
-71.75,0.75,0.0
-71.75,0.8333359,0.0
-71.75,0.91667175,0.0
-71.75,1.0,0.0
-71.75,1.0833359,0.0
-71.75,1.1666718,0.0
-71.75,1.25,0.0
-71.75,1.3333359,0.0
-71.75,1.4166718,0.0
-71.75,1.5,0.0
-71.75,1.5833359,0.0
-71.75,1.6666718,0.0
-71.75,1.75,0.0
-71.75,1.8333359,0.0
-71.75,1.9166718,0.0
-71.75,2.0,0.0
-71.75,2.0833359,0.0
-71.75,2.1666718,0.0
-71.75,2.25,0.0
-71.75,2.3333359,0.0
-71.75,2.4166718,0.0
-71.75,2.5,0.0
-71.75,2.5833359,0.0
-71.75,2.6666718,0.0
-71.75,2.75,0.0
-71.75,2.8333359,0.0
-71.75,2.9166718,0.0
-71.75,3.0,0.0
-71.75,3.0833359,0.0
-71.75,3.1666718,0.0
-71.75,3.25,0.0
-71.75,3.3333359,0.0
-71.75,3.4166718,0.0
-71.75,3.5,0.0
-71.75,3.5833359,0.0
-71.75,3.6666718,0.0
-71.75,3.75,0.0
-71.75,3.8333359,0.0
-71.75,3.9166718,0.0
-71.75,4.0,0.0
-71.75,4.083336,0.0
-71.75,4.1666718,0.0
-71.75,4.25,0.0
-71.75,4.333336,0.0
-71.75,4.4166718,0.0
-71.75,4.5,0.0
-71.75,4.583336,0.0
-71.75,4.6666718,0.0
-71.75,4.75,0.0
-71.75,4.833336,0.0
-71.75,4.9166718,0.0
-71.75,5.0,0.0
-71.75,5.083336,0.0
-71.75,5.1666718,0.0
-71.75,5.25,0.0
-71.75,5.333336,0.0
-71.75,5.4166718,0.0
-71.75,5.5,0.0
-71.75,5.583336,0.0
-71.75,5.6666718,0.0
-71.75,5.75,0.0
-71.75,5.833336,0.0
-71.75,5.9166718,0.0
-71.75,6.0,0.0
-71.75,6.083336,0.0
-71.75,6.1666718,0.0
-71.75,6.25,0.0
-71.75,6.333336,0.0
-71.75,6.4166718,0.0
-71.75,6.5,0.0
-71.75,6.583336,0.0
-71.75,6.6666718,0.0
-71.75,6.75,0.0
-71.75,6.833336,0.0
-71.75,6.9166718,0.0
-71.75,7.0,0.0
-71.75,7.083336,0.0
-71.75,7.1666718,0.0
-71.75,7.25,0.0
-71.75,7.333336,0.0
-71.75,7.4166718,0.0
-71.75,7.5,0.0
-71.75,7.583336,0.0
-71.75,7.6666718,0.0
-71.75,7.75,0.0
-71.75,7.833336,0.0
-71.75,7.9166718,0.0
-71.75,8.0,0.0
-71.75,8.083336,0.0
-71.75,8.166672,0.0
-71.75,8.25,0.0
-71.75,8.333336,0.0
-71.75,8.416672,0.0
-71.75,8.5,0.0
-71.75,8.583336,0.0
-71.75,8.666672,0.0
-71.75,8.75,0.0
-71.75,8.833336,0.0
-71.75,8.916672,0.0
-71.75,9.0,0.0
-71.75,9.083336,0.0
-71.75,9.166672,0.0
-71.75,9.25,0.0
-71.75,9.333336,0.0
-71.75,9.416672,0.0
-71.75,9.5,0.0
-71.75,9.583336,0.0
-71.75,9.666672,0.0
-71.75,9.75,0.0
-71.75,9.833336,0.0
-71.75,9.916672,0.0
-71.75,10.0,0.0
-71.75,10.083336,0.0
-71.75,10.166672,0.0
-71.75,10.25,0.0
-71.75,10.333336,0.0
-71.75,10.416672,0.0
-71.75,10.5,0.0
-71.75,10.583336,0.0
-71.75,10.666672,0.0
-71.75,10.75,0.0
-71.75,10.833336,0.0
-71.75,10.916672,0.0
-71.75,11.0,0.0
-71.75,11.083336,0.090936
-71.75,11.166672,0.082806
-71.75,11.25,0.073897
-71.75,11.333336,0.066732
-71.75,11.416672,0.062609
-71.75,11.5,0.053645
-71.75,11.583336,0.048703
-71.75,11.666672,0.045724
-71.75,11.75,0.0
-71.75,11.833336,0.0
-71.75,11.916672,0.0
-71.75,12.0,0.0
-71.75,12.083336,0.0
-71.75,12.166672,0.0
-71.75,12.25,0.0
-71.75,12.333336,0.0
-71.75,12.416672,-0.061618
-71.666664,-4.25,0.0
-71.666664,-4.166664,0.0
-71.666664,-4.0833282,0.0
-71.666664,-4.0,0.0
-71.666664,-3.9166641,0.0
-71.666664,-3.8333282,0.0
-71.666664,-3.75,0.0
-71.666664,-3.6666641,0.0
-71.666664,-3.5833282,0.0
-71.666664,-3.5,0.0
-71.666664,-3.4166641,0.0
-71.666664,-3.3333282,0.0
-71.666664,-3.25,0.0
-71.666664,-3.1666641,0.0
-71.666664,-3.0833282,0.0
-71.666664,-3.0,0.0
-71.666664,-2.9166641,0.0
-71.666664,-2.8333282,0.0
-71.666664,-2.75,0.0
-71.666664,-2.6666641,0.0
-71.666664,-2.5833282,0.0
-71.666664,-2.5,0.0
-71.666664,-2.4166641,0.0
-71.666664,-2.3333282,0.0
-71.666664,-2.25,0.0
-71.666664,-2.1666641,0.0
-71.666664,-2.0833282,0.0
-71.666664,-2.0,0.0
-71.666664,-1.9166641,0.0
-71.666664,-1.8333282,0.0
-71.666664,-1.75,0.0
-71.666664,-1.6666641,0.0
-71.666664,-1.5833282,0.0
-71.666664,-1.5,0.0
-71.666664,-1.4166641,0.0
-71.666664,-1.3333282,0.0
-71.666664,-1.25,0.0
-71.666664,-1.1666641,0.0
-71.666664,-1.0833282,0.0
-71.666664,-1.0,0.0
-71.666664,-0.9166641,0.0
-71.666664,-0.83332825,0.0
-71.666664,-0.75,0.0
-71.666664,-0.6666641,0.0
-71.666664,-0.58332825,0.0
-71.666664,-0.5,0.0
-71.666664,-0.41666412,0.0
-71.666664,-0.33332825,0.0
-71.666664,-0.25,0.0
-71.666664,-0.16666412,0.0
-71.666664,-0.08332825,0.0
-71.666664,0.0,0.0
-71.666664,0.08333588,0.0
-71.666664,0.16667175,0.0
-71.666664,0.25,0.0
-71.666664,0.33333588,0.0
-71.666664,0.41667175,0.0
-71.666664,0.5,0.0
-71.666664,0.5833359,0.0
-71.666664,0.66667175,0.0
-71.666664,0.75,0.0
-71.666664,0.8333359,0.0
-71.666664,0.91667175,0.0
-71.666664,1.0,0.0
-71.666664,1.0833359,0.0
-71.666664,1.1666718,0.0
-71.666664,1.25,0.0
-71.666664,1.3333359,0.0
-71.666664,1.4166718,0.0
-71.666664,1.5,0.0
-71.666664,1.5833359,0.0
-71.666664,1.6666718,0.0
-71.666664,1.75,0.0
-71.666664,1.8333359,0.0
-71.666664,1.9166718,0.0
-71.666664,2.0,0.0
-71.666664,2.0833359,0.0
-71.666664,2.1666718,0.0
-71.666664,2.25,0.0
-71.666664,2.3333359,0.0
-71.666664,2.4166718,0.0
-71.666664,2.5,0.0
-71.666664,2.5833359,0.0
-71.666664,2.6666718,0.0
-71.666664,2.75,0.0
-71.666664,2.8333359,0.0
-71.666664,2.9166718,0.0
-71.666664,3.0,0.0
-71.666664,3.0833359,0.0
-71.666664,3.1666718,0.0
-71.666664,3.25,0.0
-71.666664,3.3333359,0.0
-71.666664,3.4166718,0.0
-71.666664,3.5,0.0
-71.666664,3.5833359,0.0
-71.666664,3.6666718,0.0
-71.666664,3.75,0.0
-71.666664,3.8333359,0.0
-71.666664,3.9166718,0.0
-71.666664,4.0,0.0
-71.666664,4.083336,0.0
-71.666664,4.1666718,0.0
-71.666664,4.25,0.0
-71.666664,4.333336,0.0
-71.666664,4.4166718,0.0
-71.666664,4.5,0.0
-71.666664,4.583336,0.0
-71.666664,4.6666718,0.0
-71.666664,4.75,0.0
-71.666664,4.833336,0.0
-71.666664,4.9166718,0.0
-71.666664,5.0,0.0
-71.666664,5.083336,0.0
-71.666664,5.1666718,0.0
-71.666664,5.25,0.0
-71.666664,5.333336,0.0
-71.666664,5.4166718,0.0
-71.666664,5.5,0.0
-71.666664,5.583336,0.0
-71.666664,5.6666718,0.0
-71.666664,5.75,0.0
-71.666664,5.833336,0.0
-71.666664,5.9166718,0.0
-71.666664,6.0,0.0
-71.666664,6.083336,0.0
-71.666664,6.1666718,0.0
-71.666664,6.25,0.0
-71.666664,6.333336,0.0
-71.666664,6.4166718,0.0
-71.666664,6.5,0.0
-71.666664,6.583336,0.0
-71.666664,6.6666718,0.0
-71.666664,6.75,0.0
-71.666664,6.833336,0.0
-71.666664,6.9166718,0.0
-71.666664,7.0,0.0
-71.666664,7.083336,0.0
-71.666664,7.1666718,0.0
-71.666664,7.25,0.0
-71.666664,7.333336,0.0
-71.666664,7.4166718,0.0
-71.666664,7.5,0.0
-71.666664,7.583336,0.0
-71.666664,7.6666718,0.0
-71.666664,7.75,0.0
-71.666664,7.833336,0.0
-71.666664,7.9166718,0.0
-71.666664,8.0,0.0
-71.666664,8.083336,0.0
-71.666664,8.166672,0.0
-71.666664,8.25,0.0
-71.666664,8.333336,0.0
-71.666664,8.416672,0.0
-71.666664,8.5,0.0
-71.666664,8.583336,0.0
-71.666664,8.666672,0.0
-71.666664,8.75,0.0
-71.666664,8.833336,0.0
-71.666664,8.916672,0.0
-71.666664,9.0,0.0
-71.666664,9.083336,0.0
-71.666664,9.166672,0.0
-71.666664,9.25,0.0
-71.666664,9.333336,0.0
-71.666664,9.416672,0.0
-71.666664,9.5,0.0
-71.666664,9.583336,0.0
-71.666664,9.666672,0.0
-71.666664,9.75,0.0
-71.666664,9.833336,0.0
-71.666664,9.916672,0.0
-71.666664,10.0,0.0
-71.666664,10.083336,0.0
-71.666664,10.166672,0.0
-71.666664,10.25,0.0
-71.666664,10.333336,0.0
-71.666664,10.416672,0.0
-71.666664,10.5,0.131361
-71.666664,10.583336,0.127946
-71.666664,10.666672,0.122609
-71.666664,10.75,0.11616
-71.666664,10.833336,0.109863
-71.666664,10.916672,0.104253
-71.666664,11.0,0.096715
-71.666664,11.083336,0.086621
-71.666664,11.166672,0.077428
-71.666664,11.25,0.066635
-71.666664,11.333336,0.060081
-71.666664,11.416672,0.054616
-71.666664,11.5,0.047627
-71.666664,11.583336,0.043203
-71.666664,11.666672,0.039313
-71.666664,11.75,0.0
-71.666664,11.833336,0.0
-71.666664,11.916672,0.0
-71.666664,12.0,0.0
-71.666664,12.083336,0.0
-71.666664,12.166672,0.0
-71.666664,12.25,0.0
-71.666664,12.333336,0.0
-71.666664,12.416672,-0.072376
-71.58333,-4.25,0.0
-71.58333,-4.166664,0.0
-71.58333,-4.0833282,0.0
-71.58333,-4.0,0.0
-71.58333,-3.9166641,0.0
-71.58333,-3.8333282,0.0
-71.58333,-3.75,0.0
-71.58333,-3.6666641,0.0
-71.58333,-3.5833282,0.0
-71.58333,-3.5,0.0
-71.58333,-3.4166641,0.0
-71.58333,-3.3333282,0.0
-71.58333,-3.25,0.0
-71.58333,-3.1666641,0.0
-71.58333,-3.0833282,0.0
-71.58333,-3.0,0.0
-71.58333,-2.9166641,0.0
-71.58333,-2.8333282,0.0
-71.58333,-2.75,0.0
-71.58333,-2.6666641,0.0
-71.58333,-2.5833282,0.0
-71.58333,-2.5,0.0
-71.58333,-2.4166641,0.0
-71.58333,-2.3333282,0.0
-71.58333,-2.25,0.0
-71.58333,-2.1666641,0.0
-71.58333,-2.0833282,0.0
-71.58333,-2.0,0.0
-71.58333,-1.9166641,0.0
-71.58333,-1.8333282,0.0
-71.58333,-1.75,0.0
-71.58333,-1.6666641,0.0
-71.58333,-1.5833282,0.0
-71.58333,-1.5,0.0
-71.58333,-1.4166641,0.0
-71.58333,-1.3333282,0.0
-71.58333,-1.25,0.0
-71.58333,-1.1666641,0.0
-71.58333,-1.0833282,0.0
-71.58333,-1.0,0.0
-71.58333,-0.9166641,0.0
-71.58333,-0.83332825,0.0
-71.58333,-0.75,0.0
-71.58333,-0.6666641,0.0
-71.58333,-0.58332825,0.0
-71.58333,-0.5,0.0
-71.58333,-0.41666412,0.0
-71.58333,-0.33332825,0.0
-71.58333,-0.25,0.0
-71.58333,-0.16666412,0.0
-71.58333,-0.08332825,0.0
-71.58333,0.0,0.0
-71.58333,0.08333588,0.0
-71.58333,0.16667175,0.0
-71.58333,0.25,0.0
-71.58333,0.33333588,0.0
-71.58333,0.41667175,0.0
-71.58333,0.5,0.0
-71.58333,0.5833359,0.0
-71.58333,0.66667175,0.0
-71.58333,0.75,0.0
-71.58333,0.8333359,0.0
-71.58333,0.91667175,0.0
-71.58333,1.0,0.0
-71.58333,1.0833359,0.0
-71.58333,1.1666718,0.0
-71.58333,1.25,0.0
-71.58333,1.3333359,0.0
-71.58333,1.4166718,0.0
-71.58333,1.5,0.0
-71.58333,1.5833359,0.0
-71.58333,1.6666718,0.0
-71.58333,1.75,0.0
-71.58333,1.8333359,0.0
-71.58333,1.9166718,0.0
-71.58333,2.0,0.0
-71.58333,2.0833359,0.0
-71.58333,2.1666718,0.0
-71.58333,2.25,0.0
-71.58333,2.3333359,0.0
-71.58333,2.4166718,0.0
-71.58333,2.5,0.0
-71.58333,2.5833359,0.0
-71.58333,2.6666718,0.0
-71.58333,2.75,0.0
-71.58333,2.8333359,0.0
-71.58333,2.9166718,0.0
-71.58333,3.0,0.0
-71.58333,3.0833359,0.0
-71.58333,3.1666718,0.0
-71.58333,3.25,0.0
-71.58333,3.3333359,0.0
-71.58333,3.4166718,0.0
-71.58333,3.5,0.0
-71.58333,3.5833359,0.0
-71.58333,3.6666718,0.0
-71.58333,3.75,0.0
-71.58333,3.8333359,0.0
-71.58333,3.9166718,0.0
-71.58333,4.0,0.0
-71.58333,4.083336,0.0
-71.58333,4.1666718,0.0
-71.58333,4.25,0.0
-71.58333,4.333336,0.0
-71.58333,4.4166718,0.0
-71.58333,4.5,0.0
-71.58333,4.583336,0.0
-71.58333,4.6666718,0.0
-71.58333,4.75,0.0
-71.58333,4.833336,0.0
-71.58333,4.9166718,0.0
-71.58333,5.0,0.0
-71.58333,5.083336,0.0
-71.58333,5.1666718,0.0
-71.58333,5.25,0.0
-71.58333,5.333336,0.0
-71.58333,5.4166718,0.0
-71.58333,5.5,0.0
-71.58333,5.583336,0.0
-71.58333,5.6666718,0.0
-71.58333,5.75,0.0
-71.58333,5.833336,0.0
-71.58333,5.9166718,0.0
-71.58333,6.0,0.0
-71.58333,6.083336,0.0
-71.58333,6.1666718,0.0
-71.58333,6.25,0.0
-71.58333,6.333336,0.0
-71.58333,6.4166718,0.0
-71.58333,6.5,0.0
-71.58333,6.583336,0.0
-71.58333,6.6666718,0.0
-71.58333,6.75,0.0
-71.58333,6.833336,0.0
-71.58333,6.9166718,0.0
-71.58333,7.0,0.0
-71.58333,7.083336,0.0
-71.58333,7.1666718,0.0
-71.58333,7.25,0.0
-71.58333,7.333336,0.0
-71.58333,7.4166718,0.0
-71.58333,7.5,0.0
-71.58333,7.583336,0.0
-71.58333,7.6666718,0.0
-71.58333,7.75,0.0
-71.58333,7.833336,0.0
-71.58333,7.9166718,0.0
-71.58333,8.0,0.0
-71.58333,8.083336,0.0
-71.58333,8.166672,0.0
-71.58333,8.25,0.0
-71.58333,8.333336,0.0
-71.58333,8.416672,0.0
-71.58333,8.5,0.0
-71.58333,8.583336,0.0
-71.58333,8.666672,0.0
-71.58333,8.75,0.0
-71.58333,8.833336,0.0
-71.58333,8.916672,0.0
-71.58333,9.0,0.0
-71.58333,9.083336,0.0
-71.58333,9.166672,0.0
-71.58333,9.25,0.0
-71.58333,9.333336,0.0
-71.58333,9.416672,0.0
-71.58333,9.5,0.0
-71.58333,9.583336,0.0
-71.58333,9.666672,0.0
-71.58333,9.75,0.0
-71.58333,9.833336,0.0
-71.58333,9.916672,0.0
-71.58333,10.0,0.0
-71.58333,10.083336,0.0
-71.58333,10.166672,0.0
-71.58333,10.25,0.0
-71.58333,10.333336,0.0
-71.58333,10.416672,0.133222
-71.58333,10.5,0.13139
-71.58333,10.583336,0.127782
-71.58333,10.666672,0.123274
-71.58333,10.75,0.117402
-71.58333,10.833336,0.108541
-71.58333,10.916672,0.099531
-71.58333,11.0,0.088003
-71.58333,11.083336,0.077515
-71.58333,11.166672,0.06826
-71.58333,11.25,0.059582
-71.58333,11.333336,0.054187
-71.58333,11.416672,0.048833
-71.58333,11.5,0.043544
-71.58333,11.583336,0.038426
-71.58333,11.666672,0.033172
-71.58333,11.75,0.0
-71.58333,11.833336,0.0
-71.58333,11.916672,0.0
-71.58333,12.0,0.0
-71.58333,12.083336,0.0
-71.58333,12.166672,0.0
-71.58333,12.25,0.0
-71.58333,12.333336,0.0
-71.58333,12.416672,0.0
-71.5,-4.25,0.0
-71.5,-4.166664,0.0
-71.5,-4.0833282,0.0
-71.5,-4.0,0.0
-71.5,-3.9166641,0.0
-71.5,-3.8333282,0.0
-71.5,-3.75,0.0
-71.5,-3.6666641,0.0
-71.5,-3.5833282,0.0
-71.5,-3.5,0.0
-71.5,-3.4166641,0.0
-71.5,-3.3333282,0.0
-71.5,-3.25,0.0
-71.5,-3.1666641,0.0
-71.5,-3.0833282,0.0
-71.5,-3.0,0.0
-71.5,-2.9166641,0.0
-71.5,-2.8333282,0.0
-71.5,-2.75,0.0
-71.5,-2.6666641,0.0
-71.5,-2.5833282,0.0
-71.5,-2.5,0.0
-71.5,-2.4166641,0.0
-71.5,-2.3333282,0.0
-71.5,-2.25,0.0
-71.5,-2.1666641,0.0
-71.5,-2.0833282,0.0
-71.5,-2.0,0.0
-71.5,-1.9166641,0.0
-71.5,-1.8333282,0.0
-71.5,-1.75,0.0
-71.5,-1.6666641,0.0
-71.5,-1.5833282,0.0
-71.5,-1.5,0.0
-71.5,-1.4166641,0.0
-71.5,-1.3333282,0.0
-71.5,-1.25,0.0
-71.5,-1.1666641,0.0
-71.5,-1.0833282,0.0
-71.5,-1.0,0.0
-71.5,-0.9166641,0.0
-71.5,-0.83332825,0.0
-71.5,-0.75,0.0
-71.5,-0.6666641,0.0
-71.5,-0.58332825,0.0
-71.5,-0.5,0.0
-71.5,-0.41666412,0.0
-71.5,-0.33332825,0.0
-71.5,-0.25,0.0
-71.5,-0.16666412,0.0
-71.5,-0.08332825,0.0
-71.5,0.0,0.0
-71.5,0.08333588,0.0
-71.5,0.16667175,0.0
-71.5,0.25,0.0
-71.5,0.33333588,0.0
-71.5,0.41667175,0.0
-71.5,0.5,0.0
-71.5,0.5833359,0.0
-71.5,0.66667175,0.0
-71.5,0.75,0.0
-71.5,0.8333359,0.0
-71.5,0.91667175,0.0
-71.5,1.0,0.0
-71.5,1.0833359,0.0
-71.5,1.1666718,0.0
-71.5,1.25,0.0
-71.5,1.3333359,0.0
-71.5,1.4166718,0.0
-71.5,1.5,0.0
-71.5,1.5833359,0.0
-71.5,1.6666718,0.0
-71.5,1.75,0.0
-71.5,1.8333359,0.0
-71.5,1.9166718,0.0
-71.5,2.0,0.0
-71.5,2.0833359,0.0
-71.5,2.1666718,0.0
-71.5,2.25,0.0
-71.5,2.3333359,0.0
-71.5,2.4166718,0.0
-71.5,2.5,0.0
-71.5,2.5833359,0.0
-71.5,2.6666718,0.0
-71.5,2.75,0.0
-71.5,2.8333359,0.0
-71.5,2.9166718,0.0
-71.5,3.0,0.0
-71.5,3.0833359,0.0
-71.5,3.1666718,0.0
-71.5,3.25,0.0
-71.5,3.3333359,0.0
-71.5,3.4166718,0.0
-71.5,3.5,0.0
-71.5,3.5833359,0.0
-71.5,3.6666718,0.0
-71.5,3.75,0.0
-71.5,3.8333359,0.0
-71.5,3.9166718,0.0
-71.5,4.0,0.0
-71.5,4.083336,0.0
-71.5,4.1666718,0.0
-71.5,4.25,0.0
-71.5,4.333336,0.0
-71.5,4.4166718,0.0
-71.5,4.5,0.0
-71.5,4.583336,0.0
-71.5,4.6666718,0.0
-71.5,4.75,0.0
-71.5,4.833336,0.0
-71.5,4.9166718,0.0
-71.5,5.0,0.0
-71.5,5.083336,0.0
-71.5,5.1666718,0.0
-71.5,5.25,0.0
-71.5,5.333336,0.0
-71.5,5.4166718,0.0
-71.5,5.5,0.0
-71.5,5.583336,0.0
-71.5,5.6666718,0.0
-71.5,5.75,0.0
-71.5,5.833336,0.0
-71.5,5.9166718,0.0
-71.5,6.0,0.0
-71.5,6.083336,0.0
-71.5,6.1666718,0.0
-71.5,6.25,0.0
-71.5,6.333336,0.0
-71.5,6.4166718,0.0
-71.5,6.5,0.0
-71.5,6.583336,0.0
-71.5,6.6666718,0.0
-71.5,6.75,0.0
-71.5,6.833336,0.0
-71.5,6.9166718,0.0
-71.5,7.0,0.0
-71.5,7.083336,0.0
-71.5,7.1666718,0.0
-71.5,7.25,0.0
-71.5,7.333336,0.0
-71.5,7.4166718,0.0
-71.5,7.5,0.0
-71.5,7.583336,0.0
-71.5,7.6666718,0.0
-71.5,7.75,0.0
-71.5,7.833336,0.0
-71.5,7.9166718,0.0
-71.5,8.0,0.0
-71.5,8.083336,0.0
-71.5,8.166672,0.0
-71.5,8.25,0.0
-71.5,8.333336,0.0
-71.5,8.416672,0.0
-71.5,8.5,0.0
-71.5,8.583336,0.0
-71.5,8.666672,0.0
-71.5,8.75,0.0
-71.5,8.833336,0.0
-71.5,8.916672,0.0
-71.5,9.0,0.0
-71.5,9.083336,0.0
-71.5,9.166672,0.0
-71.5,9.25,0.0
-71.5,9.333336,0.0
-71.5,9.416672,0.0
-71.5,9.5,0.0
-71.5,9.583336,0.0
-71.5,9.666672,0.0
-71.5,9.75,0.0
-71.5,9.833336,0.0
-71.5,9.916672,0.0
-71.5,10.0,0.0
-71.5,10.083336,0.0
-71.5,10.166672,0.0
-71.5,10.25,0.0
-71.5,10.333336,0.0
-71.5,10.416672,0.133105
-71.5,10.5,0.131821
-71.5,10.583336,0.0
-71.5,10.666672,0.0
-71.5,10.75,0.0
-71.5,10.833336,0.103431
-71.5,10.916672,0.096233
-71.5,11.0,0.079618
-71.5,11.083336,0.068029
-71.5,11.166672,0.060521
-71.5,11.25,0.053124
-71.5,11.333336,0.048392
-71.5,11.416672,0.043792
-71.5,11.5,0.040552
-71.5,11.583336,0.033341
-71.5,11.666672,0.02724
-71.5,11.75,0.0
-71.5,11.833336,0.0
-71.5,11.916672,0.0
-71.5,12.0,0.0
-71.5,12.083336,0.0
-71.5,12.166672,0.0
-71.5,12.25,0.0
-71.5,12.333336,0.0
-71.5,12.416672,0.0
-71.416664,-4.25,0.0
-71.416664,-4.166664,0.0
-71.416664,-4.0833282,0.0
-71.416664,-4.0,0.0
-71.416664,-3.9166641,0.0
-71.416664,-3.8333282,0.0
-71.416664,-3.75,0.0
-71.416664,-3.6666641,0.0
-71.416664,-3.5833282,0.0
-71.416664,-3.5,0.0
-71.416664,-3.4166641,0.0
-71.416664,-3.3333282,0.0
-71.416664,-3.25,0.0
-71.416664,-3.1666641,0.0
-71.416664,-3.0833282,0.0
-71.416664,-3.0,0.0
-71.416664,-2.9166641,0.0
-71.416664,-2.8333282,0.0
-71.416664,-2.75,0.0
-71.416664,-2.6666641,0.0
-71.416664,-2.5833282,0.0
-71.416664,-2.5,0.0
-71.416664,-2.4166641,0.0
-71.416664,-2.3333282,0.0
-71.416664,-2.25,0.0
-71.416664,-2.1666641,0.0
-71.416664,-2.0833282,0.0
-71.416664,-2.0,0.0
-71.416664,-1.9166641,0.0
-71.416664,-1.8333282,0.0
-71.416664,-1.75,0.0
-71.416664,-1.6666641,0.0
-71.416664,-1.5833282,0.0
-71.416664,-1.5,0.0
-71.416664,-1.4166641,0.0
-71.416664,-1.3333282,0.0
-71.416664,-1.25,0.0
-71.416664,-1.1666641,0.0
-71.416664,-1.0833282,0.0
-71.416664,-1.0,0.0
-71.416664,-0.9166641,0.0
-71.416664,-0.83332825,0.0
-71.416664,-0.75,0.0
-71.416664,-0.6666641,0.0
-71.416664,-0.58332825,0.0
-71.416664,-0.5,0.0
-71.416664,-0.41666412,0.0
-71.416664,-0.33332825,0.0
-71.416664,-0.25,0.0
-71.416664,-0.16666412,0.0
-71.416664,-0.08332825,0.0
-71.416664,0.0,0.0
-71.416664,0.08333588,0.0
-71.416664,0.16667175,0.0
-71.416664,0.25,0.0
-71.416664,0.33333588,0.0
-71.416664,0.41667175,0.0
-71.416664,0.5,0.0
-71.416664,0.5833359,0.0
-71.416664,0.66667175,0.0
-71.416664,0.75,0.0
-71.416664,0.8333359,0.0
-71.416664,0.91667175,0.0
-71.416664,1.0,0.0
-71.416664,1.0833359,0.0
-71.416664,1.1666718,0.0
-71.416664,1.25,0.0
-71.416664,1.3333359,0.0
-71.416664,1.4166718,0.0
-71.416664,1.5,0.0
-71.416664,1.5833359,0.0
-71.416664,1.6666718,0.0
-71.416664,1.75,0.0
-71.416664,1.8333359,0.0
-71.416664,1.9166718,0.0
-71.416664,2.0,0.0
-71.416664,2.0833359,0.0
-71.416664,2.1666718,0.0
-71.416664,2.25,0.0
-71.416664,2.3333359,0.0
-71.416664,2.4166718,0.0
-71.416664,2.5,0.0
-71.416664,2.5833359,0.0
-71.416664,2.6666718,0.0
-71.416664,2.75,0.0
-71.416664,2.8333359,0.0
-71.416664,2.9166718,0.0
-71.416664,3.0,0.0
-71.416664,3.0833359,0.0
-71.416664,3.1666718,0.0
-71.416664,3.25,0.0
-71.416664,3.3333359,0.0
-71.416664,3.4166718,0.0
-71.416664,3.5,0.0
-71.416664,3.5833359,0.0
-71.416664,3.6666718,0.0
-71.416664,3.75,0.0
-71.416664,3.8333359,0.0
-71.416664,3.9166718,0.0
-71.416664,4.0,0.0
-71.416664,4.083336,0.0
-71.416664,4.1666718,0.0
-71.416664,4.25,0.0
-71.416664,4.333336,0.0
-71.416664,4.4166718,0.0
-71.416664,4.5,0.0
-71.416664,4.583336,0.0
-71.416664,4.6666718,0.0
-71.416664,4.75,0.0
-71.416664,4.833336,0.0
-71.416664,4.9166718,0.0
-71.416664,5.0,0.0
-71.416664,5.083336,0.0
-71.416664,5.1666718,0.0
-71.416664,5.25,0.0
-71.416664,5.333336,0.0
-71.416664,5.4166718,0.0
-71.416664,5.5,0.0
-71.416664,5.583336,0.0
-71.416664,5.6666718,0.0
-71.416664,5.75,0.0
-71.416664,5.833336,0.0
-71.416664,5.9166718,0.0
-71.416664,6.0,0.0
-71.416664,6.083336,0.0
-71.416664,6.1666718,0.0
-71.416664,6.25,0.0
-71.416664,6.333336,0.0
-71.416664,6.4166718,0.0
-71.416664,6.5,0.0
-71.416664,6.583336,0.0
-71.416664,6.6666718,0.0
-71.416664,6.75,0.0
-71.416664,6.833336,0.0
-71.416664,6.9166718,0.0
-71.416664,7.0,0.0
-71.416664,7.083336,0.0
-71.416664,7.1666718,0.0
-71.416664,7.25,0.0
-71.416664,7.333336,0.0
-71.416664,7.4166718,0.0
-71.416664,7.5,0.0
-71.416664,7.583336,0.0
-71.416664,7.6666718,0.0
-71.416664,7.75,0.0
-71.416664,7.833336,0.0
-71.416664,7.9166718,0.0
-71.416664,8.0,0.0
-71.416664,8.083336,0.0
-71.416664,8.166672,0.0
-71.416664,8.25,0.0
-71.416664,8.333336,0.0
-71.416664,8.416672,0.0
-71.416664,8.5,0.0
-71.416664,8.583336,0.0
-71.416664,8.666672,0.0
-71.416664,8.75,0.0
-71.416664,8.833336,0.0
-71.416664,8.916672,0.0
-71.416664,9.0,0.0
-71.416664,9.083336,0.0
-71.416664,9.166672,0.0
-71.416664,9.25,0.0
-71.416664,9.333336,0.0
-71.416664,9.416672,0.0
-71.416664,9.5,0.0
-71.416664,9.583336,0.0
-71.416664,9.666672,0.0
-71.416664,9.75,0.0
-71.416664,9.833336,0.0
-71.416664,9.916672,0.0
-71.416664,10.0,0.0
-71.416664,10.083336,0.0
-71.416664,10.166672,0.0
-71.416664,10.25,0.0
-71.416664,10.333336,0.0
-71.416664,10.416672,0.0
-71.416664,10.5,0.0
-71.416664,10.583336,0.0
-71.416664,10.666672,0.0
-71.416664,10.75,0.0
-71.416664,10.833336,0.0
-71.416664,10.916672,0.0
-71.416664,11.0,0.06214
-71.416664,11.083336,0.056125
-71.416664,11.166672,0.052704
-71.416664,11.25,0.047282
-71.416664,11.333336,0.043027
-71.416664,11.416672,0.03945
-71.416664,11.5,0.035083
-71.416664,11.583336,0.026296
-71.416664,11.666672,0.020621
-71.416664,11.75,0.020959
-71.416664,11.833336,0.0
-71.416664,11.916672,0.0
-71.416664,12.0,0.0
-71.416664,12.083336,0.0
-71.416664,12.166672,0.0
-71.416664,12.25,0.0
-71.416664,12.333336,0.0
-71.416664,12.416672,-0.036167
-71.33333,-4.25,0.0
-71.33333,-4.166664,0.0
-71.33333,-4.0833282,0.0
-71.33333,-4.0,0.0
-71.33333,-3.9166641,0.0
-71.33333,-3.8333282,0.0
-71.33333,-3.75,0.0
-71.33333,-3.6666641,0.0
-71.33333,-3.5833282,0.0
-71.33333,-3.5,0.0
-71.33333,-3.4166641,0.0
-71.33333,-3.3333282,0.0
-71.33333,-3.25,0.0
-71.33333,-3.1666641,0.0
-71.33333,-3.0833282,0.0
-71.33333,-3.0,0.0
-71.33333,-2.9166641,0.0
-71.33333,-2.8333282,0.0
-71.33333,-2.75,0.0
-71.33333,-2.6666641,0.0
-71.33333,-2.5833282,0.0
-71.33333,-2.5,0.0
-71.33333,-2.4166641,0.0
-71.33333,-2.3333282,0.0
-71.33333,-2.25,0.0
-71.33333,-2.1666641,0.0
-71.33333,-2.0833282,0.0
-71.33333,-2.0,0.0
-71.33333,-1.9166641,0.0
-71.33333,-1.8333282,0.0
-71.33333,-1.75,0.0
-71.33333,-1.6666641,0.0
-71.33333,-1.5833282,0.0
-71.33333,-1.5,0.0
-71.33333,-1.4166641,0.0
-71.33333,-1.3333282,0.0
-71.33333,-1.25,0.0
-71.33333,-1.1666641,0.0
-71.33333,-1.0833282,0.0
-71.33333,-1.0,0.0
-71.33333,-0.9166641,0.0
-71.33333,-0.83332825,0.0
-71.33333,-0.75,0.0
-71.33333,-0.6666641,0.0
-71.33333,-0.58332825,0.0
-71.33333,-0.5,0.0
-71.33333,-0.41666412,0.0
-71.33333,-0.33332825,0.0
-71.33333,-0.25,0.0
-71.33333,-0.16666412,0.0
-71.33333,-0.08332825,0.0
-71.33333,0.0,0.0
-71.33333,0.08333588,0.0
-71.33333,0.16667175,0.0
-71.33333,0.25,0.0
-71.33333,0.33333588,0.0
-71.33333,0.41667175,0.0
-71.33333,0.5,0.0
-71.33333,0.5833359,0.0
-71.33333,0.66667175,0.0
-71.33333,0.75,0.0
-71.33333,0.8333359,0.0
-71.33333,0.91667175,0.0
-71.33333,1.0,0.0
-71.33333,1.0833359,0.0
-71.33333,1.1666718,0.0
-71.33333,1.25,0.0
-71.33333,1.3333359,0.0
-71.33333,1.4166718,0.0
-71.33333,1.5,0.0
-71.33333,1.5833359,0.0
-71.33333,1.6666718,0.0
-71.33333,1.75,0.0
-71.33333,1.8333359,0.0
-71.33333,1.9166718,0.0
-71.33333,2.0,0.0
-71.33333,2.0833359,0.0
-71.33333,2.1666718,0.0
-71.33333,2.25,0.0
-71.33333,2.3333359,0.0
-71.33333,2.4166718,0.0
-71.33333,2.5,0.0
-71.33333,2.5833359,0.0
-71.33333,2.6666718,0.0
-71.33333,2.75,0.0
-71.33333,2.8333359,0.0
-71.33333,2.9166718,0.0
-71.33333,3.0,0.0
-71.33333,3.0833359,0.0
-71.33333,3.1666718,0.0
-71.33333,3.25,0.0
-71.33333,3.3333359,0.0
-71.33333,3.4166718,0.0
-71.33333,3.5,0.0
-71.33333,3.5833359,0.0
-71.33333,3.6666718,0.0
-71.33333,3.75,0.0
-71.33333,3.8333359,0.0
-71.33333,3.9166718,0.0
-71.33333,4.0,0.0
-71.33333,4.083336,0.0
-71.33333,4.1666718,0.0
-71.33333,4.25,0.0
-71.33333,4.333336,0.0
-71.33333,4.4166718,0.0
-71.33333,4.5,0.0
-71.33333,4.583336,0.0
-71.33333,4.6666718,0.0
-71.33333,4.75,0.0
-71.33333,4.833336,0.0
-71.33333,4.9166718,0.0
-71.33333,5.0,0.0
-71.33333,5.083336,0.0
-71.33333,5.1666718,0.0
-71.33333,5.25,0.0
-71.33333,5.333336,0.0
-71.33333,5.4166718,0.0
-71.33333,5.5,0.0
-71.33333,5.583336,0.0
-71.33333,5.6666718,0.0
-71.33333,5.75,0.0
-71.33333,5.833336,0.0
-71.33333,5.9166718,0.0
-71.33333,6.0,0.0
-71.33333,6.083336,0.0
-71.33333,6.1666718,0.0
-71.33333,6.25,0.0
-71.33333,6.333336,0.0
-71.33333,6.4166718,0.0
-71.33333,6.5,0.0
-71.33333,6.583336,0.0
-71.33333,6.6666718,0.0
-71.33333,6.75,0.0
-71.33333,6.833336,0.0
-71.33333,6.9166718,0.0
-71.33333,7.0,0.0
-71.33333,7.083336,0.0
-71.33333,7.1666718,0.0
-71.33333,7.25,0.0
-71.33333,7.333336,0.0
-71.33333,7.4166718,0.0
-71.33333,7.5,0.0
-71.33333,7.583336,0.0
-71.33333,7.6666718,0.0
-71.33333,7.75,0.0
-71.33333,7.833336,0.0
-71.33333,7.9166718,0.0
-71.33333,8.0,0.0
-71.33333,8.083336,0.0
-71.33333,8.166672,0.0
-71.33333,8.25,0.0
-71.33333,8.333336,0.0
-71.33333,8.416672,0.0
-71.33333,8.5,0.0
-71.33333,8.583336,0.0
-71.33333,8.666672,0.0
-71.33333,8.75,0.0
-71.33333,8.833336,0.0
-71.33333,8.916672,0.0
-71.33333,9.0,0.0
-71.33333,9.083336,0.0
-71.33333,9.166672,0.0
-71.33333,9.25,0.0
-71.33333,9.333336,0.0
-71.33333,9.416672,0.0
-71.33333,9.5,0.0
-71.33333,9.583336,0.0
-71.33333,9.666672,0.0
-71.33333,9.75,0.0
-71.33333,9.833336,0.0
-71.33333,9.916672,0.0
-71.33333,10.0,0.0
-71.33333,10.083336,0.0
-71.33333,10.166672,0.0
-71.33333,10.25,0.0
-71.33333,10.333336,0.0
-71.33333,10.416672,0.0
-71.33333,10.5,0.0
-71.33333,10.583336,0.0
-71.33333,10.666672,0.0
-71.33333,10.75,0.0
-71.33333,10.833336,0.0
-71.33333,10.916672,0.0
-71.33333,11.0,0.05273
-71.33333,11.083336,0.047997
-71.33333,11.166672,0.045637
-71.33333,11.25,0.040986
-71.33333,11.333336,0.03653
-71.33333,11.416672,0.034087
-71.33333,11.5,0.029275
-71.33333,11.583336,0.02121
-71.33333,11.666672,0.015277
-71.33333,11.75,0.013678
-71.33333,11.833336,0.013917
-71.33333,11.916672,0.0
-71.33333,12.0,0.0
-71.33333,12.083336,0.0
-71.33333,12.166672,0.0
-71.33333,12.25,0.0
-71.33333,12.333336,0.0
-71.33333,12.416672,-0.033447
-71.25,-4.25,0.0
-71.25,-4.166664,0.0
-71.25,-4.0833282,0.0
-71.25,-4.0,0.0
-71.25,-3.9166641,0.0
-71.25,-3.8333282,0.0
-71.25,-3.75,0.0
-71.25,-3.6666641,0.0
-71.25,-3.5833282,0.0
-71.25,-3.5,0.0
-71.25,-3.4166641,0.0
-71.25,-3.3333282,0.0
-71.25,-3.25,0.0
-71.25,-3.1666641,0.0
-71.25,-3.0833282,0.0
-71.25,-3.0,0.0
-71.25,-2.9166641,0.0
-71.25,-2.8333282,0.0
-71.25,-2.75,0.0
-71.25,-2.6666641,0.0
-71.25,-2.5833282,0.0
-71.25,-2.5,0.0
-71.25,-2.4166641,0.0
-71.25,-2.3333282,0.0
-71.25,-2.25,0.0
-71.25,-2.1666641,0.0
-71.25,-2.0833282,0.0
-71.25,-2.0,0.0
-71.25,-1.9166641,0.0
-71.25,-1.8333282,0.0
-71.25,-1.75,0.0
-71.25,-1.6666641,0.0
-71.25,-1.5833282,0.0
-71.25,-1.5,0.0
-71.25,-1.4166641,0.0
-71.25,-1.3333282,0.0
-71.25,-1.25,0.0
-71.25,-1.1666641,0.0
-71.25,-1.0833282,0.0
-71.25,-1.0,0.0
-71.25,-0.9166641,0.0
-71.25,-0.83332825,0.0
-71.25,-0.75,0.0
-71.25,-0.6666641,0.0
-71.25,-0.58332825,0.0
-71.25,-0.5,0.0
-71.25,-0.41666412,0.0
-71.25,-0.33332825,0.0
-71.25,-0.25,0.0
-71.25,-0.16666412,0.0
-71.25,-0.08332825,0.0
-71.25,0.0,0.0
-71.25,0.08333588,0.0
-71.25,0.16667175,0.0
-71.25,0.25,0.0
-71.25,0.33333588,0.0
-71.25,0.41667175,0.0
-71.25,0.5,0.0
-71.25,0.5833359,0.0
-71.25,0.66667175,0.0
-71.25,0.75,0.0
-71.25,0.8333359,0.0
-71.25,0.91667175,0.0
-71.25,1.0,0.0
-71.25,1.0833359,0.0
-71.25,1.1666718,0.0
-71.25,1.25,0.0
-71.25,1.3333359,0.0
-71.25,1.4166718,0.0
-71.25,1.5,0.0
-71.25,1.5833359,0.0
-71.25,1.6666718,0.0
-71.25,1.75,0.0
-71.25,1.8333359,0.0
-71.25,1.9166718,0.0
-71.25,2.0,0.0
-71.25,2.0833359,0.0
-71.25,2.1666718,0.0
-71.25,2.25,0.0
-71.25,2.3333359,0.0
-71.25,2.4166718,0.0
-71.25,2.5,0.0
-71.25,2.5833359,0.0
-71.25,2.6666718,0.0
-71.25,2.75,0.0
-71.25,2.8333359,0.0
-71.25,2.9166718,0.0
-71.25,3.0,0.0
-71.25,3.0833359,0.0
-71.25,3.1666718,0.0
-71.25,3.25,0.0
-71.25,3.3333359,0.0
-71.25,3.4166718,0.0
-71.25,3.5,0.0
-71.25,3.5833359,0.0
-71.25,3.6666718,0.0
-71.25,3.75,0.0
-71.25,3.8333359,0.0
-71.25,3.9166718,0.0
-71.25,4.0,0.0
-71.25,4.083336,0.0
-71.25,4.1666718,0.0
-71.25,4.25,0.0
-71.25,4.333336,0.0
-71.25,4.4166718,0.0
-71.25,4.5,0.0
-71.25,4.583336,0.0
-71.25,4.6666718,0.0
-71.25,4.75,0.0
-71.25,4.833336,0.0
-71.25,4.9166718,0.0
-71.25,5.0,0.0
-71.25,5.083336,0.0
-71.25,5.1666718,0.0
-71.25,5.25,0.0
-71.25,5.333336,0.0
-71.25,5.4166718,0.0
-71.25,5.5,0.0
-71.25,5.583336,0.0
-71.25,5.6666718,0.0
-71.25,5.75,0.0
-71.25,5.833336,0.0
-71.25,5.9166718,0.0
-71.25,6.0,0.0
-71.25,6.083336,0.0
-71.25,6.1666718,0.0
-71.25,6.25,0.0
-71.25,6.333336,0.0
-71.25,6.4166718,0.0
-71.25,6.5,0.0
-71.25,6.583336,0.0
-71.25,6.6666718,0.0
-71.25,6.75,0.0
-71.25,6.833336,0.0
-71.25,6.9166718,0.0
-71.25,7.0,0.0
-71.25,7.083336,0.0
-71.25,7.1666718,0.0
-71.25,7.25,0.0
-71.25,7.333336,0.0
-71.25,7.4166718,0.0
-71.25,7.5,0.0
-71.25,7.583336,0.0
-71.25,7.6666718,0.0
-71.25,7.75,0.0
-71.25,7.833336,0.0
-71.25,7.9166718,0.0
-71.25,8.0,0.0
-71.25,8.083336,0.0
-71.25,8.166672,0.0
-71.25,8.25,0.0
-71.25,8.333336,0.0
-71.25,8.416672,0.0
-71.25,8.5,0.0
-71.25,8.583336,0.0
-71.25,8.666672,0.0
-71.25,8.75,0.0
-71.25,8.833336,0.0
-71.25,8.916672,0.0
-71.25,9.0,0.0
-71.25,9.083336,0.0
-71.25,9.166672,0.0
-71.25,9.25,0.0
-71.25,9.333336,0.0
-71.25,9.416672,0.0
-71.25,9.5,0.0
-71.25,9.583336,0.0
-71.25,9.666672,0.0
-71.25,9.75,0.0
-71.25,9.833336,0.0
-71.25,9.916672,0.0
-71.25,10.0,0.0
-71.25,10.083336,0.0
-71.25,10.166672,0.0
-71.25,10.25,0.0
-71.25,10.333336,0.0
-71.25,10.416672,0.0
-71.25,10.5,0.0
-71.25,10.583336,0.0
-71.25,10.666672,0.0
-71.25,10.75,0.0
-71.25,10.833336,0.0
-71.25,10.916672,0.0
-71.25,11.0,0.046014
-71.25,11.083336,0.040868
-71.25,11.166672,0.038734
-71.25,11.25,0.034449
-71.25,11.333336,0.029829
-71.25,11.416672,0.027819
-71.25,11.5,0.023022
-71.25,11.583336,0.016801
-71.25,11.666672,0.011431
-71.25,11.75,0.008079
-71.25,11.833336,0.005201
-71.25,11.916672,0.00403
-71.25,12.0,0.0
-71.25,12.083336,0.0
-71.25,12.166672,0.0
-71.25,12.25,0.0
-71.25,12.333336,-0.032335
-71.25,12.416672,-0.033965
-71.166664,-4.25,0.0
-71.166664,-4.166664,0.0
-71.166664,-4.0833282,0.0
-71.166664,-4.0,0.0
-71.166664,-3.9166641,0.0
-71.166664,-3.8333282,0.0
-71.166664,-3.75,0.0
-71.166664,-3.6666641,0.0
-71.166664,-3.5833282,0.0
-71.166664,-3.5,0.0
-71.166664,-3.4166641,0.0
-71.166664,-3.3333282,0.0
-71.166664,-3.25,0.0
-71.166664,-3.1666641,0.0
-71.166664,-3.0833282,0.0
-71.166664,-3.0,0.0
-71.166664,-2.9166641,0.0
-71.166664,-2.8333282,0.0
-71.166664,-2.75,0.0
-71.166664,-2.6666641,0.0
-71.166664,-2.5833282,0.0
-71.166664,-2.5,0.0
-71.166664,-2.4166641,0.0
-71.166664,-2.3333282,0.0
-71.166664,-2.25,0.0
-71.166664,-2.1666641,0.0
-71.166664,-2.0833282,0.0
-71.166664,-2.0,0.0
-71.166664,-1.9166641,0.0
-71.166664,-1.8333282,0.0
-71.166664,-1.75,0.0
-71.166664,-1.6666641,0.0
-71.166664,-1.5833282,0.0
-71.166664,-1.5,0.0
-71.166664,-1.4166641,0.0
-71.166664,-1.3333282,0.0
-71.166664,-1.25,0.0
-71.166664,-1.1666641,0.0
-71.166664,-1.0833282,0.0
-71.166664,-1.0,0.0
-71.166664,-0.9166641,0.0
-71.166664,-0.83332825,0.0
-71.166664,-0.75,0.0
-71.166664,-0.6666641,0.0
-71.166664,-0.58332825,0.0
-71.166664,-0.5,0.0
-71.166664,-0.41666412,0.0
-71.166664,-0.33332825,0.0
-71.166664,-0.25,0.0
-71.166664,-0.16666412,0.0
-71.166664,-0.08332825,0.0
-71.166664,0.0,0.0
-71.166664,0.08333588,0.0
-71.166664,0.16667175,0.0
-71.166664,0.25,0.0
-71.166664,0.33333588,0.0
-71.166664,0.41667175,0.0
-71.166664,0.5,0.0
-71.166664,0.5833359,0.0
-71.166664,0.66667175,0.0
-71.166664,0.75,0.0
-71.166664,0.8333359,0.0
-71.166664,0.91667175,0.0
-71.166664,1.0,0.0
-71.166664,1.0833359,0.0
-71.166664,1.1666718,0.0
-71.166664,1.25,0.0
-71.166664,1.3333359,0.0
-71.166664,1.4166718,0.0
-71.166664,1.5,0.0
-71.166664,1.5833359,0.0
-71.166664,1.6666718,0.0
-71.166664,1.75,0.0
-71.166664,1.8333359,0.0
-71.166664,1.9166718,0.0
-71.166664,2.0,0.0
-71.166664,2.0833359,0.0
-71.166664,2.1666718,0.0
-71.166664,2.25,0.0
-71.166664,2.3333359,0.0
-71.166664,2.4166718,0.0
-71.166664,2.5,0.0
-71.166664,2.5833359,0.0
-71.166664,2.6666718,0.0
-71.166664,2.75,0.0
-71.166664,2.8333359,0.0
-71.166664,2.9166718,0.0
-71.166664,3.0,0.0
-71.166664,3.0833359,0.0
-71.166664,3.1666718,0.0
-71.166664,3.25,0.0
-71.166664,3.3333359,0.0
-71.166664,3.4166718,0.0
-71.166664,3.5,0.0
-71.166664,3.5833359,0.0
-71.166664,3.6666718,0.0
-71.166664,3.75,0.0
-71.166664,3.8333359,0.0
-71.166664,3.9166718,0.0
-71.166664,4.0,0.0
-71.166664,4.083336,0.0
-71.166664,4.1666718,0.0
-71.166664,4.25,0.0
-71.166664,4.333336,0.0
-71.166664,4.4166718,0.0
-71.166664,4.5,0.0
-71.166664,4.583336,0.0
-71.166664,4.6666718,0.0
-71.166664,4.75,0.0
-71.166664,4.833336,0.0
-71.166664,4.9166718,0.0
-71.166664,5.0,0.0
-71.166664,5.083336,0.0
-71.166664,5.1666718,0.0
-71.166664,5.25,0.0
-71.166664,5.333336,0.0
-71.166664,5.4166718,0.0
-71.166664,5.5,0.0
-71.166664,5.583336,0.0
-71.166664,5.6666718,0.0
-71.166664,5.75,0.0
-71.166664,5.833336,0.0
-71.166664,5.9166718,0.0
-71.166664,6.0,0.0
-71.166664,6.083336,0.0
-71.166664,6.1666718,0.0
-71.166664,6.25,0.0
-71.166664,6.333336,0.0
-71.166664,6.4166718,0.0
-71.166664,6.5,0.0
-71.166664,6.583336,0.0
-71.166664,6.6666718,0.0
-71.166664,6.75,0.0
-71.166664,6.833336,0.0
-71.166664,6.9166718,0.0
-71.166664,7.0,0.0
-71.166664,7.083336,0.0
-71.166664,7.1666718,0.0
-71.166664,7.25,0.0
-71.166664,7.333336,0.0
-71.166664,7.4166718,0.0
-71.166664,7.5,0.0
-71.166664,7.583336,0.0
-71.166664,7.6666718,0.0
-71.166664,7.75,0.0
-71.166664,7.833336,0.0
-71.166664,7.9166718,0.0
-71.166664,8.0,0.0
-71.166664,8.083336,0.0
-71.166664,8.166672,0.0
-71.166664,8.25,0.0
-71.166664,8.333336,0.0
-71.166664,8.416672,0.0
-71.166664,8.5,0.0
-71.166664,8.583336,0.0
-71.166664,8.666672,0.0
-71.166664,8.75,0.0
-71.166664,8.833336,0.0
-71.166664,8.916672,0.0
-71.166664,9.0,0.0
-71.166664,9.083336,0.0
-71.166664,9.166672,0.0
-71.166664,9.25,0.0
-71.166664,9.333336,0.0
-71.166664,9.416672,0.0
-71.166664,9.5,0.0
-71.166664,9.583336,0.0
-71.166664,9.666672,0.0
-71.166664,9.75,0.0
-71.166664,9.833336,0.0
-71.166664,9.916672,0.0
-71.166664,10.0,0.0
-71.166664,10.083336,0.0
-71.166664,10.166672,0.0
-71.166664,10.25,0.0
-71.166664,10.333336,0.0
-71.166664,10.416672,0.0
-71.166664,10.5,0.0
-71.166664,10.583336,0.0
-71.166664,10.666672,0.0
-71.166664,10.75,0.0
-71.166664,10.833336,0.0
-71.166664,10.916672,0.0
-71.166664,11.0,0.038523
-71.166664,11.083336,0.03334
-71.166664,11.166672,0.031813
-71.166664,11.25,0.028384
-71.166664,11.333336,0.023426
-71.166664,11.416672,0.020065
-71.166664,11.5,0.01558
-71.166664,11.583336,0.010699
-71.166664,11.666672,0.005731
-71.166664,11.75,0.002446
-71.166664,11.833336,-0.000173
-71.166664,11.916672,-0.003817
-71.166664,12.0,-0.006267
-71.166664,12.083336,0.0
-71.166664,12.166672,-0.018746
-71.166664,12.25,-0.025528
-71.166664,12.333336,-0.027082
-71.166664,12.416672,-0.026768
-71.08333,-4.25,0.0
-71.08333,-4.166664,0.0
-71.08333,-4.0833282,0.0
-71.08333,-4.0,0.0
-71.08333,-3.9166641,0.0
-71.08333,-3.8333282,0.0
-71.08333,-3.75,0.0
-71.08333,-3.6666641,0.0
-71.08333,-3.5833282,0.0
-71.08333,-3.5,0.0
-71.08333,-3.4166641,0.0
-71.08333,-3.3333282,0.0
-71.08333,-3.25,0.0
-71.08333,-3.1666641,0.0
-71.08333,-3.0833282,0.0
-71.08333,-3.0,0.0
-71.08333,-2.9166641,0.0
-71.08333,-2.8333282,0.0
-71.08333,-2.75,0.0
-71.08333,-2.6666641,0.0
-71.08333,-2.5833282,0.0
-71.08333,-2.5,0.0
-71.08333,-2.4166641,0.0
-71.08333,-2.3333282,0.0
-71.08333,-2.25,0.0
-71.08333,-2.1666641,0.0
-71.08333,-2.0833282,0.0
-71.08333,-2.0,0.0
-71.08333,-1.9166641,0.0
-71.08333,-1.8333282,0.0
-71.08333,-1.75,0.0
-71.08333,-1.6666641,0.0
-71.08333,-1.5833282,0.0
-71.08333,-1.5,0.0
-71.08333,-1.4166641,0.0
-71.08333,-1.3333282,0.0
-71.08333,-1.25,0.0
-71.08333,-1.1666641,0.0
-71.08333,-1.0833282,0.0
-71.08333,-1.0,0.0
-71.08333,-0.9166641,0.0
-71.08333,-0.83332825,0.0
-71.08333,-0.75,0.0
-71.08333,-0.6666641,0.0
-71.08333,-0.58332825,0.0
-71.08333,-0.5,0.0
-71.08333,-0.41666412,0.0
-71.08333,-0.33332825,0.0
-71.08333,-0.25,0.0
-71.08333,-0.16666412,0.0
-71.08333,-0.08332825,0.0
-71.08333,0.0,0.0
-71.08333,0.08333588,0.0
-71.08333,0.16667175,0.0
-71.08333,0.25,0.0
-71.08333,0.33333588,0.0
-71.08333,0.41667175,0.0
-71.08333,0.5,0.0
-71.08333,0.5833359,0.0
-71.08333,0.66667175,0.0
-71.08333,0.75,0.0
-71.08333,0.8333359,0.0
-71.08333,0.91667175,0.0
-71.08333,1.0,0.0
-71.08333,1.0833359,0.0
-71.08333,1.1666718,0.0
-71.08333,1.25,0.0
-71.08333,1.3333359,0.0
-71.08333,1.4166718,0.0
-71.08333,1.5,0.0
-71.08333,1.5833359,0.0
-71.08333,1.6666718,0.0
-71.08333,1.75,0.0
-71.08333,1.8333359,0.0
-71.08333,1.9166718,0.0
-71.08333,2.0,0.0
-71.08333,2.0833359,0.0
-71.08333,2.1666718,0.0
-71.08333,2.25,0.0
-71.08333,2.3333359,0.0
-71.08333,2.4166718,0.0
-71.08333,2.5,0.0
-71.08333,2.5833359,0.0
-71.08333,2.6666718,0.0
-71.08333,2.75,0.0
-71.08333,2.8333359,0.0
-71.08333,2.9166718,0.0
-71.08333,3.0,0.0
-71.08333,3.0833359,0.0
-71.08333,3.1666718,0.0
-71.08333,3.25,0.0
-71.08333,3.3333359,0.0
-71.08333,3.4166718,0.0
-71.08333,3.5,0.0
-71.08333,3.5833359,0.0
-71.08333,3.6666718,0.0
-71.08333,3.75,0.0
-71.08333,3.8333359,0.0
-71.08333,3.9166718,0.0
-71.08333,4.0,0.0
-71.08333,4.083336,0.0
-71.08333,4.1666718,0.0
-71.08333,4.25,0.0
-71.08333,4.333336,0.0
-71.08333,4.4166718,0.0
-71.08333,4.5,0.0
-71.08333,4.583336,0.0
-71.08333,4.6666718,0.0
-71.08333,4.75,0.0
-71.08333,4.833336,0.0
-71.08333,4.9166718,0.0
-71.08333,5.0,0.0
-71.08333,5.083336,0.0
-71.08333,5.1666718,0.0
-71.08333,5.25,0.0
-71.08333,5.333336,0.0
-71.08333,5.4166718,0.0
-71.08333,5.5,0.0
-71.08333,5.583336,0.0
-71.08333,5.6666718,0.0
-71.08333,5.75,0.0
-71.08333,5.833336,0.0
-71.08333,5.9166718,0.0
-71.08333,6.0,0.0
-71.08333,6.083336,0.0
-71.08333,6.1666718,0.0
-71.08333,6.25,0.0
-71.08333,6.333336,0.0
-71.08333,6.4166718,0.0
-71.08333,6.5,0.0
-71.08333,6.583336,0.0
-71.08333,6.6666718,0.0
-71.08333,6.75,0.0
-71.08333,6.833336,0.0
-71.08333,6.9166718,0.0
-71.08333,7.0,0.0
-71.08333,7.083336,0.0
-71.08333,7.1666718,0.0
-71.08333,7.25,0.0
-71.08333,7.333336,0.0
-71.08333,7.4166718,0.0
-71.08333,7.5,0.0
-71.08333,7.583336,0.0
-71.08333,7.6666718,0.0
-71.08333,7.75,0.0
-71.08333,7.833336,0.0
-71.08333,7.9166718,0.0
-71.08333,8.0,0.0
-71.08333,8.083336,0.0
-71.08333,8.166672,0.0
-71.08333,8.25,0.0
-71.08333,8.333336,0.0
-71.08333,8.416672,0.0
-71.08333,8.5,0.0
-71.08333,8.583336,0.0
-71.08333,8.666672,0.0
-71.08333,8.75,0.0
-71.08333,8.833336,0.0
-71.08333,8.916672,0.0
-71.08333,9.0,0.0
-71.08333,9.083336,0.0
-71.08333,9.166672,0.0
-71.08333,9.25,0.0
-71.08333,9.333336,0.0
-71.08333,9.416672,0.0
-71.08333,9.5,0.0
-71.08333,9.583336,0.0
-71.08333,9.666672,0.0
-71.08333,9.75,0.0
-71.08333,9.833336,0.0
-71.08333,9.916672,0.0
-71.08333,10.0,0.0
-71.08333,10.083336,0.0
-71.08333,10.166672,0.0
-71.08333,10.25,0.0
-71.08333,10.333336,0.0
-71.08333,10.416672,0.0
-71.08333,10.5,0.0
-71.08333,10.583336,0.0
-71.08333,10.666672,0.0
-71.08333,10.75,0.0
-71.08333,10.833336,0.0
-71.08333,10.916672,0.0
-71.08333,11.0,0.0
-71.08333,11.083336,0.02582
-71.08333,11.166672,0.022837
-71.08333,11.25,0.021948
-71.08333,11.333336,0.017504
-71.08333,11.416672,0.013327
-71.08333,11.5,0.008748
-71.08333,11.583336,0.004499
-71.08333,11.666672,-0.00109
-71.08333,11.75,-0.004685
-71.08333,11.833336,-0.006808
-71.08333,11.916672,-0.010443
-71.08333,12.0,-0.014024
-71.08333,12.083336,-0.015778
-71.08333,12.166672,-0.020555
-71.08333,12.25,-0.025817
-71.08333,12.333336,-0.02837
-71.08333,12.416672,-0.025465
-71.0,-4.25,0.0
-71.0,-4.166664,0.0
-71.0,-4.0833282,0.0
-71.0,-4.0,0.0
-71.0,-3.9166641,0.0
-71.0,-3.8333282,0.0
-71.0,-3.75,0.0
-71.0,-3.6666641,0.0
-71.0,-3.5833282,0.0
-71.0,-3.5,0.0
-71.0,-3.4166641,0.0
-71.0,-3.3333282,0.0
-71.0,-3.25,0.0
-71.0,-3.1666641,0.0
-71.0,-3.0833282,0.0
-71.0,-3.0,0.0
-71.0,-2.9166641,0.0
-71.0,-2.8333282,0.0
-71.0,-2.75,0.0
-71.0,-2.6666641,0.0
-71.0,-2.5833282,0.0
-71.0,-2.5,0.0
-71.0,-2.4166641,0.0
-71.0,-2.3333282,0.0
-71.0,-2.25,0.0
-71.0,-2.1666641,0.0
-71.0,-2.0833282,0.0
-71.0,-2.0,0.0
-71.0,-1.9166641,0.0
-71.0,-1.8333282,0.0
-71.0,-1.75,0.0
-71.0,-1.6666641,0.0
-71.0,-1.5833282,0.0
-71.0,-1.5,0.0
-71.0,-1.4166641,0.0
-71.0,-1.3333282,0.0
-71.0,-1.25,0.0
-71.0,-1.1666641,0.0
-71.0,-1.0833282,0.0
-71.0,-1.0,0.0
-71.0,-0.9166641,0.0
-71.0,-0.83332825,0.0
-71.0,-0.75,0.0
-71.0,-0.6666641,0.0
-71.0,-0.58332825,0.0
-71.0,-0.5,0.0
-71.0,-0.41666412,0.0
-71.0,-0.33332825,0.0
-71.0,-0.25,0.0
-71.0,-0.16666412,0.0
-71.0,-0.08332825,0.0
-71.0,0.0,0.0
-71.0,0.08333588,0.0
-71.0,0.16667175,0.0
-71.0,0.25,0.0
-71.0,0.33333588,0.0
-71.0,0.41667175,0.0
-71.0,0.5,0.0
-71.0,0.5833359,0.0
-71.0,0.66667175,0.0
-71.0,0.75,0.0
-71.0,0.8333359,0.0
-71.0,0.91667175,0.0
-71.0,1.0,0.0
-71.0,1.0833359,0.0
-71.0,1.1666718,0.0
-71.0,1.25,0.0
-71.0,1.3333359,0.0
-71.0,1.4166718,0.0
-71.0,1.5,0.0
-71.0,1.5833359,0.0
-71.0,1.6666718,0.0
-71.0,1.75,0.0
-71.0,1.8333359,0.0
-71.0,1.9166718,0.0
-71.0,2.0,0.0
-71.0,2.0833359,0.0
-71.0,2.1666718,0.0
-71.0,2.25,0.0
-71.0,2.3333359,0.0
-71.0,2.4166718,0.0
-71.0,2.5,0.0
-71.0,2.5833359,0.0
-71.0,2.6666718,0.0
-71.0,2.75,0.0
-71.0,2.8333359,0.0
-71.0,2.9166718,0.0
-71.0,3.0,0.0
-71.0,3.0833359,0.0
-71.0,3.1666718,0.0
-71.0,3.25,0.0
-71.0,3.3333359,0.0
-71.0,3.4166718,0.0
-71.0,3.5,0.0
-71.0,3.5833359,0.0
-71.0,3.6666718,0.0
-71.0,3.75,0.0
-71.0,3.8333359,0.0
-71.0,3.9166718,0.0
-71.0,4.0,0.0
-71.0,4.083336,0.0
-71.0,4.1666718,0.0
-71.0,4.25,0.0
-71.0,4.333336,0.0
-71.0,4.4166718,0.0
-71.0,4.5,0.0
-71.0,4.583336,0.0
-71.0,4.6666718,0.0
-71.0,4.75,0.0
-71.0,4.833336,0.0
-71.0,4.9166718,0.0
-71.0,5.0,0.0
-71.0,5.083336,0.0
-71.0,5.1666718,0.0
-71.0,5.25,0.0
-71.0,5.333336,0.0
-71.0,5.4166718,0.0
-71.0,5.5,0.0
-71.0,5.583336,0.0
-71.0,5.6666718,0.0
-71.0,5.75,0.0
-71.0,5.833336,0.0
-71.0,5.9166718,0.0
-71.0,6.0,0.0
-71.0,6.083336,0.0
-71.0,6.1666718,0.0
-71.0,6.25,0.0
-71.0,6.333336,0.0
-71.0,6.4166718,0.0
-71.0,6.5,0.0
-71.0,6.583336,0.0
-71.0,6.6666718,0.0
-71.0,6.75,0.0
-71.0,6.833336,0.0
-71.0,6.9166718,0.0
-71.0,7.0,0.0
-71.0,7.083336,0.0
-71.0,7.1666718,0.0
-71.0,7.25,0.0
-71.0,7.333336,0.0
-71.0,7.4166718,0.0
-71.0,7.5,0.0
-71.0,7.583336,0.0
-71.0,7.6666718,0.0
-71.0,7.75,0.0
-71.0,7.833336,0.0
-71.0,7.9166718,0.0
-71.0,8.0,0.0
-71.0,8.083336,0.0
-71.0,8.166672,0.0
-71.0,8.25,0.0
-71.0,8.333336,0.0
-71.0,8.416672,0.0
-71.0,8.5,0.0
-71.0,8.583336,0.0
-71.0,8.666672,0.0
-71.0,8.75,0.0
-71.0,8.833336,0.0
-71.0,8.916672,0.0
-71.0,9.0,0.0
-71.0,9.083336,0.0
-71.0,9.166672,0.0
-71.0,9.25,0.0
-71.0,9.333336,0.0
-71.0,9.416672,0.0
-71.0,9.5,0.0
-71.0,9.583336,0.0
-71.0,9.666672,0.0
-71.0,9.75,0.0
-71.0,9.833336,0.0
-71.0,9.916672,0.0
-71.0,10.0,0.0
-71.0,10.083336,0.0
-71.0,10.166672,0.0
-71.0,10.25,0.0
-71.0,10.333336,0.0
-71.0,10.416672,0.0
-71.0,10.5,0.0
-71.0,10.583336,0.0
-71.0,10.666672,0.0
-71.0,10.75,0.0
-71.0,10.833336,0.0
-71.0,10.916672,0.0
-71.0,11.0,0.0
-71.0,11.083336,0.017547
-71.0,11.166672,0.013145
-71.0,11.25,0.014216
-71.0,11.333336,0.01209
-71.0,11.416672,0.007997
-71.0,11.5,0.00331
-71.0,11.583336,-0.001931
-71.0,11.666672,-0.008507
-71.0,11.75,-0.012029
-71.0,11.833336,-0.014878
-71.0,11.916672,-0.018702
-71.0,12.0,-0.021635
-71.0,12.083336,-0.023669
-71.0,12.166672,-0.027368
-71.0,12.25,-0.02922
-71.0,12.333336,-0.029233
-71.0,12.416672,-0.024849
-70.916664,-4.25,0.0
-70.916664,-4.166664,0.0
-70.916664,-4.0833282,0.0
-70.916664,-4.0,0.0
-70.916664,-3.9166641,0.0
-70.916664,-3.8333282,0.0
-70.916664,-3.75,0.0
-70.916664,-3.6666641,0.0
-70.916664,-3.5833282,0.0
-70.916664,-3.5,0.0
-70.916664,-3.4166641,0.0
-70.916664,-3.3333282,0.0
-70.916664,-3.25,0.0
-70.916664,-3.1666641,0.0
-70.916664,-3.0833282,0.0
-70.916664,-3.0,0.0
-70.916664,-2.9166641,0.0
-70.916664,-2.8333282,0.0
-70.916664,-2.75,0.0
-70.916664,-2.6666641,0.0
-70.916664,-2.5833282,0.0
-70.916664,-2.5,0.0
-70.916664,-2.4166641,0.0
-70.916664,-2.3333282,0.0
-70.916664,-2.25,0.0
-70.916664,-2.1666641,0.0
-70.916664,-2.0833282,0.0
-70.916664,-2.0,0.0
-70.916664,-1.9166641,0.0
-70.916664,-1.8333282,0.0
-70.916664,-1.75,0.0
-70.916664,-1.6666641,0.0
-70.916664,-1.5833282,0.0
-70.916664,-1.5,0.0
-70.916664,-1.4166641,0.0
-70.916664,-1.3333282,0.0
-70.916664,-1.25,0.0
-70.916664,-1.1666641,0.0
-70.916664,-1.0833282,0.0
-70.916664,-1.0,0.0
-70.916664,-0.9166641,0.0
-70.916664,-0.83332825,0.0
-70.916664,-0.75,0.0
-70.916664,-0.6666641,0.0
-70.916664,-0.58332825,0.0
-70.916664,-0.5,0.0
-70.916664,-0.41666412,0.0
-70.916664,-0.33332825,0.0
-70.916664,-0.25,0.0
-70.916664,-0.16666412,0.0
-70.916664,-0.08332825,0.0
-70.916664,0.0,0.0
-70.916664,0.08333588,0.0
-70.916664,0.16667175,0.0
-70.916664,0.25,0.0
-70.916664,0.33333588,0.0
-70.916664,0.41667175,0.0
-70.916664,0.5,0.0
-70.916664,0.5833359,0.0
-70.916664,0.66667175,0.0
-70.916664,0.75,0.0
-70.916664,0.8333359,0.0
-70.916664,0.91667175,0.0
-70.916664,1.0,0.0
-70.916664,1.0833359,0.0
-70.916664,1.1666718,0.0
-70.916664,1.25,0.0
-70.916664,1.3333359,0.0
-70.916664,1.4166718,0.0
-70.916664,1.5,0.0
-70.916664,1.5833359,0.0
-70.916664,1.6666718,0.0
-70.916664,1.75,0.0
-70.916664,1.8333359,0.0
-70.916664,1.9166718,0.0
-70.916664,2.0,0.0
-70.916664,2.0833359,0.0
-70.916664,2.1666718,0.0
-70.916664,2.25,0.0
-70.916664,2.3333359,0.0
-70.916664,2.4166718,0.0
-70.916664,2.5,0.0
-70.916664,2.5833359,0.0
-70.916664,2.6666718,0.0
-70.916664,2.75,0.0
-70.916664,2.8333359,0.0
-70.916664,2.9166718,0.0
-70.916664,3.0,0.0
-70.916664,3.0833359,0.0
-70.916664,3.1666718,0.0
-70.916664,3.25,0.0
-70.916664,3.3333359,0.0
-70.916664,3.4166718,0.0
-70.916664,3.5,0.0
-70.916664,3.5833359,0.0
-70.916664,3.6666718,0.0
-70.916664,3.75,0.0
-70.916664,3.8333359,0.0
-70.916664,3.9166718,0.0
-70.916664,4.0,0.0
-70.916664,4.083336,0.0
-70.916664,4.1666718,0.0
-70.916664,4.25,0.0
-70.916664,4.333336,0.0
-70.916664,4.4166718,0.0
-70.916664,4.5,0.0
-70.916664,4.583336,0.0
-70.916664,4.6666718,0.0
-70.916664,4.75,0.0
-70.916664,4.833336,0.0
-70.916664,4.9166718,0.0
-70.916664,5.0,0.0
-70.916664,5.083336,0.0
-70.916664,5.1666718,0.0
-70.916664,5.25,0.0
-70.916664,5.333336,0.0
-70.916664,5.4166718,0.0
-70.916664,5.5,0.0
-70.916664,5.583336,0.0
-70.916664,5.6666718,0.0
-70.916664,5.75,0.0
-70.916664,5.833336,0.0
-70.916664,5.9166718,0.0
-70.916664,6.0,0.0
-70.916664,6.083336,0.0
-70.916664,6.1666718,0.0
-70.916664,6.25,0.0
-70.916664,6.333336,0.0
-70.916664,6.4166718,0.0
-70.916664,6.5,0.0
-70.916664,6.583336,0.0
-70.916664,6.6666718,0.0
-70.916664,6.75,0.0
-70.916664,6.833336,0.0
-70.916664,6.9166718,0.0
-70.916664,7.0,0.0
-70.916664,7.083336,0.0
-70.916664,7.1666718,0.0
-70.916664,7.25,0.0
-70.916664,7.333336,0.0
-70.916664,7.4166718,0.0
-70.916664,7.5,0.0
-70.916664,7.583336,0.0
-70.916664,7.6666718,0.0
-70.916664,7.75,0.0
-70.916664,7.833336,0.0
-70.916664,7.9166718,0.0
-70.916664,8.0,0.0
-70.916664,8.083336,0.0
-70.916664,8.166672,0.0
-70.916664,8.25,0.0
-70.916664,8.333336,0.0
-70.916664,8.416672,0.0
-70.916664,8.5,0.0
-70.916664,8.583336,0.0
-70.916664,8.666672,0.0
-70.916664,8.75,0.0
-70.916664,8.833336,0.0
-70.916664,8.916672,0.0
-70.916664,9.0,0.0
-70.916664,9.083336,0.0
-70.916664,9.166672,0.0
-70.916664,9.25,0.0
-70.916664,9.333336,0.0
-70.916664,9.416672,0.0
-70.916664,9.5,0.0
-70.916664,9.583336,0.0
-70.916664,9.666672,0.0
-70.916664,9.75,0.0
-70.916664,9.833336,0.0
-70.916664,9.916672,0.0
-70.916664,10.0,0.0
-70.916664,10.083336,0.0
-70.916664,10.166672,0.0
-70.916664,10.25,0.0
-70.916664,10.333336,0.0
-70.916664,10.416672,0.0
-70.916664,10.5,0.0
-70.916664,10.583336,0.0
-70.916664,10.666672,0.0
-70.916664,10.75,0.0
-70.916664,10.833336,0.0
-70.916664,10.916672,0.0
-70.916664,11.0,0.0
-70.916664,11.083336,0.0
-70.916664,11.166672,0.005226
-70.916664,11.25,0.003449
-70.916664,11.333336,0.004697
-70.916664,11.416672,0.003062
-70.916664,11.5,-0.003497
-70.916664,11.583336,-0.009798
-70.916664,11.666672,-0.016225
-70.916664,11.75,-0.020637
-70.916664,11.833336,-0.024199
-70.916664,11.916672,-0.026978
-70.916664,12.0,-0.028156
-70.916664,12.083336,-0.029123
-70.916664,12.166672,-0.031505
-70.916664,12.25,-0.032284
-70.916664,12.333336,-0.029802
-70.916664,12.416672,-0.026368
-70.83333,-4.25,0.0
-70.83333,-4.166664,0.0
-70.83333,-4.0833282,0.0
-70.83333,-4.0,0.0
-70.83333,-3.9166641,0.0
-70.83333,-3.8333282,0.0
-70.83333,-3.75,0.0
-70.83333,-3.6666641,0.0
-70.83333,-3.5833282,0.0
-70.83333,-3.5,0.0
-70.83333,-3.4166641,0.0
-70.83333,-3.3333282,0.0
-70.83333,-3.25,0.0
-70.83333,-3.1666641,0.0
-70.83333,-3.0833282,0.0
-70.83333,-3.0,0.0
-70.83333,-2.9166641,0.0
-70.83333,-2.8333282,0.0
-70.83333,-2.75,0.0
-70.83333,-2.6666641,0.0
-70.83333,-2.5833282,0.0
-70.83333,-2.5,0.0
-70.83333,-2.4166641,0.0
-70.83333,-2.3333282,0.0
-70.83333,-2.25,0.0
-70.83333,-2.1666641,0.0
-70.83333,-2.0833282,0.0
-70.83333,-2.0,0.0
-70.83333,-1.9166641,0.0
-70.83333,-1.8333282,0.0
-70.83333,-1.75,0.0
-70.83333,-1.6666641,0.0
-70.83333,-1.5833282,0.0
-70.83333,-1.5,0.0
-70.83333,-1.4166641,0.0
-70.83333,-1.3333282,0.0
-70.83333,-1.25,0.0
-70.83333,-1.1666641,0.0
-70.83333,-1.0833282,0.0
-70.83333,-1.0,0.0
-70.83333,-0.9166641,0.0
-70.83333,-0.83332825,0.0
-70.83333,-0.75,0.0
-70.83333,-0.6666641,0.0
-70.83333,-0.58332825,0.0
-70.83333,-0.5,0.0
-70.83333,-0.41666412,0.0
-70.83333,-0.33332825,0.0
-70.83333,-0.25,0.0
-70.83333,-0.16666412,0.0
-70.83333,-0.08332825,0.0
-70.83333,0.0,0.0
-70.83333,0.08333588,0.0
-70.83333,0.16667175,0.0
-70.83333,0.25,0.0
-70.83333,0.33333588,0.0
-70.83333,0.41667175,0.0
-70.83333,0.5,0.0
-70.83333,0.5833359,0.0
-70.83333,0.66667175,0.0
-70.83333,0.75,0.0
-70.83333,0.8333359,0.0
-70.83333,0.91667175,0.0
-70.83333,1.0,0.0
-70.83333,1.0833359,0.0
-70.83333,1.1666718,0.0
-70.83333,1.25,0.0
-70.83333,1.3333359,0.0
-70.83333,1.4166718,0.0
-70.83333,1.5,0.0
-70.83333,1.5833359,0.0
-70.83333,1.6666718,0.0
-70.83333,1.75,0.0
-70.83333,1.8333359,0.0
-70.83333,1.9166718,0.0
-70.83333,2.0,0.0
-70.83333,2.0833359,0.0
-70.83333,2.1666718,0.0
-70.83333,2.25,0.0
-70.83333,2.3333359,0.0
-70.83333,2.4166718,0.0
-70.83333,2.5,0.0
-70.83333,2.5833359,0.0
-70.83333,2.6666718,0.0
-70.83333,2.75,0.0
-70.83333,2.8333359,0.0
-70.83333,2.9166718,0.0
-70.83333,3.0,0.0
-70.83333,3.0833359,0.0
-70.83333,3.1666718,0.0
-70.83333,3.25,0.0
-70.83333,3.3333359,0.0
-70.83333,3.4166718,0.0
-70.83333,3.5,0.0
-70.83333,3.5833359,0.0
-70.83333,3.6666718,0.0
-70.83333,3.75,0.0
-70.83333,3.8333359,0.0
-70.83333,3.9166718,0.0
-70.83333,4.0,0.0
-70.83333,4.083336,0.0
-70.83333,4.1666718,0.0
-70.83333,4.25,0.0
-70.83333,4.333336,0.0
-70.83333,4.4166718,0.0
-70.83333,4.5,0.0
-70.83333,4.583336,0.0
-70.83333,4.6666718,0.0
-70.83333,4.75,0.0
-70.83333,4.833336,0.0
-70.83333,4.9166718,0.0
-70.83333,5.0,0.0
-70.83333,5.083336,0.0
-70.83333,5.1666718,0.0
-70.83333,5.25,0.0
-70.83333,5.333336,0.0
-70.83333,5.4166718,0.0
-70.83333,5.5,0.0
-70.83333,5.583336,0.0
-70.83333,5.6666718,0.0
-70.83333,5.75,0.0
-70.83333,5.833336,0.0
-70.83333,5.9166718,0.0
-70.83333,6.0,0.0
-70.83333,6.083336,0.0
-70.83333,6.1666718,0.0
-70.83333,6.25,0.0
-70.83333,6.333336,0.0
-70.83333,6.4166718,0.0
-70.83333,6.5,0.0
-70.83333,6.583336,0.0
-70.83333,6.6666718,0.0
-70.83333,6.75,0.0
-70.83333,6.833336,0.0
-70.83333,6.9166718,0.0
-70.83333,7.0,0.0
-70.83333,7.083336,0.0
-70.83333,7.1666718,0.0
-70.83333,7.25,0.0
-70.83333,7.333336,0.0
-70.83333,7.4166718,0.0
-70.83333,7.5,0.0
-70.83333,7.583336,0.0
-70.83333,7.6666718,0.0
-70.83333,7.75,0.0
-70.83333,7.833336,0.0
-70.83333,7.9166718,0.0
-70.83333,8.0,0.0
-70.83333,8.083336,0.0
-70.83333,8.166672,0.0
-70.83333,8.25,0.0
-70.83333,8.333336,0.0
-70.83333,8.416672,0.0
-70.83333,8.5,0.0
-70.83333,8.583336,0.0
-70.83333,8.666672,0.0
-70.83333,8.75,0.0
-70.83333,8.833336,0.0
-70.83333,8.916672,0.0
-70.83333,9.0,0.0
-70.83333,9.083336,0.0
-70.83333,9.166672,0.0
-70.83333,9.25,0.0
-70.83333,9.333336,0.0
-70.83333,9.416672,0.0
-70.83333,9.5,0.0
-70.83333,9.583336,0.0
-70.83333,9.666672,0.0
-70.83333,9.75,0.0
-70.83333,9.833336,0.0
-70.83333,9.916672,0.0
-70.83333,10.0,0.0
-70.83333,10.083336,0.0
-70.83333,10.166672,0.0
-70.83333,10.25,0.0
-70.83333,10.333336,0.0
-70.83333,10.416672,0.0
-70.83333,10.5,0.0
-70.83333,10.583336,0.0
-70.83333,10.666672,0.0
-70.83333,10.75,0.0
-70.83333,10.833336,0.0
-70.83333,10.916672,0.0
-70.83333,11.0,0.0
-70.83333,11.083336,0.0
-70.83333,11.166672,-0.003515
-70.83333,11.25,-0.004984
-70.83333,11.333336,-0.001077
-70.83333,11.416672,-0.004602
-70.83333,11.5,-0.010859
-70.83333,11.583336,-0.016932
-70.83333,11.666672,-0.022263
-70.83333,11.75,-0.026628
-70.83333,11.833336,-0.029907
-70.83333,11.916672,-0.031868
-70.83333,12.0,-0.031736
-70.83333,12.083336,-0.032155
-70.83333,12.166672,-0.034255
-70.83333,12.25,-0.034684
-70.83333,12.333336,-0.032657
-70.83333,12.416672,-0.030681
-70.75,-4.25,0.0
-70.75,-4.166664,0.0
-70.75,-4.0833282,0.0
-70.75,-4.0,0.0
-70.75,-3.9166641,0.0
-70.75,-3.8333282,0.0
-70.75,-3.75,0.0
-70.75,-3.6666641,0.0
-70.75,-3.5833282,0.0
-70.75,-3.5,0.0
-70.75,-3.4166641,0.0
-70.75,-3.3333282,0.0
-70.75,-3.25,0.0
-70.75,-3.1666641,0.0
-70.75,-3.0833282,0.0
-70.75,-3.0,0.0
-70.75,-2.9166641,0.0
-70.75,-2.8333282,0.0
-70.75,-2.75,0.0
-70.75,-2.6666641,0.0
-70.75,-2.5833282,0.0
-70.75,-2.5,0.0
-70.75,-2.4166641,0.0
-70.75,-2.3333282,0.0
-70.75,-2.25,0.0
-70.75,-2.1666641,0.0
-70.75,-2.0833282,0.0
-70.75,-2.0,0.0
-70.75,-1.9166641,0.0
-70.75,-1.8333282,0.0
-70.75,-1.75,0.0
-70.75,-1.6666641,0.0
-70.75,-1.5833282,0.0
-70.75,-1.5,0.0
-70.75,-1.4166641,0.0
-70.75,-1.3333282,0.0
-70.75,-1.25,0.0
-70.75,-1.1666641,0.0
-70.75,-1.0833282,0.0
-70.75,-1.0,0.0
-70.75,-0.9166641,0.0
-70.75,-0.83332825,0.0
-70.75,-0.75,0.0
-70.75,-0.6666641,0.0
-70.75,-0.58332825,0.0
-70.75,-0.5,0.0
-70.75,-0.41666412,0.0
-70.75,-0.33332825,0.0
-70.75,-0.25,0.0
-70.75,-0.16666412,0.0
-70.75,-0.08332825,0.0
-70.75,0.0,0.0
-70.75,0.08333588,0.0
-70.75,0.16667175,0.0
-70.75,0.25,0.0
-70.75,0.33333588,0.0
-70.75,0.41667175,0.0
-70.75,0.5,0.0
-70.75,0.5833359,0.0
-70.75,0.66667175,0.0
-70.75,0.75,0.0
-70.75,0.8333359,0.0
-70.75,0.91667175,0.0
-70.75,1.0,0.0
-70.75,1.0833359,0.0
-70.75,1.1666718,0.0
-70.75,1.25,0.0
-70.75,1.3333359,0.0
-70.75,1.4166718,0.0
-70.75,1.5,0.0
-70.75,1.5833359,0.0
-70.75,1.6666718,0.0
-70.75,1.75,0.0
-70.75,1.8333359,0.0
-70.75,1.9166718,0.0
-70.75,2.0,0.0
-70.75,2.0833359,0.0
-70.75,2.1666718,0.0
-70.75,2.25,0.0
-70.75,2.3333359,0.0
-70.75,2.4166718,0.0
-70.75,2.5,0.0
-70.75,2.5833359,0.0
-70.75,2.6666718,0.0
-70.75,2.75,0.0
-70.75,2.8333359,0.0
-70.75,2.9166718,0.0
-70.75,3.0,0.0
-70.75,3.0833359,0.0
-70.75,3.1666718,0.0
-70.75,3.25,0.0
-70.75,3.3333359,0.0
-70.75,3.4166718,0.0
-70.75,3.5,0.0
-70.75,3.5833359,0.0
-70.75,3.6666718,0.0
-70.75,3.75,0.0
-70.75,3.8333359,0.0
-70.75,3.9166718,0.0
-70.75,4.0,0.0
-70.75,4.083336,0.0
-70.75,4.1666718,0.0
-70.75,4.25,0.0
-70.75,4.333336,0.0
-70.75,4.4166718,0.0
-70.75,4.5,0.0
-70.75,4.583336,0.0
-70.75,4.6666718,0.0
-70.75,4.75,0.0
-70.75,4.833336,0.0
-70.75,4.9166718,0.0
-70.75,5.0,0.0
-70.75,5.083336,0.0
-70.75,5.1666718,0.0
-70.75,5.25,0.0
-70.75,5.333336,0.0
-70.75,5.4166718,0.0
-70.75,5.5,0.0
-70.75,5.583336,0.0
-70.75,5.6666718,0.0
-70.75,5.75,0.0
-70.75,5.833336,0.0
-70.75,5.9166718,0.0
-70.75,6.0,0.0
-70.75,6.083336,0.0
-70.75,6.1666718,0.0
-70.75,6.25,0.0
-70.75,6.333336,0.0
-70.75,6.4166718,0.0
-70.75,6.5,0.0
-70.75,6.583336,0.0
-70.75,6.6666718,0.0
-70.75,6.75,0.0
-70.75,6.833336,0.0
-70.75,6.9166718,0.0
-70.75,7.0,0.0
-70.75,7.083336,0.0
-70.75,7.1666718,0.0
-70.75,7.25,0.0
-70.75,7.333336,0.0
-70.75,7.4166718,0.0
-70.75,7.5,0.0
-70.75,7.583336,0.0
-70.75,7.6666718,0.0
-70.75,7.75,0.0
-70.75,7.833336,0.0
-70.75,7.9166718,0.0
-70.75,8.0,0.0
-70.75,8.083336,0.0
-70.75,8.166672,0.0
-70.75,8.25,0.0
-70.75,8.333336,0.0
-70.75,8.416672,0.0
-70.75,8.5,0.0
-70.75,8.583336,0.0
-70.75,8.666672,0.0
-70.75,8.75,0.0
-70.75,8.833336,0.0
-70.75,8.916672,0.0
-70.75,9.0,0.0
-70.75,9.083336,0.0
-70.75,9.166672,0.0
-70.75,9.25,0.0
-70.75,9.333336,0.0
-70.75,9.416672,0.0
-70.75,9.5,0.0
-70.75,9.583336,0.0
-70.75,9.666672,0.0
-70.75,9.75,0.0
-70.75,9.833336,0.0
-70.75,9.916672,0.0
-70.75,10.0,0.0
-70.75,10.083336,0.0
-70.75,10.166672,0.0
-70.75,10.25,0.0
-70.75,10.333336,0.0
-70.75,10.416672,0.0
-70.75,10.5,0.0
-70.75,10.583336,0.0
-70.75,10.666672,0.0
-70.75,10.75,0.0
-70.75,10.833336,0.0
-70.75,10.916672,0.0
-70.75,11.0,0.0
-70.75,11.083336,0.0
-70.75,11.166672,0.0
-70.75,11.25,-0.013064
-70.75,11.333336,-0.012637
-70.75,11.416672,-0.01531
-70.75,11.5,-0.019749
-70.75,11.583336,-0.025199
-70.75,11.666672,-0.028936
-70.75,11.75,-0.031126
-70.75,11.833336,-0.033442
-70.75,11.916672,-0.034672
-70.75,12.0,-0.034861
-70.75,12.083336,-0.035704
-70.75,12.166672,-0.038184
-70.75,12.25,-0.038289
-70.75,12.333336,-0.036302
-70.75,12.416672,-0.032558
-70.666664,-4.25,0.0
-70.666664,-4.166664,0.0
-70.666664,-4.0833282,0.0
-70.666664,-4.0,0.0
-70.666664,-3.9166641,0.0
-70.666664,-3.8333282,0.0
-70.666664,-3.75,0.0
-70.666664,-3.6666641,0.0
-70.666664,-3.5833282,0.0
-70.666664,-3.5,0.0
-70.666664,-3.4166641,0.0
-70.666664,-3.3333282,0.0
-70.666664,-3.25,0.0
-70.666664,-3.1666641,0.0
-70.666664,-3.0833282,0.0
-70.666664,-3.0,0.0
-70.666664,-2.9166641,0.0
-70.666664,-2.8333282,0.0
-70.666664,-2.75,0.0
-70.666664,-2.6666641,0.0
-70.666664,-2.5833282,0.0
-70.666664,-2.5,0.0
-70.666664,-2.4166641,0.0
-70.666664,-2.3333282,0.0
-70.666664,-2.25,0.0
-70.666664,-2.1666641,0.0
-70.666664,-2.0833282,0.0
-70.666664,-2.0,0.0
-70.666664,-1.9166641,0.0
-70.666664,-1.8333282,0.0
-70.666664,-1.75,0.0
-70.666664,-1.6666641,0.0
-70.666664,-1.5833282,0.0
-70.666664,-1.5,0.0
-70.666664,-1.4166641,0.0
-70.666664,-1.3333282,0.0
-70.666664,-1.25,0.0
-70.666664,-1.1666641,0.0
-70.666664,-1.0833282,0.0
-70.666664,-1.0,0.0
-70.666664,-0.9166641,0.0
-70.666664,-0.83332825,0.0
-70.666664,-0.75,0.0
-70.666664,-0.6666641,0.0
-70.666664,-0.58332825,0.0
-70.666664,-0.5,0.0
-70.666664,-0.41666412,0.0
-70.666664,-0.33332825,0.0
-70.666664,-0.25,0.0
-70.666664,-0.16666412,0.0
-70.666664,-0.08332825,0.0
-70.666664,0.0,0.0
-70.666664,0.08333588,0.0
-70.666664,0.16667175,0.0
-70.666664,0.25,0.0
-70.666664,0.33333588,0.0
-70.666664,0.41667175,0.0
-70.666664,0.5,0.0
-70.666664,0.5833359,0.0
-70.666664,0.66667175,0.0
-70.666664,0.75,0.0
-70.666664,0.8333359,0.0
-70.666664,0.91667175,0.0
-70.666664,1.0,0.0
-70.666664,1.0833359,0.0
-70.666664,1.1666718,0.0
-70.666664,1.25,0.0
-70.666664,1.3333359,0.0
-70.666664,1.4166718,0.0
-70.666664,1.5,0.0
-70.666664,1.5833359,0.0
-70.666664,1.6666718,0.0
-70.666664,1.75,0.0
-70.666664,1.8333359,0.0
-70.666664,1.9166718,0.0
-70.666664,2.0,0.0
-70.666664,2.0833359,0.0
-70.666664,2.1666718,0.0
-70.666664,2.25,0.0
-70.666664,2.3333359,0.0
-70.666664,2.4166718,0.0
-70.666664,2.5,0.0
-70.666664,2.5833359,0.0
-70.666664,2.6666718,0.0
-70.666664,2.75,0.0
-70.666664,2.8333359,0.0
-70.666664,2.9166718,0.0
-70.666664,3.0,0.0
-70.666664,3.0833359,0.0
-70.666664,3.1666718,0.0
-70.666664,3.25,0.0
-70.666664,3.3333359,0.0
-70.666664,3.4166718,0.0
-70.666664,3.5,0.0
-70.666664,3.5833359,0.0
-70.666664,3.6666718,0.0
-70.666664,3.75,0.0
-70.666664,3.8333359,0.0
-70.666664,3.9166718,0.0
-70.666664,4.0,0.0
-70.666664,4.083336,0.0
-70.666664,4.1666718,0.0
-70.666664,4.25,0.0
-70.666664,4.333336,0.0
-70.666664,4.4166718,0.0
-70.666664,4.5,0.0
-70.666664,4.583336,0.0
-70.666664,4.6666718,0.0
-70.666664,4.75,0.0
-70.666664,4.833336,0.0
-70.666664,4.9166718,0.0
-70.666664,5.0,0.0
-70.666664,5.083336,0.0
-70.666664,5.1666718,0.0
-70.666664,5.25,0.0
-70.666664,5.333336,0.0
-70.666664,5.4166718,0.0
-70.666664,5.5,0.0
-70.666664,5.583336,0.0
-70.666664,5.6666718,0.0
-70.666664,5.75,0.0
-70.666664,5.833336,0.0
-70.666664,5.9166718,0.0
-70.666664,6.0,0.0
-70.666664,6.083336,0.0
-70.666664,6.1666718,0.0
-70.666664,6.25,0.0
-70.666664,6.333336,0.0
-70.666664,6.4166718,0.0
-70.666664,6.5,0.0
-70.666664,6.583336,0.0
-70.666664,6.6666718,0.0
-70.666664,6.75,0.0
-70.666664,6.833336,0.0
-70.666664,6.9166718,0.0
-70.666664,7.0,0.0
-70.666664,7.083336,0.0
-70.666664,7.1666718,0.0
-70.666664,7.25,0.0
-70.666664,7.333336,0.0
-70.666664,7.4166718,0.0
-70.666664,7.5,0.0
-70.666664,7.583336,0.0
-70.666664,7.6666718,0.0
-70.666664,7.75,0.0
-70.666664,7.833336,0.0
-70.666664,7.9166718,0.0
-70.666664,8.0,0.0
-70.666664,8.083336,0.0
-70.666664,8.166672,0.0
-70.666664,8.25,0.0
-70.666664,8.333336,0.0
-70.666664,8.416672,0.0
-70.666664,8.5,0.0
-70.666664,8.583336,0.0
-70.666664,8.666672,0.0
-70.666664,8.75,0.0
-70.666664,8.833336,0.0
-70.666664,8.916672,0.0
-70.666664,9.0,0.0
-70.666664,9.083336,0.0
-70.666664,9.166672,0.0
-70.666664,9.25,0.0
-70.666664,9.333336,0.0
-70.666664,9.416672,0.0
-70.666664,9.5,0.0
-70.666664,9.583336,0.0
-70.666664,9.666672,0.0
-70.666664,9.75,0.0
-70.666664,9.833336,0.0
-70.666664,9.916672,0.0
-70.666664,10.0,0.0
-70.666664,10.083336,0.0
-70.666664,10.166672,0.0
-70.666664,10.25,0.0
-70.666664,10.333336,0.0
-70.666664,10.416672,0.0
-70.666664,10.5,0.0
-70.666664,10.583336,0.0
-70.666664,10.666672,0.0
-70.666664,10.75,0.0
-70.666664,10.833336,0.0
-70.666664,10.916672,0.0
-70.666664,11.0,0.0
-70.666664,11.083336,0.0
-70.666664,11.166672,0.0
-70.666664,11.25,-0.021541
-70.666664,11.333336,-0.024773
-70.666664,11.416672,-0.028328
-70.666664,11.5,-0.030494
-70.666664,11.583336,-0.033484
-70.666664,11.666672,-0.034768
-70.666664,11.75,-0.03523
-70.666664,11.833336,-0.036147
-70.666664,11.916672,-0.036896
-70.666664,12.0,-0.038211
-70.666664,12.083336,-0.040747
-70.666664,12.166672,-0.042529
-70.666664,12.25,-0.042439
-70.666664,12.333336,-0.04199
-70.666664,12.416672,-0.04033
-70.58333,-4.25,0.0
-70.58333,-4.166664,0.0
-70.58333,-4.0833282,0.0
-70.58333,-4.0,0.0
-70.58333,-3.9166641,0.0
-70.58333,-3.8333282,0.0
-70.58333,-3.75,0.0
-70.58333,-3.6666641,0.0
-70.58333,-3.5833282,0.0
-70.58333,-3.5,0.0
-70.58333,-3.4166641,0.0
-70.58333,-3.3333282,0.0
-70.58333,-3.25,0.0
-70.58333,-3.1666641,0.0
-70.58333,-3.0833282,0.0
-70.58333,-3.0,0.0
-70.58333,-2.9166641,0.0
-70.58333,-2.8333282,0.0
-70.58333,-2.75,0.0
-70.58333,-2.6666641,0.0
-70.58333,-2.5833282,0.0
-70.58333,-2.5,0.0
-70.58333,-2.4166641,0.0
-70.58333,-2.3333282,0.0
-70.58333,-2.25,0.0
-70.58333,-2.1666641,0.0
-70.58333,-2.0833282,0.0
-70.58333,-2.0,0.0
-70.58333,-1.9166641,0.0
-70.58333,-1.8333282,0.0
-70.58333,-1.75,0.0
-70.58333,-1.6666641,0.0
-70.58333,-1.5833282,0.0
-70.58333,-1.5,0.0
-70.58333,-1.4166641,0.0
-70.58333,-1.3333282,0.0
-70.58333,-1.25,0.0
-70.58333,-1.1666641,0.0
-70.58333,-1.0833282,0.0
-70.58333,-1.0,0.0
-70.58333,-0.9166641,0.0
-70.58333,-0.83332825,0.0
-70.58333,-0.75,0.0
-70.58333,-0.6666641,0.0
-70.58333,-0.58332825,0.0
-70.58333,-0.5,0.0
-70.58333,-0.41666412,0.0
-70.58333,-0.33332825,0.0
-70.58333,-0.25,0.0
-70.58333,-0.16666412,0.0
-70.58333,-0.08332825,0.0
-70.58333,0.0,0.0
-70.58333,0.08333588,0.0
-70.58333,0.16667175,0.0
-70.58333,0.25,0.0
-70.58333,0.33333588,0.0
-70.58333,0.41667175,0.0
-70.58333,0.5,0.0
-70.58333,0.5833359,0.0
-70.58333,0.66667175,0.0
-70.58333,0.75,0.0
-70.58333,0.8333359,0.0
-70.58333,0.91667175,0.0
-70.58333,1.0,0.0
-70.58333,1.0833359,0.0
-70.58333,1.1666718,0.0
-70.58333,1.25,0.0
-70.58333,1.3333359,0.0
-70.58333,1.4166718,0.0
-70.58333,1.5,0.0
-70.58333,1.5833359,0.0
-70.58333,1.6666718,0.0
-70.58333,1.75,0.0
-70.58333,1.8333359,0.0
-70.58333,1.9166718,0.0
-70.58333,2.0,0.0
-70.58333,2.0833359,0.0
-70.58333,2.1666718,0.0
-70.58333,2.25,0.0
-70.58333,2.3333359,0.0
-70.58333,2.4166718,0.0
-70.58333,2.5,0.0
-70.58333,2.5833359,0.0
-70.58333,2.6666718,0.0
-70.58333,2.75,0.0
-70.58333,2.8333359,0.0
-70.58333,2.9166718,0.0
-70.58333,3.0,0.0
-70.58333,3.0833359,0.0
-70.58333,3.1666718,0.0
-70.58333,3.25,0.0
-70.58333,3.3333359,0.0
-70.58333,3.4166718,0.0
-70.58333,3.5,0.0
-70.58333,3.5833359,0.0
-70.58333,3.6666718,0.0
-70.58333,3.75,0.0
-70.58333,3.8333359,0.0
-70.58333,3.9166718,0.0
-70.58333,4.0,0.0
-70.58333,4.083336,0.0
-70.58333,4.1666718,0.0
-70.58333,4.25,0.0
-70.58333,4.333336,0.0
-70.58333,4.4166718,0.0
-70.58333,4.5,0.0
-70.58333,4.583336,0.0
-70.58333,4.6666718,0.0
-70.58333,4.75,0.0
-70.58333,4.833336,0.0
-70.58333,4.9166718,0.0
-70.58333,5.0,0.0
-70.58333,5.083336,0.0
-70.58333,5.1666718,0.0
-70.58333,5.25,0.0
-70.58333,5.333336,0.0
-70.58333,5.4166718,0.0
-70.58333,5.5,0.0
-70.58333,5.583336,0.0
-70.58333,5.6666718,0.0
-70.58333,5.75,0.0
-70.58333,5.833336,0.0
-70.58333,5.9166718,0.0
-70.58333,6.0,0.0
-70.58333,6.083336,0.0
-70.58333,6.1666718,0.0
-70.58333,6.25,0.0
-70.58333,6.333336,0.0
-70.58333,6.4166718,0.0
-70.58333,6.5,0.0
-70.58333,6.583336,0.0
-70.58333,6.6666718,0.0
-70.58333,6.75,0.0
-70.58333,6.833336,0.0
-70.58333,6.9166718,0.0
-70.58333,7.0,0.0
-70.58333,7.083336,0.0
-70.58333,7.1666718,0.0
-70.58333,7.25,0.0
-70.58333,7.333336,0.0
-70.58333,7.4166718,0.0
-70.58333,7.5,0.0
-70.58333,7.583336,0.0
-70.58333,7.6666718,0.0
-70.58333,7.75,0.0
-70.58333,7.833336,0.0
-70.58333,7.9166718,0.0
-70.58333,8.0,0.0
-70.58333,8.083336,0.0
-70.58333,8.166672,0.0
-70.58333,8.25,0.0
-70.58333,8.333336,0.0
-70.58333,8.416672,0.0
-70.58333,8.5,0.0
-70.58333,8.583336,0.0
-70.58333,8.666672,0.0
-70.58333,8.75,0.0
-70.58333,8.833336,0.0
-70.58333,8.916672,0.0
-70.58333,9.0,0.0
-70.58333,9.083336,0.0
-70.58333,9.166672,0.0
-70.58333,9.25,0.0
-70.58333,9.333336,0.0
-70.58333,9.416672,0.0
-70.58333,9.5,0.0
-70.58333,9.583336,0.0
-70.58333,9.666672,0.0
-70.58333,9.75,0.0
-70.58333,9.833336,0.0
-70.58333,9.916672,0.0
-70.58333,10.0,0.0
-70.58333,10.083336,0.0
-70.58333,10.166672,0.0
-70.58333,10.25,0.0
-70.58333,10.333336,0.0
-70.58333,10.416672,0.0
-70.58333,10.5,0.0
-70.58333,10.583336,0.0
-70.58333,10.666672,0.0
-70.58333,10.75,0.0
-70.58333,10.833336,0.0
-70.58333,10.916672,0.0
-70.58333,11.0,0.0
-70.58333,11.083336,0.0
-70.58333,11.166672,0.0
-70.58333,11.25,-0.029047
-70.58333,11.333336,-0.032688
-70.58333,11.416672,-0.03506
-70.58333,11.5,-0.037056
-70.58333,11.583336,-0.036724
-70.58333,11.666672,-0.036129
-70.58333,11.75,-0.036464
-70.58333,11.833336,-0.037189
-70.58333,11.916672,-0.038931
-70.58333,12.0,-0.041832
-70.58333,12.083336,-0.04478
-70.58333,12.166672,-0.046382
-70.58333,12.25,-0.046037
-70.58333,12.333336,-0.045853
-70.58333,12.416672,-0.045783
-70.5,-4.25,0.0
-70.5,-4.166664,0.0
-70.5,-4.0833282,0.0
-70.5,-4.0,0.0
-70.5,-3.9166641,0.0
-70.5,-3.8333282,0.0
-70.5,-3.75,0.0
-70.5,-3.6666641,0.0
-70.5,-3.5833282,0.0
-70.5,-3.5,0.0
-70.5,-3.4166641,0.0
-70.5,-3.3333282,0.0
-70.5,-3.25,0.0
-70.5,-3.1666641,0.0
-70.5,-3.0833282,0.0
-70.5,-3.0,0.0
-70.5,-2.9166641,0.0
-70.5,-2.8333282,0.0
-70.5,-2.75,0.0
-70.5,-2.6666641,0.0
-70.5,-2.5833282,0.0
-70.5,-2.5,0.0
-70.5,-2.4166641,0.0
-70.5,-2.3333282,0.0
-70.5,-2.25,0.0
-70.5,-2.1666641,0.0
-70.5,-2.0833282,0.0
-70.5,-2.0,0.0
-70.5,-1.9166641,0.0
-70.5,-1.8333282,0.0
-70.5,-1.75,0.0
-70.5,-1.6666641,0.0
-70.5,-1.5833282,0.0
-70.5,-1.5,0.0
-70.5,-1.4166641,0.0
-70.5,-1.3333282,0.0
-70.5,-1.25,0.0
-70.5,-1.1666641,0.0
-70.5,-1.0833282,0.0
-70.5,-1.0,0.0
-70.5,-0.9166641,0.0
-70.5,-0.83332825,0.0
-70.5,-0.75,0.0
-70.5,-0.6666641,0.0
-70.5,-0.58332825,0.0
-70.5,-0.5,0.0
-70.5,-0.41666412,0.0
-70.5,-0.33332825,0.0
-70.5,-0.25,0.0
-70.5,-0.16666412,0.0
-70.5,-0.08332825,0.0
-70.5,0.0,0.0
-70.5,0.08333588,0.0
-70.5,0.16667175,0.0
-70.5,0.25,0.0
-70.5,0.33333588,0.0
-70.5,0.41667175,0.0
-70.5,0.5,0.0
-70.5,0.5833359,0.0
-70.5,0.66667175,0.0
-70.5,0.75,0.0
-70.5,0.8333359,0.0
-70.5,0.91667175,0.0
-70.5,1.0,0.0
-70.5,1.0833359,0.0
-70.5,1.1666718,0.0
-70.5,1.25,0.0
-70.5,1.3333359,0.0
-70.5,1.4166718,0.0
-70.5,1.5,0.0
-70.5,1.5833359,0.0
-70.5,1.6666718,0.0
-70.5,1.75,0.0
-70.5,1.8333359,0.0
-70.5,1.9166718,0.0
-70.5,2.0,0.0
-70.5,2.0833359,0.0
-70.5,2.1666718,0.0
-70.5,2.25,0.0
-70.5,2.3333359,0.0
-70.5,2.4166718,0.0
-70.5,2.5,0.0
-70.5,2.5833359,0.0
-70.5,2.6666718,0.0
-70.5,2.75,0.0
-70.5,2.8333359,0.0
-70.5,2.9166718,0.0
-70.5,3.0,0.0
-70.5,3.0833359,0.0
-70.5,3.1666718,0.0
-70.5,3.25,0.0
-70.5,3.3333359,0.0
-70.5,3.4166718,0.0
-70.5,3.5,0.0
-70.5,3.5833359,0.0
-70.5,3.6666718,0.0
-70.5,3.75,0.0
-70.5,3.8333359,0.0
-70.5,3.9166718,0.0
-70.5,4.0,0.0
-70.5,4.083336,0.0
-70.5,4.1666718,0.0
-70.5,4.25,0.0
-70.5,4.333336,0.0
-70.5,4.4166718,0.0
-70.5,4.5,0.0
-70.5,4.583336,0.0
-70.5,4.6666718,0.0
-70.5,4.75,0.0
-70.5,4.833336,0.0
-70.5,4.9166718,0.0
-70.5,5.0,0.0
-70.5,5.083336,0.0
-70.5,5.1666718,0.0
-70.5,5.25,0.0
-70.5,5.333336,0.0
-70.5,5.4166718,0.0
-70.5,5.5,0.0
-70.5,5.583336,0.0
-70.5,5.6666718,0.0
-70.5,5.75,0.0
-70.5,5.833336,0.0
-70.5,5.9166718,0.0
-70.5,6.0,0.0
-70.5,6.083336,0.0
-70.5,6.1666718,0.0
-70.5,6.25,0.0
-70.5,6.333336,0.0
-70.5,6.4166718,0.0
-70.5,6.5,0.0
-70.5,6.583336,0.0
-70.5,6.6666718,0.0
-70.5,6.75,0.0
-70.5,6.833336,0.0
-70.5,6.9166718,0.0
-70.5,7.0,0.0
-70.5,7.083336,0.0
-70.5,7.1666718,0.0
-70.5,7.25,0.0
-70.5,7.333336,0.0
-70.5,7.4166718,0.0
-70.5,7.5,0.0
-70.5,7.583336,0.0
-70.5,7.6666718,0.0
-70.5,7.75,0.0
-70.5,7.833336,0.0
-70.5,7.9166718,0.0
-70.5,8.0,0.0
-70.5,8.083336,0.0
-70.5,8.166672,0.0
-70.5,8.25,0.0
-70.5,8.333336,0.0
-70.5,8.416672,0.0
-70.5,8.5,0.0
-70.5,8.583336,0.0
-70.5,8.666672,0.0
-70.5,8.75,0.0
-70.5,8.833336,0.0
-70.5,8.916672,0.0
-70.5,9.0,0.0
-70.5,9.083336,0.0
-70.5,9.166672,0.0
-70.5,9.25,0.0
-70.5,9.333336,0.0
-70.5,9.416672,0.0
-70.5,9.5,0.0
-70.5,9.583336,0.0
-70.5,9.666672,0.0
-70.5,9.75,0.0
-70.5,9.833336,0.0
-70.5,9.916672,0.0
-70.5,10.0,0.0
-70.5,10.083336,0.0
-70.5,10.166672,0.0
-70.5,10.25,0.0
-70.5,10.333336,0.0
-70.5,10.416672,0.0
-70.5,10.5,0.0
-70.5,10.583336,0.0
-70.5,10.666672,0.0
-70.5,10.75,0.0
-70.5,10.833336,0.0
-70.5,10.916672,0.0
-70.5,11.0,0.0
-70.5,11.083336,0.0
-70.5,11.166672,0.0
-70.5,11.25,-0.037327
-70.5,11.333336,-0.038624
-70.5,11.416672,-0.039752
-70.5,11.5,-0.040175
-70.5,11.583336,-0.036901
-70.5,11.666672,-0.03553
-70.5,11.75,-0.036338
-70.5,11.833336,-0.038324
-70.5,11.916672,-0.041045
-70.5,12.0,-0.044342
-70.5,12.083336,-0.047263
-70.5,12.166672,-0.049827
-70.5,12.25,-0.05016
-70.5,12.333336,-0.048698
-70.5,12.416672,-0.048194
-70.416664,-4.25,0.0
-70.416664,-4.166664,0.0
-70.416664,-4.0833282,0.0
-70.416664,-4.0,0.0
-70.416664,-3.9166641,0.0
-70.416664,-3.8333282,0.0
-70.416664,-3.75,0.0
-70.416664,-3.6666641,0.0
-70.416664,-3.5833282,0.0
-70.416664,-3.5,0.0
-70.416664,-3.4166641,0.0
-70.416664,-3.3333282,0.0
-70.416664,-3.25,0.0
-70.416664,-3.1666641,0.0
-70.416664,-3.0833282,0.0
-70.416664,-3.0,0.0
-70.416664,-2.9166641,0.0
-70.416664,-2.8333282,0.0
-70.416664,-2.75,0.0
-70.416664,-2.6666641,0.0
-70.416664,-2.5833282,0.0
-70.416664,-2.5,0.0
-70.416664,-2.4166641,0.0
-70.416664,-2.3333282,0.0
-70.416664,-2.25,0.0
-70.416664,-2.1666641,0.0
-70.416664,-2.0833282,0.0
-70.416664,-2.0,0.0
-70.416664,-1.9166641,0.0
-70.416664,-1.8333282,0.0
-70.416664,-1.75,0.0
-70.416664,-1.6666641,0.0
-70.416664,-1.5833282,0.0
-70.416664,-1.5,0.0
-70.416664,-1.4166641,0.0
-70.416664,-1.3333282,0.0
-70.416664,-1.25,0.0
-70.416664,-1.1666641,0.0
-70.416664,-1.0833282,0.0
-70.416664,-1.0,0.0
-70.416664,-0.9166641,0.0
-70.416664,-0.83332825,0.0
-70.416664,-0.75,0.0
-70.416664,-0.6666641,0.0
-70.416664,-0.58332825,0.0
-70.416664,-0.5,0.0
-70.416664,-0.41666412,0.0
-70.416664,-0.33332825,0.0
-70.416664,-0.25,0.0
-70.416664,-0.16666412,0.0
-70.416664,-0.08332825,0.0
-70.416664,0.0,0.0
-70.416664,0.08333588,0.0
-70.416664,0.16667175,0.0
-70.416664,0.25,0.0
-70.416664,0.33333588,0.0
-70.416664,0.41667175,0.0
-70.416664,0.5,0.0
-70.416664,0.5833359,0.0
-70.416664,0.66667175,0.0
-70.416664,0.75,0.0
-70.416664,0.8333359,0.0
-70.416664,0.91667175,0.0
-70.416664,1.0,0.0
-70.416664,1.0833359,0.0
-70.416664,1.1666718,0.0
-70.416664,1.25,0.0
-70.416664,1.3333359,0.0
-70.416664,1.4166718,0.0
-70.416664,1.5,0.0
-70.416664,1.5833359,0.0
-70.416664,1.6666718,0.0
-70.416664,1.75,0.0
-70.416664,1.8333359,0.0
-70.416664,1.9166718,0.0
-70.416664,2.0,0.0
-70.416664,2.0833359,0.0
-70.416664,2.1666718,0.0
-70.416664,2.25,0.0
-70.416664,2.3333359,0.0
-70.416664,2.4166718,0.0
-70.416664,2.5,0.0
-70.416664,2.5833359,0.0
-70.416664,2.6666718,0.0
-70.416664,2.75,0.0
-70.416664,2.8333359,0.0
-70.416664,2.9166718,0.0
-70.416664,3.0,0.0
-70.416664,3.0833359,0.0
-70.416664,3.1666718,0.0
-70.416664,3.25,0.0
-70.416664,3.3333359,0.0
-70.416664,3.4166718,0.0
-70.416664,3.5,0.0
-70.416664,3.5833359,0.0
-70.416664,3.6666718,0.0
-70.416664,3.75,0.0
-70.416664,3.8333359,0.0
-70.416664,3.9166718,0.0
-70.416664,4.0,0.0
-70.416664,4.083336,0.0
-70.416664,4.1666718,0.0
-70.416664,4.25,0.0
-70.416664,4.333336,0.0
-70.416664,4.4166718,0.0
-70.416664,4.5,0.0
-70.416664,4.583336,0.0
-70.416664,4.6666718,0.0
-70.416664,4.75,0.0
-70.416664,4.833336,0.0
-70.416664,4.9166718,0.0
-70.416664,5.0,0.0
-70.416664,5.083336,0.0
-70.416664,5.1666718,0.0
-70.416664,5.25,0.0
-70.416664,5.333336,0.0
-70.416664,5.4166718,0.0
-70.416664,5.5,0.0
-70.416664,5.583336,0.0
-70.416664,5.6666718,0.0
-70.416664,5.75,0.0
-70.416664,5.833336,0.0
-70.416664,5.9166718,0.0
-70.416664,6.0,0.0
-70.416664,6.083336,0.0
-70.416664,6.1666718,0.0
-70.416664,6.25,0.0
-70.416664,6.333336,0.0
-70.416664,6.4166718,0.0
-70.416664,6.5,0.0
-70.416664,6.583336,0.0
-70.416664,6.6666718,0.0
-70.416664,6.75,0.0
-70.416664,6.833336,0.0
-70.416664,6.9166718,0.0
-70.416664,7.0,0.0
-70.416664,7.083336,0.0
-70.416664,7.1666718,0.0
-70.416664,7.25,0.0
-70.416664,7.333336,0.0
-70.416664,7.4166718,0.0
-70.416664,7.5,0.0
-70.416664,7.583336,0.0
-70.416664,7.6666718,0.0
-70.416664,7.75,0.0
-70.416664,7.833336,0.0
-70.416664,7.9166718,0.0
-70.416664,8.0,0.0
-70.416664,8.083336,0.0
-70.416664,8.166672,0.0
-70.416664,8.25,0.0
-70.416664,8.333336,0.0
-70.416664,8.416672,0.0
-70.416664,8.5,0.0
-70.416664,8.583336,0.0
-70.416664,8.666672,0.0
-70.416664,8.75,0.0
-70.416664,8.833336,0.0
-70.416664,8.916672,0.0
-70.416664,9.0,0.0
-70.416664,9.083336,0.0
-70.416664,9.166672,0.0
-70.416664,9.25,0.0
-70.416664,9.333336,0.0
-70.416664,9.416672,0.0
-70.416664,9.5,0.0
-70.416664,9.583336,0.0
-70.416664,9.666672,0.0
-70.416664,9.75,0.0
-70.416664,9.833336,0.0
-70.416664,9.916672,0.0
-70.416664,10.0,0.0
-70.416664,10.083336,0.0
-70.416664,10.166672,0.0
-70.416664,10.25,0.0
-70.416664,10.333336,0.0
-70.416664,10.416672,0.0
-70.416664,10.5,0.0
-70.416664,10.583336,0.0
-70.416664,10.666672,0.0
-70.416664,10.75,0.0
-70.416664,10.833336,0.0
-70.416664,10.916672,0.0
-70.416664,11.0,0.0
-70.416664,11.083336,0.0
-70.416664,11.166672,0.0
-70.416664,11.25,0.0
-70.416664,11.333336,-0.042752
-70.416664,11.416672,-0.043887
-70.416664,11.5,-0.042953
-70.416664,11.583336,-0.039589
-70.416664,11.666672,-0.038517
-70.416664,11.75,-0.039302
-70.416664,11.833336,-0.040944
-70.416664,11.916672,-0.043672
-70.416664,12.0,-0.046768
-70.416664,12.083336,-0.050488
-70.416664,12.166672,-0.053594
-70.416664,12.25,-0.053956
-70.416664,12.333336,-0.050831
-70.416664,12.416672,-0.048342
-70.33333,-4.25,0.0
-70.33333,-4.166664,0.0
-70.33333,-4.0833282,0.0
-70.33333,-4.0,0.0
-70.33333,-3.9166641,0.0
-70.33333,-3.8333282,0.0
-70.33333,-3.75,0.0
-70.33333,-3.6666641,0.0
-70.33333,-3.5833282,0.0
-70.33333,-3.5,0.0
-70.33333,-3.4166641,0.0
-70.33333,-3.3333282,0.0
-70.33333,-3.25,0.0
-70.33333,-3.1666641,0.0
-70.33333,-3.0833282,0.0
-70.33333,-3.0,0.0
-70.33333,-2.9166641,0.0
-70.33333,-2.8333282,0.0
-70.33333,-2.75,0.0
-70.33333,-2.6666641,0.0
-70.33333,-2.5833282,0.0
-70.33333,-2.5,0.0
-70.33333,-2.4166641,0.0
-70.33333,-2.3333282,0.0
-70.33333,-2.25,0.0
-70.33333,-2.1666641,0.0
-70.33333,-2.0833282,0.0
-70.33333,-2.0,0.0
-70.33333,-1.9166641,0.0
-70.33333,-1.8333282,0.0
-70.33333,-1.75,0.0
-70.33333,-1.6666641,0.0
-70.33333,-1.5833282,0.0
-70.33333,-1.5,0.0
-70.33333,-1.4166641,0.0
-70.33333,-1.3333282,0.0
-70.33333,-1.25,0.0
-70.33333,-1.1666641,0.0
-70.33333,-1.0833282,0.0
-70.33333,-1.0,0.0
-70.33333,-0.9166641,0.0
-70.33333,-0.83332825,0.0
-70.33333,-0.75,0.0
-70.33333,-0.6666641,0.0
-70.33333,-0.58332825,0.0
-70.33333,-0.5,0.0
-70.33333,-0.41666412,0.0
-70.33333,-0.33332825,0.0
-70.33333,-0.25,0.0
-70.33333,-0.16666412,0.0
-70.33333,-0.08332825,0.0
-70.33333,0.0,0.0
-70.33333,0.08333588,0.0
-70.33333,0.16667175,0.0
-70.33333,0.25,0.0
-70.33333,0.33333588,0.0
-70.33333,0.41667175,0.0
-70.33333,0.5,0.0
-70.33333,0.5833359,0.0
-70.33333,0.66667175,0.0
-70.33333,0.75,0.0
-70.33333,0.8333359,0.0
-70.33333,0.91667175,0.0
-70.33333,1.0,0.0
-70.33333,1.0833359,0.0
-70.33333,1.1666718,0.0
-70.33333,1.25,0.0
-70.33333,1.3333359,0.0
-70.33333,1.4166718,0.0
-70.33333,1.5,0.0
-70.33333,1.5833359,0.0
-70.33333,1.6666718,0.0
-70.33333,1.75,0.0
-70.33333,1.8333359,0.0
-70.33333,1.9166718,0.0
-70.33333,2.0,0.0
-70.33333,2.0833359,0.0
-70.33333,2.1666718,0.0
-70.33333,2.25,0.0
-70.33333,2.3333359,0.0
-70.33333,2.4166718,0.0
-70.33333,2.5,0.0
-70.33333,2.5833359,0.0
-70.33333,2.6666718,0.0
-70.33333,2.75,0.0
-70.33333,2.8333359,0.0
-70.33333,2.9166718,0.0
-70.33333,3.0,0.0
-70.33333,3.0833359,0.0
-70.33333,3.1666718,0.0
-70.33333,3.25,0.0
-70.33333,3.3333359,0.0
-70.33333,3.4166718,0.0
-70.33333,3.5,0.0
-70.33333,3.5833359,0.0
-70.33333,3.6666718,0.0
-70.33333,3.75,0.0
-70.33333,3.8333359,0.0
-70.33333,3.9166718,0.0
-70.33333,4.0,0.0
-70.33333,4.083336,0.0
-70.33333,4.1666718,0.0
-70.33333,4.25,0.0
-70.33333,4.333336,0.0
-70.33333,4.4166718,0.0
-70.33333,4.5,0.0
-70.33333,4.583336,0.0
-70.33333,4.6666718,0.0
-70.33333,4.75,0.0
-70.33333,4.833336,0.0
-70.33333,4.9166718,0.0
-70.33333,5.0,0.0
-70.33333,5.083336,0.0
-70.33333,5.1666718,0.0
-70.33333,5.25,0.0
-70.33333,5.333336,0.0
-70.33333,5.4166718,0.0
-70.33333,5.5,0.0
-70.33333,5.583336,0.0
-70.33333,5.6666718,0.0
-70.33333,5.75,0.0
-70.33333,5.833336,0.0
-70.33333,5.9166718,0.0
-70.33333,6.0,0.0
-70.33333,6.083336,0.0
-70.33333,6.1666718,0.0
-70.33333,6.25,0.0
-70.33333,6.333336,0.0
-70.33333,6.4166718,0.0
-70.33333,6.5,0.0
-70.33333,6.583336,0.0
-70.33333,6.6666718,0.0
-70.33333,6.75,0.0
-70.33333,6.833336,0.0
-70.33333,6.9166718,0.0
-70.33333,7.0,0.0
-70.33333,7.083336,0.0
-70.33333,7.1666718,0.0
-70.33333,7.25,0.0
-70.33333,7.333336,0.0
-70.33333,7.4166718,0.0
-70.33333,7.5,0.0
-70.33333,7.583336,0.0
-70.33333,7.6666718,0.0
-70.33333,7.75,0.0
-70.33333,7.833336,0.0
-70.33333,7.9166718,0.0
-70.33333,8.0,0.0
-70.33333,8.083336,0.0
-70.33333,8.166672,0.0
-70.33333,8.25,0.0
-70.33333,8.333336,0.0
-70.33333,8.416672,0.0
-70.33333,8.5,0.0
-70.33333,8.583336,0.0
-70.33333,8.666672,0.0
-70.33333,8.75,0.0
-70.33333,8.833336,0.0
-70.33333,8.916672,0.0
-70.33333,9.0,0.0
-70.33333,9.083336,0.0
-70.33333,9.166672,0.0
-70.33333,9.25,0.0
-70.33333,9.333336,0.0
-70.33333,9.416672,0.0
-70.33333,9.5,0.0
-70.33333,9.583336,0.0
-70.33333,9.666672,0.0
-70.33333,9.75,0.0
-70.33333,9.833336,0.0
-70.33333,9.916672,0.0
-70.33333,10.0,0.0
-70.33333,10.083336,0.0
-70.33333,10.166672,0.0
-70.33333,10.25,0.0
-70.33333,10.333336,0.0
-70.33333,10.416672,0.0
-70.33333,10.5,0.0
-70.33333,10.583336,0.0
-70.33333,10.666672,0.0
-70.33333,10.75,0.0
-70.33333,10.833336,0.0
-70.33333,10.916672,0.0
-70.33333,11.0,0.0
-70.33333,11.083336,0.0
-70.33333,11.166672,0.0
-70.33333,11.25,0.0
-70.33333,11.333336,-0.047131
-70.33333,11.416672,-0.048829
-70.33333,11.5,-0.047969
-70.33333,11.583336,-0.046654
-70.33333,11.666672,-0.046452
-70.33333,11.75,-0.047507
-70.33333,11.833336,-0.048556
-70.33333,11.916672,-0.048975
-70.33333,12.0,-0.050548
-70.33333,12.083336,-0.053686
-70.33333,12.166672,-0.056291
-70.33333,12.25,-0.05704
-70.33333,12.333336,-0.053402
-70.33333,12.416672,-0.047778
-70.25,-4.25,0.0
-70.25,-4.166664,0.0
-70.25,-4.0833282,0.0
-70.25,-4.0,0.0
-70.25,-3.9166641,0.0
-70.25,-3.8333282,0.0
-70.25,-3.75,0.0
-70.25,-3.6666641,0.0
-70.25,-3.5833282,0.0
-70.25,-3.5,0.0
-70.25,-3.4166641,0.0
-70.25,-3.3333282,0.0
-70.25,-3.25,0.0
-70.25,-3.1666641,0.0
-70.25,-3.0833282,0.0
-70.25,-3.0,0.0
-70.25,-2.9166641,0.0
-70.25,-2.8333282,0.0
-70.25,-2.75,0.0
-70.25,-2.6666641,0.0
-70.25,-2.5833282,0.0
-70.25,-2.5,0.0
-70.25,-2.4166641,0.0
-70.25,-2.3333282,0.0
-70.25,-2.25,0.0
-70.25,-2.1666641,0.0
-70.25,-2.0833282,0.0
-70.25,-2.0,0.0
-70.25,-1.9166641,0.0
-70.25,-1.8333282,0.0
-70.25,-1.75,0.0
-70.25,-1.6666641,0.0
-70.25,-1.5833282,0.0
-70.25,-1.5,0.0
-70.25,-1.4166641,0.0
-70.25,-1.3333282,0.0
-70.25,-1.25,0.0
-70.25,-1.1666641,0.0
-70.25,-1.0833282,0.0
-70.25,-1.0,0.0
-70.25,-0.9166641,0.0
-70.25,-0.83332825,0.0
-70.25,-0.75,0.0
-70.25,-0.6666641,0.0
-70.25,-0.58332825,0.0
-70.25,-0.5,0.0
-70.25,-0.41666412,0.0
-70.25,-0.33332825,0.0
-70.25,-0.25,0.0
-70.25,-0.16666412,0.0
-70.25,-0.08332825,0.0
-70.25,0.0,0.0
-70.25,0.08333588,0.0
-70.25,0.16667175,0.0
-70.25,0.25,0.0
-70.25,0.33333588,0.0
-70.25,0.41667175,0.0
-70.25,0.5,0.0
-70.25,0.5833359,0.0
-70.25,0.66667175,0.0
-70.25,0.75,0.0
-70.25,0.8333359,0.0
-70.25,0.91667175,0.0
-70.25,1.0,0.0
-70.25,1.0833359,0.0
-70.25,1.1666718,0.0
-70.25,1.25,0.0
-70.25,1.3333359,0.0
-70.25,1.4166718,0.0
-70.25,1.5,0.0
-70.25,1.5833359,0.0
-70.25,1.6666718,0.0
-70.25,1.75,0.0
-70.25,1.8333359,0.0
-70.25,1.9166718,0.0
-70.25,2.0,0.0
-70.25,2.0833359,0.0
-70.25,2.1666718,0.0
-70.25,2.25,0.0
-70.25,2.3333359,0.0
-70.25,2.4166718,0.0
-70.25,2.5,0.0
-70.25,2.5833359,0.0
-70.25,2.6666718,0.0
-70.25,2.75,0.0
-70.25,2.8333359,0.0
-70.25,2.9166718,0.0
-70.25,3.0,0.0
-70.25,3.0833359,0.0
-70.25,3.1666718,0.0
-70.25,3.25,0.0
-70.25,3.3333359,0.0
-70.25,3.4166718,0.0
-70.25,3.5,0.0
-70.25,3.5833359,0.0
-70.25,3.6666718,0.0
-70.25,3.75,0.0
-70.25,3.8333359,0.0
-70.25,3.9166718,0.0
-70.25,4.0,0.0
-70.25,4.083336,0.0
-70.25,4.1666718,0.0
-70.25,4.25,0.0
-70.25,4.333336,0.0
-70.25,4.4166718,0.0
-70.25,4.5,0.0
-70.25,4.583336,0.0
-70.25,4.6666718,0.0
-70.25,4.75,0.0
-70.25,4.833336,0.0
-70.25,4.9166718,0.0
-70.25,5.0,0.0
-70.25,5.083336,0.0
-70.25,5.1666718,0.0
-70.25,5.25,0.0
-70.25,5.333336,0.0
-70.25,5.4166718,0.0
-70.25,5.5,0.0
-70.25,5.583336,0.0
-70.25,5.6666718,0.0
-70.25,5.75,0.0
-70.25,5.833336,0.0
-70.25,5.9166718,0.0
-70.25,6.0,0.0
-70.25,6.083336,0.0
-70.25,6.1666718,0.0
-70.25,6.25,0.0
-70.25,6.333336,0.0
-70.25,6.4166718,0.0
-70.25,6.5,0.0
-70.25,6.583336,0.0
-70.25,6.6666718,0.0
-70.25,6.75,0.0
-70.25,6.833336,0.0
-70.25,6.9166718,0.0
-70.25,7.0,0.0
-70.25,7.083336,0.0
-70.25,7.1666718,0.0
-70.25,7.25,0.0
-70.25,7.333336,0.0
-70.25,7.4166718,0.0
-70.25,7.5,0.0
-70.25,7.583336,0.0
-70.25,7.6666718,0.0
-70.25,7.75,0.0
-70.25,7.833336,0.0
-70.25,7.9166718,0.0
-70.25,8.0,0.0
-70.25,8.083336,0.0
-70.25,8.166672,0.0
-70.25,8.25,0.0
-70.25,8.333336,0.0
-70.25,8.416672,0.0
-70.25,8.5,0.0
-70.25,8.583336,0.0
-70.25,8.666672,0.0
-70.25,8.75,0.0
-70.25,8.833336,0.0
-70.25,8.916672,0.0
-70.25,9.0,0.0
-70.25,9.083336,0.0
-70.25,9.166672,0.0
-70.25,9.25,0.0
-70.25,9.333336,0.0
-70.25,9.416672,0.0
-70.25,9.5,0.0
-70.25,9.583336,0.0
-70.25,9.666672,0.0
-70.25,9.75,0.0
-70.25,9.833336,0.0
-70.25,9.916672,0.0
-70.25,10.0,0.0
-70.25,10.083336,0.0
-70.25,10.166672,0.0
-70.25,10.25,0.0
-70.25,10.333336,0.0
-70.25,10.416672,0.0
-70.25,10.5,0.0
-70.25,10.583336,0.0
-70.25,10.666672,0.0
-70.25,10.75,0.0
-70.25,10.833336,0.0
-70.25,10.916672,0.0
-70.25,11.0,0.0
-70.25,11.083336,0.0
-70.25,11.166672,0.0
-70.25,11.25,0.0
-70.25,11.333336,-0.054658
-70.25,11.416672,-0.055028
-70.25,11.5,-0.053215
-70.25,11.583336,-0.054722
-70.25,11.666672,-0.053928
-70.25,11.75,-0.054797
-70.25,11.833336,-0.054618
-70.25,11.916672,-0.055572
-70.25,12.0,-0.05698
-70.25,12.083336,-0.057289
-70.25,12.166672,-0.05996
-70.25,12.25,-0.059851
-70.25,12.333336,-0.055727
-70.25,12.416672,-0.044257
-70.166664,-4.25,0.0
-70.166664,-4.166664,0.0
-70.166664,-4.0833282,0.0
-70.166664,-4.0,0.0
-70.166664,-3.9166641,0.0
-70.166664,-3.8333282,0.0
-70.166664,-3.75,0.0
-70.166664,-3.6666641,0.0
-70.166664,-3.5833282,0.0
-70.166664,-3.5,0.0
-70.166664,-3.4166641,0.0
-70.166664,-3.3333282,0.0
-70.166664,-3.25,0.0
-70.166664,-3.1666641,0.0
-70.166664,-3.0833282,0.0
-70.166664,-3.0,0.0
-70.166664,-2.9166641,0.0
-70.166664,-2.8333282,0.0
-70.166664,-2.75,0.0
-70.166664,-2.6666641,0.0
-70.166664,-2.5833282,0.0
-70.166664,-2.5,0.0
-70.166664,-2.4166641,0.0
-70.166664,-2.3333282,0.0
-70.166664,-2.25,0.0
-70.166664,-2.1666641,0.0
-70.166664,-2.0833282,0.0
-70.166664,-2.0,0.0
-70.166664,-1.9166641,0.0
-70.166664,-1.8333282,0.0
-70.166664,-1.75,0.0
-70.166664,-1.6666641,0.0
-70.166664,-1.5833282,0.0
-70.166664,-1.5,0.0
-70.166664,-1.4166641,0.0
-70.166664,-1.3333282,0.0
-70.166664,-1.25,0.0
-70.166664,-1.1666641,0.0
-70.166664,-1.0833282,0.0
-70.166664,-1.0,0.0
-70.166664,-0.9166641,0.0
-70.166664,-0.83332825,0.0
-70.166664,-0.75,0.0
-70.166664,-0.6666641,0.0
-70.166664,-0.58332825,0.0
-70.166664,-0.5,0.0
-70.166664,-0.41666412,0.0
-70.166664,-0.33332825,0.0
-70.166664,-0.25,0.0
-70.166664,-0.16666412,0.0
-70.166664,-0.08332825,0.0
-70.166664,0.0,0.0
-70.166664,0.08333588,0.0
-70.166664,0.16667175,0.0
-70.166664,0.25,0.0
-70.166664,0.33333588,0.0
-70.166664,0.41667175,0.0
-70.166664,0.5,0.0
-70.166664,0.5833359,0.0
-70.166664,0.66667175,0.0
-70.166664,0.75,0.0
-70.166664,0.8333359,0.0
-70.166664,0.91667175,0.0
-70.166664,1.0,0.0
-70.166664,1.0833359,0.0
-70.166664,1.1666718,0.0
-70.166664,1.25,0.0
-70.166664,1.3333359,0.0
-70.166664,1.4166718,0.0
-70.166664,1.5,0.0
-70.166664,1.5833359,0.0
-70.166664,1.6666718,0.0
-70.166664,1.75,0.0
-70.166664,1.8333359,0.0
-70.166664,1.9166718,0.0
-70.166664,2.0,0.0
-70.166664,2.0833359,0.0
-70.166664,2.1666718,0.0
-70.166664,2.25,0.0
-70.166664,2.3333359,0.0
-70.166664,2.4166718,0.0
-70.166664,2.5,0.0
-70.166664,2.5833359,0.0
-70.166664,2.6666718,0.0
-70.166664,2.75,0.0
-70.166664,2.8333359,0.0
-70.166664,2.9166718,0.0
-70.166664,3.0,0.0
-70.166664,3.0833359,0.0
-70.166664,3.1666718,0.0
-70.166664,3.25,0.0
-70.166664,3.3333359,0.0
-70.166664,3.4166718,0.0
-70.166664,3.5,0.0
-70.166664,3.5833359,0.0
-70.166664,3.6666718,0.0
-70.166664,3.75,0.0
-70.166664,3.8333359,0.0
-70.166664,3.9166718,0.0
-70.166664,4.0,0.0
-70.166664,4.083336,0.0
-70.166664,4.1666718,0.0
-70.166664,4.25,0.0
-70.166664,4.333336,0.0
-70.166664,4.4166718,0.0
-70.166664,4.5,0.0
-70.166664,4.583336,0.0
-70.166664,4.6666718,0.0
-70.166664,4.75,0.0
-70.166664,4.833336,0.0
-70.166664,4.9166718,0.0
-70.166664,5.0,0.0
-70.166664,5.083336,0.0
-70.166664,5.1666718,0.0
-70.166664,5.25,0.0
-70.166664,5.333336,0.0
-70.166664,5.4166718,0.0
-70.166664,5.5,0.0
-70.166664,5.583336,0.0
-70.166664,5.6666718,0.0
-70.166664,5.75,0.0
-70.166664,5.833336,0.0
-70.166664,5.9166718,0.0
-70.166664,6.0,0.0
-70.166664,6.083336,0.0
-70.166664,6.1666718,0.0
-70.166664,6.25,0.0
-70.166664,6.333336,0.0
-70.166664,6.4166718,0.0
-70.166664,6.5,0.0
-70.166664,6.583336,0.0
-70.166664,6.6666718,0.0
-70.166664,6.75,0.0
-70.166664,6.833336,0.0
-70.166664,6.9166718,0.0
-70.166664,7.0,0.0
-70.166664,7.083336,0.0
-70.166664,7.1666718,0.0
-70.166664,7.25,0.0
-70.166664,7.333336,0.0
-70.166664,7.4166718,0.0
-70.166664,7.5,0.0
-70.166664,7.583336,0.0
-70.166664,7.6666718,0.0
-70.166664,7.75,0.0
-70.166664,7.833336,0.0
-70.166664,7.9166718,0.0
-70.166664,8.0,0.0
-70.166664,8.083336,0.0
-70.166664,8.166672,0.0
-70.166664,8.25,0.0
-70.166664,8.333336,0.0
-70.166664,8.416672,0.0
-70.166664,8.5,0.0
-70.166664,8.583336,0.0
-70.166664,8.666672,0.0
-70.166664,8.75,0.0
-70.166664,8.833336,0.0
-70.166664,8.916672,0.0
-70.166664,9.0,0.0
-70.166664,9.083336,0.0
-70.166664,9.166672,0.0
-70.166664,9.25,0.0
-70.166664,9.333336,0.0
-70.166664,9.416672,0.0
-70.166664,9.5,0.0
-70.166664,9.583336,0.0
-70.166664,9.666672,0.0
-70.166664,9.75,0.0
-70.166664,9.833336,0.0
-70.166664,9.916672,0.0
-70.166664,10.0,0.0
-70.166664,10.083336,0.0
-70.166664,10.166672,0.0
-70.166664,10.25,0.0
-70.166664,10.333336,0.0
-70.166664,10.416672,0.0
-70.166664,10.5,0.0
-70.166664,10.583336,0.0
-70.166664,10.666672,0.0
-70.166664,10.75,0.0
-70.166664,10.833336,0.0
-70.166664,10.916672,0.0
-70.166664,11.0,0.0
-70.166664,11.083336,0.0
-70.166664,11.166672,0.0
-70.166664,11.25,0.0
-70.166664,11.333336,0.0
-70.166664,11.416672,-0.060052
-70.166664,11.5,-0.06091
-70.166664,11.583336,-0.062072
-70.166664,11.666672,0.0
-70.166664,11.75,0.0
-70.166664,11.833336,0.0
-70.166664,11.916672,0.0
-70.166664,12.0,0.0
-70.166664,12.083336,-0.061579
-70.166664,12.166672,-0.062161
-70.166664,12.25,-0.059562
-70.166664,12.333336,-0.052795
-70.166664,12.416672,-0.040226
-70.08333,-4.25,0.0
-70.08333,-4.166664,0.0
-70.08333,-4.0833282,0.0
-70.08333,-4.0,0.0
-70.08333,-3.9166641,0.0
-70.08333,-3.8333282,0.0
-70.08333,-3.75,0.0
-70.08333,-3.6666641,0.0
-70.08333,-3.5833282,0.0
-70.08333,-3.5,0.0
-70.08333,-3.4166641,0.0
-70.08333,-3.3333282,0.0
-70.08333,-3.25,0.0
-70.08333,-3.1666641,0.0
-70.08333,-3.0833282,0.0
-70.08333,-3.0,0.0
-70.08333,-2.9166641,0.0
-70.08333,-2.8333282,0.0
-70.08333,-2.75,0.0
-70.08333,-2.6666641,0.0
-70.08333,-2.5833282,0.0
-70.08333,-2.5,0.0
-70.08333,-2.4166641,0.0
-70.08333,-2.3333282,0.0
-70.08333,-2.25,0.0
-70.08333,-2.1666641,0.0
-70.08333,-2.0833282,0.0
-70.08333,-2.0,0.0
-70.08333,-1.9166641,0.0
-70.08333,-1.8333282,0.0
-70.08333,-1.75,0.0
-70.08333,-1.6666641,0.0
-70.08333,-1.5833282,0.0
-70.08333,-1.5,0.0
-70.08333,-1.4166641,0.0
-70.08333,-1.3333282,0.0
-70.08333,-1.25,0.0
-70.08333,-1.1666641,0.0
-70.08333,-1.0833282,0.0
-70.08333,-1.0,0.0
-70.08333,-0.9166641,0.0
-70.08333,-0.83332825,0.0
-70.08333,-0.75,0.0
-70.08333,-0.6666641,0.0
-70.08333,-0.58332825,0.0
-70.08333,-0.5,0.0
-70.08333,-0.41666412,0.0
-70.08333,-0.33332825,0.0
-70.08333,-0.25,0.0
-70.08333,-0.16666412,0.0
-70.08333,-0.08332825,0.0
-70.08333,0.0,0.0
-70.08333,0.08333588,0.0
-70.08333,0.16667175,0.0
-70.08333,0.25,0.0
-70.08333,0.33333588,0.0
-70.08333,0.41667175,0.0
-70.08333,0.5,0.0
-70.08333,0.5833359,0.0
-70.08333,0.66667175,0.0
-70.08333,0.75,0.0
-70.08333,0.8333359,0.0
-70.08333,0.91667175,0.0
-70.08333,1.0,0.0
-70.08333,1.0833359,0.0
-70.08333,1.1666718,0.0
-70.08333,1.25,0.0
-70.08333,1.3333359,0.0
-70.08333,1.4166718,0.0
-70.08333,1.5,0.0
-70.08333,1.5833359,0.0
-70.08333,1.6666718,0.0
-70.08333,1.75,0.0
-70.08333,1.8333359,0.0
-70.08333,1.9166718,0.0
-70.08333,2.0,0.0
-70.08333,2.0833359,0.0
-70.08333,2.1666718,0.0
-70.08333,2.25,0.0
-70.08333,2.3333359,0.0
-70.08333,2.4166718,0.0
-70.08333,2.5,0.0
-70.08333,2.5833359,0.0
-70.08333,2.6666718,0.0
-70.08333,2.75,0.0
-70.08333,2.8333359,0.0
-70.08333,2.9166718,0.0
-70.08333,3.0,0.0
-70.08333,3.0833359,0.0
-70.08333,3.1666718,0.0
-70.08333,3.25,0.0
-70.08333,3.3333359,0.0
-70.08333,3.4166718,0.0
-70.08333,3.5,0.0
-70.08333,3.5833359,0.0
-70.08333,3.6666718,0.0
-70.08333,3.75,0.0
-70.08333,3.8333359,0.0
-70.08333,3.9166718,0.0
-70.08333,4.0,0.0
-70.08333,4.083336,0.0
-70.08333,4.1666718,0.0
-70.08333,4.25,0.0
-70.08333,4.333336,0.0
-70.08333,4.4166718,0.0
-70.08333,4.5,0.0
-70.08333,4.583336,0.0
-70.08333,4.6666718,0.0
-70.08333,4.75,0.0
-70.08333,4.833336,0.0
-70.08333,4.9166718,0.0
-70.08333,5.0,0.0
-70.08333,5.083336,0.0
-70.08333,5.1666718,0.0
-70.08333,5.25,0.0
-70.08333,5.333336,0.0
-70.08333,5.4166718,0.0
-70.08333,5.5,0.0
-70.08333,5.583336,0.0
-70.08333,5.6666718,0.0
-70.08333,5.75,0.0
-70.08333,5.833336,0.0
-70.08333,5.9166718,0.0
-70.08333,6.0,0.0
-70.08333,6.083336,0.0
-70.08333,6.1666718,0.0
-70.08333,6.25,0.0
-70.08333,6.333336,0.0
-70.08333,6.4166718,0.0
-70.08333,6.5,0.0
-70.08333,6.583336,0.0
-70.08333,6.6666718,0.0
-70.08333,6.75,0.0
-70.08333,6.833336,0.0
-70.08333,6.9166718,0.0
-70.08333,7.0,0.0
-70.08333,7.083336,0.0
-70.08333,7.1666718,0.0
-70.08333,7.25,0.0
-70.08333,7.333336,0.0
-70.08333,7.4166718,0.0
-70.08333,7.5,0.0
-70.08333,7.583336,0.0
-70.08333,7.6666718,0.0
-70.08333,7.75,0.0
-70.08333,7.833336,0.0
-70.08333,7.9166718,0.0
-70.08333,8.0,0.0
-70.08333,8.083336,0.0
-70.08333,8.166672,0.0
-70.08333,8.25,0.0
-70.08333,8.333336,0.0
-70.08333,8.416672,0.0
-70.08333,8.5,0.0
-70.08333,8.583336,0.0
-70.08333,8.666672,0.0
-70.08333,8.75,0.0
-70.08333,8.833336,0.0
-70.08333,8.916672,0.0
-70.08333,9.0,0.0
-70.08333,9.083336,0.0
-70.08333,9.166672,0.0
-70.08333,9.25,0.0
-70.08333,9.333336,0.0
-70.08333,9.416672,0.0
-70.08333,9.5,0.0
-70.08333,9.583336,0.0
-70.08333,9.666672,0.0
-70.08333,9.75,0.0
-70.08333,9.833336,0.0
-70.08333,9.916672,0.0
-70.08333,10.0,0.0
-70.08333,10.083336,0.0
-70.08333,10.166672,0.0
-70.08333,10.25,0.0
-70.08333,10.333336,0.0
-70.08333,10.416672,0.0
-70.08333,10.5,0.0
-70.08333,10.583336,0.0
-70.08333,10.666672,0.0
-70.08333,10.75,0.0
-70.08333,10.833336,0.0
-70.08333,10.916672,0.0
-70.08333,11.0,0.0
-70.08333,11.083336,0.0
-70.08333,11.166672,0.0
-70.08333,11.25,0.0
-70.08333,11.333336,0.0
-70.08333,11.416672,0.0
-70.08333,11.5,0.0
-70.08333,11.583336,0.0
-70.08333,11.666672,0.0
-70.08333,11.75,0.0
-70.08333,11.833336,0.0
-70.08333,11.916672,0.0
-70.08333,12.0,0.0
-70.08333,12.083336,0.0
-70.08333,12.166672,-0.067328
-70.08333,12.25,-0.060537
-70.08333,12.333336,-0.051144
-70.08333,12.416672,-0.040554
-70.0,-4.25,0.0
-70.0,-4.166664,0.0
-70.0,-4.0833282,0.0
-70.0,-4.0,0.0
-70.0,-3.9166641,0.0
-70.0,-3.8333282,0.0
-70.0,-3.75,0.0
-70.0,-3.6666641,0.0
-70.0,-3.5833282,0.0
-70.0,-3.5,0.0
-70.0,-3.4166641,0.0
-70.0,-3.3333282,0.0
-70.0,-3.25,0.0
-70.0,-3.1666641,0.0
-70.0,-3.0833282,0.0
-70.0,-3.0,0.0
-70.0,-2.9166641,0.0
-70.0,-2.8333282,0.0
-70.0,-2.75,0.0
-70.0,-2.6666641,0.0
-70.0,-2.5833282,0.0
-70.0,-2.5,0.0
-70.0,-2.4166641,0.0
-70.0,-2.3333282,0.0
-70.0,-2.25,0.0
-70.0,-2.1666641,0.0
-70.0,-2.0833282,0.0
-70.0,-2.0,0.0
-70.0,-1.9166641,0.0
-70.0,-1.8333282,0.0
-70.0,-1.75,0.0
-70.0,-1.6666641,0.0
-70.0,-1.5833282,0.0
-70.0,-1.5,0.0
-70.0,-1.4166641,0.0
-70.0,-1.3333282,0.0
-70.0,-1.25,0.0
-70.0,-1.1666641,0.0
-70.0,-1.0833282,0.0
-70.0,-1.0,0.0
-70.0,-0.9166641,0.0
-70.0,-0.83332825,0.0
-70.0,-0.75,0.0
-70.0,-0.6666641,0.0
-70.0,-0.58332825,0.0
-70.0,-0.5,0.0
-70.0,-0.41666412,0.0
-70.0,-0.33332825,0.0
-70.0,-0.25,0.0
-70.0,-0.16666412,0.0
-70.0,-0.08332825,0.0
-70.0,0.0,0.0
-70.0,0.08333588,0.0
-70.0,0.16667175,0.0
-70.0,0.25,0.0
-70.0,0.33333588,0.0
-70.0,0.41667175,0.0
-70.0,0.5,0.0
-70.0,0.5833359,0.0
-70.0,0.66667175,0.0
-70.0,0.75,0.0
-70.0,0.8333359,0.0
-70.0,0.91667175,0.0
-70.0,1.0,0.0
-70.0,1.0833359,0.0
-70.0,1.1666718,0.0
-70.0,1.25,0.0
-70.0,1.3333359,0.0
-70.0,1.4166718,0.0
-70.0,1.5,0.0
-70.0,1.5833359,0.0
-70.0,1.6666718,0.0
-70.0,1.75,0.0
-70.0,1.8333359,0.0
-70.0,1.9166718,0.0
-70.0,2.0,0.0
-70.0,2.0833359,0.0
-70.0,2.1666718,0.0
-70.0,2.25,0.0
-70.0,2.3333359,0.0
-70.0,2.4166718,0.0
-70.0,2.5,0.0
-70.0,2.5833359,0.0
-70.0,2.6666718,0.0
-70.0,2.75,0.0
-70.0,2.8333359,0.0
-70.0,2.9166718,0.0
-70.0,3.0,0.0
-70.0,3.0833359,0.0
-70.0,3.1666718,0.0
-70.0,3.25,0.0
-70.0,3.3333359,0.0
-70.0,3.4166718,0.0
-70.0,3.5,0.0
-70.0,3.5833359,0.0
-70.0,3.6666718,0.0
-70.0,3.75,0.0
-70.0,3.8333359,0.0
-70.0,3.9166718,0.0
-70.0,4.0,0.0
-70.0,4.083336,0.0
-70.0,4.1666718,0.0
-70.0,4.25,0.0
-70.0,4.333336,0.0
-70.0,4.4166718,0.0
-70.0,4.5,0.0
-70.0,4.583336,0.0
-70.0,4.6666718,0.0
-70.0,4.75,0.0
-70.0,4.833336,0.0
-70.0,4.9166718,0.0
-70.0,5.0,0.0
-70.0,5.083336,0.0
-70.0,5.1666718,0.0
-70.0,5.25,0.0
-70.0,5.333336,0.0
-70.0,5.4166718,0.0
-70.0,5.5,0.0
-70.0,5.583336,0.0
-70.0,5.6666718,0.0
-70.0,5.75,0.0
-70.0,5.833336,0.0
-70.0,5.9166718,0.0
-70.0,6.0,0.0
-70.0,6.083336,0.0
-70.0,6.1666718,0.0
-70.0,6.25,0.0
-70.0,6.333336,0.0
-70.0,6.4166718,0.0
-70.0,6.5,0.0
-70.0,6.583336,0.0
-70.0,6.6666718,0.0
-70.0,6.75,0.0
-70.0,6.833336,0.0
-70.0,6.9166718,0.0
-70.0,7.0,0.0
-70.0,7.083336,0.0
-70.0,7.1666718,0.0
-70.0,7.25,0.0
-70.0,7.333336,0.0
-70.0,7.4166718,0.0
-70.0,7.5,0.0
-70.0,7.583336,0.0
-70.0,7.6666718,0.0
-70.0,7.75,0.0
-70.0,7.833336,0.0
-70.0,7.9166718,0.0
-70.0,8.0,0.0
-70.0,8.083336,0.0
-70.0,8.166672,0.0
-70.0,8.25,0.0
-70.0,8.333336,0.0
-70.0,8.416672,0.0
-70.0,8.5,0.0
-70.0,8.583336,0.0
-70.0,8.666672,0.0
-70.0,8.75,0.0
-70.0,8.833336,0.0
-70.0,8.916672,0.0
-70.0,9.0,0.0
-70.0,9.083336,0.0
-70.0,9.166672,0.0
-70.0,9.25,0.0
-70.0,9.333336,0.0
-70.0,9.416672,0.0
-70.0,9.5,0.0
-70.0,9.583336,0.0
-70.0,9.666672,0.0
-70.0,9.75,0.0
-70.0,9.833336,0.0
-70.0,9.916672,0.0
-70.0,10.0,0.0
-70.0,10.083336,0.0
-70.0,10.166672,0.0
-70.0,10.25,0.0
-70.0,10.333336,0.0
-70.0,10.416672,0.0
-70.0,10.5,0.0
-70.0,10.583336,0.0
-70.0,10.666672,0.0
-70.0,10.75,0.0
-70.0,10.833336,0.0
-70.0,10.916672,0.0
-70.0,11.0,0.0
-70.0,11.083336,0.0
-70.0,11.166672,0.0
-70.0,11.25,0.0
-70.0,11.333336,0.0
-70.0,11.416672,0.0
-70.0,11.5,0.0
-70.0,11.583336,0.0
-70.0,11.666672,0.0
-70.0,11.75,0.0
-70.0,11.833336,0.0
-70.0,11.916672,0.0
-70.0,12.0,0.0
-70.0,12.083336,0.0
-70.0,12.166672,0.0
-70.0,12.25,-0.057371
-70.0,12.333336,-0.039824
-70.0,12.416672,-0.029446
-69.916664,-4.25,0.0
-69.916664,-4.166664,0.0
-69.916664,-4.0833282,0.0
-69.916664,-4.0,0.0
-69.916664,-3.9166641,0.0
-69.916664,-3.8333282,0.0
-69.916664,-3.75,0.0
-69.916664,-3.6666641,0.0
-69.916664,-3.5833282,0.0
-69.916664,-3.5,0.0
-69.916664,-3.4166641,0.0
-69.916664,-3.3333282,0.0
-69.916664,-3.25,0.0
-69.916664,-3.1666641,0.0
-69.916664,-3.0833282,0.0
-69.916664,-3.0,0.0
-69.916664,-2.9166641,0.0
-69.916664,-2.8333282,0.0
-69.916664,-2.75,0.0
-69.916664,-2.6666641,0.0
-69.916664,-2.5833282,0.0
-69.916664,-2.5,0.0
-69.916664,-2.4166641,0.0
-69.916664,-2.3333282,0.0
-69.916664,-2.25,0.0
-69.916664,-2.1666641,0.0
-69.916664,-2.0833282,0.0
-69.916664,-2.0,0.0
-69.916664,-1.9166641,0.0
-69.916664,-1.8333282,0.0
-69.916664,-1.75,0.0
-69.916664,-1.6666641,0.0
-69.916664,-1.5833282,0.0
-69.916664,-1.5,0.0
-69.916664,-1.4166641,0.0
-69.916664,-1.3333282,0.0
-69.916664,-1.25,0.0
-69.916664,-1.1666641,0.0
-69.916664,-1.0833282,0.0
-69.916664,-1.0,0.0
-69.916664,-0.9166641,0.0
-69.916664,-0.83332825,0.0
-69.916664,-0.75,0.0
-69.916664,-0.6666641,0.0
-69.916664,-0.58332825,0.0
-69.916664,-0.5,0.0
-69.916664,-0.41666412,0.0
-69.916664,-0.33332825,0.0
-69.916664,-0.25,0.0
-69.916664,-0.16666412,0.0
-69.916664,-0.08332825,0.0
-69.916664,0.0,0.0
-69.916664,0.08333588,0.0
-69.916664,0.16667175,0.0
-69.916664,0.25,0.0
-69.916664,0.33333588,0.0
-69.916664,0.41667175,0.0
-69.916664,0.5,0.0
-69.916664,0.5833359,0.0
-69.916664,0.66667175,0.0
-69.916664,0.75,0.0
-69.916664,0.8333359,0.0
-69.916664,0.91667175,0.0
-69.916664,1.0,0.0
-69.916664,1.0833359,0.0
-69.916664,1.1666718,0.0
-69.916664,1.25,0.0
-69.916664,1.3333359,0.0
-69.916664,1.4166718,0.0
-69.916664,1.5,0.0
-69.916664,1.5833359,0.0
-69.916664,1.6666718,0.0
-69.916664,1.75,0.0
-69.916664,1.8333359,0.0
-69.916664,1.9166718,0.0
-69.916664,2.0,0.0
-69.916664,2.0833359,0.0
-69.916664,2.1666718,0.0
-69.916664,2.25,0.0
-69.916664,2.3333359,0.0
-69.916664,2.4166718,0.0
-69.916664,2.5,0.0
-69.916664,2.5833359,0.0
-69.916664,2.6666718,0.0
-69.916664,2.75,0.0
-69.916664,2.8333359,0.0
-69.916664,2.9166718,0.0
-69.916664,3.0,0.0
-69.916664,3.0833359,0.0
-69.916664,3.1666718,0.0
-69.916664,3.25,0.0
-69.916664,3.3333359,0.0
-69.916664,3.4166718,0.0
-69.916664,3.5,0.0
-69.916664,3.5833359,0.0
-69.916664,3.6666718,0.0
-69.916664,3.75,0.0
-69.916664,3.8333359,0.0
-69.916664,3.9166718,0.0
-69.916664,4.0,0.0
-69.916664,4.083336,0.0
-69.916664,4.1666718,0.0
-69.916664,4.25,0.0
-69.916664,4.333336,0.0
-69.916664,4.4166718,0.0
-69.916664,4.5,0.0
-69.916664,4.583336,0.0
-69.916664,4.6666718,0.0
-69.916664,4.75,0.0
-69.916664,4.833336,0.0
-69.916664,4.9166718,0.0
-69.916664,5.0,0.0
-69.916664,5.083336,0.0
-69.916664,5.1666718,0.0
-69.916664,5.25,0.0
-69.916664,5.333336,0.0
-69.916664,5.4166718,0.0
-69.916664,5.5,0.0
-69.916664,5.583336,0.0
-69.916664,5.6666718,0.0
-69.916664,5.75,0.0
-69.916664,5.833336,0.0
-69.916664,5.9166718,0.0
-69.916664,6.0,0.0
-69.916664,6.083336,0.0
-69.916664,6.1666718,0.0
-69.916664,6.25,0.0
-69.916664,6.333336,0.0
-69.916664,6.4166718,0.0
-69.916664,6.5,0.0
-69.916664,6.583336,0.0
-69.916664,6.6666718,0.0
-69.916664,6.75,0.0
-69.916664,6.833336,0.0
-69.916664,6.9166718,0.0
-69.916664,7.0,0.0
-69.916664,7.083336,0.0
-69.916664,7.1666718,0.0
-69.916664,7.25,0.0
-69.916664,7.333336,0.0
-69.916664,7.4166718,0.0
-69.916664,7.5,0.0
-69.916664,7.583336,0.0
-69.916664,7.6666718,0.0
-69.916664,7.75,0.0
-69.916664,7.833336,0.0
-69.916664,7.9166718,0.0
-69.916664,8.0,0.0
-69.916664,8.083336,0.0
-69.916664,8.166672,0.0
-69.916664,8.25,0.0
-69.916664,8.333336,0.0
-69.916664,8.416672,0.0
-69.916664,8.5,0.0
-69.916664,8.583336,0.0
-69.916664,8.666672,0.0
-69.916664,8.75,0.0
-69.916664,8.833336,0.0
-69.916664,8.916672,0.0
-69.916664,9.0,0.0
-69.916664,9.083336,0.0
-69.916664,9.166672,0.0
-69.916664,9.25,0.0
-69.916664,9.333336,0.0
-69.916664,9.416672,0.0
-69.916664,9.5,0.0
-69.916664,9.583336,0.0
-69.916664,9.666672,0.0
-69.916664,9.75,0.0
-69.916664,9.833336,0.0
-69.916664,9.916672,0.0
-69.916664,10.0,0.0
-69.916664,10.083336,0.0
-69.916664,10.166672,0.0
-69.916664,10.25,0.0
-69.916664,10.333336,0.0
-69.916664,10.416672,0.0
-69.916664,10.5,0.0
-69.916664,10.583336,0.0
-69.916664,10.666672,0.0
-69.916664,10.75,0.0
-69.916664,10.833336,0.0
-69.916664,10.916672,0.0
-69.916664,11.0,0.0
-69.916664,11.083336,0.0
-69.916664,11.166672,0.0
-69.916664,11.25,0.0
-69.916664,11.333336,0.0
-69.916664,11.416672,0.0
-69.916664,11.5,0.0
-69.916664,11.583336,0.0
-69.916664,11.666672,0.0
-69.916664,11.75,0.0
-69.916664,11.833336,0.0
-69.916664,11.916672,0.0
-69.916664,12.0,0.0
-69.916664,12.083336,0.0
-69.916664,12.166672,-0.054801
-69.916664,12.25,-0.050184
-69.916664,12.333336,-0.029822
-69.916664,12.416672,-0.007858
-69.83333,-4.25,0.0
-69.83333,-4.166664,0.0
-69.83333,-4.0833282,0.0
-69.83333,-4.0,0.0
-69.83333,-3.9166641,0.0
-69.83333,-3.8333282,0.0
-69.83333,-3.75,0.0
-69.83333,-3.6666641,0.0
-69.83333,-3.5833282,0.0
-69.83333,-3.5,0.0
-69.83333,-3.4166641,0.0
-69.83333,-3.3333282,0.0
-69.83333,-3.25,0.0
-69.83333,-3.1666641,0.0
-69.83333,-3.0833282,0.0
-69.83333,-3.0,0.0
-69.83333,-2.9166641,0.0
-69.83333,-2.8333282,0.0
-69.83333,-2.75,0.0
-69.83333,-2.6666641,0.0
-69.83333,-2.5833282,0.0
-69.83333,-2.5,0.0
-69.83333,-2.4166641,0.0
-69.83333,-2.3333282,0.0
-69.83333,-2.25,0.0
-69.83333,-2.1666641,0.0
-69.83333,-2.0833282,0.0
-69.83333,-2.0,0.0
-69.83333,-1.9166641,0.0
-69.83333,-1.8333282,0.0
-69.83333,-1.75,0.0
-69.83333,-1.6666641,0.0
-69.83333,-1.5833282,0.0
-69.83333,-1.5,0.0
-69.83333,-1.4166641,0.0
-69.83333,-1.3333282,0.0
-69.83333,-1.25,0.0
-69.83333,-1.1666641,0.0
-69.83333,-1.0833282,0.0
-69.83333,-1.0,0.0
-69.83333,-0.9166641,0.0
-69.83333,-0.83332825,0.0
-69.83333,-0.75,0.0
-69.83333,-0.6666641,0.0
-69.83333,-0.58332825,0.0
-69.83333,-0.5,0.0
-69.83333,-0.41666412,0.0
-69.83333,-0.33332825,0.0
-69.83333,-0.25,0.0
-69.83333,-0.16666412,0.0
-69.83333,-0.08332825,0.0
-69.83333,0.0,0.0
-69.83333,0.08333588,0.0
-69.83333,0.16667175,0.0
-69.83333,0.25,0.0
-69.83333,0.33333588,0.0
-69.83333,0.41667175,0.0
-69.83333,0.5,0.0
-69.83333,0.5833359,0.0
-69.83333,0.66667175,0.0
-69.83333,0.75,0.0
-69.83333,0.8333359,0.0
-69.83333,0.91667175,0.0
-69.83333,1.0,0.0
-69.83333,1.0833359,0.0
-69.83333,1.1666718,0.0
-69.83333,1.25,0.0
-69.83333,1.3333359,0.0
-69.83333,1.4166718,0.0
-69.83333,1.5,0.0
-69.83333,1.5833359,0.0
-69.83333,1.6666718,0.0
-69.83333,1.75,0.0
-69.83333,1.8333359,0.0
-69.83333,1.9166718,0.0
-69.83333,2.0,0.0
-69.83333,2.0833359,0.0
-69.83333,2.1666718,0.0
-69.83333,2.25,0.0
-69.83333,2.3333359,0.0
-69.83333,2.4166718,0.0
-69.83333,2.5,0.0
-69.83333,2.5833359,0.0
-69.83333,2.6666718,0.0
-69.83333,2.75,0.0
-69.83333,2.8333359,0.0
-69.83333,2.9166718,0.0
-69.83333,3.0,0.0
-69.83333,3.0833359,0.0
-69.83333,3.1666718,0.0
-69.83333,3.25,0.0
-69.83333,3.3333359,0.0
-69.83333,3.4166718,0.0
-69.83333,3.5,0.0
-69.83333,3.5833359,0.0
-69.83333,3.6666718,0.0
-69.83333,3.75,0.0
-69.83333,3.8333359,0.0
-69.83333,3.9166718,0.0
-69.83333,4.0,0.0
-69.83333,4.083336,0.0
-69.83333,4.1666718,0.0
-69.83333,4.25,0.0
-69.83333,4.333336,0.0
-69.83333,4.4166718,0.0
-69.83333,4.5,0.0
-69.83333,4.583336,0.0
-69.83333,4.6666718,0.0
-69.83333,4.75,0.0
-69.83333,4.833336,0.0
-69.83333,4.9166718,0.0
-69.83333,5.0,0.0
-69.83333,5.083336,0.0
-69.83333,5.1666718,0.0
-69.83333,5.25,0.0
-69.83333,5.333336,0.0
-69.83333,5.4166718,0.0
-69.83333,5.5,0.0
-69.83333,5.583336,0.0
-69.83333,5.6666718,0.0
-69.83333,5.75,0.0
-69.83333,5.833336,0.0
-69.83333,5.9166718,0.0
-69.83333,6.0,0.0
-69.83333,6.083336,0.0
-69.83333,6.1666718,0.0
-69.83333,6.25,0.0
-69.83333,6.333336,0.0
-69.83333,6.4166718,0.0
-69.83333,6.5,0.0
-69.83333,6.583336,0.0
-69.83333,6.6666718,0.0
-69.83333,6.75,0.0
-69.83333,6.833336,0.0
-69.83333,6.9166718,0.0
-69.83333,7.0,0.0
-69.83333,7.083336,0.0
-69.83333,7.1666718,0.0
-69.83333,7.25,0.0
-69.83333,7.333336,0.0
-69.83333,7.4166718,0.0
-69.83333,7.5,0.0
-69.83333,7.583336,0.0
-69.83333,7.6666718,0.0
-69.83333,7.75,0.0
-69.83333,7.833336,0.0
-69.83333,7.9166718,0.0
-69.83333,8.0,0.0
-69.83333,8.083336,0.0
-69.83333,8.166672,0.0
-69.83333,8.25,0.0
-69.83333,8.333336,0.0
-69.83333,8.416672,0.0
-69.83333,8.5,0.0
-69.83333,8.583336,0.0
-69.83333,8.666672,0.0
-69.83333,8.75,0.0
-69.83333,8.833336,0.0
-69.83333,8.916672,0.0
-69.83333,9.0,0.0
-69.83333,9.083336,0.0
-69.83333,9.166672,0.0
-69.83333,9.25,0.0
-69.83333,9.333336,0.0
-69.83333,9.416672,0.0
-69.83333,9.5,0.0
-69.83333,9.583336,0.0
-69.83333,9.666672,0.0
-69.83333,9.75,0.0
-69.83333,9.833336,0.0
-69.83333,9.916672,0.0
-69.83333,10.0,0.0
-69.83333,10.083336,0.0
-69.83333,10.166672,0.0
-69.83333,10.25,0.0
-69.83333,10.333336,0.0
-69.83333,10.416672,0.0
-69.83333,10.5,0.0
-69.83333,10.583336,0.0
-69.83333,10.666672,0.0
-69.83333,10.75,0.0
-69.83333,10.833336,0.0
-69.83333,10.916672,0.0
-69.83333,11.0,0.0
-69.83333,11.083336,0.0
-69.83333,11.166672,0.0
-69.83333,11.25,0.0
-69.83333,11.333336,0.0
-69.83333,11.416672,0.0
-69.83333,11.5,0.0
-69.83333,11.583336,0.0
-69.83333,11.666672,0.0
-69.83333,11.75,0.0
-69.83333,11.833336,0.0
-69.83333,11.916672,-0.038223
-69.83333,12.0,-0.040801
-69.83333,12.083336,-0.045239
-69.83333,12.166672,-0.04562
-69.83333,12.25,-0.042234
-69.83333,12.333336,-0.026325
-69.83333,12.416672,-0.004967
-69.75,-4.25,0.0
-69.75,-4.166664,0.0
-69.75,-4.0833282,0.0
-69.75,-4.0,0.0
-69.75,-3.9166641,0.0
-69.75,-3.8333282,0.0
-69.75,-3.75,0.0
-69.75,-3.6666641,0.0
-69.75,-3.5833282,0.0
-69.75,-3.5,0.0
-69.75,-3.4166641,0.0
-69.75,-3.3333282,0.0
-69.75,-3.25,0.0
-69.75,-3.1666641,0.0
-69.75,-3.0833282,0.0
-69.75,-3.0,0.0
-69.75,-2.9166641,0.0
-69.75,-2.8333282,0.0
-69.75,-2.75,0.0
-69.75,-2.6666641,0.0
-69.75,-2.5833282,0.0
-69.75,-2.5,0.0
-69.75,-2.4166641,0.0
-69.75,-2.3333282,0.0
-69.75,-2.25,0.0
-69.75,-2.1666641,0.0
-69.75,-2.0833282,0.0
-69.75,-2.0,0.0
-69.75,-1.9166641,0.0
-69.75,-1.8333282,0.0
-69.75,-1.75,0.0
-69.75,-1.6666641,0.0
-69.75,-1.5833282,0.0
-69.75,-1.5,0.0
-69.75,-1.4166641,0.0
-69.75,-1.3333282,0.0
-69.75,-1.25,0.0
-69.75,-1.1666641,0.0
-69.75,-1.0833282,0.0
-69.75,-1.0,0.0
-69.75,-0.9166641,0.0
-69.75,-0.83332825,0.0
-69.75,-0.75,0.0
-69.75,-0.6666641,0.0
-69.75,-0.58332825,0.0
-69.75,-0.5,0.0
-69.75,-0.41666412,0.0
-69.75,-0.33332825,0.0
-69.75,-0.25,0.0
-69.75,-0.16666412,0.0
-69.75,-0.08332825,0.0
-69.75,0.0,0.0
-69.75,0.08333588,0.0
-69.75,0.16667175,0.0
-69.75,0.25,0.0
-69.75,0.33333588,0.0
-69.75,0.41667175,0.0
-69.75,0.5,0.0
-69.75,0.5833359,0.0
-69.75,0.66667175,0.0
-69.75,0.75,0.0
-69.75,0.8333359,0.0
-69.75,0.91667175,0.0
-69.75,1.0,0.0
-69.75,1.0833359,0.0
-69.75,1.1666718,0.0
-69.75,1.25,0.0
-69.75,1.3333359,0.0
-69.75,1.4166718,0.0
-69.75,1.5,0.0
-69.75,1.5833359,0.0
-69.75,1.6666718,0.0
-69.75,1.75,0.0
-69.75,1.8333359,0.0
-69.75,1.9166718,0.0
-69.75,2.0,0.0
-69.75,2.0833359,0.0
-69.75,2.1666718,0.0
-69.75,2.25,0.0
-69.75,2.3333359,0.0
-69.75,2.4166718,0.0
-69.75,2.5,0.0
-69.75,2.5833359,0.0
-69.75,2.6666718,0.0
-69.75,2.75,0.0
-69.75,2.8333359,0.0
-69.75,2.9166718,0.0
-69.75,3.0,0.0
-69.75,3.0833359,0.0
-69.75,3.1666718,0.0
-69.75,3.25,0.0
-69.75,3.3333359,0.0
-69.75,3.4166718,0.0
-69.75,3.5,0.0
-69.75,3.5833359,0.0
-69.75,3.6666718,0.0
-69.75,3.75,0.0
-69.75,3.8333359,0.0
-69.75,3.9166718,0.0
-69.75,4.0,0.0
-69.75,4.083336,0.0
-69.75,4.1666718,0.0
-69.75,4.25,0.0
-69.75,4.333336,0.0
-69.75,4.4166718,0.0
-69.75,4.5,0.0
-69.75,4.583336,0.0
-69.75,4.6666718,0.0
-69.75,4.75,0.0
-69.75,4.833336,0.0
-69.75,4.9166718,0.0
-69.75,5.0,0.0
-69.75,5.083336,0.0
-69.75,5.1666718,0.0
-69.75,5.25,0.0
-69.75,5.333336,0.0
-69.75,5.4166718,0.0
-69.75,5.5,0.0
-69.75,5.583336,0.0
-69.75,5.6666718,0.0
-69.75,5.75,0.0
-69.75,5.833336,0.0
-69.75,5.9166718,0.0
-69.75,6.0,0.0
-69.75,6.083336,0.0
-69.75,6.1666718,0.0
-69.75,6.25,0.0
-69.75,6.333336,0.0
-69.75,6.4166718,0.0
-69.75,6.5,0.0
-69.75,6.583336,0.0
-69.75,6.6666718,0.0
-69.75,6.75,0.0
-69.75,6.833336,0.0
-69.75,6.9166718,0.0
-69.75,7.0,0.0
-69.75,7.083336,0.0
-69.75,7.1666718,0.0
-69.75,7.25,0.0
-69.75,7.333336,0.0
-69.75,7.4166718,0.0
-69.75,7.5,0.0
-69.75,7.583336,0.0
-69.75,7.6666718,0.0
-69.75,7.75,0.0
-69.75,7.833336,0.0
-69.75,7.9166718,0.0
-69.75,8.0,0.0
-69.75,8.083336,0.0
-69.75,8.166672,0.0
-69.75,8.25,0.0
-69.75,8.333336,0.0
-69.75,8.416672,0.0
-69.75,8.5,0.0
-69.75,8.583336,0.0
-69.75,8.666672,0.0
-69.75,8.75,0.0
-69.75,8.833336,0.0
-69.75,8.916672,0.0
-69.75,9.0,0.0
-69.75,9.083336,0.0
-69.75,9.166672,0.0
-69.75,9.25,0.0
-69.75,9.333336,0.0
-69.75,9.416672,0.0
-69.75,9.5,0.0
-69.75,9.583336,0.0
-69.75,9.666672,0.0
-69.75,9.75,0.0
-69.75,9.833336,0.0
-69.75,9.916672,0.0
-69.75,10.0,0.0
-69.75,10.083336,0.0
-69.75,10.166672,0.0
-69.75,10.25,0.0
-69.75,10.333336,0.0
-69.75,10.416672,0.0
-69.75,10.5,0.0
-69.75,10.583336,0.0
-69.75,10.666672,0.0
-69.75,10.75,0.0
-69.75,10.833336,0.0
-69.75,10.916672,0.0
-69.75,11.0,0.0
-69.75,11.083336,0.0
-69.75,11.166672,0.0
-69.75,11.25,0.0
-69.75,11.333336,0.0
-69.75,11.416672,0.0
-69.75,11.5,0.0
-69.75,11.583336,0.0
-69.75,11.666672,-0.039896
-69.75,11.75,-0.042596
-69.75,11.833336,-0.043156
-69.75,11.916672,-0.043782
-69.75,12.0,-0.041316
-69.75,12.083336,-0.037717
-69.75,12.166672,-0.034565
-69.75,12.25,-0.026401
-69.75,12.333336,-0.014556
-69.75,12.416672,0.0014
-69.666664,-4.25,0.0
-69.666664,-4.166664,0.0
-69.666664,-4.0833282,0.0
-69.666664,-4.0,0.0
-69.666664,-3.9166641,0.0
-69.666664,-3.8333282,0.0
-69.666664,-3.75,0.0
-69.666664,-3.6666641,0.0
-69.666664,-3.5833282,0.0
-69.666664,-3.5,0.0
-69.666664,-3.4166641,0.0
-69.666664,-3.3333282,0.0
-69.666664,-3.25,0.0
-69.666664,-3.1666641,0.0
-69.666664,-3.0833282,0.0
-69.666664,-3.0,0.0
-69.666664,-2.9166641,0.0
-69.666664,-2.8333282,0.0
-69.666664,-2.75,0.0
-69.666664,-2.6666641,0.0
-69.666664,-2.5833282,0.0
-69.666664,-2.5,0.0
-69.666664,-2.4166641,0.0
-69.666664,-2.3333282,0.0
-69.666664,-2.25,0.0
-69.666664,-2.1666641,0.0
-69.666664,-2.0833282,0.0
-69.666664,-2.0,0.0
-69.666664,-1.9166641,0.0
-69.666664,-1.8333282,0.0
-69.666664,-1.75,0.0
-69.666664,-1.6666641,0.0
-69.666664,-1.5833282,0.0
-69.666664,-1.5,0.0
-69.666664,-1.4166641,0.0
-69.666664,-1.3333282,0.0
-69.666664,-1.25,0.0
-69.666664,-1.1666641,0.0
-69.666664,-1.0833282,0.0
-69.666664,-1.0,0.0
-69.666664,-0.9166641,0.0
-69.666664,-0.83332825,0.0
-69.666664,-0.75,0.0
-69.666664,-0.6666641,0.0
-69.666664,-0.58332825,0.0
-69.666664,-0.5,0.0
-69.666664,-0.41666412,0.0
-69.666664,-0.33332825,0.0
-69.666664,-0.25,0.0
-69.666664,-0.16666412,0.0
-69.666664,-0.08332825,0.0
-69.666664,0.0,0.0
-69.666664,0.08333588,0.0
-69.666664,0.16667175,0.0
-69.666664,0.25,0.0
-69.666664,0.33333588,0.0
-69.666664,0.41667175,0.0
-69.666664,0.5,0.0
-69.666664,0.5833359,0.0
-69.666664,0.66667175,0.0
-69.666664,0.75,0.0
-69.666664,0.8333359,0.0
-69.666664,0.91667175,0.0
-69.666664,1.0,0.0
-69.666664,1.0833359,0.0
-69.666664,1.1666718,0.0
-69.666664,1.25,0.0
-69.666664,1.3333359,0.0
-69.666664,1.4166718,0.0
-69.666664,1.5,0.0
-69.666664,1.5833359,0.0
-69.666664,1.6666718,0.0
-69.666664,1.75,0.0
-69.666664,1.8333359,0.0
-69.666664,1.9166718,0.0
-69.666664,2.0,0.0
-69.666664,2.0833359,0.0
-69.666664,2.1666718,0.0
-69.666664,2.25,0.0
-69.666664,2.3333359,0.0
-69.666664,2.4166718,0.0
-69.666664,2.5,0.0
-69.666664,2.5833359,0.0
-69.666664,2.6666718,0.0
-69.666664,2.75,0.0
-69.666664,2.8333359,0.0
-69.666664,2.9166718,0.0
-69.666664,3.0,0.0
-69.666664,3.0833359,0.0
-69.666664,3.1666718,0.0
-69.666664,3.25,0.0
-69.666664,3.3333359,0.0
-69.666664,3.4166718,0.0
-69.666664,3.5,0.0
-69.666664,3.5833359,0.0
-69.666664,3.6666718,0.0
-69.666664,3.75,0.0
-69.666664,3.8333359,0.0
-69.666664,3.9166718,0.0
-69.666664,4.0,0.0
-69.666664,4.083336,0.0
-69.666664,4.1666718,0.0
-69.666664,4.25,0.0
-69.666664,4.333336,0.0
-69.666664,4.4166718,0.0
-69.666664,4.5,0.0
-69.666664,4.583336,0.0
-69.666664,4.6666718,0.0
-69.666664,4.75,0.0
-69.666664,4.833336,0.0
-69.666664,4.9166718,0.0
-69.666664,5.0,0.0
-69.666664,5.083336,0.0
-69.666664,5.1666718,0.0
-69.666664,5.25,0.0
-69.666664,5.333336,0.0
-69.666664,5.4166718,0.0
-69.666664,5.5,0.0
-69.666664,5.583336,0.0
-69.666664,5.6666718,0.0
-69.666664,5.75,0.0
-69.666664,5.833336,0.0
-69.666664,5.9166718,0.0
-69.666664,6.0,0.0
-69.666664,6.083336,0.0
-69.666664,6.1666718,0.0
-69.666664,6.25,0.0
-69.666664,6.333336,0.0
-69.666664,6.4166718,0.0
-69.666664,6.5,0.0
-69.666664,6.583336,0.0
-69.666664,6.6666718,0.0
-69.666664,6.75,0.0
-69.666664,6.833336,0.0
-69.666664,6.9166718,0.0
-69.666664,7.0,0.0
-69.666664,7.083336,0.0
-69.666664,7.1666718,0.0
-69.666664,7.25,0.0
-69.666664,7.333336,0.0
-69.666664,7.4166718,0.0
-69.666664,7.5,0.0
-69.666664,7.583336,0.0
-69.666664,7.6666718,0.0
-69.666664,7.75,0.0
-69.666664,7.833336,0.0
-69.666664,7.9166718,0.0
-69.666664,8.0,0.0
-69.666664,8.083336,0.0
-69.666664,8.166672,0.0
-69.666664,8.25,0.0
-69.666664,8.333336,0.0
-69.666664,8.416672,0.0
-69.666664,8.5,0.0
-69.666664,8.583336,0.0
-69.666664,8.666672,0.0
-69.666664,8.75,0.0
-69.666664,8.833336,0.0
-69.666664,8.916672,0.0
-69.666664,9.0,0.0
-69.666664,9.083336,0.0
-69.666664,9.166672,0.0
-69.666664,9.25,0.0
-69.666664,9.333336,0.0
-69.666664,9.416672,0.0
-69.666664,9.5,0.0
-69.666664,9.583336,0.0
-69.666664,9.666672,0.0
-69.666664,9.75,0.0
-69.666664,9.833336,0.0
-69.666664,9.916672,0.0
-69.666664,10.0,0.0
-69.666664,10.083336,0.0
-69.666664,10.166672,0.0
-69.666664,10.25,0.0
-69.666664,10.333336,0.0
-69.666664,10.416672,0.0
-69.666664,10.5,0.0
-69.666664,10.583336,0.0
-69.666664,10.666672,0.0
-69.666664,10.75,0.0
-69.666664,10.833336,0.0
-69.666664,10.916672,0.0
-69.666664,11.0,0.0
-69.666664,11.083336,0.0
-69.666664,11.166672,0.0
-69.666664,11.25,0.0
-69.666664,11.333336,0.0
-69.666664,11.416672,0.0
-69.666664,11.5,-0.042081
-69.666664,11.583336,-0.045504
-69.666664,11.666672,-0.046686
-69.666664,11.75,-0.04645
-69.666664,11.833336,-0.046791
-69.666664,11.916672,-0.045298
-69.666664,12.0,-0.040208
-69.666664,12.083336,-0.032949
-69.666664,12.166672,-0.025915
-69.666664,12.25,-0.016242
-69.666664,12.333336,-0.003442
-69.666664,12.416672,0.008751
-69.58333,-4.25,0.0
-69.58333,-4.166664,0.0
-69.58333,-4.0833282,0.0
-69.58333,-4.0,0.0
-69.58333,-3.9166641,0.0
-69.58333,-3.8333282,0.0
-69.58333,-3.75,0.0
-69.58333,-3.6666641,0.0
-69.58333,-3.5833282,0.0
-69.58333,-3.5,0.0
-69.58333,-3.4166641,0.0
-69.58333,-3.3333282,0.0
-69.58333,-3.25,0.0
-69.58333,-3.1666641,0.0
-69.58333,-3.0833282,0.0
-69.58333,-3.0,0.0
-69.58333,-2.9166641,0.0
-69.58333,-2.8333282,0.0
-69.58333,-2.75,0.0
-69.58333,-2.6666641,0.0
-69.58333,-2.5833282,0.0
-69.58333,-2.5,0.0
-69.58333,-2.4166641,0.0
-69.58333,-2.3333282,0.0
-69.58333,-2.25,0.0
-69.58333,-2.1666641,0.0
-69.58333,-2.0833282,0.0
-69.58333,-2.0,0.0
-69.58333,-1.9166641,0.0
-69.58333,-1.8333282,0.0
-69.58333,-1.75,0.0
-69.58333,-1.6666641,0.0
-69.58333,-1.5833282,0.0
-69.58333,-1.5,0.0
-69.58333,-1.4166641,0.0
-69.58333,-1.3333282,0.0
-69.58333,-1.25,0.0
-69.58333,-1.1666641,0.0
-69.58333,-1.0833282,0.0
-69.58333,-1.0,0.0
-69.58333,-0.9166641,0.0
-69.58333,-0.83332825,0.0
-69.58333,-0.75,0.0
-69.58333,-0.6666641,0.0
-69.58333,-0.58332825,0.0
-69.58333,-0.5,0.0
-69.58333,-0.41666412,0.0
-69.58333,-0.33332825,0.0
-69.58333,-0.25,0.0
-69.58333,-0.16666412,0.0
-69.58333,-0.08332825,0.0
-69.58333,0.0,0.0
-69.58333,0.08333588,0.0
-69.58333,0.16667175,0.0
-69.58333,0.25,0.0
-69.58333,0.33333588,0.0
-69.58333,0.41667175,0.0
-69.58333,0.5,0.0
-69.58333,0.5833359,0.0
-69.58333,0.66667175,0.0
-69.58333,0.75,0.0
-69.58333,0.8333359,0.0
-69.58333,0.91667175,0.0
-69.58333,1.0,0.0
-69.58333,1.0833359,0.0
-69.58333,1.1666718,0.0
-69.58333,1.25,0.0
-69.58333,1.3333359,0.0
-69.58333,1.4166718,0.0
-69.58333,1.5,0.0
-69.58333,1.5833359,0.0
-69.58333,1.6666718,0.0
-69.58333,1.75,0.0
-69.58333,1.8333359,0.0
-69.58333,1.9166718,0.0
-69.58333,2.0,0.0
-69.58333,2.0833359,0.0
-69.58333,2.1666718,0.0
-69.58333,2.25,0.0
-69.58333,2.3333359,0.0
-69.58333,2.4166718,0.0
-69.58333,2.5,0.0
-69.58333,2.5833359,0.0
-69.58333,2.6666718,0.0
-69.58333,2.75,0.0
-69.58333,2.8333359,0.0
-69.58333,2.9166718,0.0
-69.58333,3.0,0.0
-69.58333,3.0833359,0.0
-69.58333,3.1666718,0.0
-69.58333,3.25,0.0
-69.58333,3.3333359,0.0
-69.58333,3.4166718,0.0
-69.58333,3.5,0.0
-69.58333,3.5833359,0.0
-69.58333,3.6666718,0.0
-69.58333,3.75,0.0
-69.58333,3.8333359,0.0
-69.58333,3.9166718,0.0
-69.58333,4.0,0.0
-69.58333,4.083336,0.0
-69.58333,4.1666718,0.0
-69.58333,4.25,0.0
-69.58333,4.333336,0.0
-69.58333,4.4166718,0.0
-69.58333,4.5,0.0
-69.58333,4.583336,0.0
-69.58333,4.6666718,0.0
-69.58333,4.75,0.0
-69.58333,4.833336,0.0
-69.58333,4.9166718,0.0
-69.58333,5.0,0.0
-69.58333,5.083336,0.0
-69.58333,5.1666718,0.0
-69.58333,5.25,0.0
-69.58333,5.333336,0.0
-69.58333,5.4166718,0.0
-69.58333,5.5,0.0
-69.58333,5.583336,0.0
-69.58333,5.6666718,0.0
-69.58333,5.75,0.0
-69.58333,5.833336,0.0
-69.58333,5.9166718,0.0
-69.58333,6.0,0.0
-69.58333,6.083336,0.0
-69.58333,6.1666718,0.0
-69.58333,6.25,0.0
-69.58333,6.333336,0.0
-69.58333,6.4166718,0.0
-69.58333,6.5,0.0
-69.58333,6.583336,0.0
-69.58333,6.6666718,0.0
-69.58333,6.75,0.0
-69.58333,6.833336,0.0
-69.58333,6.9166718,0.0
-69.58333,7.0,0.0
-69.58333,7.083336,0.0
-69.58333,7.1666718,0.0
-69.58333,7.25,0.0
-69.58333,7.333336,0.0
-69.58333,7.4166718,0.0
-69.58333,7.5,0.0
-69.58333,7.583336,0.0
-69.58333,7.6666718,0.0
-69.58333,7.75,0.0
-69.58333,7.833336,0.0
-69.58333,7.9166718,0.0
-69.58333,8.0,0.0
-69.58333,8.083336,0.0
-69.58333,8.166672,0.0
-69.58333,8.25,0.0
-69.58333,8.333336,0.0
-69.58333,8.416672,0.0
-69.58333,8.5,0.0
-69.58333,8.583336,0.0
-69.58333,8.666672,0.0
-69.58333,8.75,0.0
-69.58333,8.833336,0.0
-69.58333,8.916672,0.0
-69.58333,9.0,0.0
-69.58333,9.083336,0.0
-69.58333,9.166672,0.0
-69.58333,9.25,0.0
-69.58333,9.333336,0.0
-69.58333,9.416672,0.0
-69.58333,9.5,0.0
-69.58333,9.583336,0.0
-69.58333,9.666672,0.0
-69.58333,9.75,0.0
-69.58333,9.833336,0.0
-69.58333,9.916672,0.0
-69.58333,10.0,0.0
-69.58333,10.083336,0.0
-69.58333,10.166672,0.0
-69.58333,10.25,0.0
-69.58333,10.333336,0.0
-69.58333,10.416672,0.0
-69.58333,10.5,0.0
-69.58333,10.583336,0.0
-69.58333,10.666672,0.0
-69.58333,10.75,0.0
-69.58333,10.833336,0.0
-69.58333,10.916672,0.0
-69.58333,11.0,0.0
-69.58333,11.083336,0.0
-69.58333,11.166672,0.0
-69.58333,11.25,0.0
-69.58333,11.333336,0.0
-69.58333,11.416672,0.0
-69.58333,11.5,-0.050234
-69.58333,11.583336,-0.05117
-69.58333,11.666672,-0.051607
-69.58333,11.75,-0.050826
-69.58333,11.833336,-0.049518
-69.58333,11.916672,-0.044346
-69.58333,12.0,-0.036981
-69.58333,12.083336,-0.03188
-69.58333,12.166672,-0.026657
-69.58333,12.25,-0.012935
-69.58333,12.333336,0.002213
-69.58333,12.416672,0.013467
-69.5,-4.25,0.0
-69.5,-4.166664,0.0
-69.5,-4.0833282,0.0
-69.5,-4.0,0.0
-69.5,-3.9166641,0.0
-69.5,-3.8333282,0.0
-69.5,-3.75,0.0
-69.5,-3.6666641,0.0
-69.5,-3.5833282,0.0
-69.5,-3.5,0.0
-69.5,-3.4166641,0.0
-69.5,-3.3333282,0.0
-69.5,-3.25,0.0
-69.5,-3.1666641,0.0
-69.5,-3.0833282,0.0
-69.5,-3.0,0.0
-69.5,-2.9166641,0.0
-69.5,-2.8333282,0.0
-69.5,-2.75,0.0
-69.5,-2.6666641,0.0
-69.5,-2.5833282,0.0
-69.5,-2.5,0.0
-69.5,-2.4166641,0.0
-69.5,-2.3333282,0.0
-69.5,-2.25,0.0
-69.5,-2.1666641,0.0
-69.5,-2.0833282,0.0
-69.5,-2.0,0.0
-69.5,-1.9166641,0.0
-69.5,-1.8333282,0.0
-69.5,-1.75,0.0
-69.5,-1.6666641,0.0
-69.5,-1.5833282,0.0
-69.5,-1.5,0.0
-69.5,-1.4166641,0.0
-69.5,-1.3333282,0.0
-69.5,-1.25,0.0
-69.5,-1.1666641,0.0
-69.5,-1.0833282,0.0
-69.5,-1.0,0.0
-69.5,-0.9166641,0.0
-69.5,-0.83332825,0.0
-69.5,-0.75,0.0
-69.5,-0.6666641,0.0
-69.5,-0.58332825,0.0
-69.5,-0.5,0.0
-69.5,-0.41666412,0.0
-69.5,-0.33332825,0.0
-69.5,-0.25,0.0
-69.5,-0.16666412,0.0
-69.5,-0.08332825,0.0
-69.5,0.0,0.0
-69.5,0.08333588,0.0
-69.5,0.16667175,0.0
-69.5,0.25,0.0
-69.5,0.33333588,0.0
-69.5,0.41667175,0.0
-69.5,0.5,0.0
-69.5,0.5833359,0.0
-69.5,0.66667175,0.0
-69.5,0.75,0.0
-69.5,0.8333359,0.0
-69.5,0.91667175,0.0
-69.5,1.0,0.0
-69.5,1.0833359,0.0
-69.5,1.1666718,0.0
-69.5,1.25,0.0
-69.5,1.3333359,0.0
-69.5,1.4166718,0.0
-69.5,1.5,0.0
-69.5,1.5833359,0.0
-69.5,1.6666718,0.0
-69.5,1.75,0.0
-69.5,1.8333359,0.0
-69.5,1.9166718,0.0
-69.5,2.0,0.0
-69.5,2.0833359,0.0
-69.5,2.1666718,0.0
-69.5,2.25,0.0
-69.5,2.3333359,0.0
-69.5,2.4166718,0.0
-69.5,2.5,0.0
-69.5,2.5833359,0.0
-69.5,2.6666718,0.0
-69.5,2.75,0.0
-69.5,2.8333359,0.0
-69.5,2.9166718,0.0
-69.5,3.0,0.0
-69.5,3.0833359,0.0
-69.5,3.1666718,0.0
-69.5,3.25,0.0
-69.5,3.3333359,0.0
-69.5,3.4166718,0.0
-69.5,3.5,0.0
-69.5,3.5833359,0.0
-69.5,3.6666718,0.0
-69.5,3.75,0.0
-69.5,3.8333359,0.0
-69.5,3.9166718,0.0
-69.5,4.0,0.0
-69.5,4.083336,0.0
-69.5,4.1666718,0.0
-69.5,4.25,0.0
-69.5,4.333336,0.0
-69.5,4.4166718,0.0
-69.5,4.5,0.0
-69.5,4.583336,0.0
-69.5,4.6666718,0.0
-69.5,4.75,0.0
-69.5,4.833336,0.0
-69.5,4.9166718,0.0
-69.5,5.0,0.0
-69.5,5.083336,0.0
-69.5,5.1666718,0.0
-69.5,5.25,0.0
-69.5,5.333336,0.0
-69.5,5.4166718,0.0
-69.5,5.5,0.0
-69.5,5.583336,0.0
-69.5,5.6666718,0.0
-69.5,5.75,0.0
-69.5,5.833336,0.0
-69.5,5.9166718,0.0
-69.5,6.0,0.0
-69.5,6.083336,0.0
-69.5,6.1666718,0.0
-69.5,6.25,0.0
-69.5,6.333336,0.0
-69.5,6.4166718,0.0
-69.5,6.5,0.0
-69.5,6.583336,0.0
-69.5,6.6666718,0.0
-69.5,6.75,0.0
-69.5,6.833336,0.0
-69.5,6.9166718,0.0
-69.5,7.0,0.0
-69.5,7.083336,0.0
-69.5,7.1666718,0.0
-69.5,7.25,0.0
-69.5,7.333336,0.0
-69.5,7.4166718,0.0
-69.5,7.5,0.0
-69.5,7.583336,0.0
-69.5,7.6666718,0.0
-69.5,7.75,0.0
-69.5,7.833336,0.0
-69.5,7.9166718,0.0
-69.5,8.0,0.0
-69.5,8.083336,0.0
-69.5,8.166672,0.0
-69.5,8.25,0.0
-69.5,8.333336,0.0
-69.5,8.416672,0.0
-69.5,8.5,0.0
-69.5,8.583336,0.0
-69.5,8.666672,0.0
-69.5,8.75,0.0
-69.5,8.833336,0.0
-69.5,8.916672,0.0
-69.5,9.0,0.0
-69.5,9.083336,0.0
-69.5,9.166672,0.0
-69.5,9.25,0.0
-69.5,9.333336,0.0
-69.5,9.416672,0.0
-69.5,9.5,0.0
-69.5,9.583336,0.0
-69.5,9.666672,0.0
-69.5,9.75,0.0
-69.5,9.833336,0.0
-69.5,9.916672,0.0
-69.5,10.0,0.0
-69.5,10.083336,0.0
-69.5,10.166672,0.0
-69.5,10.25,0.0
-69.5,10.333336,0.0
-69.5,10.416672,0.0
-69.5,10.5,0.0
-69.5,10.583336,0.0
-69.5,10.666672,0.0
-69.5,10.75,0.0
-69.5,10.833336,0.0
-69.5,10.916672,0.0
-69.5,11.0,0.0
-69.5,11.083336,0.0
-69.5,11.166672,0.0
-69.5,11.25,0.0
-69.5,11.333336,0.0
-69.5,11.416672,0.0
-69.5,11.5,-0.05508
-69.5,11.583336,-0.05605
-69.5,11.666672,-0.056534
-69.5,11.75,-0.055353
-69.5,11.833336,-0.048544
-69.5,11.916672,-0.041704
-69.5,12.0,-0.034627
-69.5,12.083336,-0.031402
-69.5,12.166672,-0.02325
-69.5,12.25,-0.006518
-69.5,12.333336,0.008527
-69.5,12.416672,0.018352
-69.416664,-4.25,0.0
-69.416664,-4.166664,0.0
-69.416664,-4.0833282,0.0
-69.416664,-4.0,0.0
-69.416664,-3.9166641,0.0
-69.416664,-3.8333282,0.0
-69.416664,-3.75,0.0
-69.416664,-3.6666641,0.0
-69.416664,-3.5833282,0.0
-69.416664,-3.5,0.0
-69.416664,-3.4166641,0.0
-69.416664,-3.3333282,0.0
-69.416664,-3.25,0.0
-69.416664,-3.1666641,0.0
-69.416664,-3.0833282,0.0
-69.416664,-3.0,0.0
-69.416664,-2.9166641,0.0
-69.416664,-2.8333282,0.0
-69.416664,-2.75,0.0
-69.416664,-2.6666641,0.0
-69.416664,-2.5833282,0.0
-69.416664,-2.5,0.0
-69.416664,-2.4166641,0.0
-69.416664,-2.3333282,0.0
-69.416664,-2.25,0.0
-69.416664,-2.1666641,0.0
-69.416664,-2.0833282,0.0
-69.416664,-2.0,0.0
-69.416664,-1.9166641,0.0
-69.416664,-1.8333282,0.0
-69.416664,-1.75,0.0
-69.416664,-1.6666641,0.0
-69.416664,-1.5833282,0.0
-69.416664,-1.5,0.0
-69.416664,-1.4166641,0.0
-69.416664,-1.3333282,0.0
-69.416664,-1.25,0.0
-69.416664,-1.1666641,0.0
-69.416664,-1.0833282,0.0
-69.416664,-1.0,0.0
-69.416664,-0.9166641,0.0
-69.416664,-0.83332825,0.0
-69.416664,-0.75,0.0
-69.416664,-0.6666641,0.0
-69.416664,-0.58332825,0.0
-69.416664,-0.5,0.0
-69.416664,-0.41666412,0.0
-69.416664,-0.33332825,0.0
-69.416664,-0.25,0.0
-69.416664,-0.16666412,0.0
-69.416664,-0.08332825,0.0
-69.416664,0.0,0.0
-69.416664,0.08333588,0.0
-69.416664,0.16667175,0.0
-69.416664,0.25,0.0
-69.416664,0.33333588,0.0
-69.416664,0.41667175,0.0
-69.416664,0.5,0.0
-69.416664,0.5833359,0.0
-69.416664,0.66667175,0.0
-69.416664,0.75,0.0
-69.416664,0.8333359,0.0
-69.416664,0.91667175,0.0
-69.416664,1.0,0.0
-69.416664,1.0833359,0.0
-69.416664,1.1666718,0.0
-69.416664,1.25,0.0
-69.416664,1.3333359,0.0
-69.416664,1.4166718,0.0
-69.416664,1.5,0.0
-69.416664,1.5833359,0.0
-69.416664,1.6666718,0.0
-69.416664,1.75,0.0
-69.416664,1.8333359,0.0
-69.416664,1.9166718,0.0
-69.416664,2.0,0.0
-69.416664,2.0833359,0.0
-69.416664,2.1666718,0.0
-69.416664,2.25,0.0
-69.416664,2.3333359,0.0
-69.416664,2.4166718,0.0
-69.416664,2.5,0.0
-69.416664,2.5833359,0.0
-69.416664,2.6666718,0.0
-69.416664,2.75,0.0
-69.416664,2.8333359,0.0
-69.416664,2.9166718,0.0
-69.416664,3.0,0.0
-69.416664,3.0833359,0.0
-69.416664,3.1666718,0.0
-69.416664,3.25,0.0
-69.416664,3.3333359,0.0
-69.416664,3.4166718,0.0
-69.416664,3.5,0.0
-69.416664,3.5833359,0.0
-69.416664,3.6666718,0.0
-69.416664,3.75,0.0
-69.416664,3.8333359,0.0
-69.416664,3.9166718,0.0
-69.416664,4.0,0.0
-69.416664,4.083336,0.0
-69.416664,4.1666718,0.0
-69.416664,4.25,0.0
-69.416664,4.333336,0.0
-69.416664,4.4166718,0.0
-69.416664,4.5,0.0
-69.416664,4.583336,0.0
-69.416664,4.6666718,0.0
-69.416664,4.75,0.0
-69.416664,4.833336,0.0
-69.416664,4.9166718,0.0
-69.416664,5.0,0.0
-69.416664,5.083336,0.0
-69.416664,5.1666718,0.0
-69.416664,5.25,0.0
-69.416664,5.333336,0.0
-69.416664,5.4166718,0.0
-69.416664,5.5,0.0
-69.416664,5.583336,0.0
-69.416664,5.6666718,0.0
-69.416664,5.75,0.0
-69.416664,5.833336,0.0
-69.416664,5.9166718,0.0
-69.416664,6.0,0.0
-69.416664,6.083336,0.0
-69.416664,6.1666718,0.0
-69.416664,6.25,0.0
-69.416664,6.333336,0.0
-69.416664,6.4166718,0.0
-69.416664,6.5,0.0
-69.416664,6.583336,0.0
-69.416664,6.6666718,0.0
-69.416664,6.75,0.0
-69.416664,6.833336,0.0
-69.416664,6.9166718,0.0
-69.416664,7.0,0.0
-69.416664,7.083336,0.0
-69.416664,7.1666718,0.0
-69.416664,7.25,0.0
-69.416664,7.333336,0.0
-69.416664,7.4166718,0.0
-69.416664,7.5,0.0
-69.416664,7.583336,0.0
-69.416664,7.6666718,0.0
-69.416664,7.75,0.0
-69.416664,7.833336,0.0
-69.416664,7.9166718,0.0
-69.416664,8.0,0.0
-69.416664,8.083336,0.0
-69.416664,8.166672,0.0
-69.416664,8.25,0.0
-69.416664,8.333336,0.0
-69.416664,8.416672,0.0
-69.416664,8.5,0.0
-69.416664,8.583336,0.0
-69.416664,8.666672,0.0
-69.416664,8.75,0.0
-69.416664,8.833336,0.0
-69.416664,8.916672,0.0
-69.416664,9.0,0.0
-69.416664,9.083336,0.0
-69.416664,9.166672,0.0
-69.416664,9.25,0.0
-69.416664,9.333336,0.0
-69.416664,9.416672,0.0
-69.416664,9.5,0.0
-69.416664,9.583336,0.0
-69.416664,9.666672,0.0
-69.416664,9.75,0.0
-69.416664,9.833336,0.0
-69.416664,9.916672,0.0
-69.416664,10.0,0.0
-69.416664,10.083336,0.0
-69.416664,10.166672,0.0
-69.416664,10.25,0.0
-69.416664,10.333336,0.0
-69.416664,10.416672,0.0
-69.416664,10.5,0.0
-69.416664,10.583336,0.0
-69.416664,10.666672,0.0
-69.416664,10.75,0.0
-69.416664,10.833336,0.0
-69.416664,10.916672,0.0
-69.416664,11.0,0.0
-69.416664,11.083336,0.0
-69.416664,11.166672,0.0
-69.416664,11.25,0.0
-69.416664,11.333336,0.0
-69.416664,11.416672,0.0
-69.416664,11.5,-0.059057
-69.416664,11.583336,-0.060359
-69.416664,11.666672,-0.061157
-69.416664,11.75,-0.057496
-69.416664,11.833336,-0.049221
-69.416664,11.916672,-0.041417
-69.416664,12.0,-0.033437
-69.416664,12.083336,-0.027897
-69.416664,12.166672,-0.017373
-69.416664,12.25,-0.000614
-69.416664,12.333336,0.01293
-69.416664,12.416672,0.020805
-69.33333,-4.25,0.0
-69.33333,-4.166664,0.0
-69.33333,-4.0833282,0.0
-69.33333,-4.0,0.0
-69.33333,-3.9166641,0.0
-69.33333,-3.8333282,0.0
-69.33333,-3.75,0.0
-69.33333,-3.6666641,0.0
-69.33333,-3.5833282,0.0
-69.33333,-3.5,0.0
-69.33333,-3.4166641,0.0
-69.33333,-3.3333282,0.0
-69.33333,-3.25,0.0
-69.33333,-3.1666641,0.0
-69.33333,-3.0833282,0.0
-69.33333,-3.0,0.0
-69.33333,-2.9166641,0.0
-69.33333,-2.8333282,0.0
-69.33333,-2.75,0.0
-69.33333,-2.6666641,0.0
-69.33333,-2.5833282,0.0
-69.33333,-2.5,0.0
-69.33333,-2.4166641,0.0
-69.33333,-2.3333282,0.0
-69.33333,-2.25,0.0
-69.33333,-2.1666641,0.0
-69.33333,-2.0833282,0.0
-69.33333,-2.0,0.0
-69.33333,-1.9166641,0.0
-69.33333,-1.8333282,0.0
-69.33333,-1.75,0.0
-69.33333,-1.6666641,0.0
-69.33333,-1.5833282,0.0
-69.33333,-1.5,0.0
-69.33333,-1.4166641,0.0
-69.33333,-1.3333282,0.0
-69.33333,-1.25,0.0
-69.33333,-1.1666641,0.0
-69.33333,-1.0833282,0.0
-69.33333,-1.0,0.0
-69.33333,-0.9166641,0.0
-69.33333,-0.83332825,0.0
-69.33333,-0.75,0.0
-69.33333,-0.6666641,0.0
-69.33333,-0.58332825,0.0
-69.33333,-0.5,0.0
-69.33333,-0.41666412,0.0
-69.33333,-0.33332825,0.0
-69.33333,-0.25,0.0
-69.33333,-0.16666412,0.0
-69.33333,-0.08332825,0.0
-69.33333,0.0,0.0
-69.33333,0.08333588,0.0
-69.33333,0.16667175,0.0
-69.33333,0.25,0.0
-69.33333,0.33333588,0.0
-69.33333,0.41667175,0.0
-69.33333,0.5,0.0
-69.33333,0.5833359,0.0
-69.33333,0.66667175,0.0
-69.33333,0.75,0.0
-69.33333,0.8333359,0.0
-69.33333,0.91667175,0.0
-69.33333,1.0,0.0
-69.33333,1.0833359,0.0
-69.33333,1.1666718,0.0
-69.33333,1.25,0.0
-69.33333,1.3333359,0.0
-69.33333,1.4166718,0.0
-69.33333,1.5,0.0
-69.33333,1.5833359,0.0
-69.33333,1.6666718,0.0
-69.33333,1.75,0.0
-69.33333,1.8333359,0.0
-69.33333,1.9166718,0.0
-69.33333,2.0,0.0
-69.33333,2.0833359,0.0
-69.33333,2.1666718,0.0
-69.33333,2.25,0.0
-69.33333,2.3333359,0.0
-69.33333,2.4166718,0.0
-69.33333,2.5,0.0
-69.33333,2.5833359,0.0
-69.33333,2.6666718,0.0
-69.33333,2.75,0.0
-69.33333,2.8333359,0.0
-69.33333,2.9166718,0.0
-69.33333,3.0,0.0
-69.33333,3.0833359,0.0
-69.33333,3.1666718,0.0
-69.33333,3.25,0.0
-69.33333,3.3333359,0.0
-69.33333,3.4166718,0.0
-69.33333,3.5,0.0
-69.33333,3.5833359,0.0
-69.33333,3.6666718,0.0
-69.33333,3.75,0.0
-69.33333,3.8333359,0.0
-69.33333,3.9166718,0.0
-69.33333,4.0,0.0
-69.33333,4.083336,0.0
-69.33333,4.1666718,0.0
-69.33333,4.25,0.0
-69.33333,4.333336,0.0
-69.33333,4.4166718,0.0
-69.33333,4.5,0.0
-69.33333,4.583336,0.0
-69.33333,4.6666718,0.0
-69.33333,4.75,0.0
-69.33333,4.833336,0.0
-69.33333,4.9166718,0.0
-69.33333,5.0,0.0
-69.33333,5.083336,0.0
-69.33333,5.1666718,0.0
-69.33333,5.25,0.0
-69.33333,5.333336,0.0
-69.33333,5.4166718,0.0
-69.33333,5.5,0.0
-69.33333,5.583336,0.0
-69.33333,5.6666718,0.0
-69.33333,5.75,0.0
-69.33333,5.833336,0.0
-69.33333,5.9166718,0.0
-69.33333,6.0,0.0
-69.33333,6.083336,0.0
-69.33333,6.1666718,0.0
-69.33333,6.25,0.0
-69.33333,6.333336,0.0
-69.33333,6.4166718,0.0
-69.33333,6.5,0.0
-69.33333,6.583336,0.0
-69.33333,6.6666718,0.0
-69.33333,6.75,0.0
-69.33333,6.833336,0.0
-69.33333,6.9166718,0.0
-69.33333,7.0,0.0
-69.33333,7.083336,0.0
-69.33333,7.1666718,0.0
-69.33333,7.25,0.0
-69.33333,7.333336,0.0
-69.33333,7.4166718,0.0
-69.33333,7.5,0.0
-69.33333,7.583336,0.0
-69.33333,7.6666718,0.0
-69.33333,7.75,0.0
-69.33333,7.833336,0.0
-69.33333,7.9166718,0.0
-69.33333,8.0,0.0
-69.33333,8.083336,0.0
-69.33333,8.166672,0.0
-69.33333,8.25,0.0
-69.33333,8.333336,0.0
-69.33333,8.416672,0.0
-69.33333,8.5,0.0
-69.33333,8.583336,0.0
-69.33333,8.666672,0.0
-69.33333,8.75,0.0
-69.33333,8.833336,0.0
-69.33333,8.916672,0.0
-69.33333,9.0,0.0
-69.33333,9.083336,0.0
-69.33333,9.166672,0.0
-69.33333,9.25,0.0
-69.33333,9.333336,0.0
-69.33333,9.416672,0.0
-69.33333,9.5,0.0
-69.33333,9.583336,0.0
-69.33333,9.666672,0.0
-69.33333,9.75,0.0
-69.33333,9.833336,0.0
-69.33333,9.916672,0.0
-69.33333,10.0,0.0
-69.33333,10.083336,0.0
-69.33333,10.166672,0.0
-69.33333,10.25,0.0
-69.33333,10.333336,0.0
-69.33333,10.416672,0.0
-69.33333,10.5,0.0
-69.33333,10.583336,0.0
-69.33333,10.666672,0.0
-69.33333,10.75,0.0
-69.33333,10.833336,0.0
-69.33333,10.916672,0.0
-69.33333,11.0,0.0
-69.33333,11.083336,0.0
-69.33333,11.166672,0.0
-69.33333,11.25,0.0
-69.33333,11.333336,0.0
-69.33333,11.416672,0.0
-69.33333,11.5,-0.062223
-69.33333,11.583336,-0.064114
-69.33333,11.666672,-0.062878
-69.33333,11.75,-0.058398
-69.33333,11.833336,-0.049998
-69.33333,11.916672,-0.03973
-69.33333,12.0,-0.029714
-69.33333,12.083336,-0.02056
-69.33333,12.166672,-0.00832
-69.33333,12.25,0.008264
-69.33333,12.333336,0.017887
-69.33333,12.416672,0.023237
-69.25,-4.25,0.0
-69.25,-4.166664,0.0
-69.25,-4.0833282,0.0
-69.25,-4.0,0.0
-69.25,-3.9166641,0.0
-69.25,-3.8333282,0.0
-69.25,-3.75,0.0
-69.25,-3.6666641,0.0
-69.25,-3.5833282,0.0
-69.25,-3.5,0.0
-69.25,-3.4166641,0.0
-69.25,-3.3333282,0.0
-69.25,-3.25,0.0
-69.25,-3.1666641,0.0
-69.25,-3.0833282,0.0
-69.25,-3.0,0.0
-69.25,-2.9166641,0.0
-69.25,-2.8333282,0.0
-69.25,-2.75,0.0
-69.25,-2.6666641,0.0
-69.25,-2.5833282,0.0
-69.25,-2.5,0.0
-69.25,-2.4166641,0.0
-69.25,-2.3333282,0.0
-69.25,-2.25,0.0
-69.25,-2.1666641,0.0
-69.25,-2.0833282,0.0
-69.25,-2.0,0.0
-69.25,-1.9166641,0.0
-69.25,-1.8333282,0.0
-69.25,-1.75,0.0
-69.25,-1.6666641,0.0
-69.25,-1.5833282,0.0
-69.25,-1.5,0.0
-69.25,-1.4166641,0.0
-69.25,-1.3333282,0.0
-69.25,-1.25,0.0
-69.25,-1.1666641,0.0
-69.25,-1.0833282,0.0
-69.25,-1.0,0.0
-69.25,-0.9166641,0.0
-69.25,-0.83332825,0.0
-69.25,-0.75,0.0
-69.25,-0.6666641,0.0
-69.25,-0.58332825,0.0
-69.25,-0.5,0.0
-69.25,-0.41666412,0.0
-69.25,-0.33332825,0.0
-69.25,-0.25,0.0
-69.25,-0.16666412,0.0
-69.25,-0.08332825,0.0
-69.25,0.0,0.0
-69.25,0.08333588,0.0
-69.25,0.16667175,0.0
-69.25,0.25,0.0
-69.25,0.33333588,0.0
-69.25,0.41667175,0.0
-69.25,0.5,0.0
-69.25,0.5833359,0.0
-69.25,0.66667175,0.0
-69.25,0.75,0.0
-69.25,0.8333359,0.0
-69.25,0.91667175,0.0
-69.25,1.0,0.0
-69.25,1.0833359,0.0
-69.25,1.1666718,0.0
-69.25,1.25,0.0
-69.25,1.3333359,0.0
-69.25,1.4166718,0.0
-69.25,1.5,0.0
-69.25,1.5833359,0.0
-69.25,1.6666718,0.0
-69.25,1.75,0.0
-69.25,1.8333359,0.0
-69.25,1.9166718,0.0
-69.25,2.0,0.0
-69.25,2.0833359,0.0
-69.25,2.1666718,0.0
-69.25,2.25,0.0
-69.25,2.3333359,0.0
-69.25,2.4166718,0.0
-69.25,2.5,0.0
-69.25,2.5833359,0.0
-69.25,2.6666718,0.0
-69.25,2.75,0.0
-69.25,2.8333359,0.0
-69.25,2.9166718,0.0
-69.25,3.0,0.0
-69.25,3.0833359,0.0
-69.25,3.1666718,0.0
-69.25,3.25,0.0
-69.25,3.3333359,0.0
-69.25,3.4166718,0.0
-69.25,3.5,0.0
-69.25,3.5833359,0.0
-69.25,3.6666718,0.0
-69.25,3.75,0.0
-69.25,3.8333359,0.0
-69.25,3.9166718,0.0
-69.25,4.0,0.0
-69.25,4.083336,0.0
-69.25,4.1666718,0.0
-69.25,4.25,0.0
-69.25,4.333336,0.0
-69.25,4.4166718,0.0
-69.25,4.5,0.0
-69.25,4.583336,0.0
-69.25,4.6666718,0.0
-69.25,4.75,0.0
-69.25,4.833336,0.0
-69.25,4.9166718,0.0
-69.25,5.0,0.0
-69.25,5.083336,0.0
-69.25,5.1666718,0.0
-69.25,5.25,0.0
-69.25,5.333336,0.0
-69.25,5.4166718,0.0
-69.25,5.5,0.0
-69.25,5.583336,0.0
-69.25,5.6666718,0.0
-69.25,5.75,0.0
-69.25,5.833336,0.0
-69.25,5.9166718,0.0
-69.25,6.0,0.0
-69.25,6.083336,0.0
-69.25,6.1666718,0.0
-69.25,6.25,0.0
-69.25,6.333336,0.0
-69.25,6.4166718,0.0
-69.25,6.5,0.0
-69.25,6.583336,0.0
-69.25,6.6666718,0.0
-69.25,6.75,0.0
-69.25,6.833336,0.0
-69.25,6.9166718,0.0
-69.25,7.0,0.0
-69.25,7.083336,0.0
-69.25,7.1666718,0.0
-69.25,7.25,0.0
-69.25,7.333336,0.0
-69.25,7.4166718,0.0
-69.25,7.5,0.0
-69.25,7.583336,0.0
-69.25,7.6666718,0.0
-69.25,7.75,0.0
-69.25,7.833336,0.0
-69.25,7.9166718,0.0
-69.25,8.0,0.0
-69.25,8.083336,0.0
-69.25,8.166672,0.0
-69.25,8.25,0.0
-69.25,8.333336,0.0
-69.25,8.416672,0.0
-69.25,8.5,0.0
-69.25,8.583336,0.0
-69.25,8.666672,0.0
-69.25,8.75,0.0
-69.25,8.833336,0.0
-69.25,8.916672,0.0
-69.25,9.0,0.0
-69.25,9.083336,0.0
-69.25,9.166672,0.0
-69.25,9.25,0.0
-69.25,9.333336,0.0
-69.25,9.416672,0.0
-69.25,9.5,0.0
-69.25,9.583336,0.0
-69.25,9.666672,0.0
-69.25,9.75,0.0
-69.25,9.833336,0.0
-69.25,9.916672,0.0
-69.25,10.0,0.0
-69.25,10.083336,0.0
-69.25,10.166672,0.0
-69.25,10.25,0.0
-69.25,10.333336,0.0
-69.25,10.416672,0.0
-69.25,10.5,0.0
-69.25,10.583336,0.0
-69.25,10.666672,0.0
-69.25,10.75,0.0
-69.25,10.833336,0.0
-69.25,10.916672,0.0
-69.25,11.0,0.0
-69.25,11.083336,0.0
-69.25,11.166672,0.0
-69.25,11.25,0.0
-69.25,11.333336,0.0
-69.25,11.416672,0.0
-69.25,11.5,-0.067624
-69.25,11.583336,-0.068894
-69.25,11.666672,-0.06631
-69.25,11.75,-0.060942
-69.25,11.833336,-0.048932
-69.25,11.916672,-0.035898
-69.25,12.0,-0.021398
-69.25,12.083336,-0.010378
-69.25,12.166672,0.002022
-69.25,12.25,0.012678
-69.25,12.333336,0.019604
-69.25,12.416672,0.023723
-69.166664,-4.25,0.0
-69.166664,-4.166664,0.0
-69.166664,-4.0833282,0.0
-69.166664,-4.0,0.0
-69.166664,-3.9166641,0.0
-69.166664,-3.8333282,0.0
-69.166664,-3.75,0.0
-69.166664,-3.6666641,0.0
-69.166664,-3.5833282,0.0
-69.166664,-3.5,0.0
-69.166664,-3.4166641,0.0
-69.166664,-3.3333282,0.0
-69.166664,-3.25,0.0
-69.166664,-3.1666641,0.0
-69.166664,-3.0833282,0.0
-69.166664,-3.0,0.0
-69.166664,-2.9166641,0.0
-69.166664,-2.8333282,0.0
-69.166664,-2.75,0.0
-69.166664,-2.6666641,0.0
-69.166664,-2.5833282,0.0
-69.166664,-2.5,0.0
-69.166664,-2.4166641,0.0
-69.166664,-2.3333282,0.0
-69.166664,-2.25,0.0
-69.166664,-2.1666641,0.0
-69.166664,-2.0833282,0.0
-69.166664,-2.0,0.0
-69.166664,-1.9166641,0.0
-69.166664,-1.8333282,0.0
-69.166664,-1.75,0.0
-69.166664,-1.6666641,0.0
-69.166664,-1.5833282,0.0
-69.166664,-1.5,0.0
-69.166664,-1.4166641,0.0
-69.166664,-1.3333282,0.0
-69.166664,-1.25,0.0
-69.166664,-1.1666641,0.0
-69.166664,-1.0833282,0.0
-69.166664,-1.0,0.0
-69.166664,-0.9166641,0.0
-69.166664,-0.83332825,0.0
-69.166664,-0.75,0.0
-69.166664,-0.6666641,0.0
-69.166664,-0.58332825,0.0
-69.166664,-0.5,0.0
-69.166664,-0.41666412,0.0
-69.166664,-0.33332825,0.0
-69.166664,-0.25,0.0
-69.166664,-0.16666412,0.0
-69.166664,-0.08332825,0.0
-69.166664,0.0,0.0
-69.166664,0.08333588,0.0
-69.166664,0.16667175,0.0
-69.166664,0.25,0.0
-69.166664,0.33333588,0.0
-69.166664,0.41667175,0.0
-69.166664,0.5,0.0
-69.166664,0.5833359,0.0
-69.166664,0.66667175,0.0
-69.166664,0.75,0.0
-69.166664,0.8333359,0.0
-69.166664,0.91667175,0.0
-69.166664,1.0,0.0
-69.166664,1.0833359,0.0
-69.166664,1.1666718,0.0
-69.166664,1.25,0.0
-69.166664,1.3333359,0.0
-69.166664,1.4166718,0.0
-69.166664,1.5,0.0
-69.166664,1.5833359,0.0
-69.166664,1.6666718,0.0
-69.166664,1.75,0.0
-69.166664,1.8333359,0.0
-69.166664,1.9166718,0.0
-69.166664,2.0,0.0
-69.166664,2.0833359,0.0
-69.166664,2.1666718,0.0
-69.166664,2.25,0.0
-69.166664,2.3333359,0.0
-69.166664,2.4166718,0.0
-69.166664,2.5,0.0
-69.166664,2.5833359,0.0
-69.166664,2.6666718,0.0
-69.166664,2.75,0.0
-69.166664,2.8333359,0.0
-69.166664,2.9166718,0.0
-69.166664,3.0,0.0
-69.166664,3.0833359,0.0
-69.166664,3.1666718,0.0
-69.166664,3.25,0.0
-69.166664,3.3333359,0.0
-69.166664,3.4166718,0.0
-69.166664,3.5,0.0
-69.166664,3.5833359,0.0
-69.166664,3.6666718,0.0
-69.166664,3.75,0.0
-69.166664,3.8333359,0.0
-69.166664,3.9166718,0.0
-69.166664,4.0,0.0
-69.166664,4.083336,0.0
-69.166664,4.1666718,0.0
-69.166664,4.25,0.0
-69.166664,4.333336,0.0
-69.166664,4.4166718,0.0
-69.166664,4.5,0.0
-69.166664,4.583336,0.0
-69.166664,4.6666718,0.0
-69.166664,4.75,0.0
-69.166664,4.833336,0.0
-69.166664,4.9166718,0.0
-69.166664,5.0,0.0
-69.166664,5.083336,0.0
-69.166664,5.1666718,0.0
-69.166664,5.25,0.0
-69.166664,5.333336,0.0
-69.166664,5.4166718,0.0
-69.166664,5.5,0.0
-69.166664,5.583336,0.0
-69.166664,5.6666718,0.0
-69.166664,5.75,0.0
-69.166664,5.833336,0.0
-69.166664,5.9166718,0.0
-69.166664,6.0,0.0
-69.166664,6.083336,0.0
-69.166664,6.1666718,0.0
-69.166664,6.25,0.0
-69.166664,6.333336,0.0
-69.166664,6.4166718,0.0
-69.166664,6.5,0.0
-69.166664,6.583336,0.0
-69.166664,6.6666718,0.0
-69.166664,6.75,0.0
-69.166664,6.833336,0.0
-69.166664,6.9166718,0.0
-69.166664,7.0,0.0
-69.166664,7.083336,0.0
-69.166664,7.1666718,0.0
-69.166664,7.25,0.0
-69.166664,7.333336,0.0
-69.166664,7.4166718,0.0
-69.166664,7.5,0.0
-69.166664,7.583336,0.0
-69.166664,7.6666718,0.0
-69.166664,7.75,0.0
-69.166664,7.833336,0.0
-69.166664,7.9166718,0.0
-69.166664,8.0,0.0
-69.166664,8.083336,0.0
-69.166664,8.166672,0.0
-69.166664,8.25,0.0
-69.166664,8.333336,0.0
-69.166664,8.416672,0.0
-69.166664,8.5,0.0
-69.166664,8.583336,0.0
-69.166664,8.666672,0.0
-69.166664,8.75,0.0
-69.166664,8.833336,0.0
-69.166664,8.916672,0.0
-69.166664,9.0,0.0
-69.166664,9.083336,0.0
-69.166664,9.166672,0.0
-69.166664,9.25,0.0
-69.166664,9.333336,0.0
-69.166664,9.416672,0.0
-69.166664,9.5,0.0
-69.166664,9.583336,0.0
-69.166664,9.666672,0.0
-69.166664,9.75,0.0
-69.166664,9.833336,0.0
-69.166664,9.916672,0.0
-69.166664,10.0,0.0
-69.166664,10.083336,0.0
-69.166664,10.166672,0.0
-69.166664,10.25,0.0
-69.166664,10.333336,0.0
-69.166664,10.416672,0.0
-69.166664,10.5,0.0
-69.166664,10.583336,0.0
-69.166664,10.666672,0.0
-69.166664,10.75,0.0
-69.166664,10.833336,0.0
-69.166664,10.916672,0.0
-69.166664,11.0,0.0
-69.166664,11.083336,0.0
-69.166664,11.166672,0.0
-69.166664,11.25,0.0
-69.166664,11.333336,0.0
-69.166664,11.416672,0.0
-69.166664,11.5,-0.072178
-69.166664,11.583336,-0.072121
-69.166664,11.666672,-0.06894
-69.166664,11.75,-0.061179
-69.166664,11.833336,-0.045063
-69.166664,11.916672,-0.029068
-69.166664,12.0,-0.011025
-69.166664,12.083336,0.001709
-69.166664,12.166672,0.011406
-69.166664,12.25,0.01568
-69.166664,12.333336,0.019487
-69.166664,12.416672,0.021808
-69.08333,-4.25,0.0
-69.08333,-4.166664,0.0
-69.08333,-4.0833282,0.0
-69.08333,-4.0,0.0
-69.08333,-3.9166641,0.0
-69.08333,-3.8333282,0.0
-69.08333,-3.75,0.0
-69.08333,-3.6666641,0.0
-69.08333,-3.5833282,0.0
-69.08333,-3.5,0.0
-69.08333,-3.4166641,0.0
-69.08333,-3.3333282,0.0
-69.08333,-3.25,0.0
-69.08333,-3.1666641,0.0
-69.08333,-3.0833282,0.0
-69.08333,-3.0,0.0
-69.08333,-2.9166641,0.0
-69.08333,-2.8333282,0.0
-69.08333,-2.75,0.0
-69.08333,-2.6666641,0.0
-69.08333,-2.5833282,0.0
-69.08333,-2.5,0.0
-69.08333,-2.4166641,0.0
-69.08333,-2.3333282,0.0
-69.08333,-2.25,0.0
-69.08333,-2.1666641,0.0
-69.08333,-2.0833282,0.0
-69.08333,-2.0,0.0
-69.08333,-1.9166641,0.0
-69.08333,-1.8333282,0.0
-69.08333,-1.75,0.0
-69.08333,-1.6666641,0.0
-69.08333,-1.5833282,0.0
-69.08333,-1.5,0.0
-69.08333,-1.4166641,0.0
-69.08333,-1.3333282,0.0
-69.08333,-1.25,0.0
-69.08333,-1.1666641,0.0
-69.08333,-1.0833282,0.0
-69.08333,-1.0,0.0
-69.08333,-0.9166641,0.0
-69.08333,-0.83332825,0.0
-69.08333,-0.75,0.0
-69.08333,-0.6666641,0.0
-69.08333,-0.58332825,0.0
-69.08333,-0.5,0.0
-69.08333,-0.41666412,0.0
-69.08333,-0.33332825,0.0
-69.08333,-0.25,0.0
-69.08333,-0.16666412,0.0
-69.08333,-0.08332825,0.0
-69.08333,0.0,0.0
-69.08333,0.08333588,0.0
-69.08333,0.16667175,0.0
-69.08333,0.25,0.0
-69.08333,0.33333588,0.0
-69.08333,0.41667175,0.0
-69.08333,0.5,0.0
-69.08333,0.5833359,0.0
-69.08333,0.66667175,0.0
-69.08333,0.75,0.0
-69.08333,0.8333359,0.0
-69.08333,0.91667175,0.0
-69.08333,1.0,0.0
-69.08333,1.0833359,0.0
-69.08333,1.1666718,0.0
-69.08333,1.25,0.0
-69.08333,1.3333359,0.0
-69.08333,1.4166718,0.0
-69.08333,1.5,0.0
-69.08333,1.5833359,0.0
-69.08333,1.6666718,0.0
-69.08333,1.75,0.0
-69.08333,1.8333359,0.0
-69.08333,1.9166718,0.0
-69.08333,2.0,0.0
-69.08333,2.0833359,0.0
-69.08333,2.1666718,0.0
-69.08333,2.25,0.0
-69.08333,2.3333359,0.0
-69.08333,2.4166718,0.0
-69.08333,2.5,0.0
-69.08333,2.5833359,0.0
-69.08333,2.6666718,0.0
-69.08333,2.75,0.0
-69.08333,2.8333359,0.0
-69.08333,2.9166718,0.0
-69.08333,3.0,0.0
-69.08333,3.0833359,0.0
-69.08333,3.1666718,0.0
-69.08333,3.25,0.0
-69.08333,3.3333359,0.0
-69.08333,3.4166718,0.0
-69.08333,3.5,0.0
-69.08333,3.5833359,0.0
-69.08333,3.6666718,0.0
-69.08333,3.75,0.0
-69.08333,3.8333359,0.0
-69.08333,3.9166718,0.0
-69.08333,4.0,0.0
-69.08333,4.083336,0.0
-69.08333,4.1666718,0.0
-69.08333,4.25,0.0
-69.08333,4.333336,0.0
-69.08333,4.4166718,0.0
-69.08333,4.5,0.0
-69.08333,4.583336,0.0
-69.08333,4.6666718,0.0
-69.08333,4.75,0.0
-69.08333,4.833336,0.0
-69.08333,4.9166718,0.0
-69.08333,5.0,0.0
-69.08333,5.083336,0.0
-69.08333,5.1666718,0.0
-69.08333,5.25,0.0
-69.08333,5.333336,0.0
-69.08333,5.4166718,0.0
-69.08333,5.5,0.0
-69.08333,5.583336,0.0
-69.08333,5.6666718,0.0
-69.08333,5.75,0.0
-69.08333,5.833336,0.0
-69.08333,5.9166718,0.0
-69.08333,6.0,0.0
-69.08333,6.083336,0.0
-69.08333,6.1666718,0.0
-69.08333,6.25,0.0
-69.08333,6.333336,0.0
-69.08333,6.4166718,0.0
-69.08333,6.5,0.0
-69.08333,6.583336,0.0
-69.08333,6.6666718,0.0
-69.08333,6.75,0.0
-69.08333,6.833336,0.0
-69.08333,6.9166718,0.0
-69.08333,7.0,0.0
-69.08333,7.083336,0.0
-69.08333,7.1666718,0.0
-69.08333,7.25,0.0
-69.08333,7.333336,0.0
-69.08333,7.4166718,0.0
-69.08333,7.5,0.0
-69.08333,7.583336,0.0
-69.08333,7.6666718,0.0
-69.08333,7.75,0.0
-69.08333,7.833336,0.0
-69.08333,7.9166718,0.0
-69.08333,8.0,0.0
-69.08333,8.083336,0.0
-69.08333,8.166672,0.0
-69.08333,8.25,0.0
-69.08333,8.333336,0.0
-69.08333,8.416672,0.0
-69.08333,8.5,0.0
-69.08333,8.583336,0.0
-69.08333,8.666672,0.0
-69.08333,8.75,0.0
-69.08333,8.833336,0.0
-69.08333,8.916672,0.0
-69.08333,9.0,0.0
-69.08333,9.083336,0.0
-69.08333,9.166672,0.0
-69.08333,9.25,0.0
-69.08333,9.333336,0.0
-69.08333,9.416672,0.0
-69.08333,9.5,0.0
-69.08333,9.583336,0.0
-69.08333,9.666672,0.0
-69.08333,9.75,0.0
-69.08333,9.833336,0.0
-69.08333,9.916672,0.0
-69.08333,10.0,0.0
-69.08333,10.083336,0.0
-69.08333,10.166672,0.0
-69.08333,10.25,0.0
-69.08333,10.333336,0.0
-69.08333,10.416672,0.0
-69.08333,10.5,0.0
-69.08333,10.583336,0.0
-69.08333,10.666672,0.0
-69.08333,10.75,0.0
-69.08333,10.833336,0.0
-69.08333,10.916672,0.0
-69.08333,11.0,0.0
-69.08333,11.083336,0.0
-69.08333,11.166672,0.0
-69.08333,11.25,0.0
-69.08333,11.333336,0.0
-69.08333,11.416672,0.0
-69.08333,11.5,-0.075142
-69.08333,11.583336,-0.075712
-69.08333,11.666672,-0.06989
-69.08333,11.75,-0.056687
-69.08333,11.833336,-0.037198
-69.08333,11.916672,-0.019149
-69.08333,12.0,-0.000764
-69.08333,12.083336,0.011464
-69.08333,12.166672,0.020692
-69.08333,12.25,0.0
-69.08333,12.333336,0.018383
-69.08333,12.416672,0.020409
-69.0,-4.25,0.0
-69.0,-4.166664,0.0
-69.0,-4.0833282,0.0
-69.0,-4.0,0.0
-69.0,-3.9166641,0.0
-69.0,-3.8333282,0.0
-69.0,-3.75,0.0
-69.0,-3.6666641,0.0
-69.0,-3.5833282,0.0
-69.0,-3.5,0.0
-69.0,-3.4166641,0.0
-69.0,-3.3333282,0.0
-69.0,-3.25,0.0
-69.0,-3.1666641,0.0
-69.0,-3.0833282,0.0
-69.0,-3.0,0.0
-69.0,-2.9166641,0.0
-69.0,-2.8333282,0.0
-69.0,-2.75,0.0
-69.0,-2.6666641,0.0
-69.0,-2.5833282,0.0
-69.0,-2.5,0.0
-69.0,-2.4166641,0.0
-69.0,-2.3333282,0.0
-69.0,-2.25,0.0
-69.0,-2.1666641,0.0
-69.0,-2.0833282,0.0
-69.0,-2.0,0.0
-69.0,-1.9166641,0.0
-69.0,-1.8333282,0.0
-69.0,-1.75,0.0
-69.0,-1.6666641,0.0
-69.0,-1.5833282,0.0
-69.0,-1.5,0.0
-69.0,-1.4166641,0.0
-69.0,-1.3333282,0.0
-69.0,-1.25,0.0
-69.0,-1.1666641,0.0
-69.0,-1.0833282,0.0
-69.0,-1.0,0.0
-69.0,-0.9166641,0.0
-69.0,-0.83332825,0.0
-69.0,-0.75,0.0
-69.0,-0.6666641,0.0
-69.0,-0.58332825,0.0
-69.0,-0.5,0.0
-69.0,-0.41666412,0.0
-69.0,-0.33332825,0.0
-69.0,-0.25,0.0
-69.0,-0.16666412,0.0
-69.0,-0.08332825,0.0
-69.0,0.0,0.0
-69.0,0.08333588,0.0
-69.0,0.16667175,0.0
-69.0,0.25,0.0
-69.0,0.33333588,0.0
-69.0,0.41667175,0.0
-69.0,0.5,0.0
-69.0,0.5833359,0.0
-69.0,0.66667175,0.0
-69.0,0.75,0.0
-69.0,0.8333359,0.0
-69.0,0.91667175,0.0
-69.0,1.0,0.0
-69.0,1.0833359,0.0
-69.0,1.1666718,0.0
-69.0,1.25,0.0
-69.0,1.3333359,0.0
-69.0,1.4166718,0.0
-69.0,1.5,0.0
-69.0,1.5833359,0.0
-69.0,1.6666718,0.0
-69.0,1.75,0.0
-69.0,1.8333359,0.0
-69.0,1.9166718,0.0
-69.0,2.0,0.0
-69.0,2.0833359,0.0
-69.0,2.1666718,0.0
-69.0,2.25,0.0
-69.0,2.3333359,0.0
-69.0,2.4166718,0.0
-69.0,2.5,0.0
-69.0,2.5833359,0.0
-69.0,2.6666718,0.0
-69.0,2.75,0.0
-69.0,2.8333359,0.0
-69.0,2.9166718,0.0
-69.0,3.0,0.0
-69.0,3.0833359,0.0
-69.0,3.1666718,0.0
-69.0,3.25,0.0
-69.0,3.3333359,0.0
-69.0,3.4166718,0.0
-69.0,3.5,0.0
-69.0,3.5833359,0.0
-69.0,3.6666718,0.0
-69.0,3.75,0.0
-69.0,3.8333359,0.0
-69.0,3.9166718,0.0
-69.0,4.0,0.0
-69.0,4.083336,0.0
-69.0,4.1666718,0.0
-69.0,4.25,0.0
-69.0,4.333336,0.0
-69.0,4.4166718,0.0
-69.0,4.5,0.0
-69.0,4.583336,0.0
-69.0,4.6666718,0.0
-69.0,4.75,0.0
-69.0,4.833336,0.0
-69.0,4.9166718,0.0
-69.0,5.0,0.0
-69.0,5.083336,0.0
-69.0,5.1666718,0.0
-69.0,5.25,0.0
-69.0,5.333336,0.0
-69.0,5.4166718,0.0
-69.0,5.5,0.0
-69.0,5.583336,0.0
-69.0,5.6666718,0.0
-69.0,5.75,0.0
-69.0,5.833336,0.0
-69.0,5.9166718,0.0
-69.0,6.0,0.0
-69.0,6.083336,0.0
-69.0,6.1666718,0.0
-69.0,6.25,0.0
-69.0,6.333336,0.0
-69.0,6.4166718,0.0
-69.0,6.5,0.0
-69.0,6.583336,0.0
-69.0,6.6666718,0.0
-69.0,6.75,0.0
-69.0,6.833336,0.0
-69.0,6.9166718,0.0
-69.0,7.0,0.0
-69.0,7.083336,0.0
-69.0,7.1666718,0.0
-69.0,7.25,0.0
-69.0,7.333336,0.0
-69.0,7.4166718,0.0
-69.0,7.5,0.0
-69.0,7.583336,0.0
-69.0,7.6666718,0.0
-69.0,7.75,0.0
-69.0,7.833336,0.0
-69.0,7.9166718,0.0
-69.0,8.0,0.0
-69.0,8.083336,0.0
-69.0,8.166672,0.0
-69.0,8.25,0.0
-69.0,8.333336,0.0
-69.0,8.416672,0.0
-69.0,8.5,0.0
-69.0,8.583336,0.0
-69.0,8.666672,0.0
-69.0,8.75,0.0
-69.0,8.833336,0.0
-69.0,8.916672,0.0
-69.0,9.0,0.0
-69.0,9.083336,0.0
-69.0,9.166672,0.0
-69.0,9.25,0.0
-69.0,9.333336,0.0
-69.0,9.416672,0.0
-69.0,9.5,0.0
-69.0,9.583336,0.0
-69.0,9.666672,0.0
-69.0,9.75,0.0
-69.0,9.833336,0.0
-69.0,9.916672,0.0
-69.0,10.0,0.0
-69.0,10.083336,0.0
-69.0,10.166672,0.0
-69.0,10.25,0.0
-69.0,10.333336,0.0
-69.0,10.416672,0.0
-69.0,10.5,0.0
-69.0,10.583336,0.0
-69.0,10.666672,0.0
-69.0,10.75,0.0
-69.0,10.833336,0.0
-69.0,10.916672,0.0
-69.0,11.0,0.0
-69.0,11.083336,0.0
-69.0,11.166672,0.0
-69.0,11.25,0.0
-69.0,11.333336,0.0
-69.0,11.416672,0.0
-69.0,11.5,-0.078233
-69.0,11.583336,-0.075023
-69.0,11.666672,-0.065367
-69.0,11.75,-0.047873
-69.0,11.833336,-0.027663
-69.0,11.916672,-0.009363
-69.0,12.0,0.007132
-69.0,12.083336,0.015143
-69.0,12.166672,0.020191
-69.0,12.25,0.020887
-69.0,12.333336,0.018341
-69.0,12.416672,0.022941
-68.916664,-4.25,0.0
-68.916664,-4.166664,0.0
-68.916664,-4.0833282,0.0
-68.916664,-4.0,0.0
-68.916664,-3.9166641,0.0
-68.916664,-3.8333282,0.0
-68.916664,-3.75,0.0
-68.916664,-3.6666641,0.0
-68.916664,-3.5833282,0.0
-68.916664,-3.5,0.0
-68.916664,-3.4166641,0.0
-68.916664,-3.3333282,0.0
-68.916664,-3.25,0.0
-68.916664,-3.1666641,0.0
-68.916664,-3.0833282,0.0
-68.916664,-3.0,0.0
-68.916664,-2.9166641,0.0
-68.916664,-2.8333282,0.0
-68.916664,-2.75,0.0
-68.916664,-2.6666641,0.0
-68.916664,-2.5833282,0.0
-68.916664,-2.5,0.0
-68.916664,-2.4166641,0.0
-68.916664,-2.3333282,0.0
-68.916664,-2.25,0.0
-68.916664,-2.1666641,0.0
-68.916664,-2.0833282,0.0
-68.916664,-2.0,0.0
-68.916664,-1.9166641,0.0
-68.916664,-1.8333282,0.0
-68.916664,-1.75,0.0
-68.916664,-1.6666641,0.0
-68.916664,-1.5833282,0.0
-68.916664,-1.5,0.0
-68.916664,-1.4166641,0.0
-68.916664,-1.3333282,0.0
-68.916664,-1.25,0.0
-68.916664,-1.1666641,0.0
-68.916664,-1.0833282,0.0
-68.916664,-1.0,0.0
-68.916664,-0.9166641,0.0
-68.916664,-0.83332825,0.0
-68.916664,-0.75,0.0
-68.916664,-0.6666641,0.0
-68.916664,-0.58332825,0.0
-68.916664,-0.5,0.0
-68.916664,-0.41666412,0.0
-68.916664,-0.33332825,0.0
-68.916664,-0.25,0.0
-68.916664,-0.16666412,0.0
-68.916664,-0.08332825,0.0
-68.916664,0.0,0.0
-68.916664,0.08333588,0.0
-68.916664,0.16667175,0.0
-68.916664,0.25,0.0
-68.916664,0.33333588,0.0
-68.916664,0.41667175,0.0
-68.916664,0.5,0.0
-68.916664,0.5833359,0.0
-68.916664,0.66667175,0.0
-68.916664,0.75,0.0
-68.916664,0.8333359,0.0
-68.916664,0.91667175,0.0
-68.916664,1.0,0.0
-68.916664,1.0833359,0.0
-68.916664,1.1666718,0.0
-68.916664,1.25,0.0
-68.916664,1.3333359,0.0
-68.916664,1.4166718,0.0
-68.916664,1.5,0.0
-68.916664,1.5833359,0.0
-68.916664,1.6666718,0.0
-68.916664,1.75,0.0
-68.916664,1.8333359,0.0
-68.916664,1.9166718,0.0
-68.916664,2.0,0.0
-68.916664,2.0833359,0.0
-68.916664,2.1666718,0.0
-68.916664,2.25,0.0
-68.916664,2.3333359,0.0
-68.916664,2.4166718,0.0
-68.916664,2.5,0.0
-68.916664,2.5833359,0.0
-68.916664,2.6666718,0.0
-68.916664,2.75,0.0
-68.916664,2.8333359,0.0
-68.916664,2.9166718,0.0
-68.916664,3.0,0.0
-68.916664,3.0833359,0.0
-68.916664,3.1666718,0.0
-68.916664,3.25,0.0
-68.916664,3.3333359,0.0
-68.916664,3.4166718,0.0
-68.916664,3.5,0.0
-68.916664,3.5833359,0.0
-68.916664,3.6666718,0.0
-68.916664,3.75,0.0
-68.916664,3.8333359,0.0
-68.916664,3.9166718,0.0
-68.916664,4.0,0.0
-68.916664,4.083336,0.0
-68.916664,4.1666718,0.0
-68.916664,4.25,0.0
-68.916664,4.333336,0.0
-68.916664,4.4166718,0.0
-68.916664,4.5,0.0
-68.916664,4.583336,0.0
-68.916664,4.6666718,0.0
-68.916664,4.75,0.0
-68.916664,4.833336,0.0
-68.916664,4.9166718,0.0
-68.916664,5.0,0.0
-68.916664,5.083336,0.0
-68.916664,5.1666718,0.0
-68.916664,5.25,0.0
-68.916664,5.333336,0.0
-68.916664,5.4166718,0.0
-68.916664,5.5,0.0
-68.916664,5.583336,0.0
-68.916664,5.6666718,0.0
-68.916664,5.75,0.0
-68.916664,5.833336,0.0
-68.916664,5.9166718,0.0
-68.916664,6.0,0.0
-68.916664,6.083336,0.0
-68.916664,6.1666718,0.0
-68.916664,6.25,0.0
-68.916664,6.333336,0.0
-68.916664,6.4166718,0.0
-68.916664,6.5,0.0
-68.916664,6.583336,0.0
-68.916664,6.6666718,0.0
-68.916664,6.75,0.0
-68.916664,6.833336,0.0
-68.916664,6.9166718,0.0
-68.916664,7.0,0.0
-68.916664,7.083336,0.0
-68.916664,7.1666718,0.0
-68.916664,7.25,0.0
-68.916664,7.333336,0.0
-68.916664,7.4166718,0.0
-68.916664,7.5,0.0
-68.916664,7.583336,0.0
-68.916664,7.6666718,0.0
-68.916664,7.75,0.0
-68.916664,7.833336,0.0
-68.916664,7.9166718,0.0
-68.916664,8.0,0.0
-68.916664,8.083336,0.0
-68.916664,8.166672,0.0
-68.916664,8.25,0.0
-68.916664,8.333336,0.0
-68.916664,8.416672,0.0
-68.916664,8.5,0.0
-68.916664,8.583336,0.0
-68.916664,8.666672,0.0
-68.916664,8.75,0.0
-68.916664,8.833336,0.0
-68.916664,8.916672,0.0
-68.916664,9.0,0.0
-68.916664,9.083336,0.0
-68.916664,9.166672,0.0
-68.916664,9.25,0.0
-68.916664,9.333336,0.0
-68.916664,9.416672,0.0
-68.916664,9.5,0.0
-68.916664,9.583336,0.0
-68.916664,9.666672,0.0
-68.916664,9.75,0.0
-68.916664,9.833336,0.0
-68.916664,9.916672,0.0
-68.916664,10.0,0.0
-68.916664,10.083336,0.0
-68.916664,10.166672,0.0
-68.916664,10.25,0.0
-68.916664,10.333336,0.0
-68.916664,10.416672,0.0
-68.916664,10.5,0.0
-68.916664,10.583336,0.0
-68.916664,10.666672,0.0
-68.916664,10.75,0.0
-68.916664,10.833336,0.0
-68.916664,10.916672,0.0
-68.916664,11.0,0.0
-68.916664,11.083336,0.0
-68.916664,11.166672,0.0
-68.916664,11.25,0.0
-68.916664,11.333336,0.0
-68.916664,11.416672,0.0
-68.916664,11.5,-0.079936
-68.916664,11.583336,-0.072793
-68.916664,11.666672,-0.058449
-68.916664,11.75,-0.039248
-68.916664,11.833336,-0.018128
-68.916664,11.916672,-0.000451
-68.916664,12.0,0.015567
-68.916664,12.083336,0.017025
-68.916664,12.166672,0.018621
-68.916664,12.25,0.020534
-68.916664,12.333336,0.021697
-68.916664,12.416672,0.030613
-68.83333,-4.25,0.0
-68.83333,-4.166664,0.0
-68.83333,-4.0833282,0.0
-68.83333,-4.0,0.0
-68.83333,-3.9166641,0.0
-68.83333,-3.8333282,0.0
-68.83333,-3.75,0.0
-68.83333,-3.6666641,0.0
-68.83333,-3.5833282,0.0
-68.83333,-3.5,0.0
-68.83333,-3.4166641,0.0
-68.83333,-3.3333282,0.0
-68.83333,-3.25,0.0
-68.83333,-3.1666641,0.0
-68.83333,-3.0833282,0.0
-68.83333,-3.0,0.0
-68.83333,-2.9166641,0.0
-68.83333,-2.8333282,0.0
-68.83333,-2.75,0.0
-68.83333,-2.6666641,0.0
-68.83333,-2.5833282,0.0
-68.83333,-2.5,0.0
-68.83333,-2.4166641,0.0
-68.83333,-2.3333282,0.0
-68.83333,-2.25,0.0
-68.83333,-2.1666641,0.0
-68.83333,-2.0833282,0.0
-68.83333,-2.0,0.0
-68.83333,-1.9166641,0.0
-68.83333,-1.8333282,0.0
-68.83333,-1.75,0.0
-68.83333,-1.6666641,0.0
-68.83333,-1.5833282,0.0
-68.83333,-1.5,0.0
-68.83333,-1.4166641,0.0
-68.83333,-1.3333282,0.0
-68.83333,-1.25,0.0
-68.83333,-1.1666641,0.0
-68.83333,-1.0833282,0.0
-68.83333,-1.0,0.0
-68.83333,-0.9166641,0.0
-68.83333,-0.83332825,0.0
-68.83333,-0.75,0.0
-68.83333,-0.6666641,0.0
-68.83333,-0.58332825,0.0
-68.83333,-0.5,0.0
-68.83333,-0.41666412,0.0
-68.83333,-0.33332825,0.0
-68.83333,-0.25,0.0
-68.83333,-0.16666412,0.0
-68.83333,-0.08332825,0.0
-68.83333,0.0,0.0
-68.83333,0.08333588,0.0
-68.83333,0.16667175,0.0
-68.83333,0.25,0.0
-68.83333,0.33333588,0.0
-68.83333,0.41667175,0.0
-68.83333,0.5,0.0
-68.83333,0.5833359,0.0
-68.83333,0.66667175,0.0
-68.83333,0.75,0.0
-68.83333,0.8333359,0.0
-68.83333,0.91667175,0.0
-68.83333,1.0,0.0
-68.83333,1.0833359,0.0
-68.83333,1.1666718,0.0
-68.83333,1.25,0.0
-68.83333,1.3333359,0.0
-68.83333,1.4166718,0.0
-68.83333,1.5,0.0
-68.83333,1.5833359,0.0
-68.83333,1.6666718,0.0
-68.83333,1.75,0.0
-68.83333,1.8333359,0.0
-68.83333,1.9166718,0.0
-68.83333,2.0,0.0
-68.83333,2.0833359,0.0
-68.83333,2.1666718,0.0
-68.83333,2.25,0.0
-68.83333,2.3333359,0.0
-68.83333,2.4166718,0.0
-68.83333,2.5,0.0
-68.83333,2.5833359,0.0
-68.83333,2.6666718,0.0
-68.83333,2.75,0.0
-68.83333,2.8333359,0.0
-68.83333,2.9166718,0.0
-68.83333,3.0,0.0
-68.83333,3.0833359,0.0
-68.83333,3.1666718,0.0
-68.83333,3.25,0.0
-68.83333,3.3333359,0.0
-68.83333,3.4166718,0.0
-68.83333,3.5,0.0
-68.83333,3.5833359,0.0
-68.83333,3.6666718,0.0
-68.83333,3.75,0.0
-68.83333,3.8333359,0.0
-68.83333,3.9166718,0.0
-68.83333,4.0,0.0
-68.83333,4.083336,0.0
-68.83333,4.1666718,0.0
-68.83333,4.25,0.0
-68.83333,4.333336,0.0
-68.83333,4.4166718,0.0
-68.83333,4.5,0.0
-68.83333,4.583336,0.0
-68.83333,4.6666718,0.0
-68.83333,4.75,0.0
-68.83333,4.833336,0.0
-68.83333,4.9166718,0.0
-68.83333,5.0,0.0
-68.83333,5.083336,0.0
-68.83333,5.1666718,0.0
-68.83333,5.25,0.0
-68.83333,5.333336,0.0
-68.83333,5.4166718,0.0
-68.83333,5.5,0.0
-68.83333,5.583336,0.0
-68.83333,5.6666718,0.0
-68.83333,5.75,0.0
-68.83333,5.833336,0.0
-68.83333,5.9166718,0.0
-68.83333,6.0,0.0
-68.83333,6.083336,0.0
-68.83333,6.1666718,0.0
-68.83333,6.25,0.0
-68.83333,6.333336,0.0
-68.83333,6.4166718,0.0
-68.83333,6.5,0.0
-68.83333,6.583336,0.0
-68.83333,6.6666718,0.0
-68.83333,6.75,0.0
-68.83333,6.833336,0.0
-68.83333,6.9166718,0.0
-68.83333,7.0,0.0
-68.83333,7.083336,0.0
-68.83333,7.1666718,0.0
-68.83333,7.25,0.0
-68.83333,7.333336,0.0
-68.83333,7.4166718,0.0
-68.83333,7.5,0.0
-68.83333,7.583336,0.0
-68.83333,7.6666718,0.0
-68.83333,7.75,0.0
-68.83333,7.833336,0.0
-68.83333,7.9166718,0.0
-68.83333,8.0,0.0
-68.83333,8.083336,0.0
-68.83333,8.166672,0.0
-68.83333,8.25,0.0
-68.83333,8.333336,0.0
-68.83333,8.416672,0.0
-68.83333,8.5,0.0
-68.83333,8.583336,0.0
-68.83333,8.666672,0.0
-68.83333,8.75,0.0
-68.83333,8.833336,0.0
-68.83333,8.916672,0.0
-68.83333,9.0,0.0
-68.83333,9.083336,0.0
-68.83333,9.166672,0.0
-68.83333,9.25,0.0
-68.83333,9.333336,0.0
-68.83333,9.416672,0.0
-68.83333,9.5,0.0
-68.83333,9.583336,0.0
-68.83333,9.666672,0.0
-68.83333,9.75,0.0
-68.83333,9.833336,0.0
-68.83333,9.916672,0.0
-68.83333,10.0,0.0
-68.83333,10.083336,0.0
-68.83333,10.166672,0.0
-68.83333,10.25,0.0
-68.83333,10.333336,0.0
-68.83333,10.416672,0.0
-68.83333,10.5,0.0
-68.83333,10.583336,0.0
-68.83333,10.666672,0.0
-68.83333,10.75,0.0
-68.83333,10.833336,0.0
-68.83333,10.916672,0.0
-68.83333,11.0,0.0
-68.83333,11.083336,0.0
-68.83333,11.166672,0.0
-68.83333,11.25,0.0
-68.83333,11.333336,0.0
-68.83333,11.416672,-0.079136
-68.83333,11.5,-0.077886
-68.83333,11.583336,-0.066074
-68.83333,11.666672,-0.04897
-68.83333,11.75,-0.028408
-68.83333,11.833336,-0.007741
-68.83333,11.916672,0.009662
-68.83333,12.0,0.029461
-68.83333,12.083336,0.0
-68.83333,12.166672,0.017921
-68.83333,12.25,0.023361
-68.83333,12.333336,0.031371
-68.83333,12.416672,0.042806
-68.75,-4.25,0.0
-68.75,-4.166664,0.0
-68.75,-4.0833282,0.0
-68.75,-4.0,0.0
-68.75,-3.9166641,0.0
-68.75,-3.8333282,0.0
-68.75,-3.75,0.0
-68.75,-3.6666641,0.0
-68.75,-3.5833282,0.0
-68.75,-3.5,0.0
-68.75,-3.4166641,0.0
-68.75,-3.3333282,0.0
-68.75,-3.25,0.0
-68.75,-3.1666641,0.0
-68.75,-3.0833282,0.0
-68.75,-3.0,0.0
-68.75,-2.9166641,0.0
-68.75,-2.8333282,0.0
-68.75,-2.75,0.0
-68.75,-2.6666641,0.0
-68.75,-2.5833282,0.0
-68.75,-2.5,0.0
-68.75,-2.4166641,0.0
-68.75,-2.3333282,0.0
-68.75,-2.25,0.0
-68.75,-2.1666641,0.0
-68.75,-2.0833282,0.0
-68.75,-2.0,0.0
-68.75,-1.9166641,0.0
-68.75,-1.8333282,0.0
-68.75,-1.75,0.0
-68.75,-1.6666641,0.0
-68.75,-1.5833282,0.0
-68.75,-1.5,0.0
-68.75,-1.4166641,0.0
-68.75,-1.3333282,0.0
-68.75,-1.25,0.0
-68.75,-1.1666641,0.0
-68.75,-1.0833282,0.0
-68.75,-1.0,0.0
-68.75,-0.9166641,0.0
-68.75,-0.83332825,0.0
-68.75,-0.75,0.0
-68.75,-0.6666641,0.0
-68.75,-0.58332825,0.0
-68.75,-0.5,0.0
-68.75,-0.41666412,0.0
-68.75,-0.33332825,0.0
-68.75,-0.25,0.0
-68.75,-0.16666412,0.0
-68.75,-0.08332825,0.0
-68.75,0.0,0.0
-68.75,0.08333588,0.0
-68.75,0.16667175,0.0
-68.75,0.25,0.0
-68.75,0.33333588,0.0
-68.75,0.41667175,0.0
-68.75,0.5,0.0
-68.75,0.5833359,0.0
-68.75,0.66667175,0.0
-68.75,0.75,0.0
-68.75,0.8333359,0.0
-68.75,0.91667175,0.0
-68.75,1.0,0.0
-68.75,1.0833359,0.0
-68.75,1.1666718,0.0
-68.75,1.25,0.0
-68.75,1.3333359,0.0
-68.75,1.4166718,0.0
-68.75,1.5,0.0
-68.75,1.5833359,0.0
-68.75,1.6666718,0.0
-68.75,1.75,0.0
-68.75,1.8333359,0.0
-68.75,1.9166718,0.0
-68.75,2.0,0.0
-68.75,2.0833359,0.0
-68.75,2.1666718,0.0
-68.75,2.25,0.0
-68.75,2.3333359,0.0
-68.75,2.4166718,0.0
-68.75,2.5,0.0
-68.75,2.5833359,0.0
-68.75,2.6666718,0.0
-68.75,2.75,0.0
-68.75,2.8333359,0.0
-68.75,2.9166718,0.0
-68.75,3.0,0.0
-68.75,3.0833359,0.0
-68.75,3.1666718,0.0
-68.75,3.25,0.0
-68.75,3.3333359,0.0
-68.75,3.4166718,0.0
-68.75,3.5,0.0
-68.75,3.5833359,0.0
-68.75,3.6666718,0.0
-68.75,3.75,0.0
-68.75,3.8333359,0.0
-68.75,3.9166718,0.0
-68.75,4.0,0.0
-68.75,4.083336,0.0
-68.75,4.1666718,0.0
-68.75,4.25,0.0
-68.75,4.333336,0.0
-68.75,4.4166718,0.0
-68.75,4.5,0.0
-68.75,4.583336,0.0
-68.75,4.6666718,0.0
-68.75,4.75,0.0
-68.75,4.833336,0.0
-68.75,4.9166718,0.0
-68.75,5.0,0.0
-68.75,5.083336,0.0
-68.75,5.1666718,0.0
-68.75,5.25,0.0
-68.75,5.333336,0.0
-68.75,5.4166718,0.0
-68.75,5.5,0.0
-68.75,5.583336,0.0
-68.75,5.6666718,0.0
-68.75,5.75,0.0
-68.75,5.833336,0.0
-68.75,5.9166718,0.0
-68.75,6.0,0.0
-68.75,6.083336,0.0
-68.75,6.1666718,0.0
-68.75,6.25,0.0
-68.75,6.333336,0.0
-68.75,6.4166718,0.0
-68.75,6.5,0.0
-68.75,6.583336,0.0
-68.75,6.6666718,0.0
-68.75,6.75,0.0
-68.75,6.833336,0.0
-68.75,6.9166718,0.0
-68.75,7.0,0.0
-68.75,7.083336,0.0
-68.75,7.1666718,0.0
-68.75,7.25,0.0
-68.75,7.333336,0.0
-68.75,7.4166718,0.0
-68.75,7.5,0.0
-68.75,7.583336,0.0
-68.75,7.6666718,0.0
-68.75,7.75,0.0
-68.75,7.833336,0.0
-68.75,7.9166718,0.0
-68.75,8.0,0.0
-68.75,8.083336,0.0
-68.75,8.166672,0.0
-68.75,8.25,0.0
-68.75,8.333336,0.0
-68.75,8.416672,0.0
-68.75,8.5,0.0
-68.75,8.583336,0.0
-68.75,8.666672,0.0
-68.75,8.75,0.0
-68.75,8.833336,0.0
-68.75,8.916672,0.0
-68.75,9.0,0.0
-68.75,9.083336,0.0
-68.75,9.166672,0.0
-68.75,9.25,0.0
-68.75,9.333336,0.0
-68.75,9.416672,0.0
-68.75,9.5,0.0
-68.75,9.583336,0.0
-68.75,9.666672,0.0
-68.75,9.75,0.0
-68.75,9.833336,0.0
-68.75,9.916672,0.0
-68.75,10.0,0.0
-68.75,10.083336,0.0
-68.75,10.166672,0.0
-68.75,10.25,0.0
-68.75,10.333336,0.0
-68.75,10.416672,0.0
-68.75,10.5,0.0
-68.75,10.583336,0.0
-68.75,10.666672,0.0
-68.75,10.75,0.0
-68.75,10.833336,0.0
-68.75,10.916672,0.0
-68.75,11.0,0.0
-68.75,11.083336,0.0
-68.75,11.166672,0.0
-68.75,11.25,0.0
-68.75,11.333336,0.0
-68.75,11.416672,-0.076671
-68.75,11.5,-0.071817
-68.75,11.583336,-0.056308
-68.75,11.666672,-0.038418
-68.75,11.75,-0.018743
-68.75,11.833336,0.000895
-68.75,11.916672,0.016934
-68.75,12.0,0.033888
-68.75,12.083336,0.043142
-68.75,12.166672,0.037565
-68.75,12.25,0.040601
-68.75,12.333336,0.047475
-68.75,12.416672,0.055919
-68.666664,-4.25,0.0
-68.666664,-4.166664,0.0
-68.666664,-4.0833282,0.0
-68.666664,-4.0,0.0
-68.666664,-3.9166641,0.0
-68.666664,-3.8333282,0.0
-68.666664,-3.75,0.0
-68.666664,-3.6666641,0.0
-68.666664,-3.5833282,0.0
-68.666664,-3.5,0.0
-68.666664,-3.4166641,0.0
-68.666664,-3.3333282,0.0
-68.666664,-3.25,0.0
-68.666664,-3.1666641,0.0
-68.666664,-3.0833282,0.0
-68.666664,-3.0,0.0
-68.666664,-2.9166641,0.0
-68.666664,-2.8333282,0.0
-68.666664,-2.75,0.0
-68.666664,-2.6666641,0.0
-68.666664,-2.5833282,0.0
-68.666664,-2.5,0.0
-68.666664,-2.4166641,0.0
-68.666664,-2.3333282,0.0
-68.666664,-2.25,0.0
-68.666664,-2.1666641,0.0
-68.666664,-2.0833282,0.0
-68.666664,-2.0,0.0
-68.666664,-1.9166641,0.0
-68.666664,-1.8333282,0.0
-68.666664,-1.75,0.0
-68.666664,-1.6666641,0.0
-68.666664,-1.5833282,0.0
-68.666664,-1.5,0.0
-68.666664,-1.4166641,0.0
-68.666664,-1.3333282,0.0
-68.666664,-1.25,0.0
-68.666664,-1.1666641,0.0
-68.666664,-1.0833282,0.0
-68.666664,-1.0,0.0
-68.666664,-0.9166641,0.0
-68.666664,-0.83332825,0.0
-68.666664,-0.75,0.0
-68.666664,-0.6666641,0.0
-68.666664,-0.58332825,0.0
-68.666664,-0.5,0.0
-68.666664,-0.41666412,0.0
-68.666664,-0.33332825,0.0
-68.666664,-0.25,0.0
-68.666664,-0.16666412,0.0
-68.666664,-0.08332825,0.0
-68.666664,0.0,0.0
-68.666664,0.08333588,0.0
-68.666664,0.16667175,0.0
-68.666664,0.25,0.0
-68.666664,0.33333588,0.0
-68.666664,0.41667175,0.0
-68.666664,0.5,0.0
-68.666664,0.5833359,0.0
-68.666664,0.66667175,0.0
-68.666664,0.75,0.0
-68.666664,0.8333359,0.0
-68.666664,0.91667175,0.0
-68.666664,1.0,0.0
-68.666664,1.0833359,0.0
-68.666664,1.1666718,0.0
-68.666664,1.25,0.0
-68.666664,1.3333359,0.0
-68.666664,1.4166718,0.0
-68.666664,1.5,0.0
-68.666664,1.5833359,0.0
-68.666664,1.6666718,0.0
-68.666664,1.75,0.0
-68.666664,1.8333359,0.0
-68.666664,1.9166718,0.0
-68.666664,2.0,0.0
-68.666664,2.0833359,0.0
-68.666664,2.1666718,0.0
-68.666664,2.25,0.0
-68.666664,2.3333359,0.0
-68.666664,2.4166718,0.0
-68.666664,2.5,0.0
-68.666664,2.5833359,0.0
-68.666664,2.6666718,0.0
-68.666664,2.75,0.0
-68.666664,2.8333359,0.0
-68.666664,2.9166718,0.0
-68.666664,3.0,0.0
-68.666664,3.0833359,0.0
-68.666664,3.1666718,0.0
-68.666664,3.25,0.0
-68.666664,3.3333359,0.0
-68.666664,3.4166718,0.0
-68.666664,3.5,0.0
-68.666664,3.5833359,0.0
-68.666664,3.6666718,0.0
-68.666664,3.75,0.0
-68.666664,3.8333359,0.0
-68.666664,3.9166718,0.0
-68.666664,4.0,0.0
-68.666664,4.083336,0.0
-68.666664,4.1666718,0.0
-68.666664,4.25,0.0
-68.666664,4.333336,0.0
-68.666664,4.4166718,0.0
-68.666664,4.5,0.0
-68.666664,4.583336,0.0
-68.666664,4.6666718,0.0
-68.666664,4.75,0.0
-68.666664,4.833336,0.0
-68.666664,4.9166718,0.0
-68.666664,5.0,0.0
-68.666664,5.083336,0.0
-68.666664,5.1666718,0.0
-68.666664,5.25,0.0
-68.666664,5.333336,0.0
-68.666664,5.4166718,0.0
-68.666664,5.5,0.0
-68.666664,5.583336,0.0
-68.666664,5.6666718,0.0
-68.666664,5.75,0.0
-68.666664,5.833336,0.0
-68.666664,5.9166718,0.0
-68.666664,6.0,0.0
-68.666664,6.083336,0.0
-68.666664,6.1666718,0.0
-68.666664,6.25,0.0
-68.666664,6.333336,0.0
-68.666664,6.4166718,0.0
-68.666664,6.5,0.0
-68.666664,6.583336,0.0
-68.666664,6.6666718,0.0
-68.666664,6.75,0.0
-68.666664,6.833336,0.0
-68.666664,6.9166718,0.0
-68.666664,7.0,0.0
-68.666664,7.083336,0.0
-68.666664,7.1666718,0.0
-68.666664,7.25,0.0
-68.666664,7.333336,0.0
-68.666664,7.4166718,0.0
-68.666664,7.5,0.0
-68.666664,7.583336,0.0
-68.666664,7.6666718,0.0
-68.666664,7.75,0.0
-68.666664,7.833336,0.0
-68.666664,7.9166718,0.0
-68.666664,8.0,0.0
-68.666664,8.083336,0.0
-68.666664,8.166672,0.0
-68.666664,8.25,0.0
-68.666664,8.333336,0.0
-68.666664,8.416672,0.0
-68.666664,8.5,0.0
-68.666664,8.583336,0.0
-68.666664,8.666672,0.0
-68.666664,8.75,0.0
-68.666664,8.833336,0.0
-68.666664,8.916672,0.0
-68.666664,9.0,0.0
-68.666664,9.083336,0.0
-68.666664,9.166672,0.0
-68.666664,9.25,0.0
-68.666664,9.333336,0.0
-68.666664,9.416672,0.0
-68.666664,9.5,0.0
-68.666664,9.583336,0.0
-68.666664,9.666672,0.0
-68.666664,9.75,0.0
-68.666664,9.833336,0.0
-68.666664,9.916672,0.0
-68.666664,10.0,0.0
-68.666664,10.083336,0.0
-68.666664,10.166672,0.0
-68.666664,10.25,0.0
-68.666664,10.333336,0.0
-68.666664,10.416672,0.0
-68.666664,10.5,0.0
-68.666664,10.583336,0.0
-68.666664,10.666672,0.0
-68.666664,10.75,0.0
-68.666664,10.833336,0.0
-68.666664,10.916672,0.0
-68.666664,11.0,0.0
-68.666664,11.083336,0.0
-68.666664,11.166672,0.0
-68.666664,11.25,0.0
-68.666664,11.333336,-0.069281
-68.666664,11.416672,-0.068719
-68.666664,11.5,-0.0591
-68.666664,11.583336,-0.043447
-68.666664,11.666672,-0.026582
-68.666664,11.75,-0.008837
-68.666664,11.833336,0.008889
-68.666664,11.916672,0.024912
-68.666664,12.0,0.039522
-68.666664,12.083336,0.049882
-68.666664,12.166672,0.052475
-68.666664,12.25,0.055488
-68.666664,12.333336,0.060343
-68.666664,12.416672,0.064447
-68.58333,-4.25,0.0
-68.58333,-4.166664,0.0
-68.58333,-4.0833282,0.0
-68.58333,-4.0,0.0
-68.58333,-3.9166641,0.0
-68.58333,-3.8333282,0.0
-68.58333,-3.75,0.0
-68.58333,-3.6666641,0.0
-68.58333,-3.5833282,0.0
-68.58333,-3.5,0.0
-68.58333,-3.4166641,0.0
-68.58333,-3.3333282,0.0
-68.58333,-3.25,0.0
-68.58333,-3.1666641,0.0
-68.58333,-3.0833282,0.0
-68.58333,-3.0,0.0
-68.58333,-2.9166641,0.0
-68.58333,-2.8333282,0.0
-68.58333,-2.75,0.0
-68.58333,-2.6666641,0.0
-68.58333,-2.5833282,0.0
-68.58333,-2.5,0.0
-68.58333,-2.4166641,0.0
-68.58333,-2.3333282,0.0
-68.58333,-2.25,0.0
-68.58333,-2.1666641,0.0
-68.58333,-2.0833282,0.0
-68.58333,-2.0,0.0
-68.58333,-1.9166641,0.0
-68.58333,-1.8333282,0.0
-68.58333,-1.75,0.0
-68.58333,-1.6666641,0.0
-68.58333,-1.5833282,0.0
-68.58333,-1.5,0.0
-68.58333,-1.4166641,0.0
-68.58333,-1.3333282,0.0
-68.58333,-1.25,0.0
-68.58333,-1.1666641,0.0
-68.58333,-1.0833282,0.0
-68.58333,-1.0,0.0
-68.58333,-0.9166641,0.0
-68.58333,-0.83332825,0.0
-68.58333,-0.75,0.0
-68.58333,-0.6666641,0.0
-68.58333,-0.58332825,0.0
-68.58333,-0.5,0.0
-68.58333,-0.41666412,0.0
-68.58333,-0.33332825,0.0
-68.58333,-0.25,0.0
-68.58333,-0.16666412,0.0
-68.58333,-0.08332825,0.0
-68.58333,0.0,0.0
-68.58333,0.08333588,0.0
-68.58333,0.16667175,0.0
-68.58333,0.25,0.0
-68.58333,0.33333588,0.0
-68.58333,0.41667175,0.0
-68.58333,0.5,0.0
-68.58333,0.5833359,0.0
-68.58333,0.66667175,0.0
-68.58333,0.75,0.0
-68.58333,0.8333359,0.0
-68.58333,0.91667175,0.0
-68.58333,1.0,0.0
-68.58333,1.0833359,0.0
-68.58333,1.1666718,0.0
-68.58333,1.25,0.0
-68.58333,1.3333359,0.0
-68.58333,1.4166718,0.0
-68.58333,1.5,0.0
-68.58333,1.5833359,0.0
-68.58333,1.6666718,0.0
-68.58333,1.75,0.0
-68.58333,1.8333359,0.0
-68.58333,1.9166718,0.0
-68.58333,2.0,0.0
-68.58333,2.0833359,0.0
-68.58333,2.1666718,0.0
-68.58333,2.25,0.0
-68.58333,2.3333359,0.0
-68.58333,2.4166718,0.0
-68.58333,2.5,0.0
-68.58333,2.5833359,0.0
-68.58333,2.6666718,0.0
-68.58333,2.75,0.0
-68.58333,2.8333359,0.0
-68.58333,2.9166718,0.0
-68.58333,3.0,0.0
-68.58333,3.0833359,0.0
-68.58333,3.1666718,0.0
-68.58333,3.25,0.0
-68.58333,3.3333359,0.0
-68.58333,3.4166718,0.0
-68.58333,3.5,0.0
-68.58333,3.5833359,0.0
-68.58333,3.6666718,0.0
-68.58333,3.75,0.0
-68.58333,3.8333359,0.0
-68.58333,3.9166718,0.0
-68.58333,4.0,0.0
-68.58333,4.083336,0.0
-68.58333,4.1666718,0.0
-68.58333,4.25,0.0
-68.58333,4.333336,0.0
-68.58333,4.4166718,0.0
-68.58333,4.5,0.0
-68.58333,4.583336,0.0
-68.58333,4.6666718,0.0
-68.58333,4.75,0.0
-68.58333,4.833336,0.0
-68.58333,4.9166718,0.0
-68.58333,5.0,0.0
-68.58333,5.083336,0.0
-68.58333,5.1666718,0.0
-68.58333,5.25,0.0
-68.58333,5.333336,0.0
-68.58333,5.4166718,0.0
-68.58333,5.5,0.0
-68.58333,5.583336,0.0
-68.58333,5.6666718,0.0
-68.58333,5.75,0.0
-68.58333,5.833336,0.0
-68.58333,5.9166718,0.0
-68.58333,6.0,0.0
-68.58333,6.083336,0.0
-68.58333,6.1666718,0.0
-68.58333,6.25,0.0
-68.58333,6.333336,0.0
-68.58333,6.4166718,0.0
-68.58333,6.5,0.0
-68.58333,6.583336,0.0
-68.58333,6.6666718,0.0
-68.58333,6.75,0.0
-68.58333,6.833336,0.0
-68.58333,6.9166718,0.0
-68.58333,7.0,0.0
-68.58333,7.083336,0.0
-68.58333,7.1666718,0.0
-68.58333,7.25,0.0
-68.58333,7.333336,0.0
-68.58333,7.4166718,0.0
-68.58333,7.5,0.0
-68.58333,7.583336,0.0
-68.58333,7.6666718,0.0
-68.58333,7.75,0.0
-68.58333,7.833336,0.0
-68.58333,7.9166718,0.0
-68.58333,8.0,0.0
-68.58333,8.083336,0.0
-68.58333,8.166672,0.0
-68.58333,8.25,0.0
-68.58333,8.333336,0.0
-68.58333,8.416672,0.0
-68.58333,8.5,0.0
-68.58333,8.583336,0.0
-68.58333,8.666672,0.0
-68.58333,8.75,0.0
-68.58333,8.833336,0.0
-68.58333,8.916672,0.0
-68.58333,9.0,0.0
-68.58333,9.083336,0.0
-68.58333,9.166672,0.0
-68.58333,9.25,0.0
-68.58333,9.333336,0.0
-68.58333,9.416672,0.0
-68.58333,9.5,0.0
-68.58333,9.583336,0.0
-68.58333,9.666672,0.0
-68.58333,9.75,0.0
-68.58333,9.833336,0.0
-68.58333,9.916672,0.0
-68.58333,10.0,0.0
-68.58333,10.083336,0.0
-68.58333,10.166672,0.0
-68.58333,10.25,0.0
-68.58333,10.333336,0.0
-68.58333,10.416672,0.0
-68.58333,10.5,0.0
-68.58333,10.583336,0.0
-68.58333,10.666672,0.0
-68.58333,10.75,0.0
-68.58333,10.833336,0.0
-68.58333,10.916672,0.0
-68.58333,11.0,0.0
-68.58333,11.083336,0.0
-68.58333,11.166672,0.0
-68.58333,11.25,-0.06314
-68.58333,11.333336,-0.066078
-68.58333,11.416672,-0.061876
-68.58333,11.5,-0.047726
-68.58333,11.583336,-0.033778
-68.58333,11.666672,-0.016757
-68.58333,11.75,-0.000346
-68.58333,11.833336,0.015509
-68.58333,11.916672,0.030743
-68.58333,12.0,0.047476
-68.58333,12.083336,0.056928
-68.58333,12.166672,0.06065
-68.58333,12.25,0.064808
-68.58333,12.333336,0.069271
-68.58333,12.416672,0.070244
-68.5,-4.25,0.0
-68.5,-4.166664,0.0
-68.5,-4.0833282,0.0
-68.5,-4.0,0.0
-68.5,-3.9166641,0.0
-68.5,-3.8333282,0.0
-68.5,-3.75,0.0
-68.5,-3.6666641,0.0
-68.5,-3.5833282,0.0
-68.5,-3.5,0.0
-68.5,-3.4166641,0.0
-68.5,-3.3333282,0.0
-68.5,-3.25,0.0
-68.5,-3.1666641,0.0
-68.5,-3.0833282,0.0
-68.5,-3.0,0.0
-68.5,-2.9166641,0.0
-68.5,-2.8333282,0.0
-68.5,-2.75,0.0
-68.5,-2.6666641,0.0
-68.5,-2.5833282,0.0
-68.5,-2.5,0.0
-68.5,-2.4166641,0.0
-68.5,-2.3333282,0.0
-68.5,-2.25,0.0
-68.5,-2.1666641,0.0
-68.5,-2.0833282,0.0
-68.5,-2.0,0.0
-68.5,-1.9166641,0.0
-68.5,-1.8333282,0.0
-68.5,-1.75,0.0
-68.5,-1.6666641,0.0
-68.5,-1.5833282,0.0
-68.5,-1.5,0.0
-68.5,-1.4166641,0.0
-68.5,-1.3333282,0.0
-68.5,-1.25,0.0
-68.5,-1.1666641,0.0
-68.5,-1.0833282,0.0
-68.5,-1.0,0.0
-68.5,-0.9166641,0.0
-68.5,-0.83332825,0.0
-68.5,-0.75,0.0
-68.5,-0.6666641,0.0
-68.5,-0.58332825,0.0
-68.5,-0.5,0.0
-68.5,-0.41666412,0.0
-68.5,-0.33332825,0.0
-68.5,-0.25,0.0
-68.5,-0.16666412,0.0
-68.5,-0.08332825,0.0
-68.5,0.0,0.0
-68.5,0.08333588,0.0
-68.5,0.16667175,0.0
-68.5,0.25,0.0
-68.5,0.33333588,0.0
-68.5,0.41667175,0.0
-68.5,0.5,0.0
-68.5,0.5833359,0.0
-68.5,0.66667175,0.0
-68.5,0.75,0.0
-68.5,0.8333359,0.0
-68.5,0.91667175,0.0
-68.5,1.0,0.0
-68.5,1.0833359,0.0
-68.5,1.1666718,0.0
-68.5,1.25,0.0
-68.5,1.3333359,0.0
-68.5,1.4166718,0.0
-68.5,1.5,0.0
-68.5,1.5833359,0.0
-68.5,1.6666718,0.0
-68.5,1.75,0.0
-68.5,1.8333359,0.0
-68.5,1.9166718,0.0
-68.5,2.0,0.0
-68.5,2.0833359,0.0
-68.5,2.1666718,0.0
-68.5,2.25,0.0
-68.5,2.3333359,0.0
-68.5,2.4166718,0.0
-68.5,2.5,0.0
-68.5,2.5833359,0.0
-68.5,2.6666718,0.0
-68.5,2.75,0.0
-68.5,2.8333359,0.0
-68.5,2.9166718,0.0
-68.5,3.0,0.0
-68.5,3.0833359,0.0
-68.5,3.1666718,0.0
-68.5,3.25,0.0
-68.5,3.3333359,0.0
-68.5,3.4166718,0.0
-68.5,3.5,0.0
-68.5,3.5833359,0.0
-68.5,3.6666718,0.0
-68.5,3.75,0.0
-68.5,3.8333359,0.0
-68.5,3.9166718,0.0
-68.5,4.0,0.0
-68.5,4.083336,0.0
-68.5,4.1666718,0.0
-68.5,4.25,0.0
-68.5,4.333336,0.0
-68.5,4.4166718,0.0
-68.5,4.5,0.0
-68.5,4.583336,0.0
-68.5,4.6666718,0.0
-68.5,4.75,0.0
-68.5,4.833336,0.0
-68.5,4.9166718,0.0
-68.5,5.0,0.0
-68.5,5.083336,0.0
-68.5,5.1666718,0.0
-68.5,5.25,0.0
-68.5,5.333336,0.0
-68.5,5.4166718,0.0
-68.5,5.5,0.0
-68.5,5.583336,0.0
-68.5,5.6666718,0.0
-68.5,5.75,0.0
-68.5,5.833336,0.0
-68.5,5.9166718,0.0
-68.5,6.0,0.0
-68.5,6.083336,0.0
-68.5,6.1666718,0.0
-68.5,6.25,0.0
-68.5,6.333336,0.0
-68.5,6.4166718,0.0
-68.5,6.5,0.0
-68.5,6.583336,0.0
-68.5,6.6666718,0.0
-68.5,6.75,0.0
-68.5,6.833336,0.0
-68.5,6.9166718,0.0
-68.5,7.0,0.0
-68.5,7.083336,0.0
-68.5,7.1666718,0.0
-68.5,7.25,0.0
-68.5,7.333336,0.0
-68.5,7.4166718,0.0
-68.5,7.5,0.0
-68.5,7.583336,0.0
-68.5,7.6666718,0.0
-68.5,7.75,0.0
-68.5,7.833336,0.0
-68.5,7.9166718,0.0
-68.5,8.0,0.0
-68.5,8.083336,0.0
-68.5,8.166672,0.0
-68.5,8.25,0.0
-68.5,8.333336,0.0
-68.5,8.416672,0.0
-68.5,8.5,0.0
-68.5,8.583336,0.0
-68.5,8.666672,0.0
-68.5,8.75,0.0
-68.5,8.833336,0.0
-68.5,8.916672,0.0
-68.5,9.0,0.0
-68.5,9.083336,0.0
-68.5,9.166672,0.0
-68.5,9.25,0.0
-68.5,9.333336,0.0
-68.5,9.416672,0.0
-68.5,9.5,0.0
-68.5,9.583336,0.0
-68.5,9.666672,0.0
-68.5,9.75,0.0
-68.5,9.833336,0.0
-68.5,9.916672,0.0
-68.5,10.0,0.0
-68.5,10.083336,0.0
-68.5,10.166672,0.0
-68.5,10.25,0.0
-68.5,10.333336,0.0
-68.5,10.416672,0.0
-68.5,10.5,0.0
-68.5,10.583336,0.0
-68.5,10.666672,0.0
-68.5,10.75,0.0
-68.5,10.833336,0.0
-68.5,10.916672,0.0
-68.5,11.0,0.0
-68.5,11.083336,0.0
-68.5,11.166672,0.0
-68.5,11.25,-0.061674
-68.5,11.333336,-0.059253
-68.5,11.416672,-0.049881
-68.5,11.5,-0.036701
-68.5,11.583336,-0.0231
-68.5,11.666672,-0.006444
-68.5,11.75,0.008265
-68.5,11.833336,0.022172
-68.5,11.916672,0.036614
-68.5,12.0,0.053706
-68.5,12.083336,0.062444
-68.5,12.166672,0.066836
-68.5,12.25,0.071319
-68.5,12.333336,0.075814
-68.5,12.416672,0.076345
-68.416664,-4.25,0.0
-68.416664,-4.166664,0.0
-68.416664,-4.0833282,0.0
-68.416664,-4.0,0.0
-68.416664,-3.9166641,0.0
-68.416664,-3.8333282,0.0
-68.416664,-3.75,0.0
-68.416664,-3.6666641,0.0
-68.416664,-3.5833282,0.0
-68.416664,-3.5,0.0
-68.416664,-3.4166641,0.0
-68.416664,-3.3333282,0.0
-68.416664,-3.25,0.0
-68.416664,-3.1666641,0.0
-68.416664,-3.0833282,0.0
-68.416664,-3.0,0.0
-68.416664,-2.9166641,0.0
-68.416664,-2.8333282,0.0
-68.416664,-2.75,0.0
-68.416664,-2.6666641,0.0
-68.416664,-2.5833282,0.0
-68.416664,-2.5,0.0
-68.416664,-2.4166641,0.0
-68.416664,-2.3333282,0.0
-68.416664,-2.25,0.0
-68.416664,-2.1666641,0.0
-68.416664,-2.0833282,0.0
-68.416664,-2.0,0.0
-68.416664,-1.9166641,0.0
-68.416664,-1.8333282,0.0
-68.416664,-1.75,0.0
-68.416664,-1.6666641,0.0
-68.416664,-1.5833282,0.0
-68.416664,-1.5,0.0
-68.416664,-1.4166641,0.0
-68.416664,-1.3333282,0.0
-68.416664,-1.25,0.0
-68.416664,-1.1666641,0.0
-68.416664,-1.0833282,0.0
-68.416664,-1.0,0.0
-68.416664,-0.9166641,0.0
-68.416664,-0.83332825,0.0
-68.416664,-0.75,0.0
-68.416664,-0.6666641,0.0
-68.416664,-0.58332825,0.0
-68.416664,-0.5,0.0
-68.416664,-0.41666412,0.0
-68.416664,-0.33332825,0.0
-68.416664,-0.25,0.0
-68.416664,-0.16666412,0.0
-68.416664,-0.08332825,0.0
-68.416664,0.0,0.0
-68.416664,0.08333588,0.0
-68.416664,0.16667175,0.0
-68.416664,0.25,0.0
-68.416664,0.33333588,0.0
-68.416664,0.41667175,0.0
-68.416664,0.5,0.0
-68.416664,0.5833359,0.0
-68.416664,0.66667175,0.0
-68.416664,0.75,0.0
-68.416664,0.8333359,0.0
-68.416664,0.91667175,0.0
-68.416664,1.0,0.0
-68.416664,1.0833359,0.0
-68.416664,1.1666718,0.0
-68.416664,1.25,0.0
-68.416664,1.3333359,0.0
-68.416664,1.4166718,0.0
-68.416664,1.5,0.0
-68.416664,1.5833359,0.0
-68.416664,1.6666718,0.0
-68.416664,1.75,0.0
-68.416664,1.8333359,0.0
-68.416664,1.9166718,0.0
-68.416664,2.0,0.0
-68.416664,2.0833359,0.0
-68.416664,2.1666718,0.0
-68.416664,2.25,0.0
-68.416664,2.3333359,0.0
-68.416664,2.4166718,0.0
-68.416664,2.5,0.0
-68.416664,2.5833359,0.0
-68.416664,2.6666718,0.0
-68.416664,2.75,0.0
-68.416664,2.8333359,0.0
-68.416664,2.9166718,0.0
-68.416664,3.0,0.0
-68.416664,3.0833359,0.0
-68.416664,3.1666718,0.0
-68.416664,3.25,0.0
-68.416664,3.3333359,0.0
-68.416664,3.4166718,0.0
-68.416664,3.5,0.0
-68.416664,3.5833359,0.0
-68.416664,3.6666718,0.0
-68.416664,3.75,0.0
-68.416664,3.8333359,0.0
-68.416664,3.9166718,0.0
-68.416664,4.0,0.0
-68.416664,4.083336,0.0
-68.416664,4.1666718,0.0
-68.416664,4.25,0.0
-68.416664,4.333336,0.0
-68.416664,4.4166718,0.0
-68.416664,4.5,0.0
-68.416664,4.583336,0.0
-68.416664,4.6666718,0.0
-68.416664,4.75,0.0
-68.416664,4.833336,0.0
-68.416664,4.9166718,0.0
-68.416664,5.0,0.0
-68.416664,5.083336,0.0
-68.416664,5.1666718,0.0
-68.416664,5.25,0.0
-68.416664,5.333336,0.0
-68.416664,5.4166718,0.0
-68.416664,5.5,0.0
-68.416664,5.583336,0.0
-68.416664,5.6666718,0.0
-68.416664,5.75,0.0
-68.416664,5.833336,0.0
-68.416664,5.9166718,0.0
-68.416664,6.0,0.0
-68.416664,6.083336,0.0
-68.416664,6.1666718,0.0
-68.416664,6.25,0.0
-68.416664,6.333336,0.0
-68.416664,6.4166718,0.0
-68.416664,6.5,0.0
-68.416664,6.583336,0.0
-68.416664,6.6666718,0.0
-68.416664,6.75,0.0
-68.416664,6.833336,0.0
-68.416664,6.9166718,0.0
-68.416664,7.0,0.0
-68.416664,7.083336,0.0
-68.416664,7.1666718,0.0
-68.416664,7.25,0.0
-68.416664,7.333336,0.0
-68.416664,7.4166718,0.0
-68.416664,7.5,0.0
-68.416664,7.583336,0.0
-68.416664,7.6666718,0.0
-68.416664,7.75,0.0
-68.416664,7.833336,0.0
-68.416664,7.9166718,0.0
-68.416664,8.0,0.0
-68.416664,8.083336,0.0
-68.416664,8.166672,0.0
-68.416664,8.25,0.0
-68.416664,8.333336,0.0
-68.416664,8.416672,0.0
-68.416664,8.5,0.0
-68.416664,8.583336,0.0
-68.416664,8.666672,0.0
-68.416664,8.75,0.0
-68.416664,8.833336,0.0
-68.416664,8.916672,0.0
-68.416664,9.0,0.0
-68.416664,9.083336,0.0
-68.416664,9.166672,0.0
-68.416664,9.25,0.0
-68.416664,9.333336,0.0
-68.416664,9.416672,0.0
-68.416664,9.5,0.0
-68.416664,9.583336,0.0
-68.416664,9.666672,0.0
-68.416664,9.75,0.0
-68.416664,9.833336,0.0
-68.416664,9.916672,0.0
-68.416664,10.0,0.0
-68.416664,10.083336,0.0
-68.416664,10.166672,0.0
-68.416664,10.25,0.0
-68.416664,10.333336,0.0
-68.416664,10.416672,0.0
-68.416664,10.5,0.0
-68.416664,10.583336,0.0
-68.416664,10.666672,0.0
-68.416664,10.75,0.0
-68.416664,10.833336,0.0
-68.416664,10.916672,0.0
-68.416664,11.0,0.0
-68.416664,11.083336,0.0
-68.416664,11.166672,-0.058458
-68.416664,11.25,-0.057718
-68.416664,11.333336,-0.048642
-68.416664,11.416672,-0.037281
-68.416664,11.5,-0.026294
-68.416664,11.583336,-0.013394
-68.416664,11.666672,0.00147
-68.416664,11.75,0.014699
-68.416664,11.833336,0.028386
-68.416664,11.916672,0.043198
-68.416664,12.0,0.0595
-68.416664,12.083336,0.06508
-68.416664,12.166672,0.068983
-68.416664,12.25,0.074633
-68.416664,12.333336,0.07659
-68.416664,12.416672,0.078271
-68.33333,-4.25,0.0
-68.33333,-4.166664,0.0
-68.33333,-4.0833282,0.0
-68.33333,-4.0,0.0
-68.33333,-3.9166641,0.0
-68.33333,-3.8333282,0.0
-68.33333,-3.75,0.0
-68.33333,-3.6666641,0.0
-68.33333,-3.5833282,0.0
-68.33333,-3.5,0.0
-68.33333,-3.4166641,0.0
-68.33333,-3.3333282,0.0
-68.33333,-3.25,0.0
-68.33333,-3.1666641,0.0
-68.33333,-3.0833282,0.0
-68.33333,-3.0,0.0
-68.33333,-2.9166641,0.0
-68.33333,-2.8333282,0.0
-68.33333,-2.75,0.0
-68.33333,-2.6666641,0.0
-68.33333,-2.5833282,0.0
-68.33333,-2.5,0.0
-68.33333,-2.4166641,0.0
-68.33333,-2.3333282,0.0
-68.33333,-2.25,0.0
-68.33333,-2.1666641,0.0
-68.33333,-2.0833282,0.0
-68.33333,-2.0,0.0
-68.33333,-1.9166641,0.0
-68.33333,-1.8333282,0.0
-68.33333,-1.75,0.0
-68.33333,-1.6666641,0.0
-68.33333,-1.5833282,0.0
-68.33333,-1.5,0.0
-68.33333,-1.4166641,0.0
-68.33333,-1.3333282,0.0
-68.33333,-1.25,0.0
-68.33333,-1.1666641,0.0
-68.33333,-1.0833282,0.0
-68.33333,-1.0,0.0
-68.33333,-0.9166641,0.0
-68.33333,-0.83332825,0.0
-68.33333,-0.75,0.0
-68.33333,-0.6666641,0.0
-68.33333,-0.58332825,0.0
-68.33333,-0.5,0.0
-68.33333,-0.41666412,0.0
-68.33333,-0.33332825,0.0
-68.33333,-0.25,0.0
-68.33333,-0.16666412,0.0
-68.33333,-0.08332825,0.0
-68.33333,0.0,0.0
-68.33333,0.08333588,0.0
-68.33333,0.16667175,0.0
-68.33333,0.25,0.0
-68.33333,0.33333588,0.0
-68.33333,0.41667175,0.0
-68.33333,0.5,0.0
-68.33333,0.5833359,0.0
-68.33333,0.66667175,0.0
-68.33333,0.75,0.0
-68.33333,0.8333359,0.0
-68.33333,0.91667175,0.0
-68.33333,1.0,0.0
-68.33333,1.0833359,0.0
-68.33333,1.1666718,0.0
-68.33333,1.25,0.0
-68.33333,1.3333359,0.0
-68.33333,1.4166718,0.0
-68.33333,1.5,0.0
-68.33333,1.5833359,0.0
-68.33333,1.6666718,0.0
-68.33333,1.75,0.0
-68.33333,1.8333359,0.0
-68.33333,1.9166718,0.0
-68.33333,2.0,0.0
-68.33333,2.0833359,0.0
-68.33333,2.1666718,0.0
-68.33333,2.25,0.0
-68.33333,2.3333359,0.0
-68.33333,2.4166718,0.0
-68.33333,2.5,0.0
-68.33333,2.5833359,0.0
-68.33333,2.6666718,0.0
-68.33333,2.75,0.0
-68.33333,2.8333359,0.0
-68.33333,2.9166718,0.0
-68.33333,3.0,0.0
-68.33333,3.0833359,0.0
-68.33333,3.1666718,0.0
-68.33333,3.25,0.0
-68.33333,3.3333359,0.0
-68.33333,3.4166718,0.0
-68.33333,3.5,0.0
-68.33333,3.5833359,0.0
-68.33333,3.6666718,0.0
-68.33333,3.75,0.0
-68.33333,3.8333359,0.0
-68.33333,3.9166718,0.0
-68.33333,4.0,0.0
-68.33333,4.083336,0.0
-68.33333,4.1666718,0.0
-68.33333,4.25,0.0
-68.33333,4.333336,0.0
-68.33333,4.4166718,0.0
-68.33333,4.5,0.0
-68.33333,4.583336,0.0
-68.33333,4.6666718,0.0
-68.33333,4.75,0.0
-68.33333,4.833336,0.0
-68.33333,4.9166718,0.0
-68.33333,5.0,0.0
-68.33333,5.083336,0.0
-68.33333,5.1666718,0.0
-68.33333,5.25,0.0
-68.33333,5.333336,0.0
-68.33333,5.4166718,0.0
-68.33333,5.5,0.0
-68.33333,5.583336,0.0
-68.33333,5.6666718,0.0
-68.33333,5.75,0.0
-68.33333,5.833336,0.0
-68.33333,5.9166718,0.0
-68.33333,6.0,0.0
-68.33333,6.083336,0.0
-68.33333,6.1666718,0.0
-68.33333,6.25,0.0
-68.33333,6.333336,0.0
-68.33333,6.4166718,0.0
-68.33333,6.5,0.0
-68.33333,6.583336,0.0
-68.33333,6.6666718,0.0
-68.33333,6.75,0.0
-68.33333,6.833336,0.0
-68.33333,6.9166718,0.0
-68.33333,7.0,0.0
-68.33333,7.083336,0.0
-68.33333,7.1666718,0.0
-68.33333,7.25,0.0
-68.33333,7.333336,0.0
-68.33333,7.4166718,0.0
-68.33333,7.5,0.0
-68.33333,7.583336,0.0
-68.33333,7.6666718,0.0
-68.33333,7.75,0.0
-68.33333,7.833336,0.0
-68.33333,7.9166718,0.0
-68.33333,8.0,0.0
-68.33333,8.083336,0.0
-68.33333,8.166672,0.0
-68.33333,8.25,0.0
-68.33333,8.333336,0.0
-68.33333,8.416672,0.0
-68.33333,8.5,0.0
-68.33333,8.583336,0.0
-68.33333,8.666672,0.0
-68.33333,8.75,0.0
-68.33333,8.833336,0.0
-68.33333,8.916672,0.0
-68.33333,9.0,0.0
-68.33333,9.083336,0.0
-68.33333,9.166672,0.0
-68.33333,9.25,0.0
-68.33333,9.333336,0.0
-68.33333,9.416672,0.0
-68.33333,9.5,0.0
-68.33333,9.583336,0.0
-68.33333,9.666672,0.0
-68.33333,9.75,0.0
-68.33333,9.833336,0.0
-68.33333,9.916672,0.0
-68.33333,10.0,0.0
-68.33333,10.083336,0.0
-68.33333,10.166672,0.0
-68.33333,10.25,0.0
-68.33333,10.333336,0.0
-68.33333,10.416672,0.0
-68.33333,10.5,0.0
-68.33333,10.583336,0.0
-68.33333,10.666672,0.0
-68.33333,10.75,0.0
-68.33333,10.833336,0.0
-68.33333,10.916672,0.0
-68.33333,11.0,-0.054404
-68.33333,11.083336,-0.05506
-68.33333,11.166672,-0.055438
-68.33333,11.25,-0.048364
-68.33333,11.333336,-0.037774
-68.33333,11.416672,-0.028367
-68.33333,11.5,-0.019137
-68.33333,11.583336,-0.00621
-68.33333,11.666672,0.006782
-68.33333,11.75,0.019572
-68.33333,11.833336,0.03465
-68.33333,11.916672,0.05197
-68.33333,12.0,0.065573
-68.33333,12.083336,0.063638
-68.33333,12.166672,0.067793
-68.33333,12.25,0.0
-68.33333,12.333336,0.077847
-68.33333,12.416672,0.082599
-68.25,-4.25,0.0
-68.25,-4.166664,0.0
-68.25,-4.0833282,0.0
-68.25,-4.0,0.0
-68.25,-3.9166641,0.0
-68.25,-3.8333282,0.0
-68.25,-3.75,0.0
-68.25,-3.6666641,0.0
-68.25,-3.5833282,0.0
-68.25,-3.5,0.0
-68.25,-3.4166641,0.0
-68.25,-3.3333282,0.0
-68.25,-3.25,0.0
-68.25,-3.1666641,0.0
-68.25,-3.0833282,0.0
-68.25,-3.0,0.0
-68.25,-2.9166641,0.0
-68.25,-2.8333282,0.0
-68.25,-2.75,0.0
-68.25,-2.6666641,0.0
-68.25,-2.5833282,0.0
-68.25,-2.5,0.0
-68.25,-2.4166641,0.0
-68.25,-2.3333282,0.0
-68.25,-2.25,0.0
-68.25,-2.1666641,0.0
-68.25,-2.0833282,0.0
-68.25,-2.0,0.0
-68.25,-1.9166641,0.0
-68.25,-1.8333282,0.0
-68.25,-1.75,0.0
-68.25,-1.6666641,0.0
-68.25,-1.5833282,0.0
-68.25,-1.5,0.0
-68.25,-1.4166641,0.0
-68.25,-1.3333282,0.0
-68.25,-1.25,0.0
-68.25,-1.1666641,0.0
-68.25,-1.0833282,0.0
-68.25,-1.0,0.0
-68.25,-0.9166641,0.0
-68.25,-0.83332825,0.0
-68.25,-0.75,0.0
-68.25,-0.6666641,0.0
-68.25,-0.58332825,0.0
-68.25,-0.5,0.0
-68.25,-0.41666412,0.0
-68.25,-0.33332825,0.0
-68.25,-0.25,0.0
-68.25,-0.16666412,0.0
-68.25,-0.08332825,0.0
-68.25,0.0,0.0
-68.25,0.08333588,0.0
-68.25,0.16667175,0.0
-68.25,0.25,0.0
-68.25,0.33333588,0.0
-68.25,0.41667175,0.0
-68.25,0.5,0.0
-68.25,0.5833359,0.0
-68.25,0.66667175,0.0
-68.25,0.75,0.0
-68.25,0.8333359,0.0
-68.25,0.91667175,0.0
-68.25,1.0,0.0
-68.25,1.0833359,0.0
-68.25,1.1666718,0.0
-68.25,1.25,0.0
-68.25,1.3333359,0.0
-68.25,1.4166718,0.0
-68.25,1.5,0.0
-68.25,1.5833359,0.0
-68.25,1.6666718,0.0
-68.25,1.75,0.0
-68.25,1.8333359,0.0
-68.25,1.9166718,0.0
-68.25,2.0,0.0
-68.25,2.0833359,0.0
-68.25,2.1666718,0.0
-68.25,2.25,0.0
-68.25,2.3333359,0.0
-68.25,2.4166718,0.0
-68.25,2.5,0.0
-68.25,2.5833359,0.0
-68.25,2.6666718,0.0
-68.25,2.75,0.0
-68.25,2.8333359,0.0
-68.25,2.9166718,0.0
-68.25,3.0,0.0
-68.25,3.0833359,0.0
-68.25,3.1666718,0.0
-68.25,3.25,0.0
-68.25,3.3333359,0.0
-68.25,3.4166718,0.0
-68.25,3.5,0.0
-68.25,3.5833359,0.0
-68.25,3.6666718,0.0
-68.25,3.75,0.0
-68.25,3.8333359,0.0
-68.25,3.9166718,0.0
-68.25,4.0,0.0
-68.25,4.083336,0.0
-68.25,4.1666718,0.0
-68.25,4.25,0.0
-68.25,4.333336,0.0
-68.25,4.4166718,0.0
-68.25,4.5,0.0
-68.25,4.583336,0.0
-68.25,4.6666718,0.0
-68.25,4.75,0.0
-68.25,4.833336,0.0
-68.25,4.9166718,0.0
-68.25,5.0,0.0
-68.25,5.083336,0.0
-68.25,5.1666718,0.0
-68.25,5.25,0.0
-68.25,5.333336,0.0
-68.25,5.4166718,0.0
-68.25,5.5,0.0
-68.25,5.583336,0.0
-68.25,5.6666718,0.0
-68.25,5.75,0.0
-68.25,5.833336,0.0
-68.25,5.9166718,0.0
-68.25,6.0,0.0
-68.25,6.083336,0.0
-68.25,6.1666718,0.0
-68.25,6.25,0.0
-68.25,6.333336,0.0
-68.25,6.4166718,0.0
-68.25,6.5,0.0
-68.25,6.583336,0.0
-68.25,6.6666718,0.0
-68.25,6.75,0.0
-68.25,6.833336,0.0
-68.25,6.9166718,0.0
-68.25,7.0,0.0
-68.25,7.083336,0.0
-68.25,7.1666718,0.0
-68.25,7.25,0.0
-68.25,7.333336,0.0
-68.25,7.4166718,0.0
-68.25,7.5,0.0
-68.25,7.583336,0.0
-68.25,7.6666718,0.0
-68.25,7.75,0.0
-68.25,7.833336,0.0
-68.25,7.9166718,0.0
-68.25,8.0,0.0
-68.25,8.083336,0.0
-68.25,8.166672,0.0
-68.25,8.25,0.0
-68.25,8.333336,0.0
-68.25,8.416672,0.0
-68.25,8.5,0.0
-68.25,8.583336,0.0
-68.25,8.666672,0.0
-68.25,8.75,0.0
-68.25,8.833336,0.0
-68.25,8.916672,0.0
-68.25,9.0,0.0
-68.25,9.083336,0.0
-68.25,9.166672,0.0
-68.25,9.25,0.0
-68.25,9.333336,0.0
-68.25,9.416672,0.0
-68.25,9.5,0.0
-68.25,9.583336,0.0
-68.25,9.666672,0.0
-68.25,9.75,0.0
-68.25,9.833336,0.0
-68.25,9.916672,0.0
-68.25,10.0,0.0
-68.25,10.083336,0.0
-68.25,10.166672,0.0
-68.25,10.25,0.0
-68.25,10.333336,0.0
-68.25,10.416672,0.0
-68.25,10.5,0.0
-68.25,10.583336,-0.056959
-68.25,10.666672,-0.058624
-68.25,10.75,-0.059414
-68.25,10.833336,-0.060253
-68.25,10.916672,-0.058676
-68.25,11.0,-0.055819
-68.25,11.083336,-0.054513
-68.25,11.166672,-0.046932
-68.25,11.25,-0.03923
-68.25,11.333336,-0.031443
-68.25,11.416672,-0.023136
-68.25,11.5,-0.012764
-68.25,11.583336,1.9e-05
-68.25,11.666672,0.010974
-68.25,11.75,0.023744
-68.25,11.833336,0.041646
-68.25,11.916672,0.060963
-68.25,12.0,0.077649
-68.25,12.083336,0.0
-68.25,12.166672,0.0
-68.25,12.25,0.076666
-68.25,12.333336,0.083952
-68.25,12.416672,0.090511
-68.166664,-4.25,0.0
-68.166664,-4.166664,0.0
-68.166664,-4.0833282,0.0
-68.166664,-4.0,0.0
-68.166664,-3.9166641,0.0
-68.166664,-3.8333282,0.0
-68.166664,-3.75,0.0
-68.166664,-3.6666641,0.0
-68.166664,-3.5833282,0.0
-68.166664,-3.5,0.0
-68.166664,-3.4166641,0.0
-68.166664,-3.3333282,0.0
-68.166664,-3.25,0.0
-68.166664,-3.1666641,0.0
-68.166664,-3.0833282,0.0
-68.166664,-3.0,0.0
-68.166664,-2.9166641,0.0
-68.166664,-2.8333282,0.0
-68.166664,-2.75,0.0
-68.166664,-2.6666641,0.0
-68.166664,-2.5833282,0.0
-68.166664,-2.5,0.0
-68.166664,-2.4166641,0.0
-68.166664,-2.3333282,0.0
-68.166664,-2.25,0.0
-68.166664,-2.1666641,0.0
-68.166664,-2.0833282,0.0
-68.166664,-2.0,0.0
-68.166664,-1.9166641,0.0
-68.166664,-1.8333282,0.0
-68.166664,-1.75,0.0
-68.166664,-1.6666641,0.0
-68.166664,-1.5833282,0.0
-68.166664,-1.5,0.0
-68.166664,-1.4166641,0.0
-68.166664,-1.3333282,0.0
-68.166664,-1.25,0.0
-68.166664,-1.1666641,0.0
-68.166664,-1.0833282,0.0
-68.166664,-1.0,0.0
-68.166664,-0.9166641,0.0
-68.166664,-0.83332825,0.0
-68.166664,-0.75,0.0
-68.166664,-0.6666641,0.0
-68.166664,-0.58332825,0.0
-68.166664,-0.5,0.0
-68.166664,-0.41666412,0.0
-68.166664,-0.33332825,0.0
-68.166664,-0.25,0.0
-68.166664,-0.16666412,0.0
-68.166664,-0.08332825,0.0
-68.166664,0.0,0.0
-68.166664,0.08333588,0.0
-68.166664,0.16667175,0.0
-68.166664,0.25,0.0
-68.166664,0.33333588,0.0
-68.166664,0.41667175,0.0
-68.166664,0.5,0.0
-68.166664,0.5833359,0.0
-68.166664,0.66667175,0.0
-68.166664,0.75,0.0
-68.166664,0.8333359,0.0
-68.166664,0.91667175,0.0
-68.166664,1.0,0.0
-68.166664,1.0833359,0.0
-68.166664,1.1666718,0.0
-68.166664,1.25,0.0
-68.166664,1.3333359,0.0
-68.166664,1.4166718,0.0
-68.166664,1.5,0.0
-68.166664,1.5833359,0.0
-68.166664,1.6666718,0.0
-68.166664,1.75,0.0
-68.166664,1.8333359,0.0
-68.166664,1.9166718,0.0
-68.166664,2.0,0.0
-68.166664,2.0833359,0.0
-68.166664,2.1666718,0.0
-68.166664,2.25,0.0
-68.166664,2.3333359,0.0
-68.166664,2.4166718,0.0
-68.166664,2.5,0.0
-68.166664,2.5833359,0.0
-68.166664,2.6666718,0.0
-68.166664,2.75,0.0
-68.166664,2.8333359,0.0
-68.166664,2.9166718,0.0
-68.166664,3.0,0.0
-68.166664,3.0833359,0.0
-68.166664,3.1666718,0.0
-68.166664,3.25,0.0
-68.166664,3.3333359,0.0
-68.166664,3.4166718,0.0
-68.166664,3.5,0.0
-68.166664,3.5833359,0.0
-68.166664,3.6666718,0.0
-68.166664,3.75,0.0
-68.166664,3.8333359,0.0
-68.166664,3.9166718,0.0
-68.166664,4.0,0.0
-68.166664,4.083336,0.0
-68.166664,4.1666718,0.0
-68.166664,4.25,0.0
-68.166664,4.333336,0.0
-68.166664,4.4166718,0.0
-68.166664,4.5,0.0
-68.166664,4.583336,0.0
-68.166664,4.6666718,0.0
-68.166664,4.75,0.0
-68.166664,4.833336,0.0
-68.166664,4.9166718,0.0
-68.166664,5.0,0.0
-68.166664,5.083336,0.0
-68.166664,5.1666718,0.0
-68.166664,5.25,0.0
-68.166664,5.333336,0.0
-68.166664,5.4166718,0.0
-68.166664,5.5,0.0
-68.166664,5.583336,0.0
-68.166664,5.6666718,0.0
-68.166664,5.75,0.0
-68.166664,5.833336,0.0
-68.166664,5.9166718,0.0
-68.166664,6.0,0.0
-68.166664,6.083336,0.0
-68.166664,6.1666718,0.0
-68.166664,6.25,0.0
-68.166664,6.333336,0.0
-68.166664,6.4166718,0.0
-68.166664,6.5,0.0
-68.166664,6.583336,0.0
-68.166664,6.6666718,0.0
-68.166664,6.75,0.0
-68.166664,6.833336,0.0
-68.166664,6.9166718,0.0
-68.166664,7.0,0.0
-68.166664,7.083336,0.0
-68.166664,7.1666718,0.0
-68.166664,7.25,0.0
-68.166664,7.333336,0.0
-68.166664,7.4166718,0.0
-68.166664,7.5,0.0
-68.166664,7.583336,0.0
-68.166664,7.6666718,0.0
-68.166664,7.75,0.0
-68.166664,7.833336,0.0
-68.166664,7.9166718,0.0
-68.166664,8.0,0.0
-68.166664,8.083336,0.0
-68.166664,8.166672,0.0
-68.166664,8.25,0.0
-68.166664,8.333336,0.0
-68.166664,8.416672,0.0
-68.166664,8.5,0.0
-68.166664,8.583336,0.0
-68.166664,8.666672,0.0
-68.166664,8.75,0.0
-68.166664,8.833336,0.0
-68.166664,8.916672,0.0
-68.166664,9.0,0.0
-68.166664,9.083336,0.0
-68.166664,9.166672,0.0
-68.166664,9.25,0.0
-68.166664,9.333336,0.0
-68.166664,9.416672,0.0
-68.166664,9.5,0.0
-68.166664,9.583336,0.0
-68.166664,9.666672,0.0
-68.166664,9.75,0.0
-68.166664,9.833336,0.0
-68.166664,9.916672,0.0
-68.166664,10.0,0.0
-68.166664,10.083336,0.0
-68.166664,10.166672,0.0
-68.166664,10.25,0.0
-68.166664,10.333336,0.0
-68.166664,10.416672,0.0
-68.166664,10.5,-0.057662
-68.166664,10.583336,-0.059092
-68.166664,10.666672,-0.06186
-68.166664,10.75,-0.06363
-68.166664,10.833336,-0.06488
-68.166664,10.916672,-0.06382
-68.166664,11.0,-0.057254
-68.166664,11.083336,-0.050114
-68.166664,11.166672,-0.043085
-68.166664,11.25,-0.034843
-68.166664,11.333336,-0.026212
-68.166664,11.416672,-0.01744
-68.166664,11.5,-0.007717
-68.166664,11.583336,0.003237
-68.166664,11.666672,0.014369
-68.166664,11.75,0.029028
-68.166664,11.833336,0.048966
-68.166664,11.916672,0.068664
-68.166664,12.0,0.086723
-68.166664,12.083336,0.097884
-68.166664,12.166672,0.092072
-68.166664,12.25,0.090182
-68.166664,12.333336,0.096196
-68.166664,12.416672,0.102726
-68.08333,-4.25,0.0
-68.08333,-4.166664,0.0
-68.08333,-4.0833282,0.0
-68.08333,-4.0,0.0
-68.08333,-3.9166641,0.0
-68.08333,-3.8333282,0.0
-68.08333,-3.75,0.0
-68.08333,-3.6666641,0.0
-68.08333,-3.5833282,0.0
-68.08333,-3.5,0.0
-68.08333,-3.4166641,0.0
-68.08333,-3.3333282,0.0
-68.08333,-3.25,0.0
-68.08333,-3.1666641,0.0
-68.08333,-3.0833282,0.0
-68.08333,-3.0,0.0
-68.08333,-2.9166641,0.0
-68.08333,-2.8333282,0.0
-68.08333,-2.75,0.0
-68.08333,-2.6666641,0.0
-68.08333,-2.5833282,0.0
-68.08333,-2.5,0.0
-68.08333,-2.4166641,0.0
-68.08333,-2.3333282,0.0
-68.08333,-2.25,0.0
-68.08333,-2.1666641,0.0
-68.08333,-2.0833282,0.0
-68.08333,-2.0,0.0
-68.08333,-1.9166641,0.0
-68.08333,-1.8333282,0.0
-68.08333,-1.75,0.0
-68.08333,-1.6666641,0.0
-68.08333,-1.5833282,0.0
-68.08333,-1.5,0.0
-68.08333,-1.4166641,0.0
-68.08333,-1.3333282,0.0
-68.08333,-1.25,0.0
-68.08333,-1.1666641,0.0
-68.08333,-1.0833282,0.0
-68.08333,-1.0,0.0
-68.08333,-0.9166641,0.0
-68.08333,-0.83332825,0.0
-68.08333,-0.75,0.0
-68.08333,-0.6666641,0.0
-68.08333,-0.58332825,0.0
-68.08333,-0.5,0.0
-68.08333,-0.41666412,0.0
-68.08333,-0.33332825,0.0
-68.08333,-0.25,0.0
-68.08333,-0.16666412,0.0
-68.08333,-0.08332825,0.0
-68.08333,0.0,0.0
-68.08333,0.08333588,0.0
-68.08333,0.16667175,0.0
-68.08333,0.25,0.0
-68.08333,0.33333588,0.0
-68.08333,0.41667175,0.0
-68.08333,0.5,0.0
-68.08333,0.5833359,0.0
-68.08333,0.66667175,0.0
-68.08333,0.75,0.0
-68.08333,0.8333359,0.0
-68.08333,0.91667175,0.0
-68.08333,1.0,0.0
-68.08333,1.0833359,0.0
-68.08333,1.1666718,0.0
-68.08333,1.25,0.0
-68.08333,1.3333359,0.0
-68.08333,1.4166718,0.0
-68.08333,1.5,0.0
-68.08333,1.5833359,0.0
-68.08333,1.6666718,0.0
-68.08333,1.75,0.0
-68.08333,1.8333359,0.0
-68.08333,1.9166718,0.0
-68.08333,2.0,0.0
-68.08333,2.0833359,0.0
-68.08333,2.1666718,0.0
-68.08333,2.25,0.0
-68.08333,2.3333359,0.0
-68.08333,2.4166718,0.0
-68.08333,2.5,0.0
-68.08333,2.5833359,0.0
-68.08333,2.6666718,0.0
-68.08333,2.75,0.0
-68.08333,2.8333359,0.0
-68.08333,2.9166718,0.0
-68.08333,3.0,0.0
-68.08333,3.0833359,0.0
-68.08333,3.1666718,0.0
-68.08333,3.25,0.0
-68.08333,3.3333359,0.0
-68.08333,3.4166718,0.0
-68.08333,3.5,0.0
-68.08333,3.5833359,0.0
-68.08333,3.6666718,0.0
-68.08333,3.75,0.0
-68.08333,3.8333359,0.0
-68.08333,3.9166718,0.0
-68.08333,4.0,0.0
-68.08333,4.083336,0.0
-68.08333,4.1666718,0.0
-68.08333,4.25,0.0
-68.08333,4.333336,0.0
-68.08333,4.4166718,0.0
-68.08333,4.5,0.0
-68.08333,4.583336,0.0
-68.08333,4.6666718,0.0
-68.08333,4.75,0.0
-68.08333,4.833336,0.0
-68.08333,4.9166718,0.0
-68.08333,5.0,0.0
-68.08333,5.083336,0.0
-68.08333,5.1666718,0.0
-68.08333,5.25,0.0
-68.08333,5.333336,0.0
-68.08333,5.4166718,0.0
-68.08333,5.5,0.0
-68.08333,5.583336,0.0
-68.08333,5.6666718,0.0
-68.08333,5.75,0.0
-68.08333,5.833336,0.0
-68.08333,5.9166718,0.0
-68.08333,6.0,0.0
-68.08333,6.083336,0.0
-68.08333,6.1666718,0.0
-68.08333,6.25,0.0
-68.08333,6.333336,0.0
-68.08333,6.4166718,0.0
-68.08333,6.5,0.0
-68.08333,6.583336,0.0
-68.08333,6.6666718,0.0
-68.08333,6.75,0.0
-68.08333,6.833336,0.0
-68.08333,6.9166718,0.0
-68.08333,7.0,0.0
-68.08333,7.083336,0.0
-68.08333,7.1666718,0.0
-68.08333,7.25,0.0
-68.08333,7.333336,0.0
-68.08333,7.4166718,0.0
-68.08333,7.5,0.0
-68.08333,7.583336,0.0
-68.08333,7.6666718,0.0
-68.08333,7.75,0.0
-68.08333,7.833336,0.0
-68.08333,7.9166718,0.0
-68.08333,8.0,0.0
-68.08333,8.083336,0.0
-68.08333,8.166672,0.0
-68.08333,8.25,0.0
-68.08333,8.333336,0.0
-68.08333,8.416672,0.0
-68.08333,8.5,0.0
-68.08333,8.583336,0.0
-68.08333,8.666672,0.0
-68.08333,8.75,0.0
-68.08333,8.833336,0.0
-68.08333,8.916672,0.0
-68.08333,9.0,0.0
-68.08333,9.083336,0.0
-68.08333,9.166672,0.0
-68.08333,9.25,0.0
-68.08333,9.333336,0.0
-68.08333,9.416672,0.0
-68.08333,9.5,0.0
-68.08333,9.583336,0.0
-68.08333,9.666672,0.0
-68.08333,9.75,0.0
-68.08333,9.833336,0.0
-68.08333,9.916672,0.0
-68.08333,10.0,0.0
-68.08333,10.083336,0.0
-68.08333,10.166672,0.0
-68.08333,10.25,0.0
-68.08333,10.333336,0.0
-68.08333,10.416672,0.0
-68.08333,10.5,-0.059562
-68.08333,10.583336,-0.062496
-68.08333,10.666672,-0.065898
-68.08333,10.75,-0.067776
-68.08333,10.833336,-0.068049
-68.08333,10.916672,-0.063398
-68.08333,11.0,-0.055446
-68.08333,11.083336,-0.045942
-68.08333,11.166672,-0.037441
-68.08333,11.25,-0.029881
-68.08333,11.333336,-0.022728
-68.08333,11.416672,-0.013181
-68.08333,11.5,-0.004178
-68.08333,11.583336,0.006143
-68.08333,11.666672,0.018245
-68.08333,11.75,0.034676
-68.08333,11.833336,0.054556
-68.08333,11.916672,0.07459
-68.08333,12.0,0.089328
-68.08333,12.083336,0.097839
-68.08333,12.166672,0.100037
-68.08333,12.25,0.102475
-68.08333,12.333336,0.106237
-68.08333,12.416672,0.111326
-68.0,-4.25,0.0
-68.0,-4.166664,0.0
-68.0,-4.0833282,0.0
-68.0,-4.0,0.0
-68.0,-3.9166641,0.0
-68.0,-3.8333282,0.0
-68.0,-3.75,0.0
-68.0,-3.6666641,0.0
-68.0,-3.5833282,0.0
-68.0,-3.5,0.0
-68.0,-3.4166641,0.0
-68.0,-3.3333282,0.0
-68.0,-3.25,0.0
-68.0,-3.1666641,0.0
-68.0,-3.0833282,0.0
-68.0,-3.0,0.0
-68.0,-2.9166641,0.0
-68.0,-2.8333282,0.0
-68.0,-2.75,0.0
-68.0,-2.6666641,0.0
-68.0,-2.5833282,0.0
-68.0,-2.5,0.0
-68.0,-2.4166641,0.0
-68.0,-2.3333282,0.0
-68.0,-2.25,0.0
-68.0,-2.1666641,0.0
-68.0,-2.0833282,0.0
-68.0,-2.0,0.0
-68.0,-1.9166641,0.0
-68.0,-1.8333282,0.0
-68.0,-1.75,0.0
-68.0,-1.6666641,0.0
-68.0,-1.5833282,0.0
-68.0,-1.5,0.0
-68.0,-1.4166641,0.0
-68.0,-1.3333282,0.0
-68.0,-1.25,0.0
-68.0,-1.1666641,0.0
-68.0,-1.0833282,0.0
-68.0,-1.0,0.0
-68.0,-0.9166641,0.0
-68.0,-0.83332825,0.0
-68.0,-0.75,0.0
-68.0,-0.6666641,0.0
-68.0,-0.58332825,0.0
-68.0,-0.5,0.0
-68.0,-0.41666412,0.0
-68.0,-0.33332825,0.0
-68.0,-0.25,0.0
-68.0,-0.16666412,0.0
-68.0,-0.08332825,0.0
-68.0,0.0,0.0
-68.0,0.08333588,0.0
-68.0,0.16667175,0.0
-68.0,0.25,0.0
-68.0,0.33333588,0.0
-68.0,0.41667175,0.0
-68.0,0.5,0.0
-68.0,0.5833359,0.0
-68.0,0.66667175,0.0
-68.0,0.75,0.0
-68.0,0.8333359,0.0
-68.0,0.91667175,0.0
-68.0,1.0,0.0
-68.0,1.0833359,0.0
-68.0,1.1666718,0.0
-68.0,1.25,0.0
-68.0,1.3333359,0.0
-68.0,1.4166718,0.0
-68.0,1.5,0.0
-68.0,1.5833359,0.0
-68.0,1.6666718,0.0
-68.0,1.75,0.0
-68.0,1.8333359,0.0
-68.0,1.9166718,0.0
-68.0,2.0,0.0
-68.0,2.0833359,0.0
-68.0,2.1666718,0.0
-68.0,2.25,0.0
-68.0,2.3333359,0.0
-68.0,2.4166718,0.0
-68.0,2.5,0.0
-68.0,2.5833359,0.0
-68.0,2.6666718,0.0
-68.0,2.75,0.0
-68.0,2.8333359,0.0
-68.0,2.9166718,0.0
-68.0,3.0,0.0
-68.0,3.0833359,0.0
-68.0,3.1666718,0.0
-68.0,3.25,0.0
-68.0,3.3333359,0.0
-68.0,3.4166718,0.0
-68.0,3.5,0.0
-68.0,3.5833359,0.0
-68.0,3.6666718,0.0
-68.0,3.75,0.0
-68.0,3.8333359,0.0
-68.0,3.9166718,0.0
-68.0,4.0,0.0
-68.0,4.083336,0.0
-68.0,4.1666718,0.0
-68.0,4.25,0.0
-68.0,4.333336,0.0
-68.0,4.4166718,0.0
-68.0,4.5,0.0
-68.0,4.583336,0.0
-68.0,4.6666718,0.0
-68.0,4.75,0.0
-68.0,4.833336,0.0
-68.0,4.9166718,0.0
-68.0,5.0,0.0
-68.0,5.083336,0.0
-68.0,5.1666718,0.0
-68.0,5.25,0.0
-68.0,5.333336,0.0
-68.0,5.4166718,0.0
-68.0,5.5,0.0
-68.0,5.583336,0.0
-68.0,5.6666718,0.0
-68.0,5.75,0.0
-68.0,5.833336,0.0
-68.0,5.9166718,0.0
-68.0,6.0,0.0
-68.0,6.083336,0.0
-68.0,6.1666718,0.0
-68.0,6.25,0.0
-68.0,6.333336,0.0
-68.0,6.4166718,0.0
-68.0,6.5,0.0
-68.0,6.583336,0.0
-68.0,6.6666718,0.0
-68.0,6.75,0.0
-68.0,6.833336,0.0
-68.0,6.9166718,0.0
-68.0,7.0,0.0
-68.0,7.083336,0.0
-68.0,7.1666718,0.0
-68.0,7.25,0.0
-68.0,7.333336,0.0
-68.0,7.4166718,0.0
-68.0,7.5,0.0
-68.0,7.583336,0.0
-68.0,7.6666718,0.0
-68.0,7.75,0.0
-68.0,7.833336,0.0
-68.0,7.9166718,0.0
-68.0,8.0,0.0
-68.0,8.083336,0.0
-68.0,8.166672,0.0
-68.0,8.25,0.0
-68.0,8.333336,0.0
-68.0,8.416672,0.0
-68.0,8.5,0.0
-68.0,8.583336,0.0
-68.0,8.666672,0.0
-68.0,8.75,0.0
-68.0,8.833336,0.0
-68.0,8.916672,0.0
-68.0,9.0,0.0
-68.0,9.083336,0.0
-68.0,9.166672,0.0
-68.0,9.25,0.0
-68.0,9.333336,0.0
-68.0,9.416672,0.0
-68.0,9.5,0.0
-68.0,9.583336,0.0
-68.0,9.666672,0.0
-68.0,9.75,0.0
-68.0,9.833336,0.0
-68.0,9.916672,0.0
-68.0,10.0,0.0
-68.0,10.083336,0.0
-68.0,10.166672,0.0
-68.0,10.25,0.0
-68.0,10.333336,0.0
-68.0,10.416672,0.0
-68.0,10.5,-0.062088
-68.0,10.583336,-0.065656
-68.0,10.666672,-0.069306
-68.0,10.75,-0.070317
-68.0,10.833336,-0.068715
-68.0,10.916672,-0.061701
-68.0,11.0,-0.052864
-68.0,11.083336,-0.043752
-68.0,11.166672,-0.036056
-68.0,11.25,-0.028756
-68.0,11.333336,-0.019572
-68.0,11.416672,-0.010575
-68.0,11.5,-0.002318
-68.0,11.583336,0.007909
-68.0,11.666672,0.022345
-68.0,11.75,0.040149
-68.0,11.833336,0.059848
-68.0,11.916672,0.0788
-68.0,12.0,0.092412
-68.0,12.083336,0.100091
-68.0,12.166672,0.102457
-68.0,12.25,0.104556
-68.0,12.333336,0.107939
-68.0,12.416672,0.115102
-67.916664,-4.25,0.0
-67.916664,-4.166664,0.0
-67.916664,-4.0833282,0.0
-67.916664,-4.0,0.0
-67.916664,-3.9166641,0.0
-67.916664,-3.8333282,0.0
-67.916664,-3.75,0.0
-67.916664,-3.6666641,0.0
-67.916664,-3.5833282,0.0
-67.916664,-3.5,0.0
-67.916664,-3.4166641,0.0
-67.916664,-3.3333282,0.0
-67.916664,-3.25,0.0
-67.916664,-3.1666641,0.0
-67.916664,-3.0833282,0.0
-67.916664,-3.0,0.0
-67.916664,-2.9166641,0.0
-67.916664,-2.8333282,0.0
-67.916664,-2.75,0.0
-67.916664,-2.6666641,0.0
-67.916664,-2.5833282,0.0
-67.916664,-2.5,0.0
-67.916664,-2.4166641,0.0
-67.916664,-2.3333282,0.0
-67.916664,-2.25,0.0
-67.916664,-2.1666641,0.0
-67.916664,-2.0833282,0.0
-67.916664,-2.0,0.0
-67.916664,-1.9166641,0.0
-67.916664,-1.8333282,0.0
-67.916664,-1.75,0.0
-67.916664,-1.6666641,0.0
-67.916664,-1.5833282,0.0
-67.916664,-1.5,0.0
-67.916664,-1.4166641,0.0
-67.916664,-1.3333282,0.0
-67.916664,-1.25,0.0
-67.916664,-1.1666641,0.0
-67.916664,-1.0833282,0.0
-67.916664,-1.0,0.0
-67.916664,-0.9166641,0.0
-67.916664,-0.83332825,0.0
-67.916664,-0.75,0.0
-67.916664,-0.6666641,0.0
-67.916664,-0.58332825,0.0
-67.916664,-0.5,0.0
-67.916664,-0.41666412,0.0
-67.916664,-0.33332825,0.0
-67.916664,-0.25,0.0
-67.916664,-0.16666412,0.0
-67.916664,-0.08332825,0.0
-67.916664,0.0,0.0
-67.916664,0.08333588,0.0
-67.916664,0.16667175,0.0
-67.916664,0.25,0.0
-67.916664,0.33333588,0.0
-67.916664,0.41667175,0.0
-67.916664,0.5,0.0
-67.916664,0.5833359,0.0
-67.916664,0.66667175,0.0
-67.916664,0.75,0.0
-67.916664,0.8333359,0.0
-67.916664,0.91667175,0.0
-67.916664,1.0,0.0
-67.916664,1.0833359,0.0
-67.916664,1.1666718,0.0
-67.916664,1.25,0.0
-67.916664,1.3333359,0.0
-67.916664,1.4166718,0.0
-67.916664,1.5,0.0
-67.916664,1.5833359,0.0
-67.916664,1.6666718,0.0
-67.916664,1.75,0.0
-67.916664,1.8333359,0.0
-67.916664,1.9166718,0.0
-67.916664,2.0,0.0
-67.916664,2.0833359,0.0
-67.916664,2.1666718,0.0
-67.916664,2.25,0.0
-67.916664,2.3333359,0.0
-67.916664,2.4166718,0.0
-67.916664,2.5,0.0
-67.916664,2.5833359,0.0
-67.916664,2.6666718,0.0
-67.916664,2.75,0.0
-67.916664,2.8333359,0.0
-67.916664,2.9166718,0.0
-67.916664,3.0,0.0
-67.916664,3.0833359,0.0
-67.916664,3.1666718,0.0
-67.916664,3.25,0.0
-67.916664,3.3333359,0.0
-67.916664,3.4166718,0.0
-67.916664,3.5,0.0
-67.916664,3.5833359,0.0
-67.916664,3.6666718,0.0
-67.916664,3.75,0.0
-67.916664,3.8333359,0.0
-67.916664,3.9166718,0.0
-67.916664,4.0,0.0
-67.916664,4.083336,0.0
-67.916664,4.1666718,0.0
-67.916664,4.25,0.0
-67.916664,4.333336,0.0
-67.916664,4.4166718,0.0
-67.916664,4.5,0.0
-67.916664,4.583336,0.0
-67.916664,4.6666718,0.0
-67.916664,4.75,0.0
-67.916664,4.833336,0.0
-67.916664,4.9166718,0.0
-67.916664,5.0,0.0
-67.916664,5.083336,0.0
-67.916664,5.1666718,0.0
-67.916664,5.25,0.0
-67.916664,5.333336,0.0
-67.916664,5.4166718,0.0
-67.916664,5.5,0.0
-67.916664,5.583336,0.0
-67.916664,5.6666718,0.0
-67.916664,5.75,0.0
-67.916664,5.833336,0.0
-67.916664,5.9166718,0.0
-67.916664,6.0,0.0
-67.916664,6.083336,0.0
-67.916664,6.1666718,0.0
-67.916664,6.25,0.0
-67.916664,6.333336,0.0
-67.916664,6.4166718,0.0
-67.916664,6.5,0.0
-67.916664,6.583336,0.0
-67.916664,6.6666718,0.0
-67.916664,6.75,0.0
-67.916664,6.833336,0.0
-67.916664,6.9166718,0.0
-67.916664,7.0,0.0
-67.916664,7.083336,0.0
-67.916664,7.1666718,0.0
-67.916664,7.25,0.0
-67.916664,7.333336,0.0
-67.916664,7.4166718,0.0
-67.916664,7.5,0.0
-67.916664,7.583336,0.0
-67.916664,7.6666718,0.0
-67.916664,7.75,0.0
-67.916664,7.833336,0.0
-67.916664,7.9166718,0.0
-67.916664,8.0,0.0
-67.916664,8.083336,0.0
-67.916664,8.166672,0.0
-67.916664,8.25,0.0
-67.916664,8.333336,0.0
-67.916664,8.416672,0.0
-67.916664,8.5,0.0
-67.916664,8.583336,0.0
-67.916664,8.666672,0.0
-67.916664,8.75,0.0
-67.916664,8.833336,0.0
-67.916664,8.916672,0.0
-67.916664,9.0,0.0
-67.916664,9.083336,0.0
-67.916664,9.166672,0.0
-67.916664,9.25,0.0
-67.916664,9.333336,0.0
-67.916664,9.416672,0.0
-67.916664,9.5,0.0
-67.916664,9.583336,0.0
-67.916664,9.666672,0.0
-67.916664,9.75,0.0
-67.916664,9.833336,0.0
-67.916664,9.916672,0.0
-67.916664,10.0,0.0
-67.916664,10.083336,0.0
-67.916664,10.166672,0.0
-67.916664,10.25,0.0
-67.916664,10.333336,0.0
-67.916664,10.416672,0.0
-67.916664,10.5,-0.064609
-67.916664,10.583336,-0.069384
-67.916664,10.666672,-0.0726
-67.916664,10.75,-0.071609
-67.916664,10.833336,-0.067576
-67.916664,10.916672,-0.060199
-67.916664,11.0,-0.050633
-67.916664,11.083336,-0.041949
-67.916664,11.166672,-0.033906
-67.916664,11.25,-0.025647
-67.916664,11.333336,-0.016381
-67.916664,11.416672,-0.009433
-67.916664,11.5,-0.002559
-67.916664,11.583336,0.009202
-67.916664,11.666672,0.026299
-67.916664,11.75,0.044428
-67.916664,11.833336,0.064425
-67.916664,11.916672,0.083806
-67.916664,12.0,0.096263
-67.916664,12.083336,0.101126
-67.916664,12.166672,0.102788
-67.916664,12.25,0.104448
-67.916664,12.333336,0.110246
-67.916664,12.416672,0.119741
-67.83333,-4.25,0.0
-67.83333,-4.166664,0.0
-67.83333,-4.0833282,0.0
-67.83333,-4.0,0.0
-67.83333,-3.9166641,0.0
-67.83333,-3.8333282,0.0
-67.83333,-3.75,0.0
-67.83333,-3.6666641,0.0
-67.83333,-3.5833282,0.0
-67.83333,-3.5,0.0
-67.83333,-3.4166641,0.0
-67.83333,-3.3333282,0.0
-67.83333,-3.25,0.0
-67.83333,-3.1666641,0.0
-67.83333,-3.0833282,0.0
-67.83333,-3.0,0.0
-67.83333,-2.9166641,0.0
-67.83333,-2.8333282,0.0
-67.83333,-2.75,0.0
-67.83333,-2.6666641,0.0
-67.83333,-2.5833282,0.0
-67.83333,-2.5,0.0
-67.83333,-2.4166641,0.0
-67.83333,-2.3333282,0.0
-67.83333,-2.25,0.0
-67.83333,-2.1666641,0.0
-67.83333,-2.0833282,0.0
-67.83333,-2.0,0.0
-67.83333,-1.9166641,0.0
-67.83333,-1.8333282,0.0
-67.83333,-1.75,0.0
-67.83333,-1.6666641,0.0
-67.83333,-1.5833282,0.0
-67.83333,-1.5,0.0
-67.83333,-1.4166641,0.0
-67.83333,-1.3333282,0.0
-67.83333,-1.25,0.0
-67.83333,-1.1666641,0.0
-67.83333,-1.0833282,0.0
-67.83333,-1.0,0.0
-67.83333,-0.9166641,0.0
-67.83333,-0.83332825,0.0
-67.83333,-0.75,0.0
-67.83333,-0.6666641,0.0
-67.83333,-0.58332825,0.0
-67.83333,-0.5,0.0
-67.83333,-0.41666412,0.0
-67.83333,-0.33332825,0.0
-67.83333,-0.25,0.0
-67.83333,-0.16666412,0.0
-67.83333,-0.08332825,0.0
-67.83333,0.0,0.0
-67.83333,0.08333588,0.0
-67.83333,0.16667175,0.0
-67.83333,0.25,0.0
-67.83333,0.33333588,0.0
-67.83333,0.41667175,0.0
-67.83333,0.5,0.0
-67.83333,0.5833359,0.0
-67.83333,0.66667175,0.0
-67.83333,0.75,0.0
-67.83333,0.8333359,0.0
-67.83333,0.91667175,0.0
-67.83333,1.0,0.0
-67.83333,1.0833359,0.0
-67.83333,1.1666718,0.0
-67.83333,1.25,0.0
-67.83333,1.3333359,0.0
-67.83333,1.4166718,0.0
-67.83333,1.5,0.0
-67.83333,1.5833359,0.0
-67.83333,1.6666718,0.0
-67.83333,1.75,0.0
-67.83333,1.8333359,0.0
-67.83333,1.9166718,0.0
-67.83333,2.0,0.0
-67.83333,2.0833359,0.0
-67.83333,2.1666718,0.0
-67.83333,2.25,0.0
-67.83333,2.3333359,0.0
-67.83333,2.4166718,0.0
-67.83333,2.5,0.0
-67.83333,2.5833359,0.0
-67.83333,2.6666718,0.0
-67.83333,2.75,0.0
-67.83333,2.8333359,0.0
-67.83333,2.9166718,0.0
-67.83333,3.0,0.0
-67.83333,3.0833359,0.0
-67.83333,3.1666718,0.0
-67.83333,3.25,0.0
-67.83333,3.3333359,0.0
-67.83333,3.4166718,0.0
-67.83333,3.5,0.0
-67.83333,3.5833359,0.0
-67.83333,3.6666718,0.0
-67.83333,3.75,0.0
-67.83333,3.8333359,0.0
-67.83333,3.9166718,0.0
-67.83333,4.0,0.0
-67.83333,4.083336,0.0
-67.83333,4.1666718,0.0
-67.83333,4.25,0.0
-67.83333,4.333336,0.0
-67.83333,4.4166718,0.0
-67.83333,4.5,0.0
-67.83333,4.583336,0.0
-67.83333,4.6666718,0.0
-67.83333,4.75,0.0
-67.83333,4.833336,0.0
-67.83333,4.9166718,0.0
-67.83333,5.0,0.0
-67.83333,5.083336,0.0
-67.83333,5.1666718,0.0
-67.83333,5.25,0.0
-67.83333,5.333336,0.0
-67.83333,5.4166718,0.0
-67.83333,5.5,0.0
-67.83333,5.583336,0.0
-67.83333,5.6666718,0.0
-67.83333,5.75,0.0
-67.83333,5.833336,0.0
-67.83333,5.9166718,0.0
-67.83333,6.0,0.0
-67.83333,6.083336,0.0
-67.83333,6.1666718,0.0
-67.83333,6.25,0.0
-67.83333,6.333336,0.0
-67.83333,6.4166718,0.0
-67.83333,6.5,0.0
-67.83333,6.583336,0.0
-67.83333,6.6666718,0.0
-67.83333,6.75,0.0
-67.83333,6.833336,0.0
-67.83333,6.9166718,0.0
-67.83333,7.0,0.0
-67.83333,7.083336,0.0
-67.83333,7.1666718,0.0
-67.83333,7.25,0.0
-67.83333,7.333336,0.0
-67.83333,7.4166718,0.0
-67.83333,7.5,0.0
-67.83333,7.583336,0.0
-67.83333,7.6666718,0.0
-67.83333,7.75,0.0
-67.83333,7.833336,0.0
-67.83333,7.9166718,0.0
-67.83333,8.0,0.0
-67.83333,8.083336,0.0
-67.83333,8.166672,0.0
-67.83333,8.25,0.0
-67.83333,8.333336,0.0
-67.83333,8.416672,0.0
-67.83333,8.5,0.0
-67.83333,8.583336,0.0
-67.83333,8.666672,0.0
-67.83333,8.75,0.0
-67.83333,8.833336,0.0
-67.83333,8.916672,0.0
-67.83333,9.0,0.0
-67.83333,9.083336,0.0
-67.83333,9.166672,0.0
-67.83333,9.25,0.0
-67.83333,9.333336,0.0
-67.83333,9.416672,0.0
-67.83333,9.5,0.0
-67.83333,9.583336,0.0
-67.83333,9.666672,0.0
-67.83333,9.75,0.0
-67.83333,9.833336,0.0
-67.83333,9.916672,0.0
-67.83333,10.0,0.0
-67.83333,10.083336,0.0
-67.83333,10.166672,0.0
-67.83333,10.25,0.0
-67.83333,10.333336,0.0
-67.83333,10.416672,0.0
-67.83333,10.5,-0.067497
-67.83333,10.583336,-0.073174
-67.83333,10.666672,-0.075616
-67.83333,10.75,-0.072503
-67.83333,10.833336,-0.06719
-67.83333,10.916672,-0.059204
-67.83333,11.0,-0.050227
-67.83333,11.083336,-0.040948
-67.83333,11.166672,-0.032477
-67.83333,11.25,-0.024305
-67.83333,11.333336,-0.015691
-67.83333,11.416672,-0.009065
-67.83333,11.5,-0.002885
-67.83333,11.583336,0.011053
-67.83333,11.666672,0.029966
-67.83333,11.75,0.048782
-67.83333,11.833336,0.069284
-67.83333,11.916672,0.088528
-67.83333,12.0,0.098813
-67.83333,12.083336,0.100755
-67.83333,12.166672,0.100093
-67.83333,12.25,0.103118
-67.83333,12.333336,0.111189
-67.83333,12.416672,0.123149
-67.75,-4.25,0.0
-67.75,-4.166664,0.0
-67.75,-4.0833282,0.0
-67.75,-4.0,0.0
-67.75,-3.9166641,0.0
-67.75,-3.8333282,0.0
-67.75,-3.75,0.0
-67.75,-3.6666641,0.0
-67.75,-3.5833282,0.0
-67.75,-3.5,0.0
-67.75,-3.4166641,0.0
-67.75,-3.3333282,0.0
-67.75,-3.25,0.0
-67.75,-3.1666641,0.0
-67.75,-3.0833282,0.0
-67.75,-3.0,0.0
-67.75,-2.9166641,0.0
-67.75,-2.8333282,0.0
-67.75,-2.75,0.0
-67.75,-2.6666641,0.0
-67.75,-2.5833282,0.0
-67.75,-2.5,0.0
-67.75,-2.4166641,0.0
-67.75,-2.3333282,0.0
-67.75,-2.25,0.0
-67.75,-2.1666641,0.0
-67.75,-2.0833282,0.0
-67.75,-2.0,0.0
-67.75,-1.9166641,0.0
-67.75,-1.8333282,0.0
-67.75,-1.75,0.0
-67.75,-1.6666641,0.0
-67.75,-1.5833282,0.0
-67.75,-1.5,0.0
-67.75,-1.4166641,0.0
-67.75,-1.3333282,0.0
-67.75,-1.25,0.0
-67.75,-1.1666641,0.0
-67.75,-1.0833282,0.0
-67.75,-1.0,0.0
-67.75,-0.9166641,0.0
-67.75,-0.83332825,0.0
-67.75,-0.75,0.0
-67.75,-0.6666641,0.0
-67.75,-0.58332825,0.0
-67.75,-0.5,0.0
-67.75,-0.41666412,0.0
-67.75,-0.33332825,0.0
-67.75,-0.25,0.0
-67.75,-0.16666412,0.0
-67.75,-0.08332825,0.0
-67.75,0.0,0.0
-67.75,0.08333588,0.0
-67.75,0.16667175,0.0
-67.75,0.25,0.0
-67.75,0.33333588,0.0
-67.75,0.41667175,0.0
-67.75,0.5,0.0
-67.75,0.5833359,0.0
-67.75,0.66667175,0.0
-67.75,0.75,0.0
-67.75,0.8333359,0.0
-67.75,0.91667175,0.0
-67.75,1.0,0.0
-67.75,1.0833359,0.0
-67.75,1.1666718,0.0
-67.75,1.25,0.0
-67.75,1.3333359,0.0
-67.75,1.4166718,0.0
-67.75,1.5,0.0
-67.75,1.5833359,0.0
-67.75,1.6666718,0.0
-67.75,1.75,0.0
-67.75,1.8333359,0.0
-67.75,1.9166718,0.0
-67.75,2.0,0.0
-67.75,2.0833359,0.0
-67.75,2.1666718,0.0
-67.75,2.25,0.0
-67.75,2.3333359,0.0
-67.75,2.4166718,0.0
-67.75,2.5,0.0
-67.75,2.5833359,0.0
-67.75,2.6666718,0.0
-67.75,2.75,0.0
-67.75,2.8333359,0.0
-67.75,2.9166718,0.0
-67.75,3.0,0.0
-67.75,3.0833359,0.0
-67.75,3.1666718,0.0
-67.75,3.25,0.0
-67.75,3.3333359,0.0
-67.75,3.4166718,0.0
-67.75,3.5,0.0
-67.75,3.5833359,0.0
-67.75,3.6666718,0.0
-67.75,3.75,0.0
-67.75,3.8333359,0.0
-67.75,3.9166718,0.0
-67.75,4.0,0.0
-67.75,4.083336,0.0
-67.75,4.1666718,0.0
-67.75,4.25,0.0
-67.75,4.333336,0.0
-67.75,4.4166718,0.0
-67.75,4.5,0.0
-67.75,4.583336,0.0
-67.75,4.6666718,0.0
-67.75,4.75,0.0
-67.75,4.833336,0.0
-67.75,4.9166718,0.0
-67.75,5.0,0.0
-67.75,5.083336,0.0
-67.75,5.1666718,0.0
-67.75,5.25,0.0
-67.75,5.333336,0.0
-67.75,5.4166718,0.0
-67.75,5.5,0.0
-67.75,5.583336,0.0
-67.75,5.6666718,0.0
-67.75,5.75,0.0
-67.75,5.833336,0.0
-67.75,5.9166718,0.0
-67.75,6.0,0.0
-67.75,6.083336,0.0
-67.75,6.1666718,0.0
-67.75,6.25,0.0
-67.75,6.333336,0.0
-67.75,6.4166718,0.0
-67.75,6.5,0.0
-67.75,6.583336,0.0
-67.75,6.6666718,0.0
-67.75,6.75,0.0
-67.75,6.833336,0.0
-67.75,6.9166718,0.0
-67.75,7.0,0.0
-67.75,7.083336,0.0
-67.75,7.1666718,0.0
-67.75,7.25,0.0
-67.75,7.333336,0.0
-67.75,7.4166718,0.0
-67.75,7.5,0.0
-67.75,7.583336,0.0
-67.75,7.6666718,0.0
-67.75,7.75,0.0
-67.75,7.833336,0.0
-67.75,7.9166718,0.0
-67.75,8.0,0.0
-67.75,8.083336,0.0
-67.75,8.166672,0.0
-67.75,8.25,0.0
-67.75,8.333336,0.0
-67.75,8.416672,0.0
-67.75,8.5,0.0
-67.75,8.583336,0.0
-67.75,8.666672,0.0
-67.75,8.75,0.0
-67.75,8.833336,0.0
-67.75,8.916672,0.0
-67.75,9.0,0.0
-67.75,9.083336,0.0
-67.75,9.166672,0.0
-67.75,9.25,0.0
-67.75,9.333336,0.0
-67.75,9.416672,0.0
-67.75,9.5,0.0
-67.75,9.583336,0.0
-67.75,9.666672,0.0
-67.75,9.75,0.0
-67.75,9.833336,0.0
-67.75,9.916672,0.0
-67.75,10.0,0.0
-67.75,10.083336,0.0
-67.75,10.166672,0.0
-67.75,10.25,0.0
-67.75,10.333336,0.0
-67.75,10.416672,0.0
-67.75,10.5,-0.068885
-67.75,10.583336,-0.076614
-67.75,10.666672,-0.078387
-67.75,10.75,-0.072822
-67.75,10.833336,-0.066192
-67.75,10.916672,-0.058766
-67.75,11.0,-0.049902
-67.75,11.083336,-0.040208
-67.75,11.166672,-0.031811
-67.75,11.25,-0.023453
-67.75,11.333336,-0.015573
-67.75,11.416672,-0.008969
-67.75,11.5,-0.001319
-67.75,11.583336,0.014638
-67.75,11.666672,0.035562
-67.75,11.75,0.05392
-67.75,11.833336,0.07478
-67.75,11.916672,0.09303
-67.75,12.0,0.098884
-67.75,12.083336,0.098637
-67.75,12.166672,0.098075
-67.75,12.25,0.102192
-67.75,12.333336,0.109996
-67.75,12.416672,0.125837
-67.666664,-4.25,0.0
-67.666664,-4.166664,0.0
-67.666664,-4.0833282,0.0
-67.666664,-4.0,0.0
-67.666664,-3.9166641,0.0
-67.666664,-3.8333282,0.0
-67.666664,-3.75,0.0
-67.666664,-3.6666641,0.0
-67.666664,-3.5833282,0.0
-67.666664,-3.5,0.0
-67.666664,-3.4166641,0.0
-67.666664,-3.3333282,0.0
-67.666664,-3.25,0.0
-67.666664,-3.1666641,0.0
-67.666664,-3.0833282,0.0
-67.666664,-3.0,0.0
-67.666664,-2.9166641,0.0
-67.666664,-2.8333282,0.0
-67.666664,-2.75,0.0
-67.666664,-2.6666641,0.0
-67.666664,-2.5833282,0.0
-67.666664,-2.5,0.0
-67.666664,-2.4166641,0.0
-67.666664,-2.3333282,0.0
-67.666664,-2.25,0.0
-67.666664,-2.1666641,0.0
-67.666664,-2.0833282,0.0
-67.666664,-2.0,0.0
-67.666664,-1.9166641,0.0
-67.666664,-1.8333282,0.0
-67.666664,-1.75,0.0
-67.666664,-1.6666641,0.0
-67.666664,-1.5833282,0.0
-67.666664,-1.5,0.0
-67.666664,-1.4166641,0.0
-67.666664,-1.3333282,0.0
-67.666664,-1.25,0.0
-67.666664,-1.1666641,0.0
-67.666664,-1.0833282,0.0
-67.666664,-1.0,0.0
-67.666664,-0.9166641,0.0
-67.666664,-0.83332825,0.0
-67.666664,-0.75,0.0
-67.666664,-0.6666641,0.0
-67.666664,-0.58332825,0.0
-67.666664,-0.5,0.0
-67.666664,-0.41666412,0.0
-67.666664,-0.33332825,0.0
-67.666664,-0.25,0.0
-67.666664,-0.16666412,0.0
-67.666664,-0.08332825,0.0
-67.666664,0.0,0.0
-67.666664,0.08333588,0.0
-67.666664,0.16667175,0.0
-67.666664,0.25,0.0
-67.666664,0.33333588,0.0
-67.666664,0.41667175,0.0
-67.666664,0.5,0.0
-67.666664,0.5833359,0.0
-67.666664,0.66667175,0.0
-67.666664,0.75,0.0
-67.666664,0.8333359,0.0
-67.666664,0.91667175,0.0
-67.666664,1.0,0.0
-67.666664,1.0833359,0.0
-67.666664,1.1666718,0.0
-67.666664,1.25,0.0
-67.666664,1.3333359,0.0
-67.666664,1.4166718,0.0
-67.666664,1.5,0.0
-67.666664,1.5833359,0.0
-67.666664,1.6666718,0.0
-67.666664,1.75,0.0
-67.666664,1.8333359,0.0
-67.666664,1.9166718,0.0
-67.666664,2.0,0.0
-67.666664,2.0833359,0.0
-67.666664,2.1666718,0.0
-67.666664,2.25,0.0
-67.666664,2.3333359,0.0
-67.666664,2.4166718,0.0
-67.666664,2.5,0.0
-67.666664,2.5833359,0.0
-67.666664,2.6666718,0.0
-67.666664,2.75,0.0
-67.666664,2.8333359,0.0
-67.666664,2.9166718,0.0
-67.666664,3.0,0.0
-67.666664,3.0833359,0.0
-67.666664,3.1666718,0.0
-67.666664,3.25,0.0
-67.666664,3.3333359,0.0
-67.666664,3.4166718,0.0
-67.666664,3.5,0.0
-67.666664,3.5833359,0.0
-67.666664,3.6666718,0.0
-67.666664,3.75,0.0
-67.666664,3.8333359,0.0
-67.666664,3.9166718,0.0
-67.666664,4.0,0.0
-67.666664,4.083336,0.0
-67.666664,4.1666718,0.0
-67.666664,4.25,0.0
-67.666664,4.333336,0.0
-67.666664,4.4166718,0.0
-67.666664,4.5,0.0
-67.666664,4.583336,0.0
-67.666664,4.6666718,0.0
-67.666664,4.75,0.0
-67.666664,4.833336,0.0
-67.666664,4.9166718,0.0
-67.666664,5.0,0.0
-67.666664,5.083336,0.0
-67.666664,5.1666718,0.0
-67.666664,5.25,0.0
-67.666664,5.333336,0.0
-67.666664,5.4166718,0.0
-67.666664,5.5,0.0
-67.666664,5.583336,0.0
-67.666664,5.6666718,0.0
-67.666664,5.75,0.0
-67.666664,5.833336,0.0
-67.666664,5.9166718,0.0
-67.666664,6.0,0.0
-67.666664,6.083336,0.0
-67.666664,6.1666718,0.0
-67.666664,6.25,0.0
-67.666664,6.333336,0.0
-67.666664,6.4166718,0.0
-67.666664,6.5,0.0
-67.666664,6.583336,0.0
-67.666664,6.6666718,0.0
-67.666664,6.75,0.0
-67.666664,6.833336,0.0
-67.666664,6.9166718,0.0
-67.666664,7.0,0.0
-67.666664,7.083336,0.0
-67.666664,7.1666718,0.0
-67.666664,7.25,0.0
-67.666664,7.333336,0.0
-67.666664,7.4166718,0.0
-67.666664,7.5,0.0
-67.666664,7.583336,0.0
-67.666664,7.6666718,0.0
-67.666664,7.75,0.0
-67.666664,7.833336,0.0
-67.666664,7.9166718,0.0
-67.666664,8.0,0.0
-67.666664,8.083336,0.0
-67.666664,8.166672,0.0
-67.666664,8.25,0.0
-67.666664,8.333336,0.0
-67.666664,8.416672,0.0
-67.666664,8.5,0.0
-67.666664,8.583336,0.0
-67.666664,8.666672,0.0
-67.666664,8.75,0.0
-67.666664,8.833336,0.0
-67.666664,8.916672,0.0
-67.666664,9.0,0.0
-67.666664,9.083336,0.0
-67.666664,9.166672,0.0
-67.666664,9.25,0.0
-67.666664,9.333336,0.0
-67.666664,9.416672,0.0
-67.666664,9.5,0.0
-67.666664,9.583336,0.0
-67.666664,9.666672,0.0
-67.666664,9.75,0.0
-67.666664,9.833336,0.0
-67.666664,9.916672,0.0
-67.666664,10.0,0.0
-67.666664,10.083336,0.0
-67.666664,10.166672,0.0
-67.666664,10.25,0.0
-67.666664,10.333336,0.0
-67.666664,10.416672,0.0
-67.666664,10.5,-0.067554
-67.666664,10.583336,-0.072654
-67.666664,10.666672,-0.074963
-67.666664,10.75,-0.071683
-67.666664,10.833336,-0.065676
-67.666664,10.916672,-0.05832
-67.666664,11.0,-0.050055
-67.666664,11.083336,-0.040309
-67.666664,11.166672,-0.031748
-67.666664,11.25,-0.023588
-67.666664,11.333336,-0.015684
-67.666664,11.416672,-0.008675
-67.666664,11.5,0.002724
-67.666664,11.583336,0.021134
-67.666664,11.666672,0.043151
-67.666664,11.75,0.060357
-67.666664,11.833336,0.079984
-67.666664,11.916672,0.099957
-67.666664,12.0,0.10228
-67.666664,12.083336,0.099037
-67.666664,12.166672,0.099001
-67.666664,12.25,0.101711
-67.666664,12.333336,0.112123
-67.666664,12.416672,0.131648
-67.58333,-4.25,0.0
-67.58333,-4.166664,0.0
-67.58333,-4.0833282,0.0
-67.58333,-4.0,0.0
-67.58333,-3.9166641,0.0
-67.58333,-3.8333282,0.0
-67.58333,-3.75,0.0
-67.58333,-3.6666641,0.0
-67.58333,-3.5833282,0.0
-67.58333,-3.5,0.0
-67.58333,-3.4166641,0.0
-67.58333,-3.3333282,0.0
-67.58333,-3.25,0.0
-67.58333,-3.1666641,0.0
-67.58333,-3.0833282,0.0
-67.58333,-3.0,0.0
-67.58333,-2.9166641,0.0
-67.58333,-2.8333282,0.0
-67.58333,-2.75,0.0
-67.58333,-2.6666641,0.0
-67.58333,-2.5833282,0.0
-67.58333,-2.5,0.0
-67.58333,-2.4166641,0.0
-67.58333,-2.3333282,0.0
-67.58333,-2.25,0.0
-67.58333,-2.1666641,0.0
-67.58333,-2.0833282,0.0
-67.58333,-2.0,0.0
-67.58333,-1.9166641,0.0
-67.58333,-1.8333282,0.0
-67.58333,-1.75,0.0
-67.58333,-1.6666641,0.0
-67.58333,-1.5833282,0.0
-67.58333,-1.5,0.0
-67.58333,-1.4166641,0.0
-67.58333,-1.3333282,0.0
-67.58333,-1.25,0.0
-67.58333,-1.1666641,0.0
-67.58333,-1.0833282,0.0
-67.58333,-1.0,0.0
-67.58333,-0.9166641,0.0
-67.58333,-0.83332825,0.0
-67.58333,-0.75,0.0
-67.58333,-0.6666641,0.0
-67.58333,-0.58332825,0.0
-67.58333,-0.5,0.0
-67.58333,-0.41666412,0.0
-67.58333,-0.33332825,0.0
-67.58333,-0.25,0.0
-67.58333,-0.16666412,0.0
-67.58333,-0.08332825,0.0
-67.58333,0.0,0.0
-67.58333,0.08333588,0.0
-67.58333,0.16667175,0.0
-67.58333,0.25,0.0
-67.58333,0.33333588,0.0
-67.58333,0.41667175,0.0
-67.58333,0.5,0.0
-67.58333,0.5833359,0.0
-67.58333,0.66667175,0.0
-67.58333,0.75,0.0
-67.58333,0.8333359,0.0
-67.58333,0.91667175,0.0
-67.58333,1.0,0.0
-67.58333,1.0833359,0.0
-67.58333,1.1666718,0.0
-67.58333,1.25,0.0
-67.58333,1.3333359,0.0
-67.58333,1.4166718,0.0
-67.58333,1.5,0.0
-67.58333,1.5833359,0.0
-67.58333,1.6666718,0.0
-67.58333,1.75,0.0
-67.58333,1.8333359,0.0
-67.58333,1.9166718,0.0
-67.58333,2.0,0.0
-67.58333,2.0833359,0.0
-67.58333,2.1666718,0.0
-67.58333,2.25,0.0
-67.58333,2.3333359,0.0
-67.58333,2.4166718,0.0
-67.58333,2.5,0.0
-67.58333,2.5833359,0.0
-67.58333,2.6666718,0.0
-67.58333,2.75,0.0
-67.58333,2.8333359,0.0
-67.58333,2.9166718,0.0
-67.58333,3.0,0.0
-67.58333,3.0833359,0.0
-67.58333,3.1666718,0.0
-67.58333,3.25,0.0
-67.58333,3.3333359,0.0
-67.58333,3.4166718,0.0
-67.58333,3.5,0.0
-67.58333,3.5833359,0.0
-67.58333,3.6666718,0.0
-67.58333,3.75,0.0
-67.58333,3.8333359,0.0
-67.58333,3.9166718,0.0
-67.58333,4.0,0.0
-67.58333,4.083336,0.0
-67.58333,4.1666718,0.0
-67.58333,4.25,0.0
-67.58333,4.333336,0.0
-67.58333,4.4166718,0.0
-67.58333,4.5,0.0
-67.58333,4.583336,0.0
-67.58333,4.6666718,0.0
-67.58333,4.75,0.0
-67.58333,4.833336,0.0
-67.58333,4.9166718,0.0
-67.58333,5.0,0.0
-67.58333,5.083336,0.0
-67.58333,5.1666718,0.0
-67.58333,5.25,0.0
-67.58333,5.333336,0.0
-67.58333,5.4166718,0.0
-67.58333,5.5,0.0
-67.58333,5.583336,0.0
-67.58333,5.6666718,0.0
-67.58333,5.75,0.0
-67.58333,5.833336,0.0
-67.58333,5.9166718,0.0
-67.58333,6.0,0.0
-67.58333,6.083336,0.0
-67.58333,6.1666718,0.0
-67.58333,6.25,0.0
-67.58333,6.333336,0.0
-67.58333,6.4166718,0.0
-67.58333,6.5,0.0
-67.58333,6.583336,0.0
-67.58333,6.6666718,0.0
-67.58333,6.75,0.0
-67.58333,6.833336,0.0
-67.58333,6.9166718,0.0
-67.58333,7.0,0.0
-67.58333,7.083336,0.0
-67.58333,7.1666718,0.0
-67.58333,7.25,0.0
-67.58333,7.333336,0.0
-67.58333,7.4166718,0.0
-67.58333,7.5,0.0
-67.58333,7.583336,0.0
-67.58333,7.6666718,0.0
-67.58333,7.75,0.0
-67.58333,7.833336,0.0
-67.58333,7.9166718,0.0
-67.58333,8.0,0.0
-67.58333,8.083336,0.0
-67.58333,8.166672,0.0
-67.58333,8.25,0.0
-67.58333,8.333336,0.0
-67.58333,8.416672,0.0
-67.58333,8.5,0.0
-67.58333,8.583336,0.0
-67.58333,8.666672,0.0
-67.58333,8.75,0.0
-67.58333,8.833336,0.0
-67.58333,8.916672,0.0
-67.58333,9.0,0.0
-67.58333,9.083336,0.0
-67.58333,9.166672,0.0
-67.58333,9.25,0.0
-67.58333,9.333336,0.0
-67.58333,9.416672,0.0
-67.58333,9.5,0.0
-67.58333,9.583336,0.0
-67.58333,9.666672,0.0
-67.58333,9.75,0.0
-67.58333,9.833336,0.0
-67.58333,9.916672,0.0
-67.58333,10.0,0.0
-67.58333,10.083336,0.0
-67.58333,10.166672,0.0
-67.58333,10.25,0.0
-67.58333,10.333336,0.0
-67.58333,10.416672,0.0
-67.58333,10.5,0.0
-67.58333,10.583336,-0.073016
-67.58333,10.666672,-0.072903
-67.58333,10.75,-0.070877
-67.58333,10.833336,-0.066418
-67.58333,10.916672,-0.059905
-67.58333,11.0,-0.05135
-67.58333,11.083336,-0.041176
-67.58333,11.166672,-0.032246
-67.58333,11.25,-0.02365
-67.58333,11.333336,-0.015911
-67.58333,11.416672,-0.005773
-67.58333,11.5,0.009049
-67.58333,11.583336,0.030133
-67.58333,11.666672,0.051834
-67.58333,11.75,0.067072
-67.58333,11.833336,0.083293
-67.58333,11.916672,0.099002
-67.58333,12.0,0.106187
-67.58333,12.083336,0.104322
-67.58333,12.166672,0.104022
-67.58333,12.25,0.105277
-67.58333,12.333336,0.11884
-67.58333,12.416672,0.140001
-67.5,-4.25,0.0
-67.5,-4.166664,0.0
-67.5,-4.0833282,0.0
-67.5,-4.0,0.0
-67.5,-3.9166641,0.0
-67.5,-3.8333282,0.0
-67.5,-3.75,0.0
-67.5,-3.6666641,0.0
-67.5,-3.5833282,0.0
-67.5,-3.5,0.0
-67.5,-3.4166641,0.0
-67.5,-3.3333282,0.0
-67.5,-3.25,0.0
-67.5,-3.1666641,0.0
-67.5,-3.0833282,0.0
-67.5,-3.0,0.0
-67.5,-2.9166641,0.0
-67.5,-2.8333282,0.0
-67.5,-2.75,0.0
-67.5,-2.6666641,0.0
-67.5,-2.5833282,0.0
-67.5,-2.5,0.0
-67.5,-2.4166641,0.0
-67.5,-2.3333282,0.0
-67.5,-2.25,0.0
-67.5,-2.1666641,0.0
-67.5,-2.0833282,0.0
-67.5,-2.0,0.0
-67.5,-1.9166641,0.0
-67.5,-1.8333282,0.0
-67.5,-1.75,0.0
-67.5,-1.6666641,0.0
-67.5,-1.5833282,0.0
-67.5,-1.5,0.0
-67.5,-1.4166641,0.0
-67.5,-1.3333282,0.0
-67.5,-1.25,0.0
-67.5,-1.1666641,0.0
-67.5,-1.0833282,0.0
-67.5,-1.0,0.0
-67.5,-0.9166641,0.0
-67.5,-0.83332825,0.0
-67.5,-0.75,0.0
-67.5,-0.6666641,0.0
-67.5,-0.58332825,0.0
-67.5,-0.5,0.0
-67.5,-0.41666412,0.0
-67.5,-0.33332825,0.0
-67.5,-0.25,0.0
-67.5,-0.16666412,0.0
-67.5,-0.08332825,0.0
-67.5,0.0,0.0
-67.5,0.08333588,0.0
-67.5,0.16667175,0.0
-67.5,0.25,0.0
-67.5,0.33333588,0.0
-67.5,0.41667175,0.0
-67.5,0.5,0.0
-67.5,0.5833359,0.0
-67.5,0.66667175,0.0
-67.5,0.75,0.0
-67.5,0.8333359,0.0
-67.5,0.91667175,0.0
-67.5,1.0,0.0
-67.5,1.0833359,0.0
-67.5,1.1666718,0.0
-67.5,1.25,0.0
-67.5,1.3333359,0.0
-67.5,1.4166718,0.0
-67.5,1.5,0.0
-67.5,1.5833359,0.0
-67.5,1.6666718,0.0
-67.5,1.75,0.0
-67.5,1.8333359,0.0
-67.5,1.9166718,0.0
-67.5,2.0,0.0
-67.5,2.0833359,0.0
-67.5,2.1666718,0.0
-67.5,2.25,0.0
-67.5,2.3333359,0.0
-67.5,2.4166718,0.0
-67.5,2.5,0.0
-67.5,2.5833359,0.0
-67.5,2.6666718,0.0
-67.5,2.75,0.0
-67.5,2.8333359,0.0
-67.5,2.9166718,0.0
-67.5,3.0,0.0
-67.5,3.0833359,0.0
-67.5,3.1666718,0.0
-67.5,3.25,0.0
-67.5,3.3333359,0.0
-67.5,3.4166718,0.0
-67.5,3.5,0.0
-67.5,3.5833359,0.0
-67.5,3.6666718,0.0
-67.5,3.75,0.0
-67.5,3.8333359,0.0
-67.5,3.9166718,0.0
-67.5,4.0,0.0
-67.5,4.083336,0.0
-67.5,4.1666718,0.0
-67.5,4.25,0.0
-67.5,4.333336,0.0
-67.5,4.4166718,0.0
-67.5,4.5,0.0
-67.5,4.583336,0.0
-67.5,4.6666718,0.0
-67.5,4.75,0.0
-67.5,4.833336,0.0
-67.5,4.9166718,0.0
-67.5,5.0,0.0
-67.5,5.083336,0.0
-67.5,5.1666718,0.0
-67.5,5.25,0.0
-67.5,5.333336,0.0
-67.5,5.4166718,0.0
-67.5,5.5,0.0
-67.5,5.583336,0.0
-67.5,5.6666718,0.0
-67.5,5.75,0.0
-67.5,5.833336,0.0
-67.5,5.9166718,0.0
-67.5,6.0,0.0
-67.5,6.083336,0.0
-67.5,6.1666718,0.0
-67.5,6.25,0.0
-67.5,6.333336,0.0
-67.5,6.4166718,0.0
-67.5,6.5,0.0
-67.5,6.583336,0.0
-67.5,6.6666718,0.0
-67.5,6.75,0.0
-67.5,6.833336,0.0
-67.5,6.9166718,0.0
-67.5,7.0,0.0
-67.5,7.083336,0.0
-67.5,7.1666718,0.0
-67.5,7.25,0.0
-67.5,7.333336,0.0
-67.5,7.4166718,0.0
-67.5,7.5,0.0
-67.5,7.583336,0.0
-67.5,7.6666718,0.0
-67.5,7.75,0.0
-67.5,7.833336,0.0
-67.5,7.9166718,0.0
-67.5,8.0,0.0
-67.5,8.083336,0.0
-67.5,8.166672,0.0
-67.5,8.25,0.0
-67.5,8.333336,0.0
-67.5,8.416672,0.0
-67.5,8.5,0.0
-67.5,8.583336,0.0
-67.5,8.666672,0.0
-67.5,8.75,0.0
-67.5,8.833336,0.0
-67.5,8.916672,0.0
-67.5,9.0,0.0
-67.5,9.083336,0.0
-67.5,9.166672,0.0
-67.5,9.25,0.0
-67.5,9.333336,0.0
-67.5,9.416672,0.0
-67.5,9.5,0.0
-67.5,9.583336,0.0
-67.5,9.666672,0.0
-67.5,9.75,0.0
-67.5,9.833336,0.0
-67.5,9.916672,0.0
-67.5,10.0,0.0
-67.5,10.083336,0.0
-67.5,10.166672,0.0
-67.5,10.25,0.0
-67.5,10.333336,0.0
-67.5,10.416672,0.0
-67.5,10.5,0.0
-67.5,10.583336,-0.075796
-67.5,10.666672,-0.075717
-67.5,10.75,-0.071551
-67.5,10.833336,-0.06803
-67.5,10.916672,-0.062662
-67.5,11.0,-0.053541
-67.5,11.083336,-0.043047
-67.5,11.166672,-0.03336
-67.5,11.25,-0.024734
-67.5,11.333336,-0.016214
-67.5,11.416672,-0.000886
-67.5,11.5,0.016534
-67.5,11.583336,0.038876
-67.5,11.666672,0.060097
-67.5,11.75,0.07338
-67.5,11.833336,0.088035
-67.5,11.916672,0.101158
-67.5,12.0,0.105636
-67.5,12.083336,0.105575
-67.5,12.166672,0.104637
-67.5,12.25,0.111309
-67.5,12.333336,0.12833
-67.5,12.416672,0.148925
-67.416664,-4.25,0.0
-67.416664,-4.166664,0.0
-67.416664,-4.0833282,0.0
-67.416664,-4.0,0.0
-67.416664,-3.9166641,0.0
-67.416664,-3.8333282,0.0
-67.416664,-3.75,0.0
-67.416664,-3.6666641,0.0
-67.416664,-3.5833282,0.0
-67.416664,-3.5,0.0
-67.416664,-3.4166641,0.0
-67.416664,-3.3333282,0.0
-67.416664,-3.25,0.0
-67.416664,-3.1666641,0.0
-67.416664,-3.0833282,0.0
-67.416664,-3.0,0.0
-67.416664,-2.9166641,0.0
-67.416664,-2.8333282,0.0
-67.416664,-2.75,0.0
-67.416664,-2.6666641,0.0
-67.416664,-2.5833282,0.0
-67.416664,-2.5,0.0
-67.416664,-2.4166641,0.0
-67.416664,-2.3333282,0.0
-67.416664,-2.25,0.0
-67.416664,-2.1666641,0.0
-67.416664,-2.0833282,0.0
-67.416664,-2.0,0.0
-67.416664,-1.9166641,0.0
-67.416664,-1.8333282,0.0
-67.416664,-1.75,0.0
-67.416664,-1.6666641,0.0
-67.416664,-1.5833282,0.0
-67.416664,-1.5,0.0
-67.416664,-1.4166641,0.0
-67.416664,-1.3333282,0.0
-67.416664,-1.25,0.0
-67.416664,-1.1666641,0.0
-67.416664,-1.0833282,0.0
-67.416664,-1.0,0.0
-67.416664,-0.9166641,0.0
-67.416664,-0.83332825,0.0
-67.416664,-0.75,0.0
-67.416664,-0.6666641,0.0
-67.416664,-0.58332825,0.0
-67.416664,-0.5,0.0
-67.416664,-0.41666412,0.0
-67.416664,-0.33332825,0.0
-67.416664,-0.25,0.0
-67.416664,-0.16666412,0.0
-67.416664,-0.08332825,0.0
-67.416664,0.0,0.0
-67.416664,0.08333588,0.0
-67.416664,0.16667175,0.0
-67.416664,0.25,0.0
-67.416664,0.33333588,0.0
-67.416664,0.41667175,0.0
-67.416664,0.5,0.0
-67.416664,0.5833359,0.0
-67.416664,0.66667175,0.0
-67.416664,0.75,0.0
-67.416664,0.8333359,0.0
-67.416664,0.91667175,0.0
-67.416664,1.0,0.0
-67.416664,1.0833359,0.0
-67.416664,1.1666718,0.0
-67.416664,1.25,0.0
-67.416664,1.3333359,0.0
-67.416664,1.4166718,0.0
-67.416664,1.5,0.0
-67.416664,1.5833359,0.0
-67.416664,1.6666718,0.0
-67.416664,1.75,0.0
-67.416664,1.8333359,0.0
-67.416664,1.9166718,0.0
-67.416664,2.0,0.0
-67.416664,2.0833359,0.0
-67.416664,2.1666718,0.0
-67.416664,2.25,0.0
-67.416664,2.3333359,0.0
-67.416664,2.4166718,0.0
-67.416664,2.5,0.0
-67.416664,2.5833359,0.0
-67.416664,2.6666718,0.0
-67.416664,2.75,0.0
-67.416664,2.8333359,0.0
-67.416664,2.9166718,0.0
-67.416664,3.0,0.0
-67.416664,3.0833359,0.0
-67.416664,3.1666718,0.0
-67.416664,3.25,0.0
-67.416664,3.3333359,0.0
-67.416664,3.4166718,0.0
-67.416664,3.5,0.0
-67.416664,3.5833359,0.0
-67.416664,3.6666718,0.0
-67.416664,3.75,0.0
-67.416664,3.8333359,0.0
-67.416664,3.9166718,0.0
-67.416664,4.0,0.0
-67.416664,4.083336,0.0
-67.416664,4.1666718,0.0
-67.416664,4.25,0.0
-67.416664,4.333336,0.0
-67.416664,4.4166718,0.0
-67.416664,4.5,0.0
-67.416664,4.583336,0.0
-67.416664,4.6666718,0.0
-67.416664,4.75,0.0
-67.416664,4.833336,0.0
-67.416664,4.9166718,0.0
-67.416664,5.0,0.0
-67.416664,5.083336,0.0
-67.416664,5.1666718,0.0
-67.416664,5.25,0.0
-67.416664,5.333336,0.0
-67.416664,5.4166718,0.0
-67.416664,5.5,0.0
-67.416664,5.583336,0.0
-67.416664,5.6666718,0.0
-67.416664,5.75,0.0
-67.416664,5.833336,0.0
-67.416664,5.9166718,0.0
-67.416664,6.0,0.0
-67.416664,6.083336,0.0
-67.416664,6.1666718,0.0
-67.416664,6.25,0.0
-67.416664,6.333336,0.0
-67.416664,6.4166718,0.0
-67.416664,6.5,0.0
-67.416664,6.583336,0.0
-67.416664,6.6666718,0.0
-67.416664,6.75,0.0
-67.416664,6.833336,0.0
-67.416664,6.9166718,0.0
-67.416664,7.0,0.0
-67.416664,7.083336,0.0
-67.416664,7.1666718,0.0
-67.416664,7.25,0.0
-67.416664,7.333336,0.0
-67.416664,7.4166718,0.0
-67.416664,7.5,0.0
-67.416664,7.583336,0.0
-67.416664,7.6666718,0.0
-67.416664,7.75,0.0
-67.416664,7.833336,0.0
-67.416664,7.9166718,0.0
-67.416664,8.0,0.0
-67.416664,8.083336,0.0
-67.416664,8.166672,0.0
-67.416664,8.25,0.0
-67.416664,8.333336,0.0
-67.416664,8.416672,0.0
-67.416664,8.5,0.0
-67.416664,8.583336,0.0
-67.416664,8.666672,0.0
-67.416664,8.75,0.0
-67.416664,8.833336,0.0
-67.416664,8.916672,0.0
-67.416664,9.0,0.0
-67.416664,9.083336,0.0
-67.416664,9.166672,0.0
-67.416664,9.25,0.0
-67.416664,9.333336,0.0
-67.416664,9.416672,0.0
-67.416664,9.5,0.0
-67.416664,9.583336,0.0
-67.416664,9.666672,0.0
-67.416664,9.75,0.0
-67.416664,9.833336,0.0
-67.416664,9.916672,0.0
-67.416664,10.0,0.0
-67.416664,10.083336,0.0
-67.416664,10.166672,0.0
-67.416664,10.25,0.0
-67.416664,10.333336,0.0
-67.416664,10.416672,0.0
-67.416664,10.5,0.0
-67.416664,10.583336,-0.077191
-67.416664,10.666672,-0.077007
-67.416664,10.75,-0.073734
-67.416664,10.833336,-0.070482
-67.416664,10.916672,-0.066184
-67.416664,11.0,-0.057024
-67.416664,11.083336,-0.045368
-67.416664,11.166672,-0.034708
-67.416664,11.25,-0.026447
-67.416664,11.333336,-0.014578
-67.416664,11.416672,0.004392
-67.416664,11.5,0.023729
-67.416664,11.583336,0.046563
-67.416664,11.666672,0.066761
-67.416664,11.75,0.080427
-67.416664,11.833336,0.091147
-67.416664,11.916672,0.104485
-67.416664,12.0,0.11
-67.416664,12.083336,0.107667
-67.416664,12.166672,0.107392
-67.416664,12.25,0.119904
-67.416664,12.333336,0.137461
-67.416664,12.416672,0.15767
-67.33333,-4.25,0.0
-67.33333,-4.166664,0.0
-67.33333,-4.0833282,0.0
-67.33333,-4.0,0.0
-67.33333,-3.9166641,0.0
-67.33333,-3.8333282,0.0
-67.33333,-3.75,0.0
-67.33333,-3.6666641,0.0
-67.33333,-3.5833282,0.0
-67.33333,-3.5,0.0
-67.33333,-3.4166641,0.0
-67.33333,-3.3333282,0.0
-67.33333,-3.25,0.0
-67.33333,-3.1666641,0.0
-67.33333,-3.0833282,0.0
-67.33333,-3.0,0.0
-67.33333,-2.9166641,0.0
-67.33333,-2.8333282,0.0
-67.33333,-2.75,0.0
-67.33333,-2.6666641,0.0
-67.33333,-2.5833282,0.0
-67.33333,-2.5,0.0
-67.33333,-2.4166641,0.0
-67.33333,-2.3333282,0.0
-67.33333,-2.25,0.0
-67.33333,-2.1666641,0.0
-67.33333,-2.0833282,0.0
-67.33333,-2.0,0.0
-67.33333,-1.9166641,0.0
-67.33333,-1.8333282,0.0
-67.33333,-1.75,0.0
-67.33333,-1.6666641,0.0
-67.33333,-1.5833282,0.0
-67.33333,-1.5,0.0
-67.33333,-1.4166641,0.0
-67.33333,-1.3333282,0.0
-67.33333,-1.25,0.0
-67.33333,-1.1666641,0.0
-67.33333,-1.0833282,0.0
-67.33333,-1.0,0.0
-67.33333,-0.9166641,0.0
-67.33333,-0.83332825,0.0
-67.33333,-0.75,0.0
-67.33333,-0.6666641,0.0
-67.33333,-0.58332825,0.0
-67.33333,-0.5,0.0
-67.33333,-0.41666412,0.0
-67.33333,-0.33332825,0.0
-67.33333,-0.25,0.0
-67.33333,-0.16666412,0.0
-67.33333,-0.08332825,0.0
-67.33333,0.0,0.0
-67.33333,0.08333588,0.0
-67.33333,0.16667175,0.0
-67.33333,0.25,0.0
-67.33333,0.33333588,0.0
-67.33333,0.41667175,0.0
-67.33333,0.5,0.0
-67.33333,0.5833359,0.0
-67.33333,0.66667175,0.0
-67.33333,0.75,0.0
-67.33333,0.8333359,0.0
-67.33333,0.91667175,0.0
-67.33333,1.0,0.0
-67.33333,1.0833359,0.0
-67.33333,1.1666718,0.0
-67.33333,1.25,0.0
-67.33333,1.3333359,0.0
-67.33333,1.4166718,0.0
-67.33333,1.5,0.0
-67.33333,1.5833359,0.0
-67.33333,1.6666718,0.0
-67.33333,1.75,0.0
-67.33333,1.8333359,0.0
-67.33333,1.9166718,0.0
-67.33333,2.0,0.0
-67.33333,2.0833359,0.0
-67.33333,2.1666718,0.0
-67.33333,2.25,0.0
-67.33333,2.3333359,0.0
-67.33333,2.4166718,0.0
-67.33333,2.5,0.0
-67.33333,2.5833359,0.0
-67.33333,2.6666718,0.0
-67.33333,2.75,0.0
-67.33333,2.8333359,0.0
-67.33333,2.9166718,0.0
-67.33333,3.0,0.0
-67.33333,3.0833359,0.0
-67.33333,3.1666718,0.0
-67.33333,3.25,0.0
-67.33333,3.3333359,0.0
-67.33333,3.4166718,0.0
-67.33333,3.5,0.0
-67.33333,3.5833359,0.0
-67.33333,3.6666718,0.0
-67.33333,3.75,0.0
-67.33333,3.8333359,0.0
-67.33333,3.9166718,0.0
-67.33333,4.0,0.0
-67.33333,4.083336,0.0
-67.33333,4.1666718,0.0
-67.33333,4.25,0.0
-67.33333,4.333336,0.0
-67.33333,4.4166718,0.0
-67.33333,4.5,0.0
-67.33333,4.583336,0.0
-67.33333,4.6666718,0.0
-67.33333,4.75,0.0
-67.33333,4.833336,0.0
-67.33333,4.9166718,0.0
-67.33333,5.0,0.0
-67.33333,5.083336,0.0
-67.33333,5.1666718,0.0
-67.33333,5.25,0.0
-67.33333,5.333336,0.0
-67.33333,5.4166718,0.0
-67.33333,5.5,0.0
-67.33333,5.583336,0.0
-67.33333,5.6666718,0.0
-67.33333,5.75,0.0
-67.33333,5.833336,0.0
-67.33333,5.9166718,0.0
-67.33333,6.0,0.0
-67.33333,6.083336,0.0
-67.33333,6.1666718,0.0
-67.33333,6.25,0.0
-67.33333,6.333336,0.0
-67.33333,6.4166718,0.0
-67.33333,6.5,0.0
-67.33333,6.583336,0.0
-67.33333,6.6666718,0.0
-67.33333,6.75,0.0
-67.33333,6.833336,0.0
-67.33333,6.9166718,0.0
-67.33333,7.0,0.0
-67.33333,7.083336,0.0
-67.33333,7.1666718,0.0
-67.33333,7.25,0.0
-67.33333,7.333336,0.0
-67.33333,7.4166718,0.0
-67.33333,7.5,0.0
-67.33333,7.583336,0.0
-67.33333,7.6666718,0.0
-67.33333,7.75,0.0
-67.33333,7.833336,0.0
-67.33333,7.9166718,0.0
-67.33333,8.0,0.0
-67.33333,8.083336,0.0
-67.33333,8.166672,0.0
-67.33333,8.25,0.0
-67.33333,8.333336,0.0
-67.33333,8.416672,0.0
-67.33333,8.5,0.0
-67.33333,8.583336,0.0
-67.33333,8.666672,0.0
-67.33333,8.75,0.0
-67.33333,8.833336,0.0
-67.33333,8.916672,0.0
-67.33333,9.0,0.0
-67.33333,9.083336,0.0
-67.33333,9.166672,0.0
-67.33333,9.25,0.0
-67.33333,9.333336,0.0
-67.33333,9.416672,0.0
-67.33333,9.5,0.0
-67.33333,9.583336,0.0
-67.33333,9.666672,0.0
-67.33333,9.75,0.0
-67.33333,9.833336,0.0
-67.33333,9.916672,0.0
-67.33333,10.0,0.0
-67.33333,10.083336,0.0
-67.33333,10.166672,0.0
-67.33333,10.25,0.0
-67.33333,10.333336,0.0
-67.33333,10.416672,0.0
-67.33333,10.5,0.0
-67.33333,10.583336,-0.078278
-67.33333,10.666672,-0.07901
-67.33333,10.75,-0.075867
-67.33333,10.833336,-0.073602
-67.33333,10.916672,-0.070517
-67.33333,11.0,-0.061645
-67.33333,11.083336,-0.048755
-67.33333,11.166672,-0.036838
-67.33333,11.25,-0.027978
-67.33333,11.333336,-0.012282
-67.33333,11.416672,0.009721
-67.33333,11.5,0.030565
-67.33333,11.583336,0.052088
-67.33333,11.666672,0.072282
-67.33333,11.75,0.086248
-67.33333,11.833336,0.096211
-67.33333,11.916672,0.104969
-67.33333,12.0,0.110013
-67.33333,12.083336,0.111091
-67.33333,12.166672,0.11777
-67.33333,12.25,0.131519
-67.33333,12.333336,0.147994
-67.33333,12.416672,0.166533
-67.25,-4.25,0.0
-67.25,-4.166664,0.0
-67.25,-4.0833282,0.0
-67.25,-4.0,0.0
-67.25,-3.9166641,0.0
-67.25,-3.8333282,0.0
-67.25,-3.75,0.0
-67.25,-3.6666641,0.0
-67.25,-3.5833282,0.0
-67.25,-3.5,0.0
-67.25,-3.4166641,0.0
-67.25,-3.3333282,0.0
-67.25,-3.25,0.0
-67.25,-3.1666641,0.0
-67.25,-3.0833282,0.0
-67.25,-3.0,0.0
-67.25,-2.9166641,0.0
-67.25,-2.8333282,0.0
-67.25,-2.75,0.0
-67.25,-2.6666641,0.0
-67.25,-2.5833282,0.0
-67.25,-2.5,0.0
-67.25,-2.4166641,0.0
-67.25,-2.3333282,0.0
-67.25,-2.25,0.0
-67.25,-2.1666641,0.0
-67.25,-2.0833282,0.0
-67.25,-2.0,0.0
-67.25,-1.9166641,0.0
-67.25,-1.8333282,0.0
-67.25,-1.75,0.0
-67.25,-1.6666641,0.0
-67.25,-1.5833282,0.0
-67.25,-1.5,0.0
-67.25,-1.4166641,0.0
-67.25,-1.3333282,0.0
-67.25,-1.25,0.0
-67.25,-1.1666641,0.0
-67.25,-1.0833282,0.0
-67.25,-1.0,0.0
-67.25,-0.9166641,0.0
-67.25,-0.83332825,0.0
-67.25,-0.75,0.0
-67.25,-0.6666641,0.0
-67.25,-0.58332825,0.0
-67.25,-0.5,0.0
-67.25,-0.41666412,0.0
-67.25,-0.33332825,0.0
-67.25,-0.25,0.0
-67.25,-0.16666412,0.0
-67.25,-0.08332825,0.0
-67.25,0.0,0.0
-67.25,0.08333588,0.0
-67.25,0.16667175,0.0
-67.25,0.25,0.0
-67.25,0.33333588,0.0
-67.25,0.41667175,0.0
-67.25,0.5,0.0
-67.25,0.5833359,0.0
-67.25,0.66667175,0.0
-67.25,0.75,0.0
-67.25,0.8333359,0.0
-67.25,0.91667175,0.0
-67.25,1.0,0.0
-67.25,1.0833359,0.0
-67.25,1.1666718,0.0
-67.25,1.25,0.0
-67.25,1.3333359,0.0
-67.25,1.4166718,0.0
-67.25,1.5,0.0
-67.25,1.5833359,0.0
-67.25,1.6666718,0.0
-67.25,1.75,0.0
-67.25,1.8333359,0.0
-67.25,1.9166718,0.0
-67.25,2.0,0.0
-67.25,2.0833359,0.0
-67.25,2.1666718,0.0
-67.25,2.25,0.0
-67.25,2.3333359,0.0
-67.25,2.4166718,0.0
-67.25,2.5,0.0
-67.25,2.5833359,0.0
-67.25,2.6666718,0.0
-67.25,2.75,0.0
-67.25,2.8333359,0.0
-67.25,2.9166718,0.0
-67.25,3.0,0.0
-67.25,3.0833359,0.0
-67.25,3.1666718,0.0
-67.25,3.25,0.0
-67.25,3.3333359,0.0
-67.25,3.4166718,0.0
-67.25,3.5,0.0
-67.25,3.5833359,0.0
-67.25,3.6666718,0.0
-67.25,3.75,0.0
-67.25,3.8333359,0.0
-67.25,3.9166718,0.0
-67.25,4.0,0.0
-67.25,4.083336,0.0
-67.25,4.1666718,0.0
-67.25,4.25,0.0
-67.25,4.333336,0.0
-67.25,4.4166718,0.0
-67.25,4.5,0.0
-67.25,4.583336,0.0
-67.25,4.6666718,0.0
-67.25,4.75,0.0
-67.25,4.833336,0.0
-67.25,4.9166718,0.0
-67.25,5.0,0.0
-67.25,5.083336,0.0
-67.25,5.1666718,0.0
-67.25,5.25,0.0
-67.25,5.333336,0.0
-67.25,5.4166718,0.0
-67.25,5.5,0.0
-67.25,5.583336,0.0
-67.25,5.6666718,0.0
-67.25,5.75,0.0
-67.25,5.833336,0.0
-67.25,5.9166718,0.0
-67.25,6.0,0.0
-67.25,6.083336,0.0
-67.25,6.1666718,0.0
-67.25,6.25,0.0
-67.25,6.333336,0.0
-67.25,6.4166718,0.0
-67.25,6.5,0.0
-67.25,6.583336,0.0
-67.25,6.6666718,0.0
-67.25,6.75,0.0
-67.25,6.833336,0.0
-67.25,6.9166718,0.0
-67.25,7.0,0.0
-67.25,7.083336,0.0
-67.25,7.1666718,0.0
-67.25,7.25,0.0
-67.25,7.333336,0.0
-67.25,7.4166718,0.0
-67.25,7.5,0.0
-67.25,7.583336,0.0
-67.25,7.6666718,0.0
-67.25,7.75,0.0
-67.25,7.833336,0.0
-67.25,7.9166718,0.0
-67.25,8.0,0.0
-67.25,8.083336,0.0
-67.25,8.166672,0.0
-67.25,8.25,0.0
-67.25,8.333336,0.0
-67.25,8.416672,0.0
-67.25,8.5,0.0
-67.25,8.583336,0.0
-67.25,8.666672,0.0
-67.25,8.75,0.0
-67.25,8.833336,0.0
-67.25,8.916672,0.0
-67.25,9.0,0.0
-67.25,9.083336,0.0
-67.25,9.166672,0.0
-67.25,9.25,0.0
-67.25,9.333336,0.0
-67.25,9.416672,0.0
-67.25,9.5,0.0
-67.25,9.583336,0.0
-67.25,9.666672,0.0
-67.25,9.75,0.0
-67.25,9.833336,0.0
-67.25,9.916672,0.0
-67.25,10.0,0.0
-67.25,10.083336,0.0
-67.25,10.166672,0.0
-67.25,10.25,0.0
-67.25,10.333336,0.0
-67.25,10.416672,0.0
-67.25,10.5,0.0
-67.25,10.583336,-0.080435
-67.25,10.666672,-0.082314
-67.25,10.75,-0.079751
-67.25,10.833336,-0.076934
-67.25,10.916672,-0.074599
-67.25,11.0,-0.06632
-67.25,11.083336,-0.052735
-67.25,11.166672,-0.039469
-67.25,11.25,-0.028839
-67.25,11.333336,-0.009766
-67.25,11.416672,0.014155
-67.25,11.5,0.035981
-67.25,11.583336,0.056449
-67.25,11.666672,0.076658
-67.25,11.75,0.090269
-67.25,11.833336,0.099737
-67.25,11.916672,0.106206
-67.25,12.0,0.108233
-67.25,12.083336,0.112073
-67.25,12.166672,0.12391
-67.25,12.25,0.138581
-67.25,12.333336,0.155972
-67.25,12.416672,0.173596
-67.166664,-4.25,0.0
-67.166664,-4.166664,0.0
-67.166664,-4.0833282,0.0
-67.166664,-4.0,0.0
-67.166664,-3.9166641,0.0
-67.166664,-3.8333282,0.0
-67.166664,-3.75,0.0
-67.166664,-3.6666641,0.0
-67.166664,-3.5833282,0.0
-67.166664,-3.5,0.0
-67.166664,-3.4166641,0.0
-67.166664,-3.3333282,0.0
-67.166664,-3.25,0.0
-67.166664,-3.1666641,0.0
-67.166664,-3.0833282,0.0
-67.166664,-3.0,0.0
-67.166664,-2.9166641,0.0
-67.166664,-2.8333282,0.0
-67.166664,-2.75,0.0
-67.166664,-2.6666641,0.0
-67.166664,-2.5833282,0.0
-67.166664,-2.5,0.0
-67.166664,-2.4166641,0.0
-67.166664,-2.3333282,0.0
-67.166664,-2.25,0.0
-67.166664,-2.1666641,0.0
-67.166664,-2.0833282,0.0
-67.166664,-2.0,0.0
-67.166664,-1.9166641,0.0
-67.166664,-1.8333282,0.0
-67.166664,-1.75,0.0
-67.166664,-1.6666641,0.0
-67.166664,-1.5833282,0.0
-67.166664,-1.5,0.0
-67.166664,-1.4166641,0.0
-67.166664,-1.3333282,0.0
-67.166664,-1.25,0.0
-67.166664,-1.1666641,0.0
-67.166664,-1.0833282,0.0
-67.166664,-1.0,0.0
-67.166664,-0.9166641,0.0
-67.166664,-0.83332825,0.0
-67.166664,-0.75,0.0
-67.166664,-0.6666641,0.0
-67.166664,-0.58332825,0.0
-67.166664,-0.5,0.0
-67.166664,-0.41666412,0.0
-67.166664,-0.33332825,0.0
-67.166664,-0.25,0.0
-67.166664,-0.16666412,0.0
-67.166664,-0.08332825,0.0
-67.166664,0.0,0.0
-67.166664,0.08333588,0.0
-67.166664,0.16667175,0.0
-67.166664,0.25,0.0
-67.166664,0.33333588,0.0
-67.166664,0.41667175,0.0
-67.166664,0.5,0.0
-67.166664,0.5833359,0.0
-67.166664,0.66667175,0.0
-67.166664,0.75,0.0
-67.166664,0.8333359,0.0
-67.166664,0.91667175,0.0
-67.166664,1.0,0.0
-67.166664,1.0833359,0.0
-67.166664,1.1666718,0.0
-67.166664,1.25,0.0
-67.166664,1.3333359,0.0
-67.166664,1.4166718,0.0
-67.166664,1.5,0.0
-67.166664,1.5833359,0.0
-67.166664,1.6666718,0.0
-67.166664,1.75,0.0
-67.166664,1.8333359,0.0
-67.166664,1.9166718,0.0
-67.166664,2.0,0.0
-67.166664,2.0833359,0.0
-67.166664,2.1666718,0.0
-67.166664,2.25,0.0
-67.166664,2.3333359,0.0
-67.166664,2.4166718,0.0
-67.166664,2.5,0.0
-67.166664,2.5833359,0.0
-67.166664,2.6666718,0.0
-67.166664,2.75,0.0
-67.166664,2.8333359,0.0
-67.166664,2.9166718,0.0
-67.166664,3.0,0.0
-67.166664,3.0833359,0.0
-67.166664,3.1666718,0.0
-67.166664,3.25,0.0
-67.166664,3.3333359,0.0
-67.166664,3.4166718,0.0
-67.166664,3.5,0.0
-67.166664,3.5833359,0.0
-67.166664,3.6666718,0.0
-67.166664,3.75,0.0
-67.166664,3.8333359,0.0
-67.166664,3.9166718,0.0
-67.166664,4.0,0.0
-67.166664,4.083336,0.0
-67.166664,4.1666718,0.0
-67.166664,4.25,0.0
-67.166664,4.333336,0.0
-67.166664,4.4166718,0.0
-67.166664,4.5,0.0
-67.166664,4.583336,0.0
-67.166664,4.6666718,0.0
-67.166664,4.75,0.0
-67.166664,4.833336,0.0
-67.166664,4.9166718,0.0
-67.166664,5.0,0.0
-67.166664,5.083336,0.0
-67.166664,5.1666718,0.0
-67.166664,5.25,0.0
-67.166664,5.333336,0.0
-67.166664,5.4166718,0.0
-67.166664,5.5,0.0
-67.166664,5.583336,0.0
-67.166664,5.6666718,0.0
-67.166664,5.75,0.0
-67.166664,5.833336,0.0
-67.166664,5.9166718,0.0
-67.166664,6.0,0.0
-67.166664,6.083336,0.0
-67.166664,6.1666718,0.0
-67.166664,6.25,0.0
-67.166664,6.333336,0.0
-67.166664,6.4166718,0.0
-67.166664,6.5,0.0
-67.166664,6.583336,0.0
-67.166664,6.6666718,0.0
-67.166664,6.75,0.0
-67.166664,6.833336,0.0
-67.166664,6.9166718,0.0
-67.166664,7.0,0.0
-67.166664,7.083336,0.0
-67.166664,7.1666718,0.0
-67.166664,7.25,0.0
-67.166664,7.333336,0.0
-67.166664,7.4166718,0.0
-67.166664,7.5,0.0
-67.166664,7.583336,0.0
-67.166664,7.6666718,0.0
-67.166664,7.75,0.0
-67.166664,7.833336,0.0
-67.166664,7.9166718,0.0
-67.166664,8.0,0.0
-67.166664,8.083336,0.0
-67.166664,8.166672,0.0
-67.166664,8.25,0.0
-67.166664,8.333336,0.0
-67.166664,8.416672,0.0
-67.166664,8.5,0.0
-67.166664,8.583336,0.0
-67.166664,8.666672,0.0
-67.166664,8.75,0.0
-67.166664,8.833336,0.0
-67.166664,8.916672,0.0
-67.166664,9.0,0.0
-67.166664,9.083336,0.0
-67.166664,9.166672,0.0
-67.166664,9.25,0.0
-67.166664,9.333336,0.0
-67.166664,9.416672,0.0
-67.166664,9.5,0.0
-67.166664,9.583336,0.0
-67.166664,9.666672,0.0
-67.166664,9.75,0.0
-67.166664,9.833336,0.0
-67.166664,9.916672,0.0
-67.166664,10.0,0.0
-67.166664,10.083336,0.0
-67.166664,10.166672,0.0
-67.166664,10.25,0.0
-67.166664,10.333336,0.0
-67.166664,10.416672,0.0
-67.166664,10.5,0.0
-67.166664,10.583336,-0.082926
-67.166664,10.666672,-0.084444
-67.166664,10.75,-0.082892
-67.166664,10.833336,-0.080337
-67.166664,10.916672,-0.078563
-67.166664,11.0,-0.070869
-67.166664,11.083336,-0.056623
-67.166664,11.166672,-0.042203
-67.166664,11.25,-0.028654
-67.166664,11.333336,-0.006156
-67.166664,11.416672,0.017755
-67.166664,11.5,0.040198
-67.166664,11.583336,0.06
-67.166664,11.666672,0.07937
-67.166664,11.75,0.092586
-67.166664,11.833336,0.099759
-67.166664,11.916672,0.10441
-67.166664,12.0,0.104869
-67.166664,12.083336,0.111998
-67.166664,12.166672,0.125742
-67.166664,12.25,0.14392
-67.166664,12.333336,0.161615
-67.166664,12.416672,0.178571
-67.08333,-4.25,0.0
-67.08333,-4.166664,0.0
-67.08333,-4.0833282,0.0
-67.08333,-4.0,0.0
-67.08333,-3.9166641,0.0
-67.08333,-3.8333282,0.0
-67.08333,-3.75,0.0
-67.08333,-3.6666641,0.0
-67.08333,-3.5833282,0.0
-67.08333,-3.5,0.0
-67.08333,-3.4166641,0.0
-67.08333,-3.3333282,0.0
-67.08333,-3.25,0.0
-67.08333,-3.1666641,0.0
-67.08333,-3.0833282,0.0
-67.08333,-3.0,0.0
-67.08333,-2.9166641,0.0
-67.08333,-2.8333282,0.0
-67.08333,-2.75,0.0
-67.08333,-2.6666641,0.0
-67.08333,-2.5833282,0.0
-67.08333,-2.5,0.0
-67.08333,-2.4166641,0.0
-67.08333,-2.3333282,0.0
-67.08333,-2.25,0.0
-67.08333,-2.1666641,0.0
-67.08333,-2.0833282,0.0
-67.08333,-2.0,0.0
-67.08333,-1.9166641,0.0
-67.08333,-1.8333282,0.0
-67.08333,-1.75,0.0
-67.08333,-1.6666641,0.0
-67.08333,-1.5833282,0.0
-67.08333,-1.5,0.0
-67.08333,-1.4166641,0.0
-67.08333,-1.3333282,0.0
-67.08333,-1.25,0.0
-67.08333,-1.1666641,0.0
-67.08333,-1.0833282,0.0
-67.08333,-1.0,0.0
-67.08333,-0.9166641,0.0
-67.08333,-0.83332825,0.0
-67.08333,-0.75,0.0
-67.08333,-0.6666641,0.0
-67.08333,-0.58332825,0.0
-67.08333,-0.5,0.0
-67.08333,-0.41666412,0.0
-67.08333,-0.33332825,0.0
-67.08333,-0.25,0.0
-67.08333,-0.16666412,0.0
-67.08333,-0.08332825,0.0
-67.08333,0.0,0.0
-67.08333,0.08333588,0.0
-67.08333,0.16667175,0.0
-67.08333,0.25,0.0
-67.08333,0.33333588,0.0
-67.08333,0.41667175,0.0
-67.08333,0.5,0.0
-67.08333,0.5833359,0.0
-67.08333,0.66667175,0.0
-67.08333,0.75,0.0
-67.08333,0.8333359,0.0
-67.08333,0.91667175,0.0
-67.08333,1.0,0.0
-67.08333,1.0833359,0.0
-67.08333,1.1666718,0.0
-67.08333,1.25,0.0
-67.08333,1.3333359,0.0
-67.08333,1.4166718,0.0
-67.08333,1.5,0.0
-67.08333,1.5833359,0.0
-67.08333,1.6666718,0.0
-67.08333,1.75,0.0
-67.08333,1.8333359,0.0
-67.08333,1.9166718,0.0
-67.08333,2.0,0.0
-67.08333,2.0833359,0.0
-67.08333,2.1666718,0.0
-67.08333,2.25,0.0
-67.08333,2.3333359,0.0
-67.08333,2.4166718,0.0
-67.08333,2.5,0.0
-67.08333,2.5833359,0.0
-67.08333,2.6666718,0.0
-67.08333,2.75,0.0
-67.08333,2.8333359,0.0
-67.08333,2.9166718,0.0
-67.08333,3.0,0.0
-67.08333,3.0833359,0.0
-67.08333,3.1666718,0.0
-67.08333,3.25,0.0
-67.08333,3.3333359,0.0
-67.08333,3.4166718,0.0
-67.08333,3.5,0.0
-67.08333,3.5833359,0.0
-67.08333,3.6666718,0.0
-67.08333,3.75,0.0
-67.08333,3.8333359,0.0
-67.08333,3.9166718,0.0
-67.08333,4.0,0.0
-67.08333,4.083336,0.0
-67.08333,4.1666718,0.0
-67.08333,4.25,0.0
-67.08333,4.333336,0.0
-67.08333,4.4166718,0.0
-67.08333,4.5,0.0
-67.08333,4.583336,0.0
-67.08333,4.6666718,0.0
-67.08333,4.75,0.0
-67.08333,4.833336,0.0
-67.08333,4.9166718,0.0
-67.08333,5.0,0.0
-67.08333,5.083336,0.0
-67.08333,5.1666718,0.0
-67.08333,5.25,0.0
-67.08333,5.333336,0.0
-67.08333,5.4166718,0.0
-67.08333,5.5,0.0
-67.08333,5.583336,0.0
-67.08333,5.6666718,0.0
-67.08333,5.75,0.0
-67.08333,5.833336,0.0
-67.08333,5.9166718,0.0
-67.08333,6.0,0.0
-67.08333,6.083336,0.0
-67.08333,6.1666718,0.0
-67.08333,6.25,0.0
-67.08333,6.333336,0.0
-67.08333,6.4166718,0.0
-67.08333,6.5,0.0
-67.08333,6.583336,0.0
-67.08333,6.6666718,0.0
-67.08333,6.75,0.0
-67.08333,6.833336,0.0
-67.08333,6.9166718,0.0
-67.08333,7.0,0.0
-67.08333,7.083336,0.0
-67.08333,7.1666718,0.0
-67.08333,7.25,0.0
-67.08333,7.333336,0.0
-67.08333,7.4166718,0.0
-67.08333,7.5,0.0
-67.08333,7.583336,0.0
-67.08333,7.6666718,0.0
-67.08333,7.75,0.0
-67.08333,7.833336,0.0
-67.08333,7.9166718,0.0
-67.08333,8.0,0.0
-67.08333,8.083336,0.0
-67.08333,8.166672,0.0
-67.08333,8.25,0.0
-67.08333,8.333336,0.0
-67.08333,8.416672,0.0
-67.08333,8.5,0.0
-67.08333,8.583336,0.0
-67.08333,8.666672,0.0
-67.08333,8.75,0.0
-67.08333,8.833336,0.0
-67.08333,8.916672,0.0
-67.08333,9.0,0.0
-67.08333,9.083336,0.0
-67.08333,9.166672,0.0
-67.08333,9.25,0.0
-67.08333,9.333336,0.0
-67.08333,9.416672,0.0
-67.08333,9.5,0.0
-67.08333,9.583336,0.0
-67.08333,9.666672,0.0
-67.08333,9.75,0.0
-67.08333,9.833336,0.0
-67.08333,9.916672,0.0
-67.08333,10.0,0.0
-67.08333,10.083336,0.0
-67.08333,10.166672,0.0
-67.08333,10.25,0.0
-67.08333,10.333336,0.0
-67.08333,10.416672,0.0
-67.08333,10.5,0.0
-67.08333,10.583336,-0.083953
-67.08333,10.666672,-0.085912
-67.08333,10.75,-0.085788
-67.08333,10.833336,-0.083509
-67.08333,10.916672,-0.081989
-67.08333,11.0,-0.074393
-67.08333,11.083336,-0.059911
-67.08333,11.166672,-0.044542
-67.08333,11.25,-0.027633
-67.08333,11.333336,-0.003474
-67.08333,11.416672,0.020288
-67.08333,11.5,0.04259
-67.08333,11.583336,0.062941
-67.08333,11.666672,0.080988
-67.08333,11.75,0.094005
-67.08333,11.833336,0.098201
-67.08333,11.916672,0.099936
-67.08333,12.0,0.099035
-67.08333,12.083336,0.110167
-67.08333,12.166672,0.128906
-67.08333,12.25,0.146993
-67.08333,12.333336,0.165067
-67.08333,12.416672,0.182186
-67.0,-4.25,0.0
-67.0,-4.166664,0.0
-67.0,-4.0833282,0.0
-67.0,-4.0,0.0
-67.0,-3.9166641,0.0
-67.0,-3.8333282,0.0
-67.0,-3.75,0.0
-67.0,-3.6666641,0.0
-67.0,-3.5833282,0.0
-67.0,-3.5,0.0
-67.0,-3.4166641,0.0
-67.0,-3.3333282,0.0
-67.0,-3.25,0.0
-67.0,-3.1666641,0.0
-67.0,-3.0833282,0.0
-67.0,-3.0,0.0
-67.0,-2.9166641,0.0
-67.0,-2.8333282,0.0
-67.0,-2.75,0.0
-67.0,-2.6666641,0.0
-67.0,-2.5833282,0.0
-67.0,-2.5,0.0
-67.0,-2.4166641,0.0
-67.0,-2.3333282,0.0
-67.0,-2.25,0.0
-67.0,-2.1666641,0.0
-67.0,-2.0833282,0.0
-67.0,-2.0,0.0
-67.0,-1.9166641,0.0
-67.0,-1.8333282,0.0
-67.0,-1.75,0.0
-67.0,-1.6666641,0.0
-67.0,-1.5833282,0.0
-67.0,-1.5,0.0
-67.0,-1.4166641,0.0
-67.0,-1.3333282,0.0
-67.0,-1.25,0.0
-67.0,-1.1666641,0.0
-67.0,-1.0833282,0.0
-67.0,-1.0,0.0
-67.0,-0.9166641,0.0
-67.0,-0.83332825,0.0
-67.0,-0.75,0.0
-67.0,-0.6666641,0.0
-67.0,-0.58332825,0.0
-67.0,-0.5,0.0
-67.0,-0.41666412,0.0
-67.0,-0.33332825,0.0
-67.0,-0.25,0.0
-67.0,-0.16666412,0.0
-67.0,-0.08332825,0.0
-67.0,0.0,0.0
-67.0,0.08333588,0.0
-67.0,0.16667175,0.0
-67.0,0.25,0.0
-67.0,0.33333588,0.0
-67.0,0.41667175,0.0
-67.0,0.5,0.0
-67.0,0.5833359,0.0
-67.0,0.66667175,0.0
-67.0,0.75,0.0
-67.0,0.8333359,0.0
-67.0,0.91667175,0.0
-67.0,1.0,0.0
-67.0,1.0833359,0.0
-67.0,1.1666718,0.0
-67.0,1.25,0.0
-67.0,1.3333359,0.0
-67.0,1.4166718,0.0
-67.0,1.5,0.0
-67.0,1.5833359,0.0
-67.0,1.6666718,0.0
-67.0,1.75,0.0
-67.0,1.8333359,0.0
-67.0,1.9166718,0.0
-67.0,2.0,0.0
-67.0,2.0833359,0.0
-67.0,2.1666718,0.0
-67.0,2.25,0.0
-67.0,2.3333359,0.0
-67.0,2.4166718,0.0
-67.0,2.5,0.0
-67.0,2.5833359,0.0
-67.0,2.6666718,0.0
-67.0,2.75,0.0
-67.0,2.8333359,0.0
-67.0,2.9166718,0.0
-67.0,3.0,0.0
-67.0,3.0833359,0.0
-67.0,3.1666718,0.0
-67.0,3.25,0.0
-67.0,3.3333359,0.0
-67.0,3.4166718,0.0
-67.0,3.5,0.0
-67.0,3.5833359,0.0
-67.0,3.6666718,0.0
-67.0,3.75,0.0
-67.0,3.8333359,0.0
-67.0,3.9166718,0.0
-67.0,4.0,0.0
-67.0,4.083336,0.0
-67.0,4.1666718,0.0
-67.0,4.25,0.0
-67.0,4.333336,0.0
-67.0,4.4166718,0.0
-67.0,4.5,0.0
-67.0,4.583336,0.0
-67.0,4.6666718,0.0
-67.0,4.75,0.0
-67.0,4.833336,0.0
-67.0,4.9166718,0.0
-67.0,5.0,0.0
-67.0,5.083336,0.0
-67.0,5.1666718,0.0
-67.0,5.25,0.0
-67.0,5.333336,0.0
-67.0,5.4166718,0.0
-67.0,5.5,0.0
-67.0,5.583336,0.0
-67.0,5.6666718,0.0
-67.0,5.75,0.0
-67.0,5.833336,0.0
-67.0,5.9166718,0.0
-67.0,6.0,0.0
-67.0,6.083336,0.0
-67.0,6.1666718,0.0
-67.0,6.25,0.0
-67.0,6.333336,0.0
-67.0,6.4166718,0.0
-67.0,6.5,0.0
-67.0,6.583336,0.0
-67.0,6.6666718,0.0
-67.0,6.75,0.0
-67.0,6.833336,0.0
-67.0,6.9166718,0.0
-67.0,7.0,0.0
-67.0,7.083336,0.0
-67.0,7.1666718,0.0
-67.0,7.25,0.0
-67.0,7.333336,0.0
-67.0,7.4166718,0.0
-67.0,7.5,0.0
-67.0,7.583336,0.0
-67.0,7.6666718,0.0
-67.0,7.75,0.0
-67.0,7.833336,0.0
-67.0,7.9166718,0.0
-67.0,8.0,0.0
-67.0,8.083336,0.0
-67.0,8.166672,0.0
-67.0,8.25,0.0
-67.0,8.333336,0.0
-67.0,8.416672,0.0
-67.0,8.5,0.0
-67.0,8.583336,0.0
-67.0,8.666672,0.0
-67.0,8.75,0.0
-67.0,8.833336,0.0
-67.0,8.916672,0.0
-67.0,9.0,0.0
-67.0,9.083336,0.0
-67.0,9.166672,0.0
-67.0,9.25,0.0
-67.0,9.333336,0.0
-67.0,9.416672,0.0
-67.0,9.5,0.0
-67.0,9.583336,0.0
-67.0,9.666672,0.0
-67.0,9.75,0.0
-67.0,9.833336,0.0
-67.0,9.916672,0.0
-67.0,10.0,0.0
-67.0,10.083336,0.0
-67.0,10.166672,0.0
-67.0,10.25,0.0
-67.0,10.333336,0.0
-67.0,10.416672,0.0
-67.0,10.5,0.0
-67.0,10.583336,-0.084772
-67.0,10.666672,-0.08769
-67.0,10.75,-0.089048
-67.0,10.833336,-0.086665
-67.0,10.916672,-0.084545
-67.0,11.0,-0.076564
-67.0,11.083336,-0.061973
-67.0,11.166672,-0.045887
-67.0,11.25,-0.026287
-67.0,11.333336,-0.001329
-67.0,11.416672,0.022682
-67.0,11.5,0.044451
-67.0,11.583336,0.064891
-67.0,11.666672,0.08253
-67.0,11.75,0.096019
-67.0,11.833336,0.095165
-67.0,11.916672,0.093867
-67.0,12.0,0.095634
-67.0,12.083336,0.111493
-67.0,12.166672,0.13031
-67.0,12.25,0.149679
-67.0,12.333336,0.168024
-67.0,12.416672,0.184648
-66.916664,-4.25,0.0
-66.916664,-4.166664,0.0
-66.916664,-4.0833282,0.0
-66.916664,-4.0,0.0
-66.916664,-3.9166641,0.0
-66.916664,-3.8333282,0.0
-66.916664,-3.75,0.0
-66.916664,-3.6666641,0.0
-66.916664,-3.5833282,0.0
-66.916664,-3.5,0.0
-66.916664,-3.4166641,0.0
-66.916664,-3.3333282,0.0
-66.916664,-3.25,0.0
-66.916664,-3.1666641,0.0
-66.916664,-3.0833282,0.0
-66.916664,-3.0,0.0
-66.916664,-2.9166641,0.0
-66.916664,-2.8333282,0.0
-66.916664,-2.75,0.0
-66.916664,-2.6666641,0.0
-66.916664,-2.5833282,0.0
-66.916664,-2.5,0.0
-66.916664,-2.4166641,0.0
-66.916664,-2.3333282,0.0
-66.916664,-2.25,0.0
-66.916664,-2.1666641,0.0
-66.916664,-2.0833282,0.0
-66.916664,-2.0,0.0
-66.916664,-1.9166641,0.0
-66.916664,-1.8333282,0.0
-66.916664,-1.75,0.0
-66.916664,-1.6666641,0.0
-66.916664,-1.5833282,0.0
-66.916664,-1.5,0.0
-66.916664,-1.4166641,0.0
-66.916664,-1.3333282,0.0
-66.916664,-1.25,0.0
-66.916664,-1.1666641,0.0
-66.916664,-1.0833282,0.0
-66.916664,-1.0,0.0
-66.916664,-0.9166641,0.0
-66.916664,-0.83332825,0.0
-66.916664,-0.75,0.0
-66.916664,-0.6666641,0.0
-66.916664,-0.58332825,0.0
-66.916664,-0.5,0.0
-66.916664,-0.41666412,0.0
-66.916664,-0.33332825,0.0
-66.916664,-0.25,0.0
-66.916664,-0.16666412,0.0
-66.916664,-0.08332825,0.0
-66.916664,0.0,0.0
-66.916664,0.08333588,0.0
-66.916664,0.16667175,0.0
-66.916664,0.25,0.0
-66.916664,0.33333588,0.0
-66.916664,0.41667175,0.0
-66.916664,0.5,0.0
-66.916664,0.5833359,0.0
-66.916664,0.66667175,0.0
-66.916664,0.75,0.0
-66.916664,0.8333359,0.0
-66.916664,0.91667175,0.0
-66.916664,1.0,0.0
-66.916664,1.0833359,0.0
-66.916664,1.1666718,0.0
-66.916664,1.25,0.0
-66.916664,1.3333359,0.0
-66.916664,1.4166718,0.0
-66.916664,1.5,0.0
-66.916664,1.5833359,0.0
-66.916664,1.6666718,0.0
-66.916664,1.75,0.0
-66.916664,1.8333359,0.0
-66.916664,1.9166718,0.0
-66.916664,2.0,0.0
-66.916664,2.0833359,0.0
-66.916664,2.1666718,0.0
-66.916664,2.25,0.0
-66.916664,2.3333359,0.0
-66.916664,2.4166718,0.0
-66.916664,2.5,0.0
-66.916664,2.5833359,0.0
-66.916664,2.6666718,0.0
-66.916664,2.75,0.0
-66.916664,2.8333359,0.0
-66.916664,2.9166718,0.0
-66.916664,3.0,0.0
-66.916664,3.0833359,0.0
-66.916664,3.1666718,0.0
-66.916664,3.25,0.0
-66.916664,3.3333359,0.0
-66.916664,3.4166718,0.0
-66.916664,3.5,0.0
-66.916664,3.5833359,0.0
-66.916664,3.6666718,0.0
-66.916664,3.75,0.0
-66.916664,3.8333359,0.0
-66.916664,3.9166718,0.0
-66.916664,4.0,0.0
-66.916664,4.083336,0.0
-66.916664,4.1666718,0.0
-66.916664,4.25,0.0
-66.916664,4.333336,0.0
-66.916664,4.4166718,0.0
-66.916664,4.5,0.0
-66.916664,4.583336,0.0
-66.916664,4.6666718,0.0
-66.916664,4.75,0.0
-66.916664,4.833336,0.0
-66.916664,4.9166718,0.0
-66.916664,5.0,0.0
-66.916664,5.083336,0.0
-66.916664,5.1666718,0.0
-66.916664,5.25,0.0
-66.916664,5.333336,0.0
-66.916664,5.4166718,0.0
-66.916664,5.5,0.0
-66.916664,5.583336,0.0
-66.916664,5.6666718,0.0
-66.916664,5.75,0.0
-66.916664,5.833336,0.0
-66.916664,5.9166718,0.0
-66.916664,6.0,0.0
-66.916664,6.083336,0.0
-66.916664,6.1666718,0.0
-66.916664,6.25,0.0
-66.916664,6.333336,0.0
-66.916664,6.4166718,0.0
-66.916664,6.5,0.0
-66.916664,6.583336,0.0
-66.916664,6.6666718,0.0
-66.916664,6.75,0.0
-66.916664,6.833336,0.0
-66.916664,6.9166718,0.0
-66.916664,7.0,0.0
-66.916664,7.083336,0.0
-66.916664,7.1666718,0.0
-66.916664,7.25,0.0
-66.916664,7.333336,0.0
-66.916664,7.4166718,0.0
-66.916664,7.5,0.0
-66.916664,7.583336,0.0
-66.916664,7.6666718,0.0
-66.916664,7.75,0.0
-66.916664,7.833336,0.0
-66.916664,7.9166718,0.0
-66.916664,8.0,0.0
-66.916664,8.083336,0.0
-66.916664,8.166672,0.0
-66.916664,8.25,0.0
-66.916664,8.333336,0.0
-66.916664,8.416672,0.0
-66.916664,8.5,0.0
-66.916664,8.583336,0.0
-66.916664,8.666672,0.0
-66.916664,8.75,0.0
-66.916664,8.833336,0.0
-66.916664,8.916672,0.0
-66.916664,9.0,0.0
-66.916664,9.083336,0.0
-66.916664,9.166672,0.0
-66.916664,9.25,0.0
-66.916664,9.333336,0.0
-66.916664,9.416672,0.0
-66.916664,9.5,0.0
-66.916664,9.583336,0.0
-66.916664,9.666672,0.0
-66.916664,9.75,0.0
-66.916664,9.833336,0.0
-66.916664,9.916672,0.0
-66.916664,10.0,0.0
-66.916664,10.083336,0.0
-66.916664,10.166672,0.0
-66.916664,10.25,0.0
-66.916664,10.333336,0.0
-66.916664,10.416672,0.0
-66.916664,10.5,0.0
-66.916664,10.583336,-0.086172
-66.916664,10.666672,-0.090587
-66.916664,10.75,-0.093054
-66.916664,10.833336,-0.090217
-66.916664,10.916672,-0.086476
-66.916664,11.0,-0.07791
-66.916664,11.083336,-0.062926
-66.916664,11.166672,-0.04601
-66.916664,11.25,-0.023978
-66.916664,11.333336,0.001507
-66.916664,11.416672,0.02497
-66.916664,11.5,0.045903
-66.916664,11.583336,0.065698
-66.916664,11.666672,0.083949
-66.916664,11.75,0.09943
-66.916664,11.833336,0.096188
-66.916664,11.916672,0.091851
-66.916664,12.0,0.095967
-66.916664,12.083336,0.112827
-66.916664,12.166672,0.132126
-66.916664,12.25,0.151636
-66.916664,12.333336,0.169332
-66.916664,12.416672,0.186382
-66.83333,-4.25,0.0
-66.83333,-4.166664,0.0
-66.83333,-4.0833282,0.0
-66.83333,-4.0,0.0
-66.83333,-3.9166641,0.0
-66.83333,-3.8333282,0.0
-66.83333,-3.75,0.0
-66.83333,-3.6666641,0.0
-66.83333,-3.5833282,0.0
-66.83333,-3.5,0.0
-66.83333,-3.4166641,0.0
-66.83333,-3.3333282,0.0
-66.83333,-3.25,0.0
-66.83333,-3.1666641,0.0
-66.83333,-3.0833282,0.0
-66.83333,-3.0,0.0
-66.83333,-2.9166641,0.0
-66.83333,-2.8333282,0.0
-66.83333,-2.75,0.0
-66.83333,-2.6666641,0.0
-66.83333,-2.5833282,0.0
-66.83333,-2.5,0.0
-66.83333,-2.4166641,0.0
-66.83333,-2.3333282,0.0
-66.83333,-2.25,0.0
-66.83333,-2.1666641,0.0
-66.83333,-2.0833282,0.0
-66.83333,-2.0,0.0
-66.83333,-1.9166641,0.0
-66.83333,-1.8333282,0.0
-66.83333,-1.75,0.0
-66.83333,-1.6666641,0.0
-66.83333,-1.5833282,0.0
-66.83333,-1.5,0.0
-66.83333,-1.4166641,0.0
-66.83333,-1.3333282,0.0
-66.83333,-1.25,0.0
-66.83333,-1.1666641,0.0
-66.83333,-1.0833282,0.0
-66.83333,-1.0,0.0
-66.83333,-0.9166641,0.0
-66.83333,-0.83332825,0.0
-66.83333,-0.75,0.0
-66.83333,-0.6666641,0.0
-66.83333,-0.58332825,0.0
-66.83333,-0.5,0.0
-66.83333,-0.41666412,0.0
-66.83333,-0.33332825,0.0
-66.83333,-0.25,0.0
-66.83333,-0.16666412,0.0
-66.83333,-0.08332825,0.0
-66.83333,0.0,0.0
-66.83333,0.08333588,0.0
-66.83333,0.16667175,0.0
-66.83333,0.25,0.0
-66.83333,0.33333588,0.0
-66.83333,0.41667175,0.0
-66.83333,0.5,0.0
-66.83333,0.5833359,0.0
-66.83333,0.66667175,0.0
-66.83333,0.75,0.0
-66.83333,0.8333359,0.0
-66.83333,0.91667175,0.0
-66.83333,1.0,0.0
-66.83333,1.0833359,0.0
-66.83333,1.1666718,0.0
-66.83333,1.25,0.0
-66.83333,1.3333359,0.0
-66.83333,1.4166718,0.0
-66.83333,1.5,0.0
-66.83333,1.5833359,0.0
-66.83333,1.6666718,0.0
-66.83333,1.75,0.0
-66.83333,1.8333359,0.0
-66.83333,1.9166718,0.0
-66.83333,2.0,0.0
-66.83333,2.0833359,0.0
-66.83333,2.1666718,0.0
-66.83333,2.25,0.0
-66.83333,2.3333359,0.0
-66.83333,2.4166718,0.0
-66.83333,2.5,0.0
-66.83333,2.5833359,0.0
-66.83333,2.6666718,0.0
-66.83333,2.75,0.0
-66.83333,2.8333359,0.0
-66.83333,2.9166718,0.0
-66.83333,3.0,0.0
-66.83333,3.0833359,0.0
-66.83333,3.1666718,0.0
-66.83333,3.25,0.0
-66.83333,3.3333359,0.0
-66.83333,3.4166718,0.0
-66.83333,3.5,0.0
-66.83333,3.5833359,0.0
-66.83333,3.6666718,0.0
-66.83333,3.75,0.0
-66.83333,3.8333359,0.0
-66.83333,3.9166718,0.0
-66.83333,4.0,0.0
-66.83333,4.083336,0.0
-66.83333,4.1666718,0.0
-66.83333,4.25,0.0
-66.83333,4.333336,0.0
-66.83333,4.4166718,0.0
-66.83333,4.5,0.0
-66.83333,4.583336,0.0
-66.83333,4.6666718,0.0
-66.83333,4.75,0.0
-66.83333,4.833336,0.0
-66.83333,4.9166718,0.0
-66.83333,5.0,0.0
-66.83333,5.083336,0.0
-66.83333,5.1666718,0.0
-66.83333,5.25,0.0
-66.83333,5.333336,0.0
-66.83333,5.4166718,0.0
-66.83333,5.5,0.0
-66.83333,5.583336,0.0
-66.83333,5.6666718,0.0
-66.83333,5.75,0.0
-66.83333,5.833336,0.0
-66.83333,5.9166718,0.0
-66.83333,6.0,0.0
-66.83333,6.083336,0.0
-66.83333,6.1666718,0.0
-66.83333,6.25,0.0
-66.83333,6.333336,0.0
-66.83333,6.4166718,0.0
-66.83333,6.5,0.0
-66.83333,6.583336,0.0
-66.83333,6.6666718,0.0
-66.83333,6.75,0.0
-66.83333,6.833336,0.0
-66.83333,6.9166718,0.0
-66.83333,7.0,0.0
-66.83333,7.083336,0.0
-66.83333,7.1666718,0.0
-66.83333,7.25,0.0
-66.83333,7.333336,0.0
-66.83333,7.4166718,0.0
-66.83333,7.5,0.0
-66.83333,7.583336,0.0
-66.83333,7.6666718,0.0
-66.83333,7.75,0.0
-66.83333,7.833336,0.0
-66.83333,7.9166718,0.0
-66.83333,8.0,0.0
-66.83333,8.083336,0.0
-66.83333,8.166672,0.0
-66.83333,8.25,0.0
-66.83333,8.333336,0.0
-66.83333,8.416672,0.0
-66.83333,8.5,0.0
-66.83333,8.583336,0.0
-66.83333,8.666672,0.0
-66.83333,8.75,0.0
-66.83333,8.833336,0.0
-66.83333,8.916672,0.0
-66.83333,9.0,0.0
-66.83333,9.083336,0.0
-66.83333,9.166672,0.0
-66.83333,9.25,0.0
-66.83333,9.333336,0.0
-66.83333,9.416672,0.0
-66.83333,9.5,0.0
-66.83333,9.583336,0.0
-66.83333,9.666672,0.0
-66.83333,9.75,0.0
-66.83333,9.833336,0.0
-66.83333,9.916672,0.0
-66.83333,10.0,0.0
-66.83333,10.083336,0.0
-66.83333,10.166672,0.0
-66.83333,10.25,0.0
-66.83333,10.333336,0.0
-66.83333,10.416672,0.0
-66.83333,10.5,0.0
-66.83333,10.583336,0.0
-66.83333,10.666672,-0.092613
-66.83333,10.75,-0.093626
-66.83333,10.833336,-0.09116
-66.83333,10.916672,-0.087354
-66.83333,11.0,-0.078685
-66.83333,11.083336,-0.062868
-66.83333,11.166672,-0.044545
-66.83333,11.25,-0.020733
-66.83333,11.333336,0.004698
-66.83333,11.416672,0.0277
-66.83333,11.5,0.047636
-66.83333,11.583336,0.066445
-66.83333,11.666672,0.083653
-66.83333,11.75,0.098709
-66.83333,11.833336,0.097286
-66.83333,11.916672,0.09265
-66.83333,12.0,0.09843
-66.83333,12.083336,0.113776
-66.83333,12.166672,0.133775
-66.83333,12.25,0.152556
-66.83333,12.333336,0.170307
-66.83333,12.416672,0.187601
-66.75,-4.25,0.0
-66.75,-4.166664,0.0
-66.75,-4.0833282,0.0
-66.75,-4.0,0.0
-66.75,-3.9166641,0.0
-66.75,-3.8333282,0.0
-66.75,-3.75,0.0
-66.75,-3.6666641,0.0
-66.75,-3.5833282,0.0
-66.75,-3.5,0.0
-66.75,-3.4166641,0.0
-66.75,-3.3333282,0.0
-66.75,-3.25,0.0
-66.75,-3.1666641,0.0
-66.75,-3.0833282,0.0
-66.75,-3.0,0.0
-66.75,-2.9166641,0.0
-66.75,-2.8333282,0.0
-66.75,-2.75,0.0
-66.75,-2.6666641,0.0
-66.75,-2.5833282,0.0
-66.75,-2.5,0.0
-66.75,-2.4166641,0.0
-66.75,-2.3333282,0.0
-66.75,-2.25,0.0
-66.75,-2.1666641,0.0
-66.75,-2.0833282,0.0
-66.75,-2.0,0.0
-66.75,-1.9166641,0.0
-66.75,-1.8333282,0.0
-66.75,-1.75,0.0
-66.75,-1.6666641,0.0
-66.75,-1.5833282,0.0
-66.75,-1.5,0.0
-66.75,-1.4166641,0.0
-66.75,-1.3333282,0.0
-66.75,-1.25,0.0
-66.75,-1.1666641,0.0
-66.75,-1.0833282,0.0
-66.75,-1.0,0.0
-66.75,-0.9166641,0.0
-66.75,-0.83332825,0.0
-66.75,-0.75,0.0
-66.75,-0.6666641,0.0
-66.75,-0.58332825,0.0
-66.75,-0.5,0.0
-66.75,-0.41666412,0.0
-66.75,-0.33332825,0.0
-66.75,-0.25,0.0
-66.75,-0.16666412,0.0
-66.75,-0.08332825,0.0
-66.75,0.0,0.0
-66.75,0.08333588,0.0
-66.75,0.16667175,0.0
-66.75,0.25,0.0
-66.75,0.33333588,0.0
-66.75,0.41667175,0.0
-66.75,0.5,0.0
-66.75,0.5833359,0.0
-66.75,0.66667175,0.0
-66.75,0.75,0.0
-66.75,0.8333359,0.0
-66.75,0.91667175,0.0
-66.75,1.0,0.0
-66.75,1.0833359,0.0
-66.75,1.1666718,0.0
-66.75,1.25,0.0
-66.75,1.3333359,0.0
-66.75,1.4166718,0.0
-66.75,1.5,0.0
-66.75,1.5833359,0.0
-66.75,1.6666718,0.0
-66.75,1.75,0.0
-66.75,1.8333359,0.0
-66.75,1.9166718,0.0
-66.75,2.0,0.0
-66.75,2.0833359,0.0
-66.75,2.1666718,0.0
-66.75,2.25,0.0
-66.75,2.3333359,0.0
-66.75,2.4166718,0.0
-66.75,2.5,0.0
-66.75,2.5833359,0.0
-66.75,2.6666718,0.0
-66.75,2.75,0.0
-66.75,2.8333359,0.0
-66.75,2.9166718,0.0
-66.75,3.0,0.0
-66.75,3.0833359,0.0
-66.75,3.1666718,0.0
-66.75,3.25,0.0
-66.75,3.3333359,0.0
-66.75,3.4166718,0.0
-66.75,3.5,0.0
-66.75,3.5833359,0.0
-66.75,3.6666718,0.0
-66.75,3.75,0.0
-66.75,3.8333359,0.0
-66.75,3.9166718,0.0
-66.75,4.0,0.0
-66.75,4.083336,0.0
-66.75,4.1666718,0.0
-66.75,4.25,0.0
-66.75,4.333336,0.0
-66.75,4.4166718,0.0
-66.75,4.5,0.0
-66.75,4.583336,0.0
-66.75,4.6666718,0.0
-66.75,4.75,0.0
-66.75,4.833336,0.0
-66.75,4.9166718,0.0
-66.75,5.0,0.0
-66.75,5.083336,0.0
-66.75,5.1666718,0.0
-66.75,5.25,0.0
-66.75,5.333336,0.0
-66.75,5.4166718,0.0
-66.75,5.5,0.0
-66.75,5.583336,0.0
-66.75,5.6666718,0.0
-66.75,5.75,0.0
-66.75,5.833336,0.0
-66.75,5.9166718,0.0
-66.75,6.0,0.0
-66.75,6.083336,0.0
-66.75,6.1666718,0.0
-66.75,6.25,0.0
-66.75,6.333336,0.0
-66.75,6.4166718,0.0
-66.75,6.5,0.0
-66.75,6.583336,0.0
-66.75,6.6666718,0.0
-66.75,6.75,0.0
-66.75,6.833336,0.0
-66.75,6.9166718,0.0
-66.75,7.0,0.0
-66.75,7.083336,0.0
-66.75,7.1666718,0.0
-66.75,7.25,0.0
-66.75,7.333336,0.0
-66.75,7.4166718,0.0
-66.75,7.5,0.0
-66.75,7.583336,0.0
-66.75,7.6666718,0.0
-66.75,7.75,0.0
-66.75,7.833336,0.0
-66.75,7.9166718,0.0
-66.75,8.0,0.0
-66.75,8.083336,0.0
-66.75,8.166672,0.0
-66.75,8.25,0.0
-66.75,8.333336,0.0
-66.75,8.416672,0.0
-66.75,8.5,0.0
-66.75,8.583336,0.0
-66.75,8.666672,0.0
-66.75,8.75,0.0
-66.75,8.833336,0.0
-66.75,8.916672,0.0
-66.75,9.0,0.0
-66.75,9.083336,0.0
-66.75,9.166672,0.0
-66.75,9.25,0.0
-66.75,9.333336,0.0
-66.75,9.416672,0.0
-66.75,9.5,0.0
-66.75,9.583336,0.0
-66.75,9.666672,0.0
-66.75,9.75,0.0
-66.75,9.833336,0.0
-66.75,9.916672,0.0
-66.75,10.0,0.0
-66.75,10.083336,0.0
-66.75,10.166672,0.0
-66.75,10.25,0.0
-66.75,10.333336,0.0
-66.75,10.416672,0.0
-66.75,10.5,0.0
-66.75,10.583336,0.0
-66.75,10.666672,-0.093076
-66.75,10.75,-0.093346
-66.75,10.833336,-0.091417
-66.75,10.916672,-0.087769
-66.75,11.0,-0.078097
-66.75,11.083336,-0.061062
-66.75,11.166672,-0.04114
-66.75,11.25,-0.017001
-66.75,11.333336,0.007727
-66.75,11.416672,0.030516
-66.75,11.5,0.049487
-66.75,11.583336,0.066806
-66.75,11.666672,0.082411
-66.75,11.75,0.097116
-66.75,11.833336,0.096178
-66.75,11.916672,0.091918
-66.75,12.0,0.098664
-66.75,12.083336,0.116573
-66.75,12.166672,0.135854
-66.75,12.25,0.153291
-66.75,12.333336,0.171177
-66.75,12.416672,0.188611
-66.666664,-4.25,0.0
-66.666664,-4.166664,0.0
-66.666664,-4.0833282,0.0
-66.666664,-4.0,0.0
-66.666664,-3.9166641,0.0
-66.666664,-3.8333282,0.0
-66.666664,-3.75,0.0
-66.666664,-3.6666641,0.0
-66.666664,-3.5833282,0.0
-66.666664,-3.5,0.0
-66.666664,-3.4166641,0.0
-66.666664,-3.3333282,0.0
-66.666664,-3.25,0.0
-66.666664,-3.1666641,0.0
-66.666664,-3.0833282,0.0
-66.666664,-3.0,0.0
-66.666664,-2.9166641,0.0
-66.666664,-2.8333282,0.0
-66.666664,-2.75,0.0
-66.666664,-2.6666641,0.0
-66.666664,-2.5833282,0.0
-66.666664,-2.5,0.0
-66.666664,-2.4166641,0.0
-66.666664,-2.3333282,0.0
-66.666664,-2.25,0.0
-66.666664,-2.1666641,0.0
-66.666664,-2.0833282,0.0
-66.666664,-2.0,0.0
-66.666664,-1.9166641,0.0
-66.666664,-1.8333282,0.0
-66.666664,-1.75,0.0
-66.666664,-1.6666641,0.0
-66.666664,-1.5833282,0.0
-66.666664,-1.5,0.0
-66.666664,-1.4166641,0.0
-66.666664,-1.3333282,0.0
-66.666664,-1.25,0.0
-66.666664,-1.1666641,0.0
-66.666664,-1.0833282,0.0
-66.666664,-1.0,0.0
-66.666664,-0.9166641,0.0
-66.666664,-0.83332825,0.0
-66.666664,-0.75,0.0
-66.666664,-0.6666641,0.0
-66.666664,-0.58332825,0.0
-66.666664,-0.5,0.0
-66.666664,-0.41666412,0.0
-66.666664,-0.33332825,0.0
-66.666664,-0.25,0.0
-66.666664,-0.16666412,0.0
-66.666664,-0.08332825,0.0
-66.666664,0.0,0.0
-66.666664,0.08333588,0.0
-66.666664,0.16667175,0.0
-66.666664,0.25,0.0
-66.666664,0.33333588,0.0
-66.666664,0.41667175,0.0
-66.666664,0.5,0.0
-66.666664,0.5833359,0.0
-66.666664,0.66667175,0.0
-66.666664,0.75,0.0
-66.666664,0.8333359,0.0
-66.666664,0.91667175,0.0
-66.666664,1.0,0.0
-66.666664,1.0833359,0.0
-66.666664,1.1666718,0.0
-66.666664,1.25,0.0
-66.666664,1.3333359,0.0
-66.666664,1.4166718,0.0
-66.666664,1.5,0.0
-66.666664,1.5833359,0.0
-66.666664,1.6666718,0.0
-66.666664,1.75,0.0
-66.666664,1.8333359,0.0
-66.666664,1.9166718,0.0
-66.666664,2.0,0.0
-66.666664,2.0833359,0.0
-66.666664,2.1666718,0.0
-66.666664,2.25,0.0
-66.666664,2.3333359,0.0
-66.666664,2.4166718,0.0
-66.666664,2.5,0.0
-66.666664,2.5833359,0.0
-66.666664,2.6666718,0.0
-66.666664,2.75,0.0
-66.666664,2.8333359,0.0
-66.666664,2.9166718,0.0
-66.666664,3.0,0.0
-66.666664,3.0833359,0.0
-66.666664,3.1666718,0.0
-66.666664,3.25,0.0
-66.666664,3.3333359,0.0
-66.666664,3.4166718,0.0
-66.666664,3.5,0.0
-66.666664,3.5833359,0.0
-66.666664,3.6666718,0.0
-66.666664,3.75,0.0
-66.666664,3.8333359,0.0
-66.666664,3.9166718,0.0
-66.666664,4.0,0.0
-66.666664,4.083336,0.0
-66.666664,4.1666718,0.0
-66.666664,4.25,0.0
-66.666664,4.333336,0.0
-66.666664,4.4166718,0.0
-66.666664,4.5,0.0
-66.666664,4.583336,0.0
-66.666664,4.6666718,0.0
-66.666664,4.75,0.0
-66.666664,4.833336,0.0
-66.666664,4.9166718,0.0
-66.666664,5.0,0.0
-66.666664,5.083336,0.0
-66.666664,5.1666718,0.0
-66.666664,5.25,0.0
-66.666664,5.333336,0.0
-66.666664,5.4166718,0.0
-66.666664,5.5,0.0
-66.666664,5.583336,0.0
-66.666664,5.6666718,0.0
-66.666664,5.75,0.0
-66.666664,5.833336,0.0
-66.666664,5.9166718,0.0
-66.666664,6.0,0.0
-66.666664,6.083336,0.0
-66.666664,6.1666718,0.0
-66.666664,6.25,0.0
-66.666664,6.333336,0.0
-66.666664,6.4166718,0.0
-66.666664,6.5,0.0
-66.666664,6.583336,0.0
-66.666664,6.6666718,0.0
-66.666664,6.75,0.0
-66.666664,6.833336,0.0
-66.666664,6.9166718,0.0
-66.666664,7.0,0.0
-66.666664,7.083336,0.0
-66.666664,7.1666718,0.0
-66.666664,7.25,0.0
-66.666664,7.333336,0.0
-66.666664,7.4166718,0.0
-66.666664,7.5,0.0
-66.666664,7.583336,0.0
-66.666664,7.6666718,0.0
-66.666664,7.75,0.0
-66.666664,7.833336,0.0
-66.666664,7.9166718,0.0
-66.666664,8.0,0.0
-66.666664,8.083336,0.0
-66.666664,8.166672,0.0
-66.666664,8.25,0.0
-66.666664,8.333336,0.0
-66.666664,8.416672,0.0
-66.666664,8.5,0.0
-66.666664,8.583336,0.0
-66.666664,8.666672,0.0
-66.666664,8.75,0.0
-66.666664,8.833336,0.0
-66.666664,8.916672,0.0
-66.666664,9.0,0.0
-66.666664,9.083336,0.0
-66.666664,9.166672,0.0
-66.666664,9.25,0.0
-66.666664,9.333336,0.0
-66.666664,9.416672,0.0
-66.666664,9.5,0.0
-66.666664,9.583336,0.0
-66.666664,9.666672,0.0
-66.666664,9.75,0.0
-66.666664,9.833336,0.0
-66.666664,9.916672,0.0
-66.666664,10.0,0.0
-66.666664,10.083336,0.0
-66.666664,10.166672,0.0
-66.666664,10.25,0.0
-66.666664,10.333336,0.0
-66.666664,10.416672,0.0
-66.666664,10.5,0.0
-66.666664,10.583336,0.0
-66.666664,10.666672,-0.093371
-66.666664,10.75,-0.092555
-66.666664,10.833336,-0.091344
-66.666664,10.916672,-0.087485
-66.666664,11.0,-0.075598
-66.666664,11.083336,-0.057044
-66.666664,11.166672,-0.03667
-66.666664,11.25,-0.012932
-66.666664,11.333336,0.010802
-66.666664,11.416672,0.032866
-66.666664,11.5,0.050853
-66.666664,11.583336,0.066767
-66.666664,11.666672,0.08083
-66.666664,11.75,0.094593
-66.666664,11.833336,0.102039
-66.666664,11.916672,0.097477
-66.666664,12.0,0.099025
-66.666664,12.083336,0.11972
-66.666664,12.166672,0.137604
-66.666664,12.25,0.154806
-66.666664,12.333336,0.172391
-66.666664,12.416672,0.189334
-66.58333,-4.25,0.0
-66.58333,-4.166664,0.0
-66.58333,-4.0833282,0.0
-66.58333,-4.0,0.0
-66.58333,-3.9166641,0.0
-66.58333,-3.8333282,0.0
-66.58333,-3.75,0.0
-66.58333,-3.6666641,0.0
-66.58333,-3.5833282,0.0
-66.58333,-3.5,0.0
-66.58333,-3.4166641,0.0
-66.58333,-3.3333282,0.0
-66.58333,-3.25,0.0
-66.58333,-3.1666641,0.0
-66.58333,-3.0833282,0.0
-66.58333,-3.0,0.0
-66.58333,-2.9166641,0.0
-66.58333,-2.8333282,0.0
-66.58333,-2.75,0.0
-66.58333,-2.6666641,0.0
-66.58333,-2.5833282,0.0
-66.58333,-2.5,0.0
-66.58333,-2.4166641,0.0
-66.58333,-2.3333282,0.0
-66.58333,-2.25,0.0
-66.58333,-2.1666641,0.0
-66.58333,-2.0833282,0.0
-66.58333,-2.0,0.0
-66.58333,-1.9166641,0.0
-66.58333,-1.8333282,0.0
-66.58333,-1.75,0.0
-66.58333,-1.6666641,0.0
-66.58333,-1.5833282,0.0
-66.58333,-1.5,0.0
-66.58333,-1.4166641,0.0
-66.58333,-1.3333282,0.0
-66.58333,-1.25,0.0
-66.58333,-1.1666641,0.0
-66.58333,-1.0833282,0.0
-66.58333,-1.0,0.0
-66.58333,-0.9166641,0.0
-66.58333,-0.83332825,0.0
-66.58333,-0.75,0.0
-66.58333,-0.6666641,0.0
-66.58333,-0.58332825,0.0
-66.58333,-0.5,0.0
-66.58333,-0.41666412,0.0
-66.58333,-0.33332825,0.0
-66.58333,-0.25,0.0
-66.58333,-0.16666412,0.0
-66.58333,-0.08332825,0.0
-66.58333,0.0,0.0
-66.58333,0.08333588,0.0
-66.58333,0.16667175,0.0
-66.58333,0.25,0.0
-66.58333,0.33333588,0.0
-66.58333,0.41667175,0.0
-66.58333,0.5,0.0
-66.58333,0.5833359,0.0
-66.58333,0.66667175,0.0
-66.58333,0.75,0.0
-66.58333,0.8333359,0.0
-66.58333,0.91667175,0.0
-66.58333,1.0,0.0
-66.58333,1.0833359,0.0
-66.58333,1.1666718,0.0
-66.58333,1.25,0.0
-66.58333,1.3333359,0.0
-66.58333,1.4166718,0.0
-66.58333,1.5,0.0
-66.58333,1.5833359,0.0
-66.58333,1.6666718,0.0
-66.58333,1.75,0.0
-66.58333,1.8333359,0.0
-66.58333,1.9166718,0.0
-66.58333,2.0,0.0
-66.58333,2.0833359,0.0
-66.58333,2.1666718,0.0
-66.58333,2.25,0.0
-66.58333,2.3333359,0.0
-66.58333,2.4166718,0.0
-66.58333,2.5,0.0
-66.58333,2.5833359,0.0
-66.58333,2.6666718,0.0
-66.58333,2.75,0.0
-66.58333,2.8333359,0.0
-66.58333,2.9166718,0.0
-66.58333,3.0,0.0
-66.58333,3.0833359,0.0
-66.58333,3.1666718,0.0
-66.58333,3.25,0.0
-66.58333,3.3333359,0.0
-66.58333,3.4166718,0.0
-66.58333,3.5,0.0
-66.58333,3.5833359,0.0
-66.58333,3.6666718,0.0
-66.58333,3.75,0.0
-66.58333,3.8333359,0.0
-66.58333,3.9166718,0.0
-66.58333,4.0,0.0
-66.58333,4.083336,0.0
-66.58333,4.1666718,0.0
-66.58333,4.25,0.0
-66.58333,4.333336,0.0
-66.58333,4.4166718,0.0
-66.58333,4.5,0.0
-66.58333,4.583336,0.0
-66.58333,4.6666718,0.0
-66.58333,4.75,0.0
-66.58333,4.833336,0.0
-66.58333,4.9166718,0.0
-66.58333,5.0,0.0
-66.58333,5.083336,0.0
-66.58333,5.1666718,0.0
-66.58333,5.25,0.0
-66.58333,5.333336,0.0
-66.58333,5.4166718,0.0
-66.58333,5.5,0.0
-66.58333,5.583336,0.0
-66.58333,5.6666718,0.0
-66.58333,5.75,0.0
-66.58333,5.833336,0.0
-66.58333,5.9166718,0.0
-66.58333,6.0,0.0
-66.58333,6.083336,0.0
-66.58333,6.1666718,0.0
-66.58333,6.25,0.0
-66.58333,6.333336,0.0
-66.58333,6.4166718,0.0
-66.58333,6.5,0.0
-66.58333,6.583336,0.0
-66.58333,6.6666718,0.0
-66.58333,6.75,0.0
-66.58333,6.833336,0.0
-66.58333,6.9166718,0.0
-66.58333,7.0,0.0
-66.58333,7.083336,0.0
-66.58333,7.1666718,0.0
-66.58333,7.25,0.0
-66.58333,7.333336,0.0
-66.58333,7.4166718,0.0
-66.58333,7.5,0.0
-66.58333,7.583336,0.0
-66.58333,7.6666718,0.0
-66.58333,7.75,0.0
-66.58333,7.833336,0.0
-66.58333,7.9166718,0.0
-66.58333,8.0,0.0
-66.58333,8.083336,0.0
-66.58333,8.166672,0.0
-66.58333,8.25,0.0
-66.58333,8.333336,0.0
-66.58333,8.416672,0.0
-66.58333,8.5,0.0
-66.58333,8.583336,0.0
-66.58333,8.666672,0.0
-66.58333,8.75,0.0
-66.58333,8.833336,0.0
-66.58333,8.916672,0.0
-66.58333,9.0,0.0
-66.58333,9.083336,0.0
-66.58333,9.166672,0.0
-66.58333,9.25,0.0
-66.58333,9.333336,0.0
-66.58333,9.416672,0.0
-66.58333,9.5,0.0
-66.58333,9.583336,0.0
-66.58333,9.666672,0.0
-66.58333,9.75,0.0
-66.58333,9.833336,0.0
-66.58333,9.916672,0.0
-66.58333,10.0,0.0
-66.58333,10.083336,0.0
-66.58333,10.166672,0.0
-66.58333,10.25,0.0
-66.58333,10.333336,0.0
-66.58333,10.416672,0.0
-66.58333,10.5,0.0
-66.58333,10.583336,0.0
-66.58333,10.666672,-0.093556
-66.58333,10.75,-0.092264
-66.58333,10.833336,-0.091582
-66.58333,10.916672,-0.086427
-66.58333,11.0,-0.071656
-66.58333,11.083336,-0.052022
-66.58333,11.166672,-0.0317
-66.58333,11.25,-0.008965
-66.58333,11.333336,0.013809
-66.58333,11.416672,0.03484
-66.58333,11.5,0.051308
-66.58333,11.583336,0.065829
-66.58333,11.666672,0.078123
-66.58333,11.75,0.088228
-66.58333,11.833336,0.100963
-66.58333,11.916672,0.106271
-66.58333,12.0,0.105952
-66.58333,12.083336,0.122726
-66.58333,12.166672,0.139452
-66.58333,12.25,0.156249
-66.58333,12.333336,0.173095
-66.58333,12.416672,0.189913
