{
"type": "FeatureCollection",
"name": "cauca",
"crs": { "type": "name", "properties": { "name": "urn:ogc:def:crs:OGC:1.3:CRS84" } },
"features": [
{ "type": "Feature", "properties": { "DN": 5 }, "geometry": { "type": "Polygon", "coordinates": [ [ [ -76.84791227696202, 3.21280612327907 ], [ -76.84791227696202, 3.199108518813953 ], [ -76.820517068037972, 3.199108518813953 ], [ -76.820517068037972, 3.21280612327907 ], [ -76.84791227696202, 3.21280612327907 ] ] ] } },
{ "type": "Feature", "properties": { "DN": 2 }, "geometry": { "type": "Polygon", "coordinates": [ [ [ -76.10824163601265, 3.226503727744186 ], [ -76.10824163601265, 3.21280612327907 ], [ -76.121939240474674, 3.21280612327907 ], [ -76.121939240474674, 3.199108518813953 ], [ -76.10824163601265, 3.199108518813953 ], [ -76.10824163601265, 3.185410914348837 ], [ -76.094544031550626, 3.185410914348837 ], [ -76.094544031550626, 3.199108518813953 ], [ -76.053451218164554, 3.199108518813953 ], [ -76.053451218164554, 3.21280612327907 ], [ -76.094544031550626, 3.21280612327907 ], [ -76.094544031550626, 3.226503727744186 ], [ -76.10824163601265, 3.226503727744186 ] ] ] } },
{ "type": "Feature", "properties": { "DN": 7 }, "geometry": { "type": "Polygon", "coordinates": [ [ [ -76.464379352025318, 3.322386959 ], [ -76.464379352025318, 3.308689354534884 ], [ -76.491774560949366, 3.308689354534884 ], [ -76.491774560949366, 3.294991750069768 ], [ -76.478076956487342, 3.294991750069768 ], [ -76.478076956487342, 3.281294145604651 ], [ -76.464379352025318, 3.281294145604651 ], [ -76.464379352025318, 3.240201332209303 ], [ -76.478076956487342, 3.240201332209303 ], [ -76.478076956487342, 3.21280612327907 ], [ -76.491774560949366, 3.21280612327907 ], [ -76.491774560949366, 3.171713309883721 ], [ -76.436984143101256, 3.171713309883721 ], [ -76.436984143101256, 3.185410914348837 ], [ -76.423286538639232, 3.185410914348837 ], [ -76.423286538639232, 3.199108518813953 ], [ -76.395891329715184, 3.199108518813953 ], [ -76.395891329715184, 3.21280612327907 ], [ -76.38219372525316, 3.21280612327907 ], [ -76.38219372525316, 3.294991750069768 ], [ -76.409588934177208, 3.294991750069768 ], [ -76.409588934177208, 3.308689354534884 ], [ -76.436984143101256, 3.308689354534884 ], [ -76.436984143101256, 3.322386959 ], [ -76.464379352025318, 3.322386959 ] ] ] } },
{ "type": "Feature", "properties": { "DN": 5 }, "geometry": { "type": "Polygon", "coordinates": [ [ [ -76.834214672499996, 3.185410914348837 ], [ -76.834214672499996, 3.158015705418605 ], [ -76.806819463575948, 3.158015705418605 ], [ -76.806819463575948, 3.185410914348837 ], [ -76.834214672499996, 3.185410914348837 ] ] ] } },
{ "type": "Feature", "properties": { "DN": 7 }, "geometry": { "type": "Polygon", "coordinates": [ [ [ -77.039678739430371, 3.171713309883721 ], [ -77.039678739430371, 3.158015705418605 ], [ -77.025981134968347, 3.158015705418605 ], [ -77.025981134968347, 3.171713309883721 ], [ -77.039678739430371, 3.171713309883721 ] ] ] } },
{ "type": "Feature", "properties": { "DN": 6 }, "geometry": { "type": "Polygon", "coordinates": [ [ [ -76.889005090348093, 3.21280612327907 ], [ -76.889005090348093, 3.199108518813953 ], [ -76.875307485886069, 3.199108518813953 ], [ -76.875307485886069, 3.171713309883721 ], [ -76.889005090348093, 3.171713309883721 ], [ -76.889005090348093, 3.158015705418605 ], [ -76.861609881424044, 3.158015705418605 ], [ -76.861609881424044, 3.199108518813953 ], [ -76.84791227696202, 3.199108518813953 ], [ -76.84791227696202, 3.21280612327907 ], [ -76.889005090348093, 3.21280612327907 ] ] ] } },
{ "type": "Feature", "properties": { "DN": 5 }, "geometry": { "type": "Polygon", "coordinates": [ [ [ -76.861609881424044, 3.171713309883721 ], [ -76.861609881424044, 3.158015705418605 ], [ -76.84791227696202, 3.158015705418605 ], [ -76.84791227696202, 3.171713309883721 ], [ -76.861609881424044, 3.171713309883721 ] ] ] } },
{ "type": "Feature", "properties": { "DN": 6 }, "geometry": { "type": "Polygon", "coordinates": [ [ [ -76.84791227696202, 3.171713309883721 ], [ -76.84791227696202, 3.158015705418605 ], [ -76.834214672499996, 3.158015705418605 ], [ -76.834214672499996, 3.171713309883721 ], [ -76.84791227696202, 3.171713309883721 ] ] ] } },
{ "type": "Feature", "properties": { "DN": 5 }, "geometry": { "type": "Polygon", "coordinates": [ [ [ -76.752029045727838, 3.171713309883721 ], [ -76.752029045727838, 3.158015705418605 ], [ -76.738331441265814, 3.158015705418605 ], [ -76.738331441265814, 3.171713309883721 ], [ -76.752029045727838, 3.171713309883721 ] ] ] } },
{ "type": "Feature", "properties": { "DN": 7 }, "geometry": { "type": "Polygon", "coordinates": [ [ [ -76.505472165411391, 3.171713309883721 ], [ -76.505472165411391, 3.158015705418605 ], [ -76.491774560949366, 3.158015705418605 ], [ -76.491774560949366, 3.171713309883721 ], [ -76.505472165411391, 3.171713309883721 ] ] ] } },
{ "type": "Feature", "properties": { "DN": 7 }, "geometry": { "type": "Polygon", "coordinates": [ [ [ -76.902702694810117, 3.199108518813953 ], [ -76.902702694810117, 3.185410914348837 ], [ -76.916400299272155, 3.185410914348837 ], [ -76.916400299272155, 3.171713309883721 ], [ -76.902702694810117, 3.171713309883721 ], [ -76.902702694810117, 3.144318100953488 ], [ -76.861609881424044, 3.144318100953488 ], [ -76.861609881424044, 3.158015705418605 ], [ -76.889005090348093, 3.158015705418605 ], [ -76.889005090348093, 3.171713309883721 ], [ -76.875307485886069, 3.171713309883721 ], [ -76.875307485886069, 3.199108518813953 ], [ -76.902702694810117, 3.199108518813953 ] ] ] } },
{ "type": "Feature", "properties": { "DN": 7 }, "geometry": { "type": "Polygon", "coordinates": [ [ [ -77.067073948354434, 3.171713309883721 ], [ -77.067073948354434, 3.158015705418605 ], [ -77.080771552816458, 3.158015705418605 ], [ -77.080771552816458, 3.144318100953488 ], [ -77.053376343892396, 3.144318100953488 ], [ -77.053376343892396, 3.171713309883721 ], [ -77.067073948354434, 3.171713309883721 ] ] ] } },
{ "type": "Feature", "properties": { "DN": 7 }, "geometry": { "type": "Polygon", "coordinates": [ [ [ -76.84791227696202, 3.158015705418605 ], [ -76.84791227696202, 3.144318100953488 ], [ -76.834214672499996, 3.144318100953488 ], [ -76.834214672499996, 3.158015705418605 ], [ -76.84791227696202, 3.158015705418605 ] ] ] } },
{ "type": "Feature", "properties": { "DN": 6 }, "geometry": { "type": "Polygon", "coordinates": [ [ [ -77.053376343892396, 3.171713309883721 ], [ -77.053376343892396, 3.144318100953488 ], [ -77.039678739430371, 3.144318100953488 ], [ -77.039678739430371, 3.130620496488372 ], [ -77.025981134968347, 3.130620496488372 ], [ -77.025981134968347, 3.158015705418605 ], [ -77.039678739430371, 3.158015705418605 ], [ -77.039678739430371, 3.171713309883721 ], [ -77.053376343892396, 3.171713309883721 ] ] ] } },
{ "type": "Feature", "properties": { "DN": 5 }, "geometry": { "type": "Polygon", "coordinates": [ [ [ -76.204124867246833, 3.240201332209303 ], [ -76.204124867246833, 3.199108518813953 ], [ -76.217822471708857, 3.199108518813953 ], [ -76.217822471708857, 3.171713309883721 ], [ -76.245217680632905, 3.171713309883721 ], [ -76.245217680632905, 3.158015705418605 ], [ -76.231520076170881, 3.158015705418605 ], [ -76.231520076170881, 3.130620496488372 ], [ -76.217822471708857, 3.130620496488372 ], [ -76.217822471708857, 3.116922892023256 ], [ -76.204124867246833, 3.116922892023256 ], [ -76.204124867246833, 3.185410914348837 ], [ -76.190427262784809, 3.185410914348837 ], [ -76.190427262784809, 3.171713309883721 ], [ -76.176729658322785, 3.171713309883721 ], [ -76.176729658322785, 3.199108518813953 ], [ -76.163032053860761, 3.199108518813953 ], [ -76.163032053860761, 3.21280612327907 ], [ -76.176729658322785, 3.21280612327907 ], [ -76.176729658322785, 3.226503727744186 ], [ -76.190427262784809, 3.226503727744186 ], [ -76.190427262784809, 3.240201332209303 ], [ -76.204124867246833, 3.240201332209303 ] ] ] } },
{ "type": "Feature", "properties": { "DN": 6 }, "geometry": { "type": "Polygon", "coordinates": [ [ [ -77.067073948354434, 3.144318100953488 ], [ -77.067073948354434, 3.116922892023256 ], [ -77.053376343892396, 3.116922892023256 ], [ -77.053376343892396, 3.144318100953488 ], [ -77.067073948354434, 3.144318100953488 ] ] ] } },
{ "type": "Feature", "properties": { "DN": 8 }, "geometry": { "type": "Polygon", "coordinates": [ [ [ -76.916400299272155, 3.171713309883721 ], [ -76.916400299272155, 3.144318100953488 ], [ -76.930097903734179, 3.144318100953488 ], [ -76.930097903734179, 3.116922892023256 ], [ -76.916400299272155, 3.116922892023256 ], [ -76.916400299272155, 3.130620496488372 ], [ -76.875307485886069, 3.130620496488372 ], [ -76.875307485886069, 3.144318100953488 ], [ -76.902702694810117, 3.144318100953488 ], [ -76.902702694810117, 3.171713309883721 ], [ -76.916400299272155, 3.171713309883721 ] ] ] } },
{ "type": "Feature", "properties": { "DN": 7 }, "geometry": { "type": "Polygon", "coordinates": [ [ [ -76.916400299272155, 3.130620496488372 ], [ -76.916400299272155, 3.116922892023256 ], [ -76.902702694810117, 3.116922892023256 ], [ -76.902702694810117, 3.130620496488372 ], [ -76.916400299272155, 3.130620496488372 ] ] ] } },
{ "type": "Feature", "properties": { "DN": 6 }, "geometry": { "type": "Polygon", "coordinates": [ [ [ -76.861609881424044, 3.158015705418605 ], [ -76.861609881424044, 3.144318100953488 ], [ -76.875307485886069, 3.144318100953488 ], [ -76.875307485886069, 3.130620496488372 ], [ -76.902702694810117, 3.130620496488372 ], [ -76.902702694810117, 3.116922892023256 ], [ -76.834214672499996, 3.116922892023256 ], [ -76.834214672499996, 3.130620496488372 ], [ -76.820517068037972, 3.130620496488372 ], [ -76.820517068037972, 3.158015705418605 ], [ -76.834214672499996, 3.158015705418605 ], [ -76.834214672499996, 3.144318100953488 ], [ -76.84791227696202, 3.144318100953488 ], [ -76.84791227696202, 3.158015705418605 ], [ -76.861609881424044, 3.158015705418605 ] ] ] } },
{ "type": "Feature", "properties": { "DN": 5 }, "geometry": { "type": "Polygon", "coordinates": [ [ [ -76.834214672499996, 3.130620496488372 ], [ -76.834214672499996, 3.116922892023256 ], [ -76.820517068037972, 3.116922892023256 ], [ -76.820517068037972, 3.130620496488372 ], [ -76.834214672499996, 3.130620496488372 ] ] ] } },
{ "type": "Feature", "properties": { "DN": 8 }, "geometry": { "type": "Polygon", "coordinates": [ [ [ -76.957493112658227, 3.116922892023256 ], [ -76.957493112658227, 3.10322528755814 ], [ -76.943795508196203, 3.10322528755814 ], [ -76.943795508196203, 3.116922892023256 ], [ -76.957493112658227, 3.116922892023256 ] ] ] } },
{ "type": "Feature", "properties": { "DN": 5 }, "geometry": { "type": "Polygon", "coordinates": [ [ [ -76.765726650189876, 3.116922892023256 ], [ -76.765726650189876, 3.10322528755814 ], [ -76.752029045727838, 3.10322528755814 ], [ -76.752029045727838, 3.116922892023256 ], [ -76.765726650189876, 3.116922892023256 ] ] ] } },
{ "type": "Feature", "properties": { "DN": 7 }, "geometry": { "type": "Polygon", "coordinates": [ [ [ -77.135561970664554, 3.144318100953488 ], [ -77.135561970664554, 3.089527683093023 ], [ -77.12186436620253, 3.089527683093023 ], [ -77.12186436620253, 3.10322528755814 ], [ -77.108166761740506, 3.10322528755814 ], [ -77.108166761740506, 3.089527683093023 ], [ -77.080771552816458, 3.089527683093023 ], [ -77.080771552816458, 3.116922892023256 ], [ -77.067073948354434, 3.116922892023256 ], [ -77.067073948354434, 3.130620496488372 ], [ -77.094469157278482, 3.130620496488372 ], [ -77.094469157278482, 3.116922892023256 ], [ -77.12186436620253, 3.116922892023256 ], [ -77.12186436620253, 3.144318100953488 ], [ -77.135561970664554, 3.144318100953488 ] ] ] } },
{ "type": "Feature", "properties": { "DN": 7 }, "geometry": { "type": "Polygon", "coordinates": [ [ [ -76.984888321582275, 3.130620496488372 ], [ -76.984888321582275, 3.089527683093023 ], [ -76.971190717120251, 3.089527683093023 ], [ -76.971190717120251, 3.10322528755814 ], [ -76.957493112658227, 3.10322528755814 ], [ -76.957493112658227, 3.116922892023256 ], [ -76.971190717120251, 3.116922892023256 ], [ -76.971190717120251, 3.130620496488372 ], [ -76.984888321582275, 3.130620496488372 ] ] ] } },
{ "type": "Feature", "properties": { "DN": 6 }, "geometry": { "type": "Polygon", "coordinates": [ [ [ -77.080771552816458, 3.116922892023256 ], [ -77.080771552816458, 3.089527683093023 ], [ -77.067073948354434, 3.089527683093023 ], [ -77.067073948354434, 3.116922892023256 ], [ -77.080771552816458, 3.116922892023256 ] ] ] } },
{ "type": "Feature", "properties": { "DN": 8 }, "geometry": { "type": "Polygon", "coordinates": [ [ [ -76.916400299272155, 3.116922892023256 ], [ -76.916400299272155, 3.10322528755814 ], [ -76.902702694810117, 3.10322528755814 ], [ -76.902702694810117, 3.089527683093023 ], [ -76.889005090348093, 3.089527683093023 ], [ -76.889005090348093, 3.116922892023256 ], [ -76.916400299272155, 3.116922892023256 ] ] ] } },
{ "type": "Feature", "properties": { "DN": 7 }, "geometry": { "type": "Polygon", "coordinates": [ [ [ -76.943795508196203, 3.116922892023256 ], [ -76.943795508196203, 3.10322528755814 ], [ -76.957493112658227, 3.10322528755814 ], [ -76.957493112658227, 3.089527683093023 ], [ -76.902702694810117, 3.089527683093023 ], [ -76.902702694810117, 3.10322528755814 ], [ -76.916400299272155, 3.10322528755814 ], [ -76.916400299272155, 3.116922892023256 ], [ -76.943795508196203, 3.116922892023256 ] ] ] } },
{ "type": "Feature", "properties": { "DN": 6 }, "geometry": { "type": "Polygon", "coordinates": [ [ [ -76.697238627879742, 3.10322528755814 ], [ -76.697238627879742, 3.089527683093023 ], [ -76.669843418955693, 3.089527683093023 ], [ -76.669843418955693, 3.10322528755814 ], [ -76.697238627879742, 3.10322528755814 ] ] ] } },
{ "type": "Feature", "properties": { "DN": 7 }, "geometry": { "type": "Polygon", "coordinates": [ [ [ -77.080771552816458, 3.089527683093023 ], [ -77.080771552816458, 3.075830078627907 ], [ -77.067073948354434, 3.075830078627907 ], [ -77.067073948354434, 3.089527683093023 ], [ -77.080771552816458, 3.089527683093023 ] ] ] } },
{ "type": "Feature", "properties": { "DN": 7 }, "geometry": { "type": "Polygon", "coordinates": [ [ [ -76.889005090348093, 3.116922892023256 ], [ -76.889005090348093, 3.089527683093023 ], [ -76.902702694810117, 3.089527683093023 ], [ -76.902702694810117, 3.075830078627907 ], [ -76.875307485886069, 3.075830078627907 ], [ -76.875307485886069, 3.089527683093023 ], [ -76.861609881424044, 3.089527683093023 ], [ -76.861609881424044, 3.10322528755814 ], [ -76.875307485886069, 3.10322528755814 ], [ -76.875307485886069, 3.116922892023256 ], [ -76.889005090348093, 3.116922892023256 ] ] ] } },
{ "type": "Feature", "properties": { "DN": 1 }, "geometry": { "type": "Polygon", "coordinates": [ [ [ -76.094544031550626, 3.144318100953488 ], [ -76.094544031550626, 3.130620496488372 ], [ -76.10824163601265, 3.130620496488372 ], [ -76.10824163601265, 3.116922892023256 ], [ -76.121939240474674, 3.116922892023256 ], [ -76.121939240474674, 3.075830078627907 ], [ -76.135636844936698, 3.075830078627907 ], [ -76.135636844936698, 3.062132474162791 ], [ -76.10824163601265, 3.062132474162791 ], [ -76.10824163601265, 3.075830078627907 ], [ -76.080846427088602, 3.075830078627907 ], [ -76.080846427088602, 3.089527683093023 ], [ -76.094544031550626, 3.089527683093023 ], [ -76.094544031550626, 3.116922892023256 ], [ -76.067148822626578, 3.116922892023256 ], [ -76.067148822626578, 3.144318100953488 ], [ -76.094544031550626, 3.144318100953488 ] ] ] } },
{ "type": "Feature", "properties": { "DN": 6 }, "geometry": { "type": "Polygon", "coordinates": [ [ [ -77.012283530506323, 3.158015705418605 ], [ -77.012283530506323, 3.075830078627907 ], [ -76.998585926044299, 3.075830078627907 ], [ -76.998585926044299, 3.062132474162791 ], [ -76.984888321582275, 3.062132474162791 ], [ -76.984888321582275, 3.075830078627907 ], [ -76.971190717120251, 3.075830078627907 ], [ -76.971190717120251, 3.048434869697675 ], [ -76.957493112658227, 3.048434869697675 ], [ -76.957493112658227, 3.062132474162791 ], [ -76.930097903734179, 3.062132474162791 ], [ -76.930097903734179, 3.048434869697675 ], [ -76.916400299272155, 3.048434869697675 ], [ -76.916400299272155, 3.075830078627907 ], [ -76.902702694810117, 3.075830078627907 ], [ -76.902702694810117, 3.089527683093023 ], [ -76.957493112658227, 3.089527683093023 ], [ -76.957493112658227, 3.10322528755814 ], [ -76.971190717120251, 3.10322528755814 ], [ -76.971190717120251, 3.089527683093023 ], [ -76.984888321582275, 3.089527683093023 ], [ -76.984888321582275, 3.144318100953488 ], [ -76.998585926044299, 3.144318100953488 ], [ -76.998585926044299, 3.158015705418605 ], [ -77.012283530506323, 3.158015705418605 ] ] ] } },
{ "type": "Feature", "properties": { "DN": 7 }, "geometry": { "type": "Polygon", "coordinates": [ [ [ -77.108166761740506, 3.075830078627907 ], [ -77.108166761740506, 3.048434869697675 ], [ -77.080771552816458, 3.048434869697675 ], [ -77.080771552816458, 3.075830078627907 ], [ -77.108166761740506, 3.075830078627907 ] ] ] } },
{ "type": "Feature", "properties": { "DN": 5 }, "geometry": { "type": "Polygon", "coordinates": [ [ [ -76.916400299272155, 3.075830078627907 ], [ -76.916400299272155, 3.048434869697675 ], [ -76.889005090348093, 3.048434869697675 ], [ -76.889005090348093, 3.062132474162791 ], [ -76.902702694810117, 3.062132474162791 ], [ -76.902702694810117, 3.075830078627907 ], [ -76.916400299272155, 3.075830078627907 ] ] ] } },
{ "type": "Feature", "properties": { "DN": 6 }, "geometry": { "type": "Polygon", "coordinates": [ [ [ -76.875307485886069, 3.089527683093023 ], [ -76.875307485886069, 3.075830078627907 ], [ -76.902702694810117, 3.075830078627907 ], [ -76.902702694810117, 3.062132474162791 ], [ -76.889005090348093, 3.062132474162791 ], [ -76.889005090348093, 3.048434869697675 ], [ -76.875307485886069, 3.048434869697675 ], [ -76.875307485886069, 3.062132474162791 ], [ -76.861609881424044, 3.062132474162791 ], [ -76.861609881424044, 3.075830078627907 ], [ -76.84791227696202, 3.075830078627907 ], [ -76.84791227696202, 3.062132474162791 ], [ -76.834214672499996, 3.062132474162791 ], [ -76.834214672499996, 3.089527683093023 ], [ -76.875307485886069, 3.089527683093023 ] ] ] } },
{ "type": "Feature", "properties": { "DN": 6 }, "geometry": { "type": "Polygon", "coordinates": [ [ [ -76.710936232341766, 3.089527683093023 ], [ -76.710936232341766, 3.062132474162791 ], [ -76.72463383680379, 3.062132474162791 ], [ -76.72463383680379, 3.048434869697675 ], [ -76.697238627879742, 3.048434869697675 ], [ -76.697238627879742, 3.089527683093023 ], [ -76.710936232341766, 3.089527683093023 ] ] ] } },
{ "type": "Feature", "properties": { "DN": 6 }, "geometry": { "type": "Polygon", "coordinates": [ [ [ -77.067073948354434, 3.089527683093023 ], [ -77.067073948354434, 3.075830078627907 ], [ -77.080771552816458, 3.075830078627907 ], [ -77.080771552816458, 3.048434869697675 ], [ -77.053376343892396, 3.048434869697675 ], [ -77.053376343892396, 3.034737265232558 ], [ -77.025981134968347, 3.034737265232558 ], [ -77.025981134968347, 3.048434869697675 ], [ -77.039678739430371, 3.048434869697675 ], [ -77.039678739430371, 3.075830078627907 ], [ -77.053376343892396, 3.075830078627907 ], [ -77.053376343892396, 3.089527683093023 ], [ -77.067073948354434, 3.089527683093023 ] ] ] } },
{ "type": "Feature", "properties": { "DN": 5 }, "geometry": { "type": "Polygon", "coordinates": [ [ [ -76.875307485886069, 3.116922892023256 ], [ -76.875307485886069, 3.10322528755814 ], [ -76.861609881424044, 3.10322528755814 ], [ -76.861609881424044, 3.089527683093023 ], [ -76.834214672499996, 3.089527683093023 ], [ -76.834214672499996, 3.062132474162791 ], [ -76.84791227696202, 3.062132474162791 ], [ -76.84791227696202, 3.075830078627907 ], [ -76.861609881424044, 3.075830078627907 ], [ -76.861609881424044, 3.062132474162791 ], [ -76.875307485886069, 3.062132474162791 ], [ -76.875307485886069, 3.048434869697675 ], [ -76.889005090348093, 3.048434869697675 ], [ -76.889005090348093, 3.034737265232558 ], [ -76.834214672499996, 3.034737265232558 ], [ -76.834214672499996, 3.048434869697675 ], [ -76.820517068037972, 3.048434869697675 ], [ -76.820517068037972, 3.062132474162791 ], [ -76.806819463575948, 3.062132474162791 ], [ -76.806819463575948, 3.089527683093023 ], [ -76.820517068037972, 3.089527683093023 ], [ -76.820517068037972, 3.10322528755814 ], [ -76.834214672499996, 3.10322528755814 ], [ -76.834214672499996, 3.116922892023256 ], [ -76.875307485886069, 3.116922892023256 ] ] ] } },
{ "type": "Feature", "properties": { "DN": 2 }, "geometry": { "type": "Polygon", "coordinates": [ [ [ -76.053451218164554, 3.048434869697675 ], [ -76.053451218164554, 3.034737265232558 ], [ -76.03975361370253, 3.034737265232558 ], [ -76.03975361370253, 3.048434869697675 ], [ -76.053451218164554, 3.048434869697675 ] ] ] } },
{ "type": "Feature", "properties": { "DN": 5 }, "geometry": { "type": "Polygon", "coordinates": [ [ [ -76.793121859113924, 3.034737265232558 ], [ -76.793121859113924, 3.021039660767442 ], [ -76.7794242546519, 3.021039660767442 ], [ -76.7794242546519, 3.034737265232558 ], [ -76.793121859113924, 3.034737265232558 ] ] ] } },
{ "type": "Feature", "properties": { "DN": 6 }, "geometry": { "type": "Polygon", "coordinates": [ [ [ -76.72463383680379, 3.034737265232558 ], [ -76.72463383680379, 3.021039660767442 ], [ -76.710936232341766, 3.021039660767442 ], [ -76.710936232341766, 3.034737265232558 ], [ -76.72463383680379, 3.034737265232558 ] ] ] } },
{ "type": "Feature", "properties": { "DN": 1 }, "geometry": { "type": "Polygon", "coordinates": [ [ [ -76.053451218164554, 3.034737265232558 ], [ -76.053451218164554, 3.007342056302326 ], [ -76.03975361370253, 3.007342056302326 ], [ -76.03975361370253, 3.034737265232558 ], [ -76.053451218164554, 3.034737265232558 ] ] ] } },
{ "type": "Feature", "properties": { "DN": 2 }, "geometry": { "type": "Polygon", "coordinates": [ [ [ -76.067148822626578, 3.034737265232558 ], [ -76.067148822626578, 2.99364445183721 ], [ -76.03975361370253, 2.99364445183721 ], [ -76.03975361370253, 3.007342056302326 ], [ -76.053451218164554, 3.007342056302326 ], [ -76.053451218164554, 3.034737265232558 ], [ -76.067148822626578, 3.034737265232558 ] ] ] } },
{ "type": "Feature", "properties": { "DN": 8 }, "geometry": { "type": "Polygon", "coordinates": [ [ [ -77.067073948354434, 3.021039660767442 ], [ -77.067073948354434, 2.99364445183721 ], [ -77.053376343892396, 2.99364445183721 ], [ -77.053376343892396, 3.007342056302326 ], [ -77.025981134968347, 3.007342056302326 ], [ -77.025981134968347, 3.021039660767442 ], [ -77.067073948354434, 3.021039660767442 ] ] ] } },
{ "type": "Feature", "properties": { "DN": 6 }, "geometry": { "type": "Polygon", "coordinates": [ [ [ -76.971190717120251, 3.007342056302326 ], [ -76.971190717120251, 2.99364445183721 ], [ -76.957493112658227, 2.99364445183721 ], [ -76.957493112658227, 3.007342056302326 ], [ -76.971190717120251, 3.007342056302326 ] ] ] } },
{ "type": "Feature", "properties": { "DN": 5 }, "geometry": { "type": "Polygon", "coordinates": [ [ [ -76.258915285094929, 3.007342056302326 ], [ -76.258915285094929, 2.99364445183721 ], [ -76.245217680632905, 2.99364445183721 ], [ -76.245217680632905, 3.007342056302326 ], [ -76.258915285094929, 3.007342056302326 ] ] ] } },
{ "type": "Feature", "properties": { "DN": 2 }, "geometry": { "type": "Polygon", "coordinates": [ [ [ -76.204124867246833, 2.99364445183721 ], [ -76.204124867246833, 2.979946847372093 ], [ -76.190427262784809, 2.979946847372093 ], [ -76.190427262784809, 2.99364445183721 ], [ -76.204124867246833, 2.99364445183721 ] ] ] } },
{ "type": "Feature", "properties": { "DN": 1 }, "geometry": { "type": "Polygon", "coordinates": [ [ [ -76.080846427088602, 3.075830078627907 ], [ -76.080846427088602, 3.048434869697675 ], [ -76.094544031550626, 3.048434869697675 ], [ -76.094544031550626, 3.007342056302326 ], [ -76.10824163601265, 3.007342056302326 ], [ -76.10824163601265, 2.99364445183721 ], [ -76.121939240474674, 2.99364445183721 ], [ -76.121939240474674, 2.979946847372093 ], [ -76.094544031550626, 2.979946847372093 ], [ -76.094544031550626, 2.99364445183721 ], [ -76.067148822626578, 2.99364445183721 ], [ -76.067148822626578, 3.034737265232558 ], [ -76.053451218164554, 3.034737265232558 ], [ -76.053451218164554, 3.048434869697675 ], [ -76.067148822626578, 3.048434869697675 ], [ -76.067148822626578, 3.075830078627907 ], [ -76.080846427088602, 3.075830078627907 ] ] ] } },
{ "type": "Feature", "properties": { "DN": 2 }, "geometry": { "type": "Polygon", "coordinates": [ [ [ -76.053451218164554, 2.979946847372093 ], [ -76.053451218164554, 2.966249242906977 ], [ -76.03975361370253, 2.966249242906977 ], [ -76.03975361370253, 2.979946847372093 ], [ -76.053451218164554, 2.979946847372093 ] ] ] } },
{ "type": "Feature", "properties": { "DN": 5 }, "geometry": { "type": "Polygon", "coordinates": [ [ [ -77.025981134968347, 3.158015705418605 ], [ -77.025981134968347, 3.130620496488372 ], [ -77.039678739430371, 3.130620496488372 ], [ -77.039678739430371, 3.144318100953488 ], [ -77.053376343892396, 3.144318100953488 ], [ -77.053376343892396, 3.116922892023256 ], [ -77.067073948354434, 3.116922892023256 ], [ -77.067073948354434, 3.089527683093023 ], [ -77.053376343892396, 3.089527683093023 ], [ -77.053376343892396, 3.075830078627907 ], [ -77.039678739430371, 3.075830078627907 ], [ -77.039678739430371, 3.048434869697675 ], [ -76.984888321582275, 3.048434869697675 ], [ -76.984888321582275, 3.034737265232558 ], [ -76.957493112658227, 3.034737265232558 ], [ -76.957493112658227, 2.95255163844186 ], [ -76.943795508196203, 2.95255163844186 ], [ -76.943795508196203, 3.034737265232558 ], [ -76.916400299272155, 3.034737265232558 ], [ -76.916400299272155, 3.048434869697675 ], [ -76.930097903734179, 3.048434869697675 ], [ -76.930097903734179, 3.062132474162791 ], [ -76.957493112658227, 3.062132474162791 ], [ -76.957493112658227, 3.048434869697675 ], [ -76.971190717120251, 3.048434869697675 ], [ -76.971190717120251, 3.075830078627907 ], [ -76.984888321582275, 3.075830078627907 ], [ -76.984888321582275, 3.062132474162791 ], [ -76.998585926044299, 3.062132474162791 ], [ -76.998585926044299, 3.075830078627907 ], [ -77.012283530506323, 3.075830078627907 ], [ -77.012283530506323, 3.158015705418605 ], [ -77.025981134968347, 3.158015705418605 ] ] ] } },
{ "type": "Feature", "properties": { "DN": 5 }, "geometry": { "type": "Polygon", "coordinates": [ [ [ -76.258915285094929, 3.158015705418605 ], [ -76.258915285094929, 3.144318100953488 ], [ -76.272612889556953, 3.144318100953488 ], [ -76.272612889556953, 3.130620496488372 ], [ -76.300008098481015, 3.130620496488372 ], [ -76.300008098481015, 3.10322528755814 ], [ -76.313705702943039, 3.10322528755814 ], [ -76.313705702943039, 3.089527683093023 ], [ -76.327403307405064, 3.089527683093023 ], [ -76.327403307405064, 3.075830078627907 ], [ -76.300008098481015, 3.075830078627907 ], [ -76.300008098481015, 3.062132474162791 ], [ -76.341100911867088, 3.062132474162791 ], [ -76.341100911867088, 3.034737265232558 ], [ -76.327403307405064, 3.034737265232558 ], [ -76.327403307405064, 3.048434869697675 ], [ -76.300008098481015, 3.048434869697675 ], [ -76.300008098481015, 3.021039660767442 ], [ -76.313705702943039, 3.021039660767442 ], [ -76.313705702943039, 3.007342056302326 ], [ -76.341100911867088, 3.007342056302326 ], [ -76.341100911867088, 2.979946847372093 ], [ -76.327403307405064, 2.979946847372093 ], [ -76.327403307405064, 2.99364445183721 ], [ -76.300008098481015, 2.99364445183721 ], [ -76.300008098481015, 2.95255163844186 ], [ -76.286310494018977, 2.95255163844186 ], [ -76.286310494018977, 3.021039660767442 ], [ -76.245217680632905, 3.021039660767442 ], [ -76.245217680632905, 3.048434869697675 ], [ -76.286310494018977, 3.048434869697675 ], [ -76.286310494018977, 3.116922892023256 ], [ -76.245217680632905, 3.116922892023256 ], [ -76.245217680632905, 3.158015705418605 ], [ -76.258915285094929, 3.158015705418605 ] ] ] } },
{ "type": "Feature", "properties": { "DN": 6 }, "geometry": { "type": "Polygon", "coordinates": [ [ [ -76.971190717120251, 2.979946847372093 ], [ -76.971190717120251, 2.95255163844186 ], [ -76.957493112658227, 2.95255163844186 ], [ -76.957493112658227, 2.979946847372093 ], [ -76.971190717120251, 2.979946847372093 ] ] ] } },
{ "type": "Feature", "properties": { "DN": 6 }, "geometry": { "type": "Polygon", "coordinates": [ [ [ -76.943795508196203, 2.966249242906977 ], [ -76.943795508196203, 2.95255163844186 ], [ -76.957493112658227, 2.95255163844186 ], [ -76.957493112658227, 2.938854033976744 ], [ -76.930097903734179, 2.938854033976744 ], [ -76.930097903734179, 2.966249242906977 ], [ -76.943795508196203, 2.966249242906977 ] ] ] } },
{ "type": "Feature", "properties": { "DN": 6 }, "geometry": { "type": "Polygon", "coordinates": [ [ [ -76.710936232341766, 2.95255163844186 ], [ -76.710936232341766, 2.938854033976744 ], [ -76.697238627879742, 2.938854033976744 ], [ -76.697238627879742, 2.95255163844186 ], [ -76.710936232341766, 2.95255163844186 ] ] ] } },
{ "type": "Feature", "properties": { "DN": 2 }, "geometry": { "type": "Polygon", "coordinates": [ [ [ -76.121939240474674, 2.95255163844186 ], [ -76.121939240474674, 2.938854033976744 ], [ -76.10824163601265, 2.938854033976744 ], [ -76.10824163601265, 2.95255163844186 ], [ -76.121939240474674, 2.95255163844186 ] ] ] } },
{ "type": "Feature", "properties": { "DN": 5 }, "geometry": { "type": "Polygon", "coordinates": [ [ [ -76.313705702943039, 2.95255163844186 ], [ -76.313705702943039, 2.925156429511628 ], [ -76.300008098481015, 2.925156429511628 ], [ -76.300008098481015, 2.95255163844186 ], [ -76.313705702943039, 2.95255163844186 ] ] ] } },
{ "type": "Feature", "properties": { "DN": 7 }, "geometry": { "type": "Polygon", "coordinates": [ [ [ -77.053376343892396, 2.938854033976744 ], [ -77.053376343892396, 2.925156429511628 ], [ -77.039678739430371, 2.925156429511628 ], [ -77.039678739430371, 2.938854033976744 ], [ -77.053376343892396, 2.938854033976744 ] ] ] } },
{ "type": "Feature", "properties": { "DN": 1 }, "geometry": { "type": "Polygon", "coordinates": [ [ [ -76.163032053860761, 2.966249242906977 ], [ -76.163032053860761, 2.95255163844186 ], [ -76.135636844936698, 2.95255163844186 ], [ -76.135636844936698, 2.938854033976744 ], [ -76.149334449398737, 2.938854033976744 ], [ -76.149334449398737, 2.925156429511628 ], [ -76.10824163601265, 2.925156429511628 ], [ -76.10824163601265, 2.938854033976744 ], [ -76.094544031550626, 2.938854033976744 ], [ -76.094544031550626, 2.966249242906977 ], [ -76.163032053860761, 2.966249242906977 ] ], [ [ -76.121939240474674, 2.95255163844186 ], [ -76.10824163601265, 2.95255163844186 ], [ -76.10824163601265, 2.938854033976744 ], [ -76.121939240474674, 2.938854033976744 ], [ -76.121939240474674, 2.95255163844186 ] ] ] } },
{ "type": "Feature", "properties": { "DN": 5 }, "geometry": { "type": "Polygon", "coordinates": [ [ [ -76.930097903734179, 2.99364445183721 ], [ -76.930097903734179, 2.938854033976744 ], [ -76.916400299272155, 2.938854033976744 ], [ -76.916400299272155, 2.911458825046512 ], [ -76.902702694810117, 2.911458825046512 ], [ -76.902702694810117, 2.95255163844186 ], [ -76.916400299272155, 2.95255163844186 ], [ -76.916400299272155, 2.966249242906977 ], [ -76.902702694810117, 2.966249242906977 ], [ -76.902702694810117, 2.979946847372093 ], [ -76.916400299272155, 2.979946847372093 ], [ -76.916400299272155, 2.99364445183721 ], [ -76.930097903734179, 2.99364445183721 ] ] ] } },
{ "type": "Feature", "properties": { "DN": 6 }, "geometry": { "type": "Polygon", "coordinates": [ [ [ -76.38219372525316, 3.294991750069768 ], [ -76.38219372525316, 3.21280612327907 ], [ -76.395891329715184, 3.21280612327907 ], [ -76.395891329715184, 3.199108518813953 ], [ -76.423286538639232, 3.199108518813953 ], [ -76.423286538639232, 3.185410914348837 ], [ -76.436984143101256, 3.185410914348837 ], [ -76.436984143101256, 3.171713309883721 ], [ -76.491774560949366, 3.171713309883721 ], [ -76.491774560949366, 3.158015705418605 ], [ -76.505472165411391, 3.158015705418605 ], [ -76.505472165411391, 3.144318100953488 ], [ -76.519169769873415, 3.144318100953488 ], [ -76.519169769873415, 3.116922892023256 ], [ -76.532867374335439, 3.116922892023256 ], [ -76.532867374335439, 3.10322528755814 ], [ -76.560262583259487, 3.10322528755814 ], [ -76.560262583259487, 3.116922892023256 ], [ -76.587657792183535, 3.116922892023256 ], [ -76.587657792183535, 3.089527683093023 ], [ -76.615053001107597, 3.089527683093023 ], [ -76.615053001107597, 3.10322528755814 ], [ -76.628750605569621, 3.10322528755814 ], [ -76.628750605569621, 3.116922892023256 ], [ -76.642448210031645, 3.116922892023256 ], [ -76.642448210031645, 3.10322528755814 ], [ -76.656145814493669, 3.10322528755814 ], [ -76.656145814493669, 3.062132474162791 ], [ -76.669843418955693, 3.062132474162791 ], [ -76.669843418955693, 3.034737265232558 ], [ -76.683541023417717, 3.034737265232558 ], [ -76.683541023417717, 3.021039660767442 ], [ -76.697238627879742, 3.021039660767442 ], [ -76.697238627879742, 3.007342056302326 ], [ -76.683541023417717, 3.007342056302326 ], [ -76.683541023417717, 2.979946847372093 ], [ -76.697238627879742, 2.979946847372093 ], [ -76.697238627879742, 2.966249242906977 ], [ -76.669843418955693, 2.966249242906977 ], [ -76.669843418955693, 2.925156429511628 ], [ -76.656145814493669, 2.925156429511628 ], [ -76.656145814493669, 2.911458825046512 ], [ -76.628750605569621, 2.911458825046512 ], [ -76.628750605569621, 2.925156429511628 ], [ -76.642448210031645, 2.925156429511628 ], [ -76.642448210031645, 2.938854033976744 ], [ -76.656145814493669, 2.938854033976744 ], [ -76.656145814493669, 2.95255163844186 ], [ -76.642448210031645, 2.95255163844186 ], [ -76.642448210031645, 2.99364445183721 ], [ -76.628750605569621, 2.99364445183721 ], [ -76.628750605569621, 3.007342056302326 ], [ -76.615053001107597, 3.007342056302326 ], [ -76.615053001107597, 2.979946847372093 ], [ -76.587657792183535, 2.979946847372093 ], [ -76.587657792183535, 2.99364445183721 ], [ -76.532867374335439, 2.99364445183721 ], [ -76.532867374335439, 2.925156429511628 ], [ -76.505472165411391, 2.925156429511628 ], [ -76.505472165411391, 2.911458825046512 ], [ -76.491774560949366, 2.911458825046512 ], [ -76.491774560949366, 2.966249242906977 ], [ -76.478076956487342, 2.966249242906977 ], [ -76.478076956487342, 2.95255163844186 ], [ -76.464379352025318, 2.95255163844186 ], [ -76.464379352025318, 2.966249242906977 ], [ -76.450681747563294, 2.966249242906977 ], [ -76.450681747563294, 2.99364445183721 ], [ -76.423286538639232, 2.99364445183721 ], [ -76.423286538639232, 3.007342056302326 ], [ -76.38219372525316, 3.007342056302326 ], [ -76.38219372525316, 3.034737265232558 ], [ -76.368496120791136, 3.034737265232558 ], [ -76.368496120791136, 3.048434869697675 ], [ -76.354798516329112, 3.048434869697675 ], [ -76.354798516329112, 3.034737265232558 ], [ -76.341100911867088, 3.034737265232558 ], [ -76.341100911867088, 3.062132474162791 ], [ -76.300008098481015, 3.062132474162791 ], [ -76.300008098481015, 3.075830078627907 ], [ -76.327403307405064, 3.075830078627907 ], [ -76.327403307405064, 3.089527683093023 ], [ -76.313705702943039, 3.089527683093023 ], [ -76.313705702943039, 3.10322528755814 ], [ -76.300008098481015, 3.10322528755814 ], [ -76.300008098481015, 3.130620496488372 ], [ -76.272612889556953, 3.130620496488372 ], [ -76.272612889556953, 3.144318100953488 ], [ -76.258915285094929, 3.144318100953488 ], [ -76.258915285094929, 3.158015705418605 ], [ -76.245217680632905, 3.158015705418605 ], [ -76.245217680632905, 3.171713309883721 ], [ -76.217822471708857, 3.171713309883721 ], [ -76.217822471708857, 3.199108518813953 ], [ -76.204124867246833, 3.199108518813953 ], [ -76.204124867246833, 3.267596541139535 ], [ -76.231520076170881, 3.267596541139535 ], [ -76.231520076170881, 3.281294145604651 ], [ -76.354798516329112, 3.281294145604651 ], [ -76.354798516329112, 3.294991750069768 ], [ -76.38219372525316, 3.294991750069768 ] ] ] } },
{ "type": "Feature", "properties": { "DN": 4 }, "geometry": { "type": "Polygon", "coordinates": [ [ [ -76.163032053860761, 3.240201332209303 ], [ -76.163032053860761, 3.226503727744186 ], [ -76.176729658322785, 3.226503727744186 ], [ -76.176729658322785, 3.21280612327907 ], [ -76.163032053860761, 3.21280612327907 ], [ -76.163032053860761, 3.199108518813953 ], [ -76.176729658322785, 3.199108518813953 ], [ -76.176729658322785, 3.171713309883721 ], [ -76.190427262784809, 3.171713309883721 ], [ -76.190427262784809, 3.185410914348837 ], [ -76.204124867246833, 3.185410914348837 ], [ -76.204124867246833, 3.116922892023256 ], [ -76.217822471708857, 3.116922892023256 ], [ -76.217822471708857, 3.130620496488372 ], [ -76.231520076170881, 3.130620496488372 ], [ -76.231520076170881, 3.158015705418605 ], [ -76.245217680632905, 3.158015705418605 ], [ -76.245217680632905, 3.116922892023256 ], [ -76.286310494018977, 3.116922892023256 ], [ -76.286310494018977, 3.048434869697675 ], [ -76.245217680632905, 3.048434869697675 ], [ -76.245217680632905, 3.021039660767442 ], [ -76.286310494018977, 3.021039660767442 ], [ -76.286310494018977, 2.95255163844186 ], [ -76.300008098481015, 2.95255163844186 ], [ -76.300008098481015, 2.925156429511628 ], [ -76.286310494018977, 2.925156429511628 ], [ -76.286310494018977, 2.897761220581395 ], [ -76.272612889556953, 2.897761220581395 ], [ -76.272612889556953, 2.925156429511628 ], [ -76.258915285094929, 2.925156429511628 ], [ -76.258915285094929, 2.95255163844186 ], [ -76.217822471708857, 2.95255163844186 ], [ -76.217822471708857, 2.966249242906977 ], [ -76.231520076170881, 2.966249242906977 ], [ -76.231520076170881, 2.979946847372093 ], [ -76.217822471708857, 2.979946847372093 ], [ -76.217822471708857, 2.99364445183721 ], [ -76.231520076170881, 2.99364445183721 ], [ -76.231520076170881, 3.007342056302326 ], [ -76.217822471708857, 3.007342056302326 ], [ -76.217822471708857, 3.021039660767442 ], [ -76.163032053860761, 3.021039660767442 ], [ -76.163032053860761, 3.034737265232558 ], [ -76.204124867246833, 3.034737265232558 ], [ -76.204124867246833, 3.062132474162791 ], [ -76.190427262784809, 3.062132474162791 ], [ -76.190427262784809, 3.075830078627907 ], [ -76.204124867246833, 3.075830078627907 ], [ -76.204124867246833, 3.089527683093023 ], [ -76.190427262784809, 3.089527683093023 ], [ -76.190427262784809, 3.10322528755814 ], [ -76.176729658322785, 3.10322528755814 ], [ -76.176729658322785, 3.144318100953488 ], [ -76.149334449398737, 3.144318100953488 ], [ -76.149334449398737, 3.158015705418605 ], [ -76.163032053860761, 3.158015705418605 ], [ -76.163032053860761, 3.171713309883721 ], [ -76.135636844936698, 3.171713309883721 ], [ -76.135636844936698, 3.21280612327907 ], [ -76.149334449398737, 3.21280612327907 ], [ -76.149334449398737, 3.240201332209303 ], [ -76.163032053860761, 3.240201332209303 ] ], [ [ -76.258915285094929, 3.007342056302326 ], [ -76.245217680632905, 3.007342056302326 ], [ -76.245217680632905, 2.99364445183721 ], [ -76.258915285094929, 2.99364445183721 ], [ -76.258915285094929, 3.007342056302326 ] ] ] } },
{ "type": "Feature", "properties": { "DN": 1 }, "geometry": { "type": "Polygon", "coordinates": [ [ [ -76.03975361370253, 3.007342056302326 ], [ -76.03975361370253, 2.99364445183721 ], [ -76.067148822626578, 2.99364445183721 ], [ -76.067148822626578, 2.966249242906977 ], [ -76.053451218164554, 2.966249242906977 ], [ -76.053451218164554, 2.95255163844186 ], [ -76.03975361370253, 2.95255163844186 ], [ -76.03975361370253, 2.938854033976744 ], [ -76.053451218164554, 2.938854033976744 ], [ -76.053451218164554, 2.925156429511628 ], [ -76.03975361370253, 2.925156429511628 ], [ -76.03975361370253, 2.897761220581395 ], [ -75.998660800316458, 2.897761220581395 ], [ -75.998660800316458, 2.925156429511628 ], [ -76.012358404778482, 2.925156429511628 ], [ -76.012358404778482, 2.938854033976744 ], [ -76.026056009240506, 2.938854033976744 ], [ -76.026056009240506, 3.007342056302326 ], [ -76.03975361370253, 3.007342056302326 ] ], [ [ -76.053451218164554, 2.979946847372093 ], [ -76.03975361370253, 2.979946847372093 ], [ -76.03975361370253, 2.966249242906977 ], [ -76.053451218164554, 2.966249242906977 ], [ -76.053451218164554, 2.979946847372093 ] ] ] } },
{ "type": "Feature", "properties": { "DN": 6 }, "geometry": { "type": "Polygon", "coordinates": [ [ [ -76.930097903734179, 2.938854033976744 ], [ -76.930097903734179, 2.925156429511628 ], [ -76.957493112658227, 2.925156429511628 ], [ -76.957493112658227, 2.897761220581395 ], [ -76.943795508196203, 2.897761220581395 ], [ -76.943795508196203, 2.911458825046512 ], [ -76.916400299272155, 2.911458825046512 ], [ -76.916400299272155, 2.938854033976744 ], [ -76.930097903734179, 2.938854033976744 ] ] ] } },
{ "type": "Feature", "properties": { "DN": 7 }, "geometry": { "type": "Polygon", "coordinates": [ [ [ -77.067073948354434, 3.048434869697675 ], [ -77.067073948354434, 3.021039660767442 ], [ -77.094469157278482, 3.021039660767442 ], [ -77.094469157278482, 2.99364445183721 ], [ -77.108166761740506, 2.99364445183721 ], [ -77.108166761740506, 2.966249242906977 ], [ -77.094469157278482, 2.966249242906977 ], [ -77.094469157278482, 2.979946847372093 ], [ -77.067073948354434, 2.979946847372093 ], [ -77.067073948354434, 2.966249242906977 ], [ -77.053376343892396, 2.966249242906977 ], [ -77.053376343892396, 2.95255163844186 ], [ -77.039678739430371, 2.95255163844186 ], [ -77.039678739430371, 2.979946847372093 ], [ -77.025981134968347, 2.979946847372093 ], [ -77.025981134968347, 2.966249242906977 ], [ -77.012283530506323, 2.966249242906977 ], [ -77.012283530506323, 3.007342056302326 ], [ -76.998585926044299, 3.007342056302326 ], [ -76.998585926044299, 3.021039660767442 ], [ -76.984888321582275, 3.021039660767442 ], [ -76.984888321582275, 2.99364445183721 ], [ -76.998585926044299, 2.99364445183721 ], [ -76.998585926044299, 2.979946847372093 ], [ -76.984888321582275, 2.979946847372093 ], [ -76.984888321582275, 2.938854033976744 ], [ -76.971190717120251, 2.938854033976744 ], [ -76.971190717120251, 2.911458825046512 ], [ -76.998585926044299, 2.911458825046512 ], [ -76.998585926044299, 2.897761220581395 ], [ -76.957493112658227, 2.897761220581395 ], [ -76.957493112658227, 2.925156429511628 ], [ -76.930097903734179, 2.925156429511628 ], [ -76.930097903734179, 2.938854033976744 ], [ -76.957493112658227, 2.938854033976744 ], [ -76.957493112658227, 2.95255163844186 ], [ -76.971190717120251, 2.95255163844186 ], [ -76.971190717120251, 2.979946847372093 ], [ -76.957493112658227, 2.979946847372093 ], [ -76.957493112658227, 2.99364445183721 ], [ -76.971190717120251, 2.99364445183721 ], [ -76.971190717120251, 3.007342056302326 ], [ -76.957493112658227, 3.007342056302326 ], [ -76.957493112658227, 3.034737265232558 ], [ -76.984888321582275, 3.034737265232558 ], [ -76.984888321582275, 3.048434869697675 ], [ -77.025981134968347, 3.048434869697675 ], [ -77.025981134968347, 3.034737265232558 ], [ -77.053376343892396, 3.034737265232558 ], [ -77.053376343892396, 3.048434869697675 ], [ -77.067073948354434, 3.048434869697675 ] ], [ [ -77.067073948354434, 3.021039660767442 ], [ -77.025981134968347, 3.021039660767442 ], [ -77.025981134968347, 3.007342056302326 ], [ -77.053376343892396, 3.007342056302326 ], [ -77.053376343892396, 2.99364445183721 ], [ -77.067073948354434, 2.99364445183721 ], [ -77.067073948354434, 3.021039660767442 ] ] ] } },
{ "type": "Feature", "properties": { "DN": 7 }, "geometry": { "type": "Polygon", "coordinates": [ [ [ -77.053376343892396, 2.911458825046512 ], [ -77.053376343892396, 2.884063616116279 ], [ -77.039678739430371, 2.884063616116279 ], [ -77.039678739430371, 2.897761220581395 ], [ -77.012283530506323, 2.897761220581395 ], [ -77.012283530506323, 2.911458825046512 ], [ -77.053376343892396, 2.911458825046512 ] ] ] } },
{ "type": "Feature", "properties": { "DN": 5 }, "geometry": { "type": "Polygon", "coordinates": [ [ [ -76.971190717120251, 2.897761220581395 ], [ -76.971190717120251, 2.884063616116279 ], [ -76.943795508196203, 2.884063616116279 ], [ -76.943795508196203, 2.897761220581395 ], [ -76.971190717120251, 2.897761220581395 ] ] ] } },
{ "type": "Feature", "properties": { "DN": 1 }, "geometry": { "type": "Polygon", "coordinates": [ [ [ -76.163032053860761, 2.911458825046512 ], [ -76.163032053860761, 2.897761220581395 ], [ -76.190427262784809, 2.897761220581395 ], [ -76.190427262784809, 2.884063616116279 ], [ -76.149334449398737, 2.884063616116279 ], [ -76.149334449398737, 2.897761220581395 ], [ -76.135636844936698, 2.897761220581395 ], [ -76.135636844936698, 2.884063616116279 ], [ -76.094544031550626, 2.884063616116279 ], [ -76.094544031550626, 2.897761220581395 ], [ -76.10824163601265, 2.897761220581395 ], [ -76.10824163601265, 2.911458825046512 ], [ -76.163032053860761, 2.911458825046512 ] ] ] } },
{ "type": "Feature", "properties": { "DN": 6 }, "geometry": { "type": "Polygon", "coordinates": [ [ [ -76.628750605569621, 2.911458825046512 ], [ -76.628750605569621, 2.897761220581395 ], [ -76.642448210031645, 2.897761220581395 ], [ -76.642448210031645, 2.884063616116279 ], [ -76.628750605569621, 2.884063616116279 ], [ -76.628750605569621, 2.870366011651163 ], [ -76.615053001107597, 2.870366011651163 ], [ -76.615053001107597, 2.911458825046512 ], [ -76.628750605569621, 2.911458825046512 ] ] ] } },
{ "type": "Feature", "properties": { "DN": 2 }, "geometry": { "type": "Polygon", "coordinates": [ [ [ -75.998660800316458, 2.911458825046512 ], [ -75.998660800316458, 2.897761220581395 ], [ -76.03975361370253, 2.897761220581395 ], [ -76.03975361370253, 2.856668407186047 ], [ -76.026056009240506, 2.856668407186047 ], [ -76.026056009240506, 2.870366011651163 ], [ -75.984963195854419, 2.870366011651163 ], [ -75.984963195854419, 2.884063616116279 ], [ -75.971265591392395, 2.884063616116279 ], [ -75.971265591392395, 2.911458825046512 ], [ -75.998660800316458, 2.911458825046512 ] ] ] } },
{ "type": "Feature", "properties": { "DN": 7 }, "geometry": { "type": "Polygon", "coordinates": [ [ [ -76.971190717120251, 2.870366011651163 ], [ -76.971190717120251, 2.856668407186047 ], [ -76.957493112658227, 2.856668407186047 ], [ -76.957493112658227, 2.870366011651163 ], [ -76.971190717120251, 2.870366011651163 ] ] ] } },
{ "type": "Feature", "properties": { "DN": 5 }, "geometry": { "type": "Polygon", "coordinates": [ [ [ -76.793121859113924, 2.870366011651163 ], [ -76.793121859113924, 2.84297080272093 ], [ -76.7794242546519, 2.84297080272093 ], [ -76.7794242546519, 2.870366011651163 ], [ -76.793121859113924, 2.870366011651163 ] ] ] } },
{ "type": "Feature", "properties": { "DN": 4 }, "geometry": { "type": "Polygon", "coordinates": [ [ [ -76.642448210031645, 2.856668407186047 ], [ -76.642448210031645, 2.84297080272093 ], [ -76.628750605569621, 2.84297080272093 ], [ -76.628750605569621, 2.856668407186047 ], [ -76.642448210031645, 2.856668407186047 ] ] ] } },
{ "type": "Feature", "properties": { "DN": 6 }, "geometry": { "type": "Polygon", "coordinates": [ [ [ -76.738331441265814, 2.856668407186047 ], [ -76.738331441265814, 2.829273198255814 ], [ -76.72463383680379, 2.829273198255814 ], [ -76.72463383680379, 2.856668407186047 ], [ -76.738331441265814, 2.856668407186047 ] ] ] } },
{ "type": "Feature", "properties": { "DN": 4 }, "geometry": { "type": "Polygon", "coordinates": [ [ [ -75.943870382468347, 2.856668407186047 ], [ -75.943870382468347, 2.829273198255814 ], [ -75.930172778006323, 2.829273198255814 ], [ -75.930172778006323, 2.856668407186047 ], [ -75.943870382468347, 2.856668407186047 ] ] ] } },
{ "type": "Feature", "properties": { "DN": 7 }, "geometry": { "type": "Polygon", "coordinates": [ [ [ -76.998585926044299, 2.84297080272093 ], [ -76.998585926044299, 2.829273198255814 ], [ -76.984888321582275, 2.829273198255814 ], [ -76.984888321582275, 2.84297080272093 ], [ -76.998585926044299, 2.84297080272093 ] ] ] } },
{ "type": "Feature", "properties": { "DN": 6 }, "geometry": { "type": "Polygon", "coordinates": [ [ [ -76.984888321582275, 2.897761220581395 ], [ -76.984888321582275, 2.829273198255814 ], [ -76.971190717120251, 2.829273198255814 ], [ -76.971190717120251, 2.815575593790698 ], [ -76.957493112658227, 2.815575593790698 ], [ -76.957493112658227, 2.84297080272093 ], [ -76.943795508196203, 2.84297080272093 ], [ -76.943795508196203, 2.870366011651163 ], [ -76.930097903734179, 2.870366011651163 ], [ -76.930097903734179, 2.884063616116279 ], [ -76.971190717120251, 2.884063616116279 ], [ -76.971190717120251, 2.897761220581395 ], [ -76.984888321582275, 2.897761220581395 ] ], [ [ -76.971190717120251, 2.870366011651163 ], [ -76.957493112658227, 2.870366011651163 ], [ -76.957493112658227, 2.856668407186047 ], [ -76.971190717120251, 2.856668407186047 ], [ -76.971190717120251, 2.870366011651163 ] ] ] } },
{ "type": "Feature", "properties": { "DN": 6 }, "geometry": { "type": "Polygon", "coordinates": [ [ [ -76.697238627879742, 2.911458825046512 ], [ -76.697238627879742, 2.897761220581395 ], [ -76.683541023417717, 2.897761220581395 ], [ -76.683541023417717, 2.856668407186047 ], [ -76.697238627879742, 2.856668407186047 ], [ -76.697238627879742, 2.84297080272093 ], [ -76.710936232341766, 2.84297080272093 ], [ -76.710936232341766, 2.815575593790698 ], [ -76.697238627879742, 2.815575593790698 ], [ -76.697238627879742, 2.829273198255814 ], [ -76.683541023417717, 2.829273198255814 ], [ -76.683541023417717, 2.84297080272093 ], [ -76.669843418955693, 2.84297080272093 ], [ -76.669843418955693, 2.870366011651163 ], [ -76.656145814493669, 2.870366011651163 ], [ -76.656145814493669, 2.884063616116279 ], [ -76.669843418955693, 2.884063616116279 ], [ -76.669843418955693, 2.911458825046512 ], [ -76.697238627879742, 2.911458825046512 ] ] ] } },
{ "type": "Feature", "properties": { "DN": 5 }, "geometry": { "type": "Polygon", "coordinates": [ [ [ -76.984888321582275, 2.829273198255814 ], [ -76.984888321582275, 2.815575593790698 ], [ -76.971190717120251, 2.815575593790698 ], [ -76.971190717120251, 2.829273198255814 ], [ -76.984888321582275, 2.829273198255814 ] ] ] } },
{ "type": "Feature", "properties": { "DN": 4 }, "geometry": { "type": "Polygon", "coordinates": [ [ [ -76.532867374335439, 2.829273198255814 ], [ -76.532867374335439, 2.815575593790698 ], [ -76.519169769873415, 2.815575593790698 ], [ -76.519169769873415, 2.829273198255814 ], [ -76.532867374335439, 2.829273198255814 ] ] ] } },
{ "type": "Feature", "properties": { "DN": 5 }, "geometry": { "type": "Polygon", "coordinates": [ [ [ -76.930097903734179, 2.884063616116279 ], [ -76.930097903734179, 2.870366011651163 ], [ -76.943795508196203, 2.870366011651163 ], [ -76.943795508196203, 2.84297080272093 ], [ -76.957493112658227, 2.84297080272093 ], [ -76.957493112658227, 2.801877989325582 ], [ -76.943795508196203, 2.801877989325582 ], [ -76.943795508196203, 2.829273198255814 ], [ -76.930097903734179, 2.829273198255814 ], [ -76.930097903734179, 2.84297080272093 ], [ -76.916400299272155, 2.84297080272093 ], [ -76.916400299272155, 2.870366011651163 ], [ -76.902702694810117, 2.870366011651163 ], [ -76.902702694810117, 2.884063616116279 ], [ -76.930097903734179, 2.884063616116279 ] ] ] } },
{ "type": "Feature", "properties": { "DN": 4 }, "geometry": { "type": "Polygon", "coordinates": [ [ [ -76.984888321582275, 2.815575593790698 ], [ -76.984888321582275, 2.801877989325582 ], [ -76.957493112658227, 2.801877989325582 ], [ -76.957493112658227, 2.815575593790698 ], [ -76.984888321582275, 2.815575593790698 ] ] ] } },
{ "type": "Feature", "properties": { "DN": 4 }, "geometry": { "type": "Polygon", "coordinates": [ [ [ -76.738331441265814, 2.815575593790698 ], [ -76.738331441265814, 2.801877989325582 ], [ -76.72463383680379, 2.801877989325582 ], [ -76.72463383680379, 2.815575593790698 ], [ -76.738331441265814, 2.815575593790698 ] ] ] } },
{ "type": "Feature", "properties": { "DN": 7 }, "geometry": { "type": "Polygon", "coordinates": [ [ [ -77.108166761740506, 2.897761220581395 ], [ -77.108166761740506, 2.84297080272093 ], [ -77.094469157278482, 2.84297080272093 ], [ -77.094469157278482, 2.815575593790698 ], [ -77.108166761740506, 2.815575593790698 ], [ -77.108166761740506, 2.801877989325582 ], [ -77.080771552816458, 2.801877989325582 ], [ -77.080771552816458, 2.788180384860465 ], [ -77.053376343892396, 2.788180384860465 ], [ -77.053376343892396, 2.801877989325582 ], [ -77.039678739430371, 2.801877989325582 ], [ -77.039678739430371, 2.788180384860465 ], [ -77.012283530506323, 2.788180384860465 ], [ -77.012283530506323, 2.815575593790698 ], [ -76.998585926044299, 2.815575593790698 ], [ -76.998585926044299, 2.829273198255814 ], [ -77.025981134968347, 2.829273198255814 ], [ -77.025981134968347, 2.815575593790698 ], [ -77.039678739430371, 2.815575593790698 ], [ -77.039678739430371, 2.870366011651163 ], [ -77.080771552816458, 2.870366011651163 ], [ -77.080771552816458, 2.884063616116279 ], [ -77.094469157278482, 2.884063616116279 ], [ -77.094469157278482, 2.897761220581395 ], [ -77.108166761740506, 2.897761220581395 ] ] ] } },
{ "type": "Feature", "properties": { "DN": 4 }, "geometry": { "type": "Polygon", "coordinates": [ [ [ -76.683541023417717, 2.801877989325582 ], [ -76.683541023417717, 2.788180384860465 ], [ -76.669843418955693, 2.788180384860465 ], [ -76.669843418955693, 2.801877989325582 ], [ -76.683541023417717, 2.801877989325582 ] ] ] } },
{ "type": "Feature", "properties": { "DN": 5 }, "geometry": { "type": "Polygon", "coordinates": [ [ [ -76.478076956487342, 2.801877989325582 ], [ -76.478076956487342, 2.788180384860465 ], [ -76.464379352025318, 2.788180384860465 ], [ -76.464379352025318, 2.801877989325582 ], [ -76.478076956487342, 2.801877989325582 ] ] ] } },
{ "type": "Feature", "properties": { "DN": 3 }, "geometry": { "type": "Polygon", "coordinates": [ [ [ -76.176729658322785, 2.801877989325582 ], [ -76.176729658322785, 2.788180384860465 ], [ -76.163032053860761, 2.788180384860465 ], [ -76.163032053860761, 2.801877989325582 ], [ -76.176729658322785, 2.801877989325582 ] ] ] } },
{ "type": "Feature", "properties": { "DN": 3 }, "geometry": { "type": "Polygon", "coordinates": [ [ [ -75.875382360158227, 2.801877989325582 ], [ -75.875382360158227, 2.788180384860465 ], [ -75.861684755696203, 2.788180384860465 ], [ -75.861684755696203, 2.801877989325582 ], [ -75.875382360158227, 2.801877989325582 ] ] ] } },
{ "type": "Feature", "properties": { "DN": 5 }, "geometry": { "type": "Polygon", "coordinates": [ [ [ -76.984888321582275, 2.801877989325582 ], [ -76.984888321582275, 2.774482780395349 ], [ -76.971190717120251, 2.774482780395349 ], [ -76.971190717120251, 2.788180384860465 ], [ -76.957493112658227, 2.788180384860465 ], [ -76.957493112658227, 2.801877989325582 ], [ -76.984888321582275, 2.801877989325582 ] ] ] } },
{ "type": "Feature", "properties": { "DN": 7 }, "geometry": { "type": "Polygon", "coordinates": [ [ [ -77.012283530506323, 2.788180384860465 ], [ -77.012283530506323, 2.774482780395349 ], [ -76.998585926044299, 2.774482780395349 ], [ -76.998585926044299, 2.788180384860465 ], [ -77.012283530506323, 2.788180384860465 ] ] ] } },
{ "type": "Feature", "properties": { "DN": 4 }, "geometry": { "type": "Polygon", "coordinates": [ [ [ -76.72463383680379, 2.788180384860465 ], [ -76.72463383680379, 2.774482780395349 ], [ -76.710936232341766, 2.774482780395349 ], [ -76.710936232341766, 2.788180384860465 ], [ -76.72463383680379, 2.788180384860465 ] ] ] } },
{ "type": "Feature", "properties": { "DN": 2 }, "geometry": { "type": "Polygon", "coordinates": [ [ [ -76.094544031550626, 2.788180384860465 ], [ -76.094544031550626, 2.774482780395349 ], [ -76.080846427088602, 2.774482780395349 ], [ -76.080846427088602, 2.788180384860465 ], [ -76.094544031550626, 2.788180384860465 ] ] ] } },
{ "type": "Feature", "properties": { "DN": 6 }, "geometry": { "type": "Polygon", "coordinates": [ [ [ -76.998585926044299, 2.829273198255814 ], [ -76.998585926044299, 2.815575593790698 ], [ -77.012283530506323, 2.815575593790698 ], [ -77.012283530506323, 2.788180384860465 ], [ -76.998585926044299, 2.788180384860465 ], [ -76.998585926044299, 2.760785175930232 ], [ -76.971190717120251, 2.760785175930232 ], [ -76.971190717120251, 2.774482780395349 ], [ -76.984888321582275, 2.774482780395349 ], [ -76.984888321582275, 2.829273198255814 ], [ -76.998585926044299, 2.829273198255814 ] ] ] } },
{ "type": "Feature", "properties": { "DN": 7 }, "geometry": { "type": "Polygon", "coordinates": [ [ [ -77.272538015284809, 2.801877989325582 ], [ -77.272538015284809, 2.760785175930232 ], [ -77.245142806360761, 2.760785175930232 ], [ -77.245142806360761, 2.788180384860465 ], [ -77.231445201898737, 2.788180384860465 ], [ -77.231445201898737, 2.801877989325582 ], [ -77.272538015284809, 2.801877989325582 ] ] ] } },
{ "type": "Feature", "properties": { "DN": 3 }, "geometry": { "type": "Polygon", "coordinates": [ [ [ -75.834289546772155, 2.829273198255814 ], [ -75.834289546772155, 2.801877989325582 ], [ -75.847987151234179, 2.801877989325582 ], [ -75.847987151234179, 2.788180384860465 ], [ -75.834289546772155, 2.788180384860465 ], [ -75.834289546772155, 2.760785175930232 ], [ -75.820591942310116, 2.760785175930232 ], [ -75.820591942310116, 2.774482780395349 ], [ -75.806894337848092, 2.774482780395349 ], [ -75.806894337848092, 2.815575593790698 ], [ -75.820591942310116, 2.815575593790698 ], [ -75.820591942310116, 2.829273198255814 ], [ -75.834289546772155, 2.829273198255814 ] ] ] } },
{ "type": "Feature", "properties": { "DN": 8 }, "geometry": { "type": "Polygon", "coordinates": [ [ [ -77.053376343892396, 2.801877989325582 ], [ -77.053376343892396, 2.788180384860465 ], [ -77.080771552816458, 2.788180384860465 ], [ -77.080771552816458, 2.760785175930232 ], [ -77.067073948354434, 2.760785175930232 ], [ -77.067073948354434, 2.774482780395349 ], [ -77.053376343892396, 2.774482780395349 ], [ -77.053376343892396, 2.760785175930232 ], [ -77.039678739430371, 2.760785175930232 ], [ -77.039678739430371, 2.774482780395349 ], [ -77.025981134968347, 2.774482780395349 ], [ -77.025981134968347, 2.788180384860465 ], [ -77.039678739430371, 2.788180384860465 ], [ -77.039678739430371, 2.801877989325582 ], [ -77.053376343892396, 2.801877989325582 ] ] ] } },
{ "type": "Feature", "properties": { "DN": 4 }, "geometry": { "type": "Polygon", "coordinates": [ [ [ -76.03975361370253, 2.788180384860465 ], [ -76.03975361370253, 2.760785175930232 ], [ -76.026056009240506, 2.760785175930232 ], [ -76.026056009240506, 2.788180384860465 ], [ -76.03975361370253, 2.788180384860465 ] ] ] } },
{ "type": "Feature", "properties": { "DN": 2 }, "geometry": { "type": "Polygon", "coordinates": [ [ [ -76.135636844936698, 2.774482780395349 ], [ -76.135636844936698, 2.760785175930232 ], [ -76.121939240474674, 2.760785175930232 ], [ -76.121939240474674, 2.774482780395349 ], [ -76.135636844936698, 2.774482780395349 ] ] ] } },
{ "type": "Feature", "properties": { "DN": 2 }, "geometry": { "type": "Polygon", "coordinates": [ [ [ -75.820591942310116, 2.774482780395349 ], [ -75.820591942310116, 2.760785175930232 ], [ -75.806894337848092, 2.760785175930232 ], [ -75.806894337848092, 2.774482780395349 ], [ -75.820591942310116, 2.774482780395349 ] ] ] } },
{ "type": "Feature", "properties": { "DN": 4 }, "geometry": { "type": "Polygon", "coordinates": [ [ [ -75.957567986930371, 2.829273198255814 ], [ -75.957567986930371, 2.747087571465117 ], [ -75.943870382468347, 2.747087571465117 ], [ -75.943870382468347, 2.801877989325582 ], [ -75.930172778006323, 2.801877989325582 ], [ -75.930172778006323, 2.815575593790698 ], [ -75.943870382468347, 2.815575593790698 ], [ -75.943870382468347, 2.829273198255814 ], [ -75.957567986930371, 2.829273198255814 ] ] ] } },
{ "type": "Feature", "properties": { "DN": 2 }, "geometry": { "type": "Polygon", "coordinates": [ [ [ -75.916475173544299, 2.870366011651163 ], [ -75.916475173544299, 2.815575593790698 ], [ -75.902777569082275, 2.815575593790698 ], [ -75.902777569082275, 2.788180384860465 ], [ -75.875382360158227, 2.788180384860465 ], [ -75.875382360158227, 2.760785175930232 ], [ -75.847987151234179, 2.760785175930232 ], [ -75.847987151234179, 2.747087571465117 ], [ -75.820591942310116, 2.747087571465117 ], [ -75.820591942310116, 2.760785175930232 ], [ -75.834289546772155, 2.760785175930232 ], [ -75.834289546772155, 2.788180384860465 ], [ -75.847987151234179, 2.788180384860465 ], [ -75.847987151234179, 2.801877989325582 ], [ -75.834289546772155, 2.801877989325582 ], [ -75.834289546772155, 2.829273198255814 ], [ -75.820591942310116, 2.829273198255814 ], [ -75.820591942310116, 2.84297080272093 ], [ -75.861684755696203, 2.84297080272093 ], [ -75.861684755696203, 2.829273198255814 ], [ -75.875382360158227, 2.829273198255814 ], [ -75.875382360158227, 2.84297080272093 ], [ -75.889079964620251, 2.84297080272093 ], [ -75.889079964620251, 2.856668407186047 ], [ -75.902777569082275, 2.856668407186047 ], [ -75.902777569082275, 2.870366011651163 ], [ -75.916475173544299, 2.870366011651163 ] ], [ [ -75.875382360158227, 2.801877989325582 ], [ -75.861684755696203, 2.801877989325582 ], [ -75.861684755696203, 2.788180384860465 ], [ -75.875382360158227, 2.788180384860465 ], [ -75.875382360158227, 2.801877989325582 ] ] ] } },
{ "type": "Feature", "properties": { "DN": 5 }, "geometry": { "type": "Polygon", "coordinates": [ [ [ -77.012283530506323, 2.774482780395349 ], [ -77.012283530506323, 2.747087571465117 ], [ -76.998585926044299, 2.747087571465117 ], [ -76.998585926044299, 2.774482780395349 ], [ -77.012283530506323, 2.774482780395349 ] ] ] } },
{ "type": "Feature", "properties": { "DN": 3 }, "geometry": { "type": "Polygon", "coordinates": [ [ [ -75.779499128924044, 2.760785175930232 ], [ -75.779499128924044, 2.747087571465117 ], [ -75.76580152446202, 2.747087571465117 ], [ -75.76580152446202, 2.760785175930232 ], [ -75.779499128924044, 2.760785175930232 ] ] ] } },
{ "type": "Feature", "properties": { "DN": 5 }, "geometry": { "type": "Polygon", "coordinates": [ [ [ -76.916400299272155, 2.760785175930232 ], [ -76.916400299272155, 2.733389967 ], [ -76.902702694810117, 2.733389967 ], [ -76.902702694810117, 2.760785175930232 ], [ -76.916400299272155, 2.760785175930232 ] ] ] } },
{ "type": "Feature", "properties": { "DN": 5 }, "geometry": { "type": "Polygon", "coordinates": [ [ [ -77.067073948354434, 2.747087571465117 ], [ -77.067073948354434, 2.733389967 ], [ -77.053376343892396, 2.733389967 ], [ -77.053376343892396, 2.747087571465117 ], [ -77.067073948354434, 2.747087571465117 ] ] ] } },
{ "type": "Feature", "properties": { "DN": 6 }, "geometry": { "type": "Polygon", "coordinates": [ [ [ -77.025981134968347, 2.788180384860465 ], [ -77.025981134968347, 2.774482780395349 ], [ -77.039678739430371, 2.774482780395349 ], [ -77.039678739430371, 2.747087571465117 ], [ -77.053376343892396, 2.747087571465117 ], [ -77.053376343892396, 2.733389967 ], [ -77.025981134968347, 2.733389967 ], [ -77.025981134968347, 2.747087571465117 ], [ -77.012283530506323, 2.747087571465117 ], [ -77.012283530506323, 2.788180384860465 ], [ -77.025981134968347, 2.788180384860465 ] ] ] } },
{ "type": "Feature", "properties": { "DN": 5 }, "geometry": { "type": "Polygon", "coordinates": [ [ [ -77.025981134968347, 2.747087571465117 ], [ -77.025981134968347, 2.733389967 ], [ -77.012283530506323, 2.733389967 ], [ -77.012283530506323, 2.747087571465117 ], [ -77.025981134968347, 2.747087571465117 ] ] ] } },
{ "type": "Feature", "properties": { "DN": 4 }, "geometry": { "type": "Polygon", "coordinates": [ [ [ -76.697238627879742, 2.747087571465117 ], [ -76.697238627879742, 2.733389967 ], [ -76.683541023417717, 2.733389967 ], [ -76.683541023417717, 2.747087571465117 ], [ -76.697238627879742, 2.747087571465117 ] ] ] } },
{ "type": "Feature", "properties": { "DN": 2 }, "geometry": { "type": "Polygon", "coordinates": [ [ [ -75.889079964620251, 2.747087571465117 ], [ -75.889079964620251, 2.733389967 ], [ -75.875382360158227, 2.733389967 ], [ -75.875382360158227, 2.747087571465117 ], [ -75.889079964620251, 2.747087571465117 ] ] ] } },
{ "type": "Feature", "properties": { "DN": 7 }, "geometry": { "type": "Polygon", "coordinates": [ [ [ -77.108166761740506, 2.788180384860465 ], [ -77.108166761740506, 2.774482780395349 ], [ -77.094469157278482, 2.774482780395349 ], [ -77.094469157278482, 2.747087571465117 ], [ -77.108166761740506, 2.747087571465117 ], [ -77.108166761740506, 2.733389967 ], [ -77.094469157278482, 2.733389967 ], [ -77.094469157278482, 2.719692362534884 ], [ -77.080771552816458, 2.719692362534884 ], [ -77.080771552816458, 2.747087571465117 ], [ -77.039678739430371, 2.747087571465117 ], [ -77.039678739430371, 2.760785175930232 ], [ -77.053376343892396, 2.760785175930232 ], [ -77.053376343892396, 2.774482780395349 ], [ -77.067073948354434, 2.774482780395349 ], [ -77.067073948354434, 2.760785175930232 ], [ -77.080771552816458, 2.760785175930232 ], [ -77.080771552816458, 2.788180384860465 ], [ -77.108166761740506, 2.788180384860465 ] ] ] } },
{ "type": "Feature", "properties": { "DN": 4 }, "geometry": { "type": "Polygon", "coordinates": [ [ [ -76.998585926044299, 2.760785175930232 ], [ -76.998585926044299, 2.747087571465117 ], [ -77.012283530506323, 2.747087571465117 ], [ -77.012283530506323, 2.733389967 ], [ -77.025981134968347, 2.733389967 ], [ -77.025981134968347, 2.719692362534884 ], [ -76.998585926044299, 2.719692362534884 ], [ -76.998585926044299, 2.733389967 ], [ -76.984888321582275, 2.733389967 ], [ -76.984888321582275, 2.719692362534884 ], [ -76.971190717120251, 2.719692362534884 ], [ -76.971190717120251, 2.747087571465117 ], [ -76.984888321582275, 2.747087571465117 ], [ -76.984888321582275, 2.760785175930232 ], [ -76.998585926044299, 2.760785175930232 ] ] ] } },
{ "type": "Feature", "properties": { "DN": 4 }, "geometry": { "type": "Polygon", "coordinates": [ [ [ -76.683541023417717, 2.733389967 ], [ -76.683541023417717, 2.719692362534884 ], [ -76.669843418955693, 2.719692362534884 ], [ -76.669843418955693, 2.733389967 ], [ -76.683541023417717, 2.733389967 ] ] ] } },
{ "type": "Feature", "properties": { "DN": 4 }, "geometry": { "type": "Polygon", "coordinates": [ [ [ -76.080846427088602, 2.733389967 ], [ -76.080846427088602, 2.719692362534884 ], [ -76.067148822626578, 2.719692362534884 ], [ -76.067148822626578, 2.733389967 ], [ -76.080846427088602, 2.733389967 ] ] ] } },
{ "type": "Feature", "properties": { "DN": 2 }, "geometry": { "type": "Polygon", "coordinates": [ [ [ -75.902777569082275, 2.733389967 ], [ -75.902777569082275, 2.719692362534884 ], [ -75.889079964620251, 2.719692362534884 ], [ -75.889079964620251, 2.733389967 ], [ -75.902777569082275, 2.733389967 ] ] ] } },
{ "type": "Feature", "properties": { "DN": 3 }, "geometry": { "type": "Polygon", "coordinates": [ [ [ -76.902702694810117, 2.719692362534884 ], [ -76.902702694810117, 2.705994758069767 ], [ -76.889005090348093, 2.705994758069767 ], [ -76.889005090348093, 2.719692362534884 ], [ -76.902702694810117, 2.719692362534884 ] ] ] } },
{ "type": "Feature", "properties": { "DN": 7 }, "geometry": { "type": "Polygon", "coordinates": [ [ [ -77.299933224208857, 2.747087571465117 ], [ -77.299933224208857, 2.733389967 ], [ -77.313630828670881, 2.733389967 ], [ -77.313630828670881, 2.719692362534884 ], [ -77.327328433132905, 2.719692362534884 ], [ -77.327328433132905, 2.705994758069767 ], [ -77.313630828670881, 2.705994758069767 ], [ -77.313630828670881, 2.692297153604651 ], [ -77.299933224208857, 2.692297153604651 ], [ -77.299933224208857, 2.719692362534884 ], [ -77.286235619746833, 2.719692362534884 ], [ -77.286235619746833, 2.733389967 ], [ -77.272538015284809, 2.733389967 ], [ -77.272538015284809, 2.719692362534884 ], [ -77.245142806360761, 2.719692362534884 ], [ -77.245142806360761, 2.747087571465117 ], [ -77.299933224208857, 2.747087571465117 ] ] ] } },
{ "type": "Feature", "properties": { "DN": 7 }, "geometry": { "type": "Polygon", "coordinates": [ [ [ -77.067073948354434, 2.705994758069767 ], [ -77.067073948354434, 2.692297153604651 ], [ -77.053376343892396, 2.692297153604651 ], [ -77.053376343892396, 2.705994758069767 ], [ -77.067073948354434, 2.705994758069767 ] ] ] } },
{ "type": "Feature", "properties": { "DN": 4 }, "geometry": { "type": "Polygon", "coordinates": [ [ [ -75.916475173544299, 2.705994758069767 ], [ -75.916475173544299, 2.692297153604651 ], [ -75.902777569082275, 2.692297153604651 ], [ -75.902777569082275, 2.705994758069767 ], [ -75.916475173544299, 2.705994758069767 ] ] ] } },
{ "type": "Feature", "properties": { "DN": 7 }, "geometry": { "type": "Polygon", "coordinates": [ [ [ -77.231445201898737, 2.747087571465117 ], [ -77.231445201898737, 2.678599549139535 ], [ -77.204049992974674, 2.678599549139535 ], [ -77.204049992974674, 2.705994758069767 ], [ -77.19035238851265, 2.705994758069767 ], [ -77.19035238851265, 2.719692362534884 ], [ -77.217747597436698, 2.719692362534884 ], [ -77.217747597436698, 2.747087571465117 ], [ -77.231445201898737, 2.747087571465117 ] ] ] } },
{ "type": "Feature", "properties": { "DN": 7 }, "geometry": { "type": "Polygon", "coordinates": [ [ [ -77.176654784050626, 2.719692362534884 ], [ -77.176654784050626, 2.692297153604651 ], [ -77.162957179588602, 2.692297153604651 ], [ -77.162957179588602, 2.678599549139535 ], [ -77.149259575126578, 2.678599549139535 ], [ -77.149259575126578, 2.705994758069767 ], [ -77.162957179588602, 2.705994758069767 ], [ -77.162957179588602, 2.719692362534884 ], [ -77.176654784050626, 2.719692362534884 ] ] ] } },
{ "type": "Feature", "properties": { "DN": 6 }, "geometry": { "type": "Polygon", "coordinates": [ [ [ -77.204049992974674, 2.705994758069767 ], [ -77.204049992974674, 2.678599549139535 ], [ -77.19035238851265, 2.678599549139535 ], [ -77.19035238851265, 2.692297153604651 ], [ -77.176654784050626, 2.692297153604651 ], [ -77.176654784050626, 2.705994758069767 ], [ -77.204049992974674, 2.705994758069767 ] ] ] } },
{ "type": "Feature", "properties": { "DN": 4 }, "geometry": { "type": "Polygon", "coordinates": [ [ [ -75.861684755696203, 2.705994758069767 ], [ -75.861684755696203, 2.678599549139535 ], [ -75.847987151234179, 2.678599549139535 ], [ -75.847987151234179, 2.705994758069767 ], [ -75.861684755696203, 2.705994758069767 ] ] ] } },
{ "type": "Feature", "properties": { "DN": 6 }, "geometry": { "type": "Polygon", "coordinates": [ [ [ -77.176654784050626, 2.692297153604651 ], [ -77.176654784050626, 2.678599549139535 ], [ -77.162957179588602, 2.678599549139535 ], [ -77.162957179588602, 2.692297153604651 ], [ -77.176654784050626, 2.692297153604651 ] ] ] } },
{ "type": "Feature", "properties": { "DN": 8 }, "geometry": { "type": "Polygon", "coordinates": [ [ [ -77.080771552816458, 2.692297153604651 ], [ -77.080771552816458, 2.678599549139535 ], [ -77.067073948354434, 2.678599549139535 ], [ -77.067073948354434, 2.692297153604651 ], [ -77.080771552816458, 2.692297153604651 ] ] ] } },
{ "type": "Feature", "properties": { "DN": 7 }, "geometry": { "type": "Polygon", "coordinates": [ [ [ -77.039678739430371, 2.692297153604651 ], [ -77.039678739430371, 2.678599549139535 ], [ -77.012283530506323, 2.678599549139535 ], [ -77.012283530506323, 2.692297153604651 ], [ -77.039678739430371, 2.692297153604651 ] ] ] } },
{ "type": "Feature", "properties": { "DN": 5 }, "geometry": { "type": "Polygon", "coordinates": [ [ [ -75.76580152446202, 2.692297153604651 ], [ -75.76580152446202, 2.678599549139535 ], [ -75.75210392, 2.678599549139535 ], [ -75.75210392, 2.692297153604651 ], [ -75.76580152446202, 2.692297153604651 ] ] ] } },
{ "type": "Feature", "properties": { "DN": 5 }, "geometry": { "type": "Polygon", "coordinates": [ [ [ -76.971190717120251, 2.774482780395349 ], [ -76.971190717120251, 2.760785175930232 ], [ -76.984888321582275, 2.760785175930232 ], [ -76.984888321582275, 2.747087571465117 ], [ -76.971190717120251, 2.747087571465117 ], [ -76.971190717120251, 2.719692362534884 ], [ -76.984888321582275, 2.719692362534884 ], [ -76.984888321582275, 2.733389967 ], [ -76.998585926044299, 2.733389967 ], [ -76.998585926044299, 2.719692362534884 ], [ -77.025981134968347, 2.719692362534884 ], [ -77.025981134968347, 2.733389967 ], [ -77.053376343892396, 2.733389967 ], [ -77.053376343892396, 2.719692362534884 ], [ -77.039678739430371, 2.719692362534884 ], [ -77.039678739430371, 2.705994758069767 ], [ -77.012283530506323, 2.705994758069767 ], [ -77.012283530506323, 2.692297153604651 ], [ -76.998585926044299, 2.692297153604651 ], [ -76.998585926044299, 2.705994758069767 ], [ -76.984888321582275, 2.705994758069767 ], [ -76.984888321582275, 2.692297153604651 ], [ -76.971190717120251, 2.692297153604651 ], [ -76.971190717120251, 2.678599549139535 ], [ -76.957493112658227, 2.678599549139535 ], [ -76.957493112658227, 2.664901944674419 ], [ -76.943795508196203, 2.664901944674419 ], [ -76.943795508196203, 2.692297153604651 ], [ -76.930097903734179, 2.692297153604651 ], [ -76.930097903734179, 2.705994758069767 ], [ -76.916400299272155, 2.705994758069767 ], [ -76.916400299272155, 2.733389967 ], [ -76.930097903734179, 2.733389967 ], [ -76.930097903734179, 2.719692362534884 ], [ -76.943795508196203, 2.719692362534884 ], [ -76.943795508196203, 2.733389967 ], [ -76.957493112658227, 2.733389967 ], [ -76.957493112658227, 2.747087571465117 ], [ -76.943795508196203, 2.747087571465117 ], [ -76.943795508196203, 2.774482780395349 ], [ -76.971190717120251, 2.774482780395349 ] ] ] } },
{ "type": "Feature", "properties": { "DN": 7 }, "geometry": { "type": "Polygon", "coordinates": [ [ [ -77.382118850981016, 2.692297153604651 ], [ -77.382118850981016, 2.678599549139535 ], [ -77.368421246518977, 2.678599549139535 ], [ -77.368421246518977, 2.664901944674419 ], [ -77.354723642056953, 2.664901944674419 ], [ -77.354723642056953, 2.678599549139535 ], [ -77.341026037594929, 2.678599549139535 ], [ -77.341026037594929, 2.692297153604651 ], [ -77.382118850981016, 2.692297153604651 ] ] ] } },
{ "type": "Feature", "properties": { "DN": 2 }, "geometry": { "type": "Polygon", "coordinates": [ [ [ -76.368496120791136, 2.692297153604651 ], [ -76.368496120791136, 2.664901944674419 ], [ -76.354798516329112, 2.664901944674419 ], [ -76.354798516329112, 2.692297153604651 ], [ -76.368496120791136, 2.692297153604651 ] ] ] } },
{ "type": "Feature", "properties": { "DN": 6 }, "geometry": { "type": "Polygon", "coordinates": [ [ [ -77.162957179588602, 2.678599549139535 ], [ -77.162957179588602, 2.664901944674419 ], [ -77.149259575126578, 2.664901944674419 ], [ -77.149259575126578, 2.678599549139535 ], [ -77.162957179588602, 2.678599549139535 ] ] ] } },
{ "type": "Feature", "properties": { "DN": 7 }, "geometry": { "type": "Polygon", "coordinates": [ [ [ -77.108166761740506, 2.692297153604651 ], [ -77.108166761740506, 2.678599549139535 ], [ -77.12186436620253, 2.678599549139535 ], [ -77.12186436620253, 2.664901944674419 ], [ -77.094469157278482, 2.664901944674419 ], [ -77.094469157278482, 2.692297153604651 ], [ -77.108166761740506, 2.692297153604651 ] ] ] } },
{ "type": "Feature", "properties": { "DN": 8 }, "geometry": { "type": "Polygon", "coordinates": [ [ [ -77.094469157278482, 2.678599549139535 ], [ -77.094469157278482, 2.664901944674419 ], [ -77.080771552816458, 2.664901944674419 ], [ -77.080771552816458, 2.678599549139535 ], [ -77.094469157278482, 2.678599549139535 ] ] ] } },
{ "type": "Feature", "properties": { "DN": 5 }, "geometry": { "type": "Polygon", "coordinates": [ [ [ -76.601355396645573, 2.678599549139535 ], [ -76.601355396645573, 2.664901944674419 ], [ -76.573960187721511, 2.664901944674419 ], [ -76.573960187721511, 2.678599549139535 ], [ -76.601355396645573, 2.678599549139535 ] ] ] } },
{ "type": "Feature", "properties": { "DN": 2 }, "geometry": { "type": "Polygon", "coordinates": [ [ [ -76.341100911867088, 2.678599549139535 ], [ -76.341100911867088, 2.664901944674419 ], [ -76.327403307405064, 2.664901944674419 ], [ -76.327403307405064, 2.678599549139535 ], [ -76.341100911867088, 2.678599549139535 ] ] ] } },
{ "type": "Feature", "properties": { "DN": 5 }, "geometry": { "type": "Polygon", "coordinates": [ [ [ -75.793196733386068, 2.678599549139535 ], [ -75.793196733386068, 2.664901944674419 ], [ -75.779499128924044, 2.664901944674419 ], [ -75.779499128924044, 2.678599549139535 ], [ -75.793196733386068, 2.678599549139535 ] ] ] } },
{ "type": "Feature", "properties": { "DN": 7 }, "geometry": { "type": "Polygon", "coordinates": [ [ [ -77.080771552816458, 2.678599549139535 ], [ -77.080771552816458, 2.664901944674419 ], [ -77.067073948354434, 2.664901944674419 ], [ -77.067073948354434, 2.651204340209302 ], [ -77.053376343892396, 2.651204340209302 ], [ -77.053376343892396, 2.678599549139535 ], [ -77.080771552816458, 2.678599549139535 ] ] ] } },
{ "type": "Feature", "properties": { "DN": 7 }, "geometry": { "type": "Polygon", "coordinates": [ [ [ -77.135561970664554, 2.664901944674419 ], [ -77.135561970664554, 2.651204340209302 ], [ -77.12186436620253, 2.651204340209302 ], [ -77.12186436620253, 2.664901944674419 ], [ -77.135561970664554, 2.664901944674419 ] ] ] } },
{ "type": "Feature", "properties": { "DN": 6 }, "geometry": { "type": "Polygon", "coordinates": [ [ [ -77.12186436620253, 2.664901944674419 ], [ -77.12186436620253, 2.651204340209302 ], [ -77.067073948354434, 2.651204340209302 ], [ -77.067073948354434, 2.664901944674419 ], [ -77.12186436620253, 2.664901944674419 ] ] ] } },
{ "type": "Feature", "properties": { "DN": 5 }, "geometry": { "type": "Polygon", "coordinates": [ [ [ -77.012283530506323, 2.678599549139535 ], [ -77.012283530506323, 2.664901944674419 ], [ -77.025981134968347, 2.664901944674419 ], [ -77.025981134968347, 2.651204340209302 ], [ -76.998585926044299, 2.651204340209302 ], [ -76.998585926044299, 2.678599549139535 ], [ -77.012283530506323, 2.678599549139535 ] ] ] } },
{ "type": "Feature", "properties": { "DN": 5 }, "geometry": { "type": "Polygon", "coordinates": [ [ [ -75.971265591392395, 2.664901944674419 ], [ -75.971265591392395, 2.651204340209302 ], [ -75.957567986930371, 2.651204340209302 ], [ -75.957567986930371, 2.664901944674419 ], [ -75.971265591392395, 2.664901944674419 ] ] ] } },
{ "type": "Feature", "properties": { "DN": 6 }, "geometry": { "type": "Polygon", "coordinates": [ [ [ -77.176654784050626, 2.664901944674419 ], [ -77.176654784050626, 2.637506735744186 ], [ -77.162957179588602, 2.637506735744186 ], [ -77.162957179588602, 2.664901944674419 ], [ -77.176654784050626, 2.664901944674419 ] ] ] } },
{ "type": "Feature", "properties": { "DN": 7 }, "geometry": { "type": "Polygon", "coordinates": [ [ [ -77.039678739430371, 2.651204340209302 ], [ -77.039678739430371, 2.637506735744186 ], [ -77.012283530506323, 2.637506735744186 ], [ -77.012283530506323, 2.651204340209302 ], [ -77.039678739430371, 2.651204340209302 ] ] ] } },
{ "type": "Feature", "properties": { "DN": 5 }, "geometry": { "type": "Polygon", "coordinates": [ [ [ -75.984963195854419, 2.651204340209302 ], [ -75.984963195854419, 2.637506735744186 ], [ -75.971265591392395, 2.637506735744186 ], [ -75.971265591392395, 2.651204340209302 ], [ -75.984963195854419, 2.651204340209302 ] ] ] } },
{ "type": "Feature", "properties": { "DN": 6 }, "geometry": { "type": "Polygon", "coordinates": [ [ [ -77.245142806360761, 2.747087571465117 ], [ -77.245142806360761, 2.719692362534884 ], [ -77.272538015284809, 2.719692362534884 ], [ -77.272538015284809, 2.733389967 ], [ -77.286235619746833, 2.733389967 ], [ -77.286235619746833, 2.719692362534884 ], [ -77.299933224208857, 2.719692362534884 ], [ -77.299933224208857, 2.692297153604651 ], [ -77.313630828670881, 2.692297153604651 ], [ -77.313630828670881, 2.651204340209302 ], [ -77.286235619746833, 2.651204340209302 ], [ -77.286235619746833, 2.637506735744186 ], [ -77.258840410822785, 2.637506735744186 ], [ -77.258840410822785, 2.62380913127907 ], [ -77.245142806360761, 2.62380913127907 ], [ -77.245142806360761, 2.651204340209302 ], [ -77.272538015284809, 2.651204340209302 ], [ -77.272538015284809, 2.664901944674419 ], [ -77.204049992974674, 2.664901944674419 ], [ -77.204049992974674, 2.678599549139535 ], [ -77.231445201898737, 2.678599549139535 ], [ -77.231445201898737, 2.747087571465117 ], [ -77.245142806360761, 2.747087571465117 ] ] ] } },
{ "type": "Feature", "properties": { "DN": 6 }, "geometry": { "type": "Polygon", "coordinates": [ [ [ -77.080771552816458, 2.747087571465117 ], [ -77.080771552816458, 2.719692362534884 ], [ -77.094469157278482, 2.719692362534884 ], [ -77.094469157278482, 2.733389967 ], [ -77.108166761740506, 2.733389967 ], [ -77.108166761740506, 2.719692362534884 ], [ -77.12186436620253, 2.719692362534884 ], [ -77.12186436620253, 2.678599549139535 ], [ -77.108166761740506, 2.678599549139535 ], [ -77.108166761740506, 2.692297153604651 ], [ -77.094469157278482, 2.692297153604651 ], [ -77.094469157278482, 2.678599549139535 ], [ -77.080771552816458, 2.678599549139535 ], [ -77.080771552816458, 2.692297153604651 ], [ -77.067073948354434, 2.692297153604651 ], [ -77.067073948354434, 2.678599549139535 ], [ -77.053376343892396, 2.678599549139535 ], [ -77.053376343892396, 2.62380913127907 ], [ -77.039678739430371, 2.62380913127907 ], [ -77.039678739430371, 2.651204340209302 ], [ -77.025981134968347, 2.651204340209302 ], [ -77.025981134968347, 2.664901944674419 ], [ -77.012283530506323, 2.664901944674419 ], [ -77.012283530506323, 2.678599549139535 ], [ -77.039678739430371, 2.678599549139535 ], [ -77.039678739430371, 2.692297153604651 ], [ -77.012283530506323, 2.692297153604651 ], [ -77.012283530506323, 2.705994758069767 ], [ -77.039678739430371, 2.705994758069767 ], [ -77.039678739430371, 2.719692362534884 ], [ -77.053376343892396, 2.719692362534884 ], [ -77.053376343892396, 2.733389967 ], [ -77.067073948354434, 2.733389967 ], [ -77.067073948354434, 2.747087571465117 ], [ -77.080771552816458, 2.747087571465117 ] ], [ [ -77.067073948354434, 2.705994758069767 ], [ -77.053376343892396, 2.705994758069767 ], [ -77.053376343892396, 2.692297153604651 ], [ -77.067073948354434, 2.692297153604651 ], [ -77.067073948354434, 2.705994758069767 ] ] ] } },
{ "type": "Feature", "properties": { "DN": 7 }, "geometry": { "type": "Polygon", "coordinates": [ [ [ -77.313630828670881, 2.651204340209302 ], [ -77.313630828670881, 2.637506735744186 ], [ -77.299933224208857, 2.637506735744186 ], [ -77.299933224208857, 2.62380913127907 ], [ -77.258840410822785, 2.62380913127907 ], [ -77.258840410822785, 2.637506735744186 ], [ -77.286235619746833, 2.637506735744186 ], [ -77.286235619746833, 2.651204340209302 ], [ -77.313630828670881, 2.651204340209302 ] ] ] } },
{ "type": "Feature", "properties": { "DN": 7 }, "geometry": { "type": "Polygon", "coordinates": [ [ [ -77.162957179588602, 2.664901944674419 ], [ -77.162957179588602, 2.637506735744186 ], [ -77.176654784050626, 2.637506735744186 ], [ -77.176654784050626, 2.651204340209302 ], [ -77.19035238851265, 2.651204340209302 ], [ -77.19035238851265, 2.62380913127907 ], [ -77.149259575126578, 2.62380913127907 ], [ -77.149259575126578, 2.664901944674419 ], [ -77.162957179588602, 2.664901944674419 ] ] ] } },
{ "type": "Feature", "properties": { "DN": 7 }, "geometry": { "type": "Polygon", "coordinates": [ [ [ -77.12186436620253, 2.651204340209302 ], [ -77.12186436620253, 2.62380913127907 ], [ -77.108166761740506, 2.62380913127907 ], [ -77.108166761740506, 2.637506735744186 ], [ -77.094469157278482, 2.637506735744186 ], [ -77.094469157278482, 2.651204340209302 ], [ -77.12186436620253, 2.651204340209302 ] ] ] } },
{ "type": "Feature", "properties": { "DN": 6 }, "geometry": { "type": "Polygon", "coordinates": [ [ [ -77.108166761740506, 2.637506735744186 ], [ -77.108166761740506, 2.62380913127907 ], [ -77.067073948354434, 2.62380913127907 ], [ -77.067073948354434, 2.637506735744186 ], [ -77.108166761740506, 2.637506735744186 ] ] ] } },
{ "type": "Feature", "properties": { "DN": 5 }, "geometry": { "type": "Polygon", "coordinates": [ [ [ -75.806894337848092, 2.637506735744186 ], [ -75.806894337848092, 2.62380913127907 ], [ -75.793196733386068, 2.62380913127907 ], [ -75.793196733386068, 2.637506735744186 ], [ -75.806894337848092, 2.637506735744186 ] ] ] } },
{ "type": "Feature", "properties": { "DN": 6 }, "geometry": { "type": "Polygon", "coordinates": [ [ [ -77.204049992974674, 2.651204340209302 ], [ -77.204049992974674, 2.637506735744186 ], [ -77.231445201898737, 2.637506735744186 ], [ -77.231445201898737, 2.610111526813954 ], [ -77.217747597436698, 2.610111526813954 ], [ -77.217747597436698, 2.62380913127907 ], [ -77.19035238851265, 2.62380913127907 ], [ -77.19035238851265, 2.651204340209302 ], [ -77.204049992974674, 2.651204340209302 ] ] ] } },
{ "type": "Feature", "properties": { "DN": 7 }, "geometry": { "type": "Polygon", "coordinates": [ [ [ -77.217747597436698, 2.62380913127907 ], [ -77.217747597436698, 2.610111526813954 ], [ -77.19035238851265, 2.610111526813954 ], [ -77.19035238851265, 2.62380913127907 ], [ -77.217747597436698, 2.62380913127907 ] ] ] } },
{ "type": "Feature", "properties": { "DN": 7 }, "geometry": { "type": "Polygon", "coordinates": [ [ [ -77.012283530506323, 2.62380913127907 ], [ -77.012283530506323, 2.610111526813954 ], [ -76.998585926044299, 2.610111526813954 ], [ -76.998585926044299, 2.62380913127907 ], [ -77.012283530506323, 2.62380913127907 ] ] ] } },
{ "type": "Feature", "properties": { "DN": 4 }, "geometry": { "type": "Polygon", "coordinates": [ [ [ -76.450681747563294, 2.62380913127907 ], [ -76.450681747563294, 2.610111526813954 ], [ -76.436984143101256, 2.610111526813954 ], [ -76.436984143101256, 2.62380913127907 ], [ -76.450681747563294, 2.62380913127907 ] ] ] } },
{ "type": "Feature", "properties": { "DN": 5 }, "geometry": { "type": "Polygon", "coordinates": [ [ [ -77.19035238851265, 2.692297153604651 ], [ -77.19035238851265, 2.678599549139535 ], [ -77.204049992974674, 2.678599549139535 ], [ -77.204049992974674, 2.664901944674419 ], [ -77.272538015284809, 2.664901944674419 ], [ -77.272538015284809, 2.651204340209302 ], [ -77.245142806360761, 2.651204340209302 ], [ -77.245142806360761, 2.62380913127907 ], [ -77.272538015284809, 2.62380913127907 ], [ -77.272538015284809, 2.596413922348837 ], [ -77.245142806360761, 2.596413922348837 ], [ -77.245142806360761, 2.610111526813954 ], [ -77.231445201898737, 2.610111526813954 ], [ -77.231445201898737, 2.637506735744186 ], [ -77.204049992974674, 2.637506735744186 ], [ -77.204049992974674, 2.651204340209302 ], [ -77.176654784050626, 2.651204340209302 ], [ -77.176654784050626, 2.664901944674419 ], [ -77.162957179588602, 2.664901944674419 ], [ -77.162957179588602, 2.678599549139535 ], [ -77.176654784050626, 2.678599549139535 ], [ -77.176654784050626, 2.692297153604651 ], [ -77.19035238851265, 2.692297153604651 ] ] ] } },
{ "type": "Feature", "properties": { "DN": 5 }, "geometry": { "type": "Polygon", "coordinates": [ [ [ -75.820591942310116, 2.62380913127907 ], [ -75.820591942310116, 2.596413922348837 ], [ -75.806894337848092, 2.596413922348837 ], [ -75.806894337848092, 2.62380913127907 ], [ -75.820591942310116, 2.62380913127907 ] ] ] } },
{ "type": "Feature", "properties": { "DN": 5 }, "geometry": { "type": "Polygon", "coordinates": [ [ [ -77.231445201898737, 2.610111526813954 ], [ -77.231445201898737, 2.596413922348837 ], [ -77.217747597436698, 2.596413922348837 ], [ -77.217747597436698, 2.610111526813954 ], [ -77.231445201898737, 2.610111526813954 ] ] ] } },
{ "type": "Feature", "properties": { "DN": 7 }, "geometry": { "type": "Polygon", "coordinates": [ [ [ -77.176654784050626, 2.610111526813954 ], [ -77.176654784050626, 2.596413922348837 ], [ -77.162957179588602, 2.596413922348837 ], [ -77.162957179588602, 2.610111526813954 ], [ -77.176654784050626, 2.610111526813954 ] ] ] } },
{ "type": "Feature", "properties": { "DN": 6 }, "geometry": { "type": "Polygon", "coordinates": [ [ [ -76.998585926044299, 2.705994758069767 ], [ -76.998585926044299, 2.692297153604651 ], [ -77.012283530506323, 2.692297153604651 ], [ -77.012283530506323, 2.678599549139535 ], [ -76.998585926044299, 2.678599549139535 ], [ -76.998585926044299, 2.651204340209302 ], [ -77.012283530506323, 2.651204340209302 ], [ -77.012283530506323, 2.637506735744186 ], [ -77.025981134968347, 2.637506735744186 ], [ -77.025981134968347, 2.596413922348837 ], [ -77.012283530506323, 2.596413922348837 ], [ -77.012283530506323, 2.582716317883721 ], [ -76.998585926044299, 2.582716317883721 ], [ -76.998585926044299, 2.596413922348837 ], [ -76.984888321582275, 2.596413922348837 ], [ -76.984888321582275, 2.610111526813954 ], [ -76.971190717120251, 2.610111526813954 ], [ -76.971190717120251, 2.62380913127907 ], [ -76.984888321582275, 2.62380913127907 ], [ -76.984888321582275, 2.664901944674419 ], [ -76.957493112658227, 2.664901944674419 ], [ -76.957493112658227, 2.678599549139535 ], [ -76.971190717120251, 2.678599549139535 ], [ -76.971190717120251, 2.692297153604651 ], [ -76.984888321582275, 2.692297153604651 ], [ -76.984888321582275, 2.705994758069767 ], [ -76.998585926044299, 2.705994758069767 ] ], [ [ -77.012283530506323, 2.62380913127907 ], [ -76.998585926044299, 2.62380913127907 ], [ -76.998585926044299, 2.610111526813954 ], [ -77.012283530506323, 2.610111526813954 ], [ -77.012283530506323, 2.62380913127907 ] ] ] } },
{ "type": "Feature", "properties": { "DN": 8 }, "geometry": { "type": "Polygon", "coordinates": [ [ [ -77.19035238851265, 2.62380913127907 ], [ -77.19035238851265, 2.582716317883721 ], [ -77.176654784050626, 2.582716317883721 ], [ -77.176654784050626, 2.610111526813954 ], [ -77.162957179588602, 2.610111526813954 ], [ -77.162957179588602, 2.62380913127907 ], [ -77.19035238851265, 2.62380913127907 ] ] ] } },
{ "type": "Feature", "properties": { "DN": 7 }, "geometry": { "type": "Polygon", "coordinates": [ [ [ -77.108166761740506, 2.62380913127907 ], [ -77.108166761740506, 2.582716317883721 ], [ -77.094469157278482, 2.582716317883721 ], [ -77.094469157278482, 2.596413922348837 ], [ -77.080771552816458, 2.596413922348837 ], [ -77.080771552816458, 2.610111526813954 ], [ -77.067073948354434, 2.610111526813954 ], [ -77.067073948354434, 2.62380913127907 ], [ -77.108166761740506, 2.62380913127907 ] ] ] } },
{ "type": "Feature", "properties": { "DN": 5 }, "geometry": { "type": "Polygon", "coordinates": [ [ [ -77.149259575126578, 2.610111526813954 ], [ -77.149259575126578, 2.582716317883721 ], [ -77.135561970664554, 2.582716317883721 ], [ -77.135561970664554, 2.596413922348837 ], [ -77.12186436620253, 2.596413922348837 ], [ -77.12186436620253, 2.610111526813954 ], [ -77.149259575126578, 2.610111526813954 ] ] ] } },
{ "type": "Feature", "properties": { "DN": 5 }, "geometry": { "type": "Polygon", "coordinates": [ [ [ -76.998585926044299, 2.596413922348837 ], [ -76.998585926044299, 2.582716317883721 ], [ -76.984888321582275, 2.582716317883721 ], [ -76.984888321582275, 2.596413922348837 ], [ -76.998585926044299, 2.596413922348837 ] ] ] } },
{ "type": "Feature", "properties": { "DN": 6 }, "geometry": { "type": "Polygon", "coordinates": [ [ [ -76.984888321582275, 2.596413922348837 ], [ -76.984888321582275, 2.582716317883721 ], [ -76.971190717120251, 2.582716317883721 ], [ -76.971190717120251, 2.596413922348837 ], [ -76.984888321582275, 2.596413922348837 ] ] ] } },
{ "type": "Feature", "properties": { "DN": 3 }, "geometry": { "type": "Polygon", "coordinates": [ [ [ -76.067148822626578, 2.596413922348837 ], [ -76.067148822626578, 2.582716317883721 ], [ -76.053451218164554, 2.582716317883721 ], [ -76.053451218164554, 2.596413922348837 ], [ -76.067148822626578, 2.596413922348837 ] ] ] } },
{ "type": "Feature", "properties": { "DN": 5 }, "geometry": { "type": "Polygon", "coordinates": [ [ [ -76.984888321582275, 2.651204340209302 ], [ -76.984888321582275, 2.62380913127907 ], [ -76.971190717120251, 2.62380913127907 ], [ -76.971190717120251, 2.610111526813954 ], [ -76.984888321582275, 2.610111526813954 ], [ -76.984888321582275, 2.596413922348837 ], [ -76.971190717120251, 2.596413922348837 ], [ -76.971190717120251, 2.569018713418605 ], [ -76.957493112658227, 2.569018713418605 ], [ -76.957493112658227, 2.582716317883721 ], [ -76.943795508196203, 2.582716317883721 ], [ -76.943795508196203, 2.610111526813954 ], [ -76.957493112658227, 2.610111526813954 ], [ -76.957493112658227, 2.62380913127907 ], [ -76.930097903734179, 2.62380913127907 ], [ -76.930097903734179, 2.651204340209302 ], [ -76.943795508196203, 2.651204340209302 ], [ -76.943795508196203, 2.637506735744186 ], [ -76.971190717120251, 2.637506735744186 ], [ -76.971190717120251, 2.651204340209302 ], [ -76.984888321582275, 2.651204340209302 ] ] ] } },
{ "type": "Feature", "properties": { "DN": 5 }, "geometry": { "type": "Polygon", "coordinates": [ [ [ -77.12186436620253, 2.582716317883721 ], [ -77.12186436620253, 2.569018713418605 ], [ -77.108166761740506, 2.569018713418605 ], [ -77.108166761740506, 2.582716317883721 ], [ -77.12186436620253, 2.582716317883721 ] ] ] } },
{ "type": "Feature", "properties": { "DN": 6 }, "geometry": { "type": "Polygon", "coordinates": [ [ [ -77.108166761740506, 2.582716317883721 ], [ -77.108166761740506, 2.569018713418605 ], [ -77.094469157278482, 2.569018713418605 ], [ -77.094469157278482, 2.582716317883721 ], [ -77.108166761740506, 2.582716317883721 ] ] ] } },
{ "type": "Feature", "properties": { "DN": 5 }, "geometry": { "type": "Polygon", "coordinates": [ [ [ -77.094469157278482, 2.582716317883721 ], [ -77.094469157278482, 2.569018713418605 ], [ -77.080771552816458, 2.569018713418605 ], [ -77.080771552816458, 2.582716317883721 ], [ -77.094469157278482, 2.582716317883721 ] ] ] } },
{ "type": "Feature", "properties": { "DN": 5 }, "geometry": { "type": "Polygon", "coordinates": [ [ [ -75.930172778006323, 2.582716317883721 ], [ -75.930172778006323, 2.569018713418605 ], [ -75.916475173544299, 2.569018713418605 ], [ -75.916475173544299, 2.582716317883721 ], [ -75.930172778006323, 2.582716317883721 ] ] ] } },
{ "type": "Feature", "properties": { "DN": 6 }, "geometry": { "type": "Polygon", "coordinates": [ [ [ -75.834289546772155, 2.582716317883721 ], [ -75.834289546772155, 2.569018713418605 ], [ -75.820591942310116, 2.569018713418605 ], [ -75.820591942310116, 2.582716317883721 ], [ -75.834289546772155, 2.582716317883721 ] ] ] } },
{ "type": "Feature", "properties": { "DN": 5 }, "geometry": { "type": "Polygon", "coordinates": [ [ [ -76.7794242546519, 3.144318100953488 ], [ -76.7794242546519, 3.130620496488372 ], [ -76.752029045727838, 3.130620496488372 ], [ -76.752029045727838, 3.116922892023256 ], [ -76.738331441265814, 3.116922892023256 ], [ -76.738331441265814, 3.089527683093023 ], [ -76.752029045727838, 3.089527683093023 ], [ -76.752029045727838, 3.075830078627907 ], [ -76.765726650189876, 3.075830078627907 ], [ -76.765726650189876, 3.034737265232558 ], [ -76.752029045727838, 3.034737265232558 ], [ -76.752029045727838, 3.021039660767442 ], [ -76.7794242546519, 3.021039660767442 ], [ -76.7794242546519, 3.007342056302326 ], [ -76.765726650189876, 3.007342056302326 ], [ -76.765726650189876, 2.99364445183721 ], [ -76.752029045727838, 2.99364445183721 ], [ -76.752029045727838, 2.979946847372093 ], [ -76.738331441265814, 2.979946847372093 ], [ -76.738331441265814, 2.99364445183721 ], [ -76.710936232341766, 2.99364445183721 ], [ -76.710936232341766, 2.966249242906977 ], [ -76.72463383680379, 2.966249242906977 ], [ -76.72463383680379, 2.95255163844186 ], [ -76.697238627879742, 2.95255163844186 ], [ -76.697238627879742, 2.938854033976744 ], [ -76.72463383680379, 2.938854033976744 ], [ -76.72463383680379, 2.925156429511628 ], [ -76.710936232341766, 2.925156429511628 ], [ -76.710936232341766, 2.884063616116279 ], [ -76.697238627879742, 2.884063616116279 ], [ -76.697238627879742, 2.870366011651163 ], [ -76.72463383680379, 2.870366011651163 ], [ -76.72463383680379, 2.884063616116279 ], [ -76.738331441265814, 2.884063616116279 ], [ -76.738331441265814, 2.856668407186047 ], [ -76.72463383680379, 2.856668407186047 ], [ -76.72463383680379, 2.829273198255814 ], [ -76.738331441265814, 2.829273198255814 ], [ -76.738331441265814, 2.84297080272093 ], [ -76.765726650189876, 2.84297080272093 ], [ -76.765726650189876, 2.829273198255814 ], [ -76.752029045727838, 2.829273198255814 ], [ -76.752029045727838, 2.788180384860465 ], [ -76.738331441265814, 2.788180384860465 ], [ -76.738331441265814, 2.760785175930232 ], [ -76.765726650189876, 2.760785175930232 ], [ -76.765726650189876, 2.747087571465117 ], [ -76.7794242546519, 2.747087571465117 ], [ -76.7794242546519, 2.733389967 ], [ -76.752029045727838, 2.733389967 ], [ -76.752029045727838, 2.664901944674419 ], [ -76.765726650189876, 2.664901944674419 ], [ -76.765726650189876, 2.62380913127907 ], [ -76.793121859113924, 2.62380913127907 ], [ -76.793121859113924, 2.610111526813954 ], [ -76.7794242546519, 2.610111526813954 ], [ -76.7794242546519, 2.582716317883721 ], [ -76.752029045727838, 2.582716317883721 ], [ -76.752029045727838, 2.555321108953489 ], [ -76.738331441265814, 2.555321108953489 ], [ -76.738331441265814, 2.582716317883721 ], [ -76.710936232341766, 2.582716317883721 ], [ -76.710936232341766, 2.596413922348837 ], [ -76.752029045727838, 2.596413922348837 ], [ -76.752029045727838, 2.637506735744186 ], [ -76.738331441265814, 2.637506735744186 ], [ -76.738331441265814, 2.692297153604651 ], [ -76.72463383680379, 2.692297153604651 ], [ -76.72463383680379, 2.705994758069767 ], [ -76.738331441265814, 2.705994758069767 ], [ -76.738331441265814, 2.719692362534884 ], [ -76.72463383680379, 2.719692362534884 ], [ -76.72463383680379, 2.733389967 ], [ -76.710936232341766, 2.733389967 ], [ -76.710936232341766, 2.719692362534884 ], [ -76.683541023417717, 2.719692362534884 ], [ -76.683541023417717, 2.705994758069767 ], [ -76.656145814493669, 2.705994758069767 ], [ -76.656145814493669, 2.719692362534884 ], [ -76.642448210031645, 2.719692362534884 ], [ -76.642448210031645, 2.705994758069767 ], [ -76.615053001107597, 2.705994758069767 ], [ -76.615053001107597, 2.692297153604651 ], [ -76.601355396645573, 2.692297153604651 ], [ -76.601355396645573, 2.719692362534884 ], [ -76.615053001107597, 2.719692362534884 ], [ -76.615053001107597, 2.733389967 ], [ -76.628750605569621, 2.733389967 ], [ -76.628750605569621, 2.747087571465117 ], [ -76.615053001107597, 2.747087571465117 ], [ -76.615053001107597, 2.760785175930232 ], [ -76.656145814493669, 2.760785175930232 ], [ -76.656145814493669, 2.774482780395349 ], [ -76.669843418955693, 2.774482780395349 ], [ -76.669843418955693, 2.788180384860465 ], [ -76.656145814493669, 2.788180384860465 ], [ -76.656145814493669, 2.84297080272093 ], [ -76.642448210031645, 2.84297080272093 ], [ -76.642448210031645, 2.829273198255814 ], [ -76.628750605569621, 2.829273198255814 ], [ -76.628750605569621, 2.815575593790698 ], [ -76.615053001107597, 2.815575593790698 ], [ -76.615053001107597, 2.829273198255814 ], [ -76.587657792183535, 2.829273198255814 ], [ -76.587657792183535, 2.815575593790698 ], [ -76.560262583259487, 2.815575593790698 ], [ -76.560262583259487, 2.801877989325582 ], [ -76.546564978797463, 2.801877989325582 ], [ -76.546564978797463, 2.788180384860465 ], [ -76.560262583259487, 2.788180384860465 ], [ -76.560262583259487, 2.760785175930232 ], [ -76.546564978797463, 2.760785175930232 ], [ -76.546564978797463, 2.733389967 ], [ -76.532867374335439, 2.733389967 ], [ -76.532867374335439, 2.788180384860465 ], [ -76.519169769873415, 2.788180384860465 ], [ -76.519169769873415, 2.815575593790698 ], [ -76.505472165411391, 2.815575593790698 ], [ -76.505472165411391, 2.829273198255814 ], [ -76.464379352025318, 2.829273198255814 ], [ -76.464379352025318, 2.84297080272093 ], [ -76.491774560949366, 2.84297080272093 ], [ -76.491774560949366, 2.870366011651163 ], [ -76.464379352025318, 2.870366011651163 ], [ -76.464379352025318, 2.856668407186047 ], [ -76.450681747563294, 2.856668407186047 ], [ -76.450681747563294, 2.870366011651163 ], [ -76.436984143101256, 2.870366011651163 ], [ -76.436984143101256, 2.884063616116279 ], [ -76.450681747563294, 2.884063616116279 ], [ -76.450681747563294, 2.925156429511628 ], [ -76.464379352025318, 2.925156429511628 ], [ -76.464379352025318, 2.938854033976744 ], [ -76.450681747563294, 2.938854033976744 ], [ -76.450681747563294, 2.95255163844186 ], [ -76.436984143101256, 2.95255163844186 ], [ -76.436984143101256, 2.966249242906977 ], [ -76.409588934177208, 2.966249242906977 ], [ -76.409588934177208, 2.99364445183721 ], [ -76.395891329715184, 2.99364445183721 ], [ -76.395891329715184, 2.966249242906977 ], [ -76.38219372525316, 2.966249242906977 ], [ -76.38219372525316, 2.99364445183721 ], [ -76.368496120791136, 2.99364445183721 ], [ -76.368496120791136, 3.021039660767442 ], [ -76.341100911867088, 3.021039660767442 ], [ -76.341100911867088, 3.034737265232558 ], [ -76.354798516329112, 3.034737265232558 ], [ -76.354798516329112, 3.048434869697675 ], [ -76.368496120791136, 3.048434869697675 ], [ -76.368496120791136, 3.034737265232558 ], [ -76.38219372525316, 3.034737265232558 ], [ -76.38219372525316, 3.007342056302326 ], [ -76.423286538639232, 3.007342056302326 ], [ -76.423286538639232, 2.99364445183721 ], [ -76.450681747563294, 2.99364445183721 ], [ -76.450681747563294, 2.966249242906977 ], [ -76.464379352025318, 2.966249242906977 ], [ -76.464379352025318, 2.95255163844186 ], [ -76.478076956487342, 2.95255163844186 ], [ -76.478076956487342, 2.966249242906977 ], [ -76.491774560949366, 2.966249242906977 ], [ -76.491774560949366, 2.911458825046512 ], [ -76.505472165411391, 2.911458825046512 ], [ -76.505472165411391, 2.925156429511628 ], [ -76.532867374335439, 2.925156429511628 ], [ -76.532867374335439, 2.99364445183721 ], [ -76.587657792183535, 2.99364445183721 ], [ -76.587657792183535, 2.979946847372093 ], [ -76.615053001107597, 2.979946847372093 ], [ -76.615053001107597, 3.007342056302326 ], [ -76.628750605569621, 3.007342056302326 ], [ -76.628750605569621, 2.99364445183721 ], [ -76.642448210031645, 2.99364445183721 ], [ -76.642448210031645, 2.95255163844186 ], [ -76.656145814493669, 2.95255163844186 ], [ -76.656145814493669, 2.938854033976744 ], [ -76.642448210031645, 2.938854033976744 ], [ -76.642448210031645, 2.925156429511628 ], [ -76.628750605569621, 2.925156429511628 ], [ -76.628750605569621, 2.911458825046512 ], [ -76.656145814493669, 2.911458825046512 ], [ -76.656145814493669, 2.925156429511628 ], [ -76.669843418955693, 2.925156429511628 ], [ -76.669843418955693, 2.966249242906977 ], [ -76.697238627879742, 2.966249242906977 ], [ -76.697238627879742, 2.979946847372093 ], [ -76.683541023417717, 2.979946847372093 ], [ -76.683541023417717, 3.007342056302326 ], [ -76.697238627879742, 3.007342056302326 ], [ -76.697238627879742, 3.021039660767442 ], [ -76.683541023417717, 3.021039660767442 ], [ -76.683541023417717, 3.034737265232558 ], [ -76.669843418955693, 3.034737265232558 ], [ -76.669843418955693, 3.062132474162791 ], [ -76.656145814493669, 3.062132474162791 ], [ -76.656145814493669, 3.10322528755814 ], [ -76.669843418955693, 3.10322528755814 ], [ -76.669843418955693, 3.089527683093023 ], [ -76.697238627879742, 3.089527683093023 ], [ -76.697238627879742, 3.10322528755814 ], [ -76.683541023417717, 3.10322528755814 ], [ -76.683541023417717, 3.116922892023256 ], [ -76.72463383680379, 3.116922892023256 ], [ -76.72463383680379, 3.130620496488372 ], [ -76.738331441265814, 3.130620496488372 ], [ -76.738331441265814, 3.144318100953488 ], [ -76.7794242546519, 3.144318100953488 ] ], [ [ -76.710936232341766, 3.089527683093023 ], [ -76.697238627879742, 3.089527683093023 ], [ -76.697238627879742, 3.048434869697675 ], [ -76.72463383680379, 3.048434869697675 ], [ -76.72463383680379, 3.062132474162791 ], [ -76.710936232341766, 3.062132474162791 ], [ -76.710936232341766, 3.089527683093023 ] ], [ [ -76.72463383680379, 3.034737265232558 ], [ -76.710936232341766, 3.034737265232558 ], [ -76.710936232341766, 3.021039660767442 ], [ -76.72463383680379, 3.021039660767442 ], [ -76.72463383680379, 3.034737265232558 ] ], [ [ -76.697238627879742, 2.911458825046512 ], [ -76.669843418955693, 2.911458825046512 ], [ -76.669843418955693, 2.884063616116279 ], [ -76.656145814493669, 2.884063616116279 ], [ -76.656145814493669, 2.870366011651163 ], [ -76.669843418955693, 2.870366011651163 ], [ -76.669843418955693, 2.84297080272093 ], [ -76.683541023417717, 2.84297080272093 ], [ -76.683541023417717, 2.829273198255814 ], [ -76.697238627879742, 2.829273198255814 ], [ -76.697238627879742, 2.815575593790698 ], [ -76.710936232341766, 2.815575593790698 ], [ -76.710936232341766, 2.84297080272093 ], [ -76.697238627879742, 2.84297080272093 ], [ -76.697238627879742, 2.856668407186047 ], [ -76.683541023417717, 2.856668407186047 ], [ -76.683541023417717, 2.897761220581395 ], [ -76.697238627879742, 2.897761220581395 ], [ -76.697238627879742, 2.911458825046512 ] ], [ [ -76.628750605569621, 2.911458825046512 ], [ -76.615053001107597, 2.911458825046512 ], [ -76.615053001107597, 2.870366011651163 ], [ -76.628750605569621, 2.870366011651163 ], [ -76.628750605569621, 2.884063616116279 ], [ -76.642448210031645, 2.884063616116279 ], [ -76.642448210031645, 2.897761220581395 ], [ -76.628750605569621, 2.897761220581395 ], [ -76.628750605569621, 2.911458825046512 ] ], [ [ -76.642448210031645, 2.856668407186047 ], [ -76.628750605569621, 2.856668407186047 ], [ -76.628750605569621, 2.84297080272093 ], [ -76.642448210031645, 2.84297080272093 ], [ -76.642448210031645, 2.856668407186047 ] ], [ [ -76.532867374335439, 2.829273198255814 ], [ -76.519169769873415, 2.829273198255814 ], [ -76.519169769873415, 2.815575593790698 ], [ -76.532867374335439, 2.815575593790698 ], [ -76.532867374335439, 2.829273198255814 ] ], [ [ -76.738331441265814, 2.815575593790698 ], [ -76.72463383680379, 2.815575593790698 ], [ -76.72463383680379, 2.801877989325582 ], [ -76.738331441265814, 2.801877989325582 ], [ -76.738331441265814, 2.815575593790698 ] ], [ [ -76.683541023417717, 2.801877989325582 ], [ -76.669843418955693, 2.801877989325582 ], [ -76.669843418955693, 2.788180384860465 ], [ -76.683541023417717, 2.788180384860465 ], [ -76.683541023417717, 2.801877989325582 ] ], [ [ -76.72463383680379, 2.788180384860465 ], [ -76.710936232341766, 2.788180384860465 ], [ -76.710936232341766, 2.774482780395349 ], [ -76.72463383680379, 2.774482780395349 ], [ -76.72463383680379, 2.788180384860465 ] ], [ [ -76.697238627879742, 2.747087571465117 ], [ -76.683541023417717, 2.747087571465117 ], [ -76.683541023417717, 2.733389967 ], [ -76.697238627879742, 2.733389967 ], [ -76.697238627879742, 2.747087571465117 ] ], [ [ -76.683541023417717, 2.733389967 ], [ -76.669843418955693, 2.733389967 ], [ -76.669843418955693, 2.719692362534884 ], [ -76.683541023417717, 2.719692362534884 ], [ -76.683541023417717, 2.733389967 ] ] ] } },
{ "type": "Feature", "properties": { "DN": 6 }, "geometry": { "type": "Polygon", "coordinates": [ [ [ -77.149259575126578, 2.637506735744186 ], [ -77.149259575126578, 2.62380913127907 ], [ -77.162957179588602, 2.62380913127907 ], [ -77.162957179588602, 2.596413922348837 ], [ -77.176654784050626, 2.596413922348837 ], [ -77.176654784050626, 2.569018713418605 ], [ -77.162957179588602, 2.569018713418605 ], [ -77.162957179588602, 2.555321108953489 ], [ -77.149259575126578, 2.555321108953489 ], [ -77.149259575126578, 2.610111526813954 ], [ -77.12186436620253, 2.610111526813954 ], [ -77.12186436620253, 2.596413922348837 ], [ -77.135561970664554, 2.596413922348837 ], [ -77.135561970664554, 2.582716317883721 ], [ -77.108166761740506, 2.582716317883721 ], [ -77.108166761740506, 2.62380913127907 ], [ -77.12186436620253, 2.62380913127907 ], [ -77.12186436620253, 2.637506735744186 ], [ -77.149259575126578, 2.637506735744186 ] ] ] } },
{ "type": "Feature", "properties": { "DN": 5 }, "geometry": { "type": "Polygon", "coordinates": [ [ [ -77.299933224208857, 2.596413922348837 ], [ -77.299933224208857, 2.582716317883721 ], [ -77.327328433132905, 2.582716317883721 ], [ -77.327328433132905, 2.569018713418605 ], [ -77.272538015284809, 2.569018713418605 ], [ -77.272538015284809, 2.555321108953489 ], [ -77.245142806360761, 2.555321108953489 ], [ -77.245142806360761, 2.582716317883721 ], [ -77.272538015284809, 2.582716317883721 ], [ -77.272538015284809, 2.596413922348837 ], [ -77.299933224208857, 2.596413922348837 ] ] ] } },
{ "type": "Feature", "properties": { "DN": 4 }, "geometry": { "type": "Polygon", "coordinates": [ [ [ -77.025981134968347, 2.582716317883721 ], [ -77.025981134968347, 2.569018713418605 ], [ -76.998585926044299, 2.569018713418605 ], [ -76.998585926044299, 2.555321108953489 ], [ -76.943795508196203, 2.555321108953489 ], [ -76.943795508196203, 2.582716317883721 ], [ -76.957493112658227, 2.582716317883721 ], [ -76.957493112658227, 2.569018713418605 ], [ -76.971190717120251, 2.569018713418605 ], [ -76.971190717120251, 2.582716317883721 ], [ -77.025981134968347, 2.582716317883721 ] ] ] } },
{ "type": "Feature", "properties": { "DN": 6 }, "geometry": { "type": "Polygon", "coordinates": [ [ [ -77.327328433132905, 2.569018713418605 ], [ -77.327328433132905, 2.555321108953489 ], [ -77.313630828670881, 2.555321108953489 ], [ -77.313630828670881, 2.569018713418605 ], [ -77.327328433132905, 2.569018713418605 ] ] ] } },
{ "type": "Feature", "properties": { "DN": 5 }, "geometry": { "type": "Polygon", "coordinates": [ [ [ -77.19035238851265, 2.569018713418605 ], [ -77.19035238851265, 2.555321108953489 ], [ -77.162957179588602, 2.555321108953489 ], [ -77.162957179588602, 2.569018713418605 ], [ -77.19035238851265, 2.569018713418605 ] ] ] } },
{ "type": "Feature", "properties": { "DN": 4 }, "geometry": { "type": "Polygon", "coordinates": [ [ [ -77.053376343892396, 2.569018713418605 ], [ -77.053376343892396, 2.555321108953489 ], [ -77.039678739430371, 2.555321108953489 ], [ -77.039678739430371, 2.569018713418605 ], [ -77.053376343892396, 2.569018713418605 ] ] ] } },
{ "type": "Feature", "properties": { "DN": 7 }, "geometry": { "type": "Polygon", "coordinates": [ [ [ -77.204049992974674, 2.596413922348837 ], [ -77.204049992974674, 2.582716317883721 ], [ -77.231445201898737, 2.582716317883721 ], [ -77.231445201898737, 2.569018713418605 ], [ -77.217747597436698, 2.569018713418605 ], [ -77.217747597436698, 2.555321108953489 ], [ -77.204049992974674, 2.555321108953489 ], [ -77.204049992974674, 2.541623504488372 ], [ -77.19035238851265, 2.541623504488372 ], [ -77.19035238851265, 2.569018713418605 ], [ -77.176654784050626, 2.569018713418605 ], [ -77.176654784050626, 2.582716317883721 ], [ -77.19035238851265, 2.582716317883721 ], [ -77.19035238851265, 2.596413922348837 ], [ -77.204049992974674, 2.596413922348837 ] ] ] } },
{ "type": "Feature", "properties": { "DN": 5 }, "geometry": { "type": "Polygon", "coordinates": [ [ [ -77.341026037594929, 2.569018713418605 ], [ -77.341026037594929, 2.541623504488372 ], [ -77.299933224208857, 2.541623504488372 ], [ -77.299933224208857, 2.555321108953489 ], [ -77.327328433132905, 2.555321108953489 ], [ -77.327328433132905, 2.569018713418605 ], [ -77.341026037594929, 2.569018713418605 ] ] ] } },
{ "type": "Feature", "properties": { "DN": 5 }, "geometry": { "type": "Polygon", "coordinates": [ [ [ -77.162957179588602, 2.555321108953489 ], [ -77.162957179588602, 2.541623504488372 ], [ -77.149259575126578, 2.541623504488372 ], [ -77.149259575126578, 2.555321108953489 ], [ -77.162957179588602, 2.555321108953489 ] ] ] } },
{ "type": "Feature", "properties": { "DN": 5 }, "geometry": { "type": "Polygon", "coordinates": [ [ [ -76.738331441265814, 2.555321108953489 ], [ -76.738331441265814, 2.541623504488372 ], [ -76.72463383680379, 2.541623504488372 ], [ -76.72463383680379, 2.555321108953489 ], [ -76.738331441265814, 2.555321108953489 ] ] ] } },
{ "type": "Feature", "properties": { "DN": 5 }, "geometry": { "type": "Polygon", "coordinates": [ [ [ -77.108166761740506, 2.555321108953489 ], [ -77.108166761740506, 2.527925900023256 ], [ -77.094469157278482, 2.527925900023256 ], [ -77.094469157278482, 2.541623504488372 ], [ -77.080771552816458, 2.541623504488372 ], [ -77.080771552816458, 2.555321108953489 ], [ -77.108166761740506, 2.555321108953489 ] ] ] } },
{ "type": "Feature", "properties": { "DN": 5 }, "geometry": { "type": "Polygon", "coordinates": [ [ [ -76.026056009240506, 2.541623504488372 ], [ -76.026056009240506, 2.527925900023256 ], [ -76.012358404778482, 2.527925900023256 ], [ -76.012358404778482, 2.541623504488372 ], [ -76.026056009240506, 2.541623504488372 ] ] ] } },
{ "type": "Feature", "properties": { "DN": 5 }, "geometry": { "type": "Polygon", "coordinates": [ [ [ -75.847987151234179, 2.610111526813954 ], [ -75.847987151234179, 2.596413922348837 ], [ -75.861684755696203, 2.596413922348837 ], [ -75.861684755696203, 2.569018713418605 ], [ -75.875382360158227, 2.569018713418605 ], [ -75.875382360158227, 2.555321108953489 ], [ -75.861684755696203, 2.555321108953489 ], [ -75.861684755696203, 2.51422829555814 ], [ -75.820591942310116, 2.51422829555814 ], [ -75.820591942310116, 2.527925900023256 ], [ -75.834289546772155, 2.527925900023256 ], [ -75.834289546772155, 2.582716317883721 ], [ -75.820591942310116, 2.582716317883721 ], [ -75.820591942310116, 2.596413922348837 ], [ -75.834289546772155, 2.596413922348837 ], [ -75.834289546772155, 2.610111526813954 ], [ -75.847987151234179, 2.610111526813954 ] ] ] } },
{ "type": "Feature", "properties": { "DN": 7 }, "geometry": { "type": "Polygon", "coordinates": [ [ [ -77.217747597436698, 2.527925900023256 ], [ -77.217747597436698, 2.51422829555814 ], [ -77.204049992974674, 2.51422829555814 ], [ -77.204049992974674, 2.527925900023256 ], [ -77.217747597436698, 2.527925900023256 ] ] ] } },
{ "type": "Feature", "properties": { "DN": 5 }, "geometry": { "type": "Polygon", "coordinates": [ [ [ -77.094469157278482, 2.527925900023256 ], [ -77.094469157278482, 2.51422829555814 ], [ -77.080771552816458, 2.51422829555814 ], [ -77.080771552816458, 2.527925900023256 ], [ -77.094469157278482, 2.527925900023256 ] ] ] } },
{ "type": "Feature", "properties": { "DN": 7 }, "geometry": { "type": "Polygon", "coordinates": [ [ [ -77.080771552816458, 2.527925900023256 ], [ -77.080771552816458, 2.51422829555814 ], [ -77.067073948354434, 2.51422829555814 ], [ -77.067073948354434, 2.527925900023256 ], [ -77.080771552816458, 2.527925900023256 ] ] ] } },
{ "type": "Feature", "properties": { "DN": 4 }, "geometry": { "type": "Polygon", "coordinates": [ [ [ -76.984888321582275, 2.541623504488372 ], [ -76.984888321582275, 2.527925900023256 ], [ -76.998585926044299, 2.527925900023256 ], [ -76.998585926044299, 2.51422829555814 ], [ -76.971190717120251, 2.51422829555814 ], [ -76.971190717120251, 2.541623504488372 ], [ -76.984888321582275, 2.541623504488372 ] ] ] } },
{ "type": "Feature", "properties": { "DN": 4 }, "geometry": { "type": "Polygon", "coordinates": [ [ [ -76.026056009240506, 2.760785175930232 ], [ -76.026056009240506, 2.747087571465117 ], [ -76.03975361370253, 2.747087571465117 ], [ -76.03975361370253, 2.733389967 ], [ -76.053451218164554, 2.733389967 ], [ -76.053451218164554, 2.719692362534884 ], [ -76.03975361370253, 2.719692362534884 ], [ -76.03975361370253, 2.705994758069767 ], [ -76.026056009240506, 2.705994758069767 ], [ -76.026056009240506, 2.692297153604651 ], [ -75.998660800316458, 2.692297153604651 ], [ -75.998660800316458, 2.678599549139535 ], [ -75.984963195854419, 2.678599549139535 ], [ -75.984963195854419, 2.664901944674419 ], [ -76.03975361370253, 2.664901944674419 ], [ -76.03975361370253, 2.637506735744186 ], [ -75.984963195854419, 2.637506735744186 ], [ -75.984963195854419, 2.651204340209302 ], [ -75.971265591392395, 2.651204340209302 ], [ -75.971265591392395, 2.637506735744186 ], [ -75.957567986930371, 2.637506735744186 ], [ -75.957567986930371, 2.596413922348837 ], [ -75.943870382468347, 2.596413922348837 ], [ -75.943870382468347, 2.582716317883721 ], [ -75.957567986930371, 2.582716317883721 ], [ -75.957567986930371, 2.569018713418605 ], [ -75.930172778006323, 2.569018713418605 ], [ -75.930172778006323, 2.527925900023256 ], [ -75.943870382468347, 2.527925900023256 ], [ -75.943870382468347, 2.51422829555814 ], [ -75.916475173544299, 2.51422829555814 ], [ -75.916475173544299, 2.527925900023256 ], [ -75.875382360158227, 2.527925900023256 ], [ -75.875382360158227, 2.51422829555814 ], [ -75.861684755696203, 2.51422829555814 ], [ -75.861684755696203, 2.555321108953489 ], [ -75.875382360158227, 2.555321108953489 ], [ -75.875382360158227, 2.569018713418605 ], [ -75.861684755696203, 2.569018713418605 ], [ -75.861684755696203, 2.596413922348837 ], [ -75.847987151234179, 2.596413922348837 ], [ -75.847987151234179, 2.610111526813954 ], [ -75.834289546772155, 2.610111526813954 ], [ -75.834289546772155, 2.596413922348837 ], [ -75.820591942310116, 2.596413922348837 ], [ -75.820591942310116, 2.62380913127907 ], [ -75.806894337848092, 2.62380913127907 ], [ -75.806894337848092, 2.637506735744186 ], [ -75.793196733386068, 2.637506735744186 ], [ -75.793196733386068, 2.678599549139535 ], [ -75.76580152446202, 2.678599549139535 ], [ -75.76580152446202, 2.692297153604651 ], [ -75.75210392, 2.692297153604651 ], [ -75.75210392, 2.747087571465117 ], [ -75.779499128924044, 2.747087571465117 ], [ -75.779499128924044, 2.760785175930232 ], [ -75.793196733386068, 2.760785175930232 ], [ -75.793196733386068, 2.705994758069767 ], [ -75.806894337848092, 2.705994758069767 ], [ -75.806894337848092, 2.719692362534884 ], [ -75.820591942310116, 2.719692362534884 ], [ -75.820591942310116, 2.664901944674419 ], [ -75.834289546772155, 2.664901944674419 ], [ -75.834289546772155, 2.637506735744186 ], [ -75.847987151234179, 2.637506735744186 ], [ -75.847987151234179, 2.664901944674419 ], [ -75.861684755696203, 2.664901944674419 ], [ -75.861684755696203, 2.678599549139535 ], [ -75.875382360158227, 2.678599549139535 ], [ -75.875382360158227, 2.664901944674419 ], [ -75.889079964620251, 2.664901944674419 ], [ -75.889079964620251, 2.651204340209302 ], [ -75.875382360158227, 2.651204340209302 ], [ -75.875382360158227, 2.62380913127907 ], [ -75.902777569082275, 2.62380913127907 ], [ -75.902777569082275, 2.610111526813954 ], [ -75.916475173544299, 2.610111526813954 ], [ -75.916475173544299, 2.596413922348837 ], [ -75.930172778006323, 2.596413922348837 ], [ -75.930172778006323, 2.664901944674419 ], [ -75.902777569082275, 2.664901944674419 ], [ -75.902777569082275, 2.678599549139535 ], [ -75.916475173544299, 2.678599549139535 ], [ -75.916475173544299, 2.692297153604651 ], [ -75.930172778006323, 2.692297153604651 ], [ -75.930172778006323, 2.719692362534884 ], [ -75.957567986930371, 2.719692362534884 ], [ -75.957567986930371, 2.747087571465117 ], [ -75.971265591392395, 2.747087571465117 ], [ -75.971265591392395, 2.733389967 ], [ -75.984963195854419, 2.733389967 ], [ -75.984963195854419, 2.705994758069767 ], [ -75.998660800316458, 2.705994758069767 ], [ -75.998660800316458, 2.747087571465117 ], [ -76.012358404778482, 2.747087571465117 ], [ -76.012358404778482, 2.760785175930232 ], [ -76.026056009240506, 2.760785175930232 ] ], [ [ -75.971265591392395, 2.664901944674419 ], [ -75.957567986930371, 2.664901944674419 ], [ -75.957567986930371, 2.651204340209302 ], [ -75.971265591392395, 2.651204340209302 ], [ -75.971265591392395, 2.664901944674419 ] ], [ [ -75.930172778006323, 2.582716317883721 ], [ -75.916475173544299, 2.582716317883721 ], [ -75.916475173544299, 2.569018713418605 ], [ -75.930172778006323, 2.569018713418605 ], [ -75.930172778006323, 2.582716317883721 ] ] ] } },
{ "type": "Feature", "properties": { "DN": 4 }, "geometry": { "type": "Polygon", "coordinates": [ [ [ -77.149259575126578, 2.582716317883721 ], [ -77.149259575126578, 2.541623504488372 ], [ -77.162957179588602, 2.541623504488372 ], [ -77.162957179588602, 2.527925900023256 ], [ -77.12186436620253, 2.527925900023256 ], [ -77.12186436620253, 2.500530691093023 ], [ -77.108166761740506, 2.500530691093023 ], [ -77.108166761740506, 2.51422829555814 ], [ -77.094469157278482, 2.51422829555814 ], [ -77.094469157278482, 2.527925900023256 ], [ -77.108166761740506, 2.527925900023256 ], [ -77.108166761740506, 2.555321108953489 ], [ -77.080771552816458, 2.555321108953489 ], [ -77.080771552816458, 2.569018713418605 ], [ -77.12186436620253, 2.569018713418605 ], [ -77.12186436620253, 2.582716317883721 ], [ -77.149259575126578, 2.582716317883721 ] ] ] } },
{ "type": "Feature", "properties": { "DN": 5 }, "geometry": { "type": "Polygon", "coordinates": [ [ [ -77.450606873291136, 2.51422829555814 ], [ -77.450606873291136, 2.500530691093023 ], [ -77.436909268829112, 2.500530691093023 ], [ -77.436909268829112, 2.51422829555814 ], [ -77.450606873291136, 2.51422829555814 ] ] ] } },
{ "type": "Feature", "properties": { "DN": 5 }, "geometry": { "type": "Polygon", "coordinates": [ [ [ -77.094469157278482, 2.651204340209302 ], [ -77.094469157278482, 2.637506735744186 ], [ -77.067073948354434, 2.637506735744186 ], [ -77.067073948354434, 2.596413922348837 ], [ -77.053376343892396, 2.596413922348837 ], [ -77.053376343892396, 2.569018713418605 ], [ -77.039678739430371, 2.569018713418605 ], [ -77.039678739430371, 2.555321108953489 ], [ -77.053376343892396, 2.555321108953489 ], [ -77.053376343892396, 2.541623504488372 ], [ -77.025981134968347, 2.541623504488372 ], [ -77.025981134968347, 2.527925900023256 ], [ -77.039678739430371, 2.527925900023256 ], [ -77.039678739430371, 2.51422829555814 ], [ -77.025981134968347, 2.51422829555814 ], [ -77.025981134968347, 2.486833086627907 ], [ -77.012283530506323, 2.486833086627907 ], [ -77.012283530506323, 2.500530691093023 ], [ -76.998585926044299, 2.500530691093023 ], [ -76.998585926044299, 2.527925900023256 ], [ -76.984888321582275, 2.527925900023256 ], [ -76.984888321582275, 2.541623504488372 ], [ -76.998585926044299, 2.541623504488372 ], [ -76.998585926044299, 2.569018713418605 ], [ -77.025981134968347, 2.569018713418605 ], [ -77.025981134968347, 2.582716317883721 ], [ -77.012283530506323, 2.582716317883721 ], [ -77.012283530506323, 2.596413922348837 ], [ -77.025981134968347, 2.596413922348837 ], [ -77.025981134968347, 2.637506735744186 ], [ -77.039678739430371, 2.637506735744186 ], [ -77.039678739430371, 2.62380913127907 ], [ -77.053376343892396, 2.62380913127907 ], [ -77.053376343892396, 2.651204340209302 ], [ -77.094469157278482, 2.651204340209302 ] ] ] } },
{ "type": "Feature", "properties": { "DN": 5 }, "geometry": { "type": "Polygon", "coordinates": [ [ [ -75.971265591392395, 2.637506735744186 ], [ -75.971265591392395, 2.582716317883721 ], [ -76.012358404778482, 2.582716317883721 ], [ -76.012358404778482, 2.541623504488372 ], [ -75.998660800316458, 2.541623504488372 ], [ -75.998660800316458, 2.555321108953489 ], [ -75.984963195854419, 2.555321108953489 ], [ -75.984963195854419, 2.541623504488372 ], [ -75.971265591392395, 2.541623504488372 ], [ -75.971265591392395, 2.555321108953489 ], [ -75.957567986930371, 2.555321108953489 ], [ -75.957567986930371, 2.527925900023256 ], [ -75.971265591392395, 2.527925900023256 ], [ -75.971265591392395, 2.500530691093023 ], [ -75.943870382468347, 2.500530691093023 ], [ -75.943870382468347, 2.486833086627907 ], [ -75.916475173544299, 2.486833086627907 ], [ -75.916475173544299, 2.500530691093023 ], [ -75.902777569082275, 2.500530691093023 ], [ -75.902777569082275, 2.486833086627907 ], [ -75.889079964620251, 2.486833086627907 ], [ -75.889079964620251, 2.51422829555814 ], [ -75.875382360158227, 2.51422829555814 ], [ -75.875382360158227, 2.527925900023256 ], [ -75.916475173544299, 2.527925900023256 ], [ -75.916475173544299, 2.51422829555814 ], [ -75.943870382468347, 2.51422829555814 ], [ -75.943870382468347, 2.527925900023256 ], [ -75.930172778006323, 2.527925900023256 ], [ -75.930172778006323, 2.569018713418605 ], [ -75.957567986930371, 2.569018713418605 ], [ -75.957567986930371, 2.582716317883721 ], [ -75.943870382468347, 2.582716317883721 ], [ -75.943870382468347, 2.596413922348837 ], [ -75.957567986930371, 2.596413922348837 ], [ -75.957567986930371, 2.637506735744186 ], [ -75.971265591392395, 2.637506735744186 ] ] ] } },
{ "type": "Feature", "properties": { "DN": 4 }, "geometry": { "type": "Polygon", "coordinates": [ [ [ -75.889079964620251, 2.51422829555814 ], [ -75.889079964620251, 2.486833086627907 ], [ -75.875382360158227, 2.486833086627907 ], [ -75.875382360158227, 2.51422829555814 ], [ -75.889079964620251, 2.51422829555814 ] ] ] } },
{ "type": "Feature", "properties": { "DN": 5 }, "geometry": { "type": "Polygon", "coordinates": [ [ [ -77.327328433132905, 2.500530691093023 ], [ -77.327328433132905, 2.486833086627907 ], [ -77.313630828670881, 2.486833086627907 ], [ -77.313630828670881, 2.500530691093023 ], [ -77.327328433132905, 2.500530691093023 ] ] ] } },
{ "type": "Feature", "properties": { "DN": 5 }, "geometry": { "type": "Polygon", "coordinates": [ [ [ -77.12186436620253, 2.500530691093023 ], [ -77.12186436620253, 2.486833086627907 ], [ -77.108166761740506, 2.486833086627907 ], [ -77.108166761740506, 2.500530691093023 ], [ -77.12186436620253, 2.500530691093023 ] ] ] } },
{ "type": "Feature", "properties": { "DN": 5 }, "geometry": { "type": "Polygon", "coordinates": [ [ [ -77.080771552816458, 2.500530691093023 ], [ -77.080771552816458, 2.486833086627907 ], [ -77.067073948354434, 2.486833086627907 ], [ -77.067073948354434, 2.500530691093023 ], [ -77.080771552816458, 2.500530691093023 ] ] ] } },
{ "type": "Feature", "properties": { "DN": 5 }, "geometry": { "type": "Polygon", "coordinates": [ [ [ -77.053376343892396, 2.500530691093023 ], [ -77.053376343892396, 2.486833086627907 ], [ -77.039678739430371, 2.486833086627907 ], [ -77.039678739430371, 2.500530691093023 ], [ -77.053376343892396, 2.500530691093023 ] ] ] } },
{ "type": "Feature", "properties": { "DN": 4 }, "geometry": { "type": "Polygon", "coordinates": [ [ [ -75.957567986930371, 2.500530691093023 ], [ -75.957567986930371, 2.486833086627907 ], [ -75.943870382468347, 2.486833086627907 ], [ -75.943870382468347, 2.500530691093023 ], [ -75.957567986930371, 2.500530691093023 ] ] ] } },
{ "type": "Feature", "properties": { "DN": 6 }, "geometry": { "type": "Polygon", "coordinates": [ [ [ -75.916475173544299, 2.500530691093023 ], [ -75.916475173544299, 2.486833086627907 ], [ -75.902777569082275, 2.486833086627907 ], [ -75.902777569082275, 2.500530691093023 ], [ -75.916475173544299, 2.500530691093023 ] ] ] } },
{ "type": "Feature", "properties": { "DN": 6 }, "geometry": { "type": "Polygon", "coordinates": [ [ [ -75.861684755696203, 2.51422829555814 ], [ -75.861684755696203, 2.486833086627907 ], [ -75.847987151234179, 2.486833086627907 ], [ -75.847987151234179, 2.473135482162791 ], [ -75.834289546772155, 2.473135482162791 ], [ -75.834289546772155, 2.486833086627907 ], [ -75.820591942310116, 2.486833086627907 ], [ -75.820591942310116, 2.51422829555814 ], [ -75.861684755696203, 2.51422829555814 ] ] ] } },
{ "type": "Feature", "properties": { "DN": 5 }, "geometry": { "type": "Polygon", "coordinates": [ [ [ -77.176654784050626, 2.541623504488372 ], [ -77.176654784050626, 2.527925900023256 ], [ -77.19035238851265, 2.527925900023256 ], [ -77.19035238851265, 2.51422829555814 ], [ -77.149259575126578, 2.51422829555814 ], [ -77.149259575126578, 2.500530691093023 ], [ -77.162957179588602, 2.500530691093023 ], [ -77.162957179588602, 2.486833086627907 ], [ -77.176654784050626, 2.486833086627907 ], [ -77.176654784050626, 2.500530691093023 ], [ -77.19035238851265, 2.500530691093023 ], [ -77.19035238851265, 2.473135482162791 ], [ -77.135561970664554, 2.473135482162791 ], [ -77.135561970664554, 2.500530691093023 ], [ -77.12186436620253, 2.500530691093023 ], [ -77.12186436620253, 2.527925900023256 ], [ -77.162957179588602, 2.527925900023256 ], [ -77.162957179588602, 2.541623504488372 ], [ -77.176654784050626, 2.541623504488372 ] ] ] } },
{ "type": "Feature", "properties": { "DN": 5 }, "geometry": { "type": "Polygon", "coordinates": [ [ [ -77.094469157278482, 2.486833086627907 ], [ -77.094469157278482, 2.473135482162791 ], [ -77.080771552816458, 2.473135482162791 ], [ -77.080771552816458, 2.486833086627907 ], [ -77.094469157278482, 2.486833086627907 ] ] ] } },
{ "type": "Feature", "properties": { "DN": 4 }, "geometry": { "type": "Polygon", "coordinates": [ [ [ -75.930172778006323, 2.486833086627907 ], [ -75.930172778006323, 2.473135482162791 ], [ -75.916475173544299, 2.473135482162791 ], [ -75.916475173544299, 2.486833086627907 ], [ -75.930172778006323, 2.486833086627907 ] ] ] } },
{ "type": "Feature", "properties": { "DN": 5 }, "geometry": { "type": "Polygon", "coordinates": [ [ [ -77.368421246518977, 2.541623504488372 ], [ -77.368421246518977, 2.500530691093023 ], [ -77.382118850981016, 2.500530691093023 ], [ -77.382118850981016, 2.486833086627907 ], [ -77.368421246518977, 2.486833086627907 ], [ -77.368421246518977, 2.459437877697674 ], [ -77.354723642056953, 2.459437877697674 ], [ -77.354723642056953, 2.500530691093023 ], [ -77.341026037594929, 2.500530691093023 ], [ -77.341026037594929, 2.51422829555814 ], [ -77.354723642056953, 2.51422829555814 ], [ -77.354723642056953, 2.527925900023256 ], [ -77.341026037594929, 2.527925900023256 ], [ -77.341026037594929, 2.541623504488372 ], [ -77.368421246518977, 2.541623504488372 ] ] ] } },
{ "type": "Feature", "properties": { "DN": 4 }, "geometry": { "type": "Polygon", "coordinates": [ [ [ -77.313630828670881, 2.569018713418605 ], [ -77.313630828670881, 2.555321108953489 ], [ -77.299933224208857, 2.555321108953489 ], [ -77.299933224208857, 2.541623504488372 ], [ -77.341026037594929, 2.541623504488372 ], [ -77.341026037594929, 2.527925900023256 ], [ -77.354723642056953, 2.527925900023256 ], [ -77.354723642056953, 2.51422829555814 ], [ -77.341026037594929, 2.51422829555814 ], [ -77.341026037594929, 2.500530691093023 ], [ -77.354723642056953, 2.500530691093023 ], [ -77.354723642056953, 2.459437877697674 ], [ -77.313630828670881, 2.459437877697674 ], [ -77.313630828670881, 2.473135482162791 ], [ -77.286235619746833, 2.473135482162791 ], [ -77.286235619746833, 2.500530691093023 ], [ -77.272538015284809, 2.500530691093023 ], [ -77.272538015284809, 2.486833086627907 ], [ -77.258840410822785, 2.486833086627907 ], [ -77.258840410822785, 2.51422829555814 ], [ -77.245142806360761, 2.51422829555814 ], [ -77.245142806360761, 2.555321108953489 ], [ -77.272538015284809, 2.555321108953489 ], [ -77.272538015284809, 2.569018713418605 ], [ -77.313630828670881, 2.569018713418605 ] ], [ [ -77.327328433132905, 2.500530691093023 ], [ -77.313630828670881, 2.500530691093023 ], [ -77.313630828670881, 2.486833086627907 ], [ -77.327328433132905, 2.486833086627907 ], [ -77.327328433132905, 2.500530691093023 ] ] ] } },
{ "type": "Feature", "properties": { "DN": 5 }, "geometry": { "type": "Polygon", "coordinates": [ [ [ -77.478002082215184, 2.486833086627907 ], [ -77.478002082215184, 2.459437877697674 ], [ -77.46430447775316, 2.459437877697674 ], [ -77.46430447775316, 2.486833086627907 ], [ -77.478002082215184, 2.486833086627907 ] ] ] } },
{ "type": "Feature", "properties": { "DN": 4 }, "geometry": { "type": "Polygon", "coordinates": [ [ [ -77.39581645544304, 2.486833086627907 ], [ -77.39581645544304, 2.459437877697674 ], [ -77.368421246518977, 2.459437877697674 ], [ -77.368421246518977, 2.486833086627907 ], [ -77.39581645544304, 2.486833086627907 ] ] ] } },
{ "type": "Feature", "properties": { "DN": 4 }, "geometry": { "type": "Polygon", "coordinates": [ [ [ -77.053376343892396, 2.486833086627907 ], [ -77.053376343892396, 2.459437877697674 ], [ -77.039678739430371, 2.459437877697674 ], [ -77.039678739430371, 2.486833086627907 ], [ -77.053376343892396, 2.486833086627907 ] ] ] } },
{ "type": "Feature", "properties": { "DN": 6 }, "geometry": { "type": "Polygon", "coordinates": [ [ [ -75.902777569082275, 2.486833086627907 ], [ -75.902777569082275, 2.459437877697674 ], [ -75.889079964620251, 2.459437877697674 ], [ -75.889079964620251, 2.486833086627907 ], [ -75.902777569082275, 2.486833086627907 ] ] ] } },
{ "type": "Feature", "properties": { "DN": 5 }, "geometry": { "type": "Polygon", "coordinates": [ [ [ -77.204049992974674, 2.473135482162791 ], [ -77.204049992974674, 2.459437877697674 ], [ -77.19035238851265, 2.459437877697674 ], [ -77.19035238851265, 2.473135482162791 ], [ -77.204049992974674, 2.473135482162791 ] ] ] } },
{ "type": "Feature", "properties": { "DN": 5 }, "geometry": { "type": "Polygon", "coordinates": [ [ [ -77.067073948354434, 2.473135482162791 ], [ -77.067073948354434, 2.459437877697674 ], [ -77.053376343892396, 2.459437877697674 ], [ -77.053376343892396, 2.473135482162791 ], [ -77.067073948354434, 2.473135482162791 ] ] ] } },
{ "type": "Feature", "properties": { "DN": 3 }, "geometry": { "type": "Polygon", "coordinates": [ [ [ -76.930097903734179, 2.473135482162791 ], [ -76.930097903734179, 2.459437877697674 ], [ -76.916400299272155, 2.459437877697674 ], [ -76.916400299272155, 2.473135482162791 ], [ -76.930097903734179, 2.473135482162791 ] ] ] } },
{ "type": "Feature", "properties": { "DN": 4 }, "geometry": { "type": "Polygon", "coordinates": [ [ [ -77.012283530506323, 2.500530691093023 ], [ -77.012283530506323, 2.486833086627907 ], [ -77.025981134968347, 2.486833086627907 ], [ -77.025981134968347, 2.445740273232558 ], [ -77.012283530506323, 2.445740273232558 ], [ -77.012283530506323, 2.459437877697674 ], [ -76.984888321582275, 2.459437877697674 ], [ -76.984888321582275, 2.486833086627907 ], [ -76.998585926044299, 2.486833086627907 ], [ -76.998585926044299, 2.500530691093023 ], [ -77.012283530506323, 2.500530691093023 ] ] ] } },
{ "type": "Feature", "properties": { "DN": 5 }, "geometry": { "type": "Polygon", "coordinates": [ [ [ -77.436909268829112, 2.500530691093023 ], [ -77.436909268829112, 2.473135482162791 ], [ -77.450606873291136, 2.473135482162791 ], [ -77.450606873291136, 2.459437877697674 ], [ -77.436909268829112, 2.459437877697674 ], [ -77.436909268829112, 2.445740273232558 ], [ -77.368421246518977, 2.445740273232558 ], [ -77.368421246518977, 2.459437877697674 ], [ -77.423211664367088, 2.459437877697674 ], [ -77.423211664367088, 2.500530691093023 ], [ -77.436909268829112, 2.500530691093023 ] ] ] } },
{ "type": "Feature", "properties": { "DN": 4 }, "geometry": { "type": "Polygon", "coordinates": [ [ [ -75.984963195854419, 2.637506735744186 ], [ -75.984963195854419, 2.610111526813954 ], [ -76.026056009240506, 2.610111526813954 ], [ -76.026056009240506, 2.62380913127907 ], [ -76.053451218164554, 2.62380913127907 ], [ -76.053451218164554, 2.610111526813954 ], [ -76.067148822626578, 2.610111526813954 ], [ -76.067148822626578, 2.596413922348837 ], [ -76.10824163601265, 2.596413922348837 ], [ -76.10824163601265, 2.582716317883721 ], [ -76.080846427088602, 2.582716317883721 ], [ -76.080846427088602, 2.51422829555814 ], [ -76.067148822626578, 2.51422829555814 ], [ -76.067148822626578, 2.527925900023256 ], [ -76.053451218164554, 2.527925900023256 ], [ -76.053451218164554, 2.555321108953489 ], [ -76.03975361370253, 2.555321108953489 ], [ -76.03975361370253, 2.500530691093023 ], [ -76.053451218164554, 2.500530691093023 ], [ -76.053451218164554, 2.473135482162791 ], [ -76.067148822626578, 2.473135482162791 ], [ -76.067148822626578, 2.459437877697674 ], [ -76.053451218164554, 2.459437877697674 ], [ -76.053451218164554, 2.445740273232558 ], [ -76.03975361370253, 2.445740273232558 ], [ -76.03975361370253, 2.459437877697674 ], [ -75.998660800316458, 2.459437877697674 ], [ -75.998660800316458, 2.473135482162791 ], [ -75.984963195854419, 2.473135482162791 ], [ -75.984963195854419, 2.500530691093023 ], [ -75.971265591392395, 2.500530691093023 ], [ -75.971265591392395, 2.527925900023256 ], [ -75.957567986930371, 2.527925900023256 ], [ -75.957567986930371, 2.555321108953489 ], [ -75.971265591392395, 2.555321108953489 ], [ -75.971265591392395, 2.541623504488372 ], [ -75.984963195854419, 2.541623504488372 ], [ -75.984963195854419, 2.555321108953489 ], [ -75.998660800316458, 2.555321108953489 ], [ -75.998660800316458, 2.541623504488372 ], [ -76.012358404778482, 2.541623504488372 ], [ -76.012358404778482, 2.582716317883721 ], [ -75.971265591392395, 2.582716317883721 ], [ -75.971265591392395, 2.637506735744186 ], [ -75.984963195854419, 2.637506735744186 ] ], [ [ -76.067148822626578, 2.596413922348837 ], [ -76.053451218164554, 2.596413922348837 ], [ -76.053451218164554, 2.582716317883721 ], [ -76.067148822626578, 2.582716317883721 ], [ -76.067148822626578, 2.596413922348837 ] ], [ [ -76.026056009240506, 2.541623504488372 ], [ -76.012358404778482, 2.541623504488372 ], [ -76.012358404778482, 2.527925900023256 ], [ -76.026056009240506, 2.527925900023256 ], [ -76.026056009240506, 2.541623504488372 ] ] ] } },
{ "type": "Feature", "properties": { "DN": 6 }, "geometry": { "type": "Polygon", "coordinates": [ [ [ -77.450606873291136, 2.459437877697674 ], [ -77.450606873291136, 2.445740273232558 ], [ -77.436909268829112, 2.445740273232558 ], [ -77.436909268829112, 2.459437877697674 ], [ -77.450606873291136, 2.459437877697674 ] ] ] } },
{ "type": "Feature", "properties": { "DN": 3 }, "geometry": { "type": "Polygon", "coordinates": [ [ [ -77.286235619746833, 2.459437877697674 ], [ -77.286235619746833, 2.445740273232558 ], [ -77.272538015284809, 2.445740273232558 ], [ -77.272538015284809, 2.459437877697674 ], [ -77.286235619746833, 2.459437877697674 ] ] ] } },
{ "type": "Feature", "properties": { "DN": 5 }, "geometry": { "type": "Polygon", "coordinates": [ [ [ -77.19035238851265, 2.459437877697674 ], [ -77.19035238851265, 2.445740273232558 ], [ -77.176654784050626, 2.445740273232558 ], [ -77.176654784050626, 2.459437877697674 ], [ -77.19035238851265, 2.459437877697674 ] ] ] } },
{ "type": "Feature", "properties": { "DN": 5 }, "geometry": { "type": "Polygon", "coordinates": [ [ [ -77.162957179588602, 2.459437877697674 ], [ -77.162957179588602, 2.445740273232558 ], [ -77.149259575126578, 2.445740273232558 ], [ -77.149259575126578, 2.459437877697674 ], [ -77.162957179588602, 2.459437877697674 ] ] ] } },
{ "type": "Feature", "properties": { "DN": 2 }, "geometry": { "type": "Polygon", "coordinates": [ [ [ -76.10824163601265, 2.486833086627907 ], [ -76.10824163601265, 2.473135482162791 ], [ -76.121939240474674, 2.473135482162791 ], [ -76.121939240474674, 2.459437877697674 ], [ -76.135636844936698, 2.459437877697674 ], [ -76.135636844936698, 2.445740273232558 ], [ -76.10824163601265, 2.445740273232558 ], [ -76.10824163601265, 2.459437877697674 ], [ -76.094544031550626, 2.459437877697674 ], [ -76.094544031550626, 2.486833086627907 ], [ -76.10824163601265, 2.486833086627907 ] ] ] } },
{ "type": "Feature", "properties": { "DN": 6 }, "geometry": { "type": "Polygon", "coordinates": [ [ [ -77.080771552816458, 2.610111526813954 ], [ -77.080771552816458, 2.596413922348837 ], [ -77.094469157278482, 2.596413922348837 ], [ -77.094469157278482, 2.582716317883721 ], [ -77.080771552816458, 2.582716317883721 ], [ -77.080771552816458, 2.541623504488372 ], [ -77.094469157278482, 2.541623504488372 ], [ -77.094469157278482, 2.527925900023256 ], [ -77.067073948354434, 2.527925900023256 ], [ -77.067073948354434, 2.51422829555814 ], [ -77.108166761740506, 2.51422829555814 ], [ -77.108166761740506, 2.473135482162791 ], [ -77.094469157278482, 2.473135482162791 ], [ -77.094469157278482, 2.486833086627907 ], [ -77.080771552816458, 2.486833086627907 ], [ -77.080771552816458, 2.432042668767442 ], [ -77.067073948354434, 2.432042668767442 ], [ -77.067073948354434, 2.445740273232558 ], [ -77.053376343892396, 2.445740273232558 ], [ -77.053376343892396, 2.459437877697674 ], [ -77.067073948354434, 2.459437877697674 ], [ -77.067073948354434, 2.473135482162791 ], [ -77.053376343892396, 2.473135482162791 ], [ -77.053376343892396, 2.500530691093023 ], [ -77.039678739430371, 2.500530691093023 ], [ -77.039678739430371, 2.432042668767442 ], [ -77.025981134968347, 2.432042668767442 ], [ -77.025981134968347, 2.51422829555814 ], [ -77.039678739430371, 2.51422829555814 ], [ -77.039678739430371, 2.527925900023256 ], [ -77.025981134968347, 2.527925900023256 ], [ -77.025981134968347, 2.541623504488372 ], [ -77.053376343892396, 2.541623504488372 ], [ -77.053376343892396, 2.596413922348837 ], [ -77.067073948354434, 2.596413922348837 ], [ -77.067073948354434, 2.610111526813954 ], [ -77.080771552816458, 2.610111526813954 ] ], [ [ -77.080771552816458, 2.500530691093023 ], [ -77.067073948354434, 2.500530691093023 ], [ -77.067073948354434, 2.486833086627907 ], [ -77.080771552816458, 2.486833086627907 ], [ -77.080771552816458, 2.500530691093023 ] ] ] } },
{ "type": "Feature", "properties": { "DN": 5 }, "geometry": { "type": "Polygon", "coordinates": [ [ [ -75.875382360158227, 2.51422829555814 ], [ -75.875382360158227, 2.486833086627907 ], [ -75.889079964620251, 2.486833086627907 ], [ -75.889079964620251, 2.459437877697674 ], [ -75.902777569082275, 2.459437877697674 ], [ -75.902777569082275, 2.486833086627907 ], [ -75.916475173544299, 2.486833086627907 ], [ -75.916475173544299, 2.445740273232558 ], [ -75.889079964620251, 2.445740273232558 ], [ -75.889079964620251, 2.432042668767442 ], [ -75.875382360158227, 2.432042668767442 ], [ -75.875382360158227, 2.473135482162791 ], [ -75.847987151234179, 2.473135482162791 ], [ -75.847987151234179, 2.486833086627907 ], [ -75.861684755696203, 2.486833086627907 ], [ -75.861684755696203, 2.51422829555814 ], [ -75.875382360158227, 2.51422829555814 ] ] ] } },
{ "type": "Feature", "properties": { "DN": 6 }, "geometry": { "type": "Polygon", "coordinates": [ [ [ -75.875382360158227, 2.473135482162791 ], [ -75.875382360158227, 2.432042668767442 ], [ -75.861684755696203, 2.432042668767442 ], [ -75.861684755696203, 2.445740273232558 ], [ -75.847987151234179, 2.445740273232558 ], [ -75.847987151234179, 2.473135482162791 ], [ -75.875382360158227, 2.473135482162791 ] ] ] } },
{ "type": "Feature", "properties": { "DN": 5 }, "geometry": { "type": "Polygon", "coordinates": [ [ [ -77.176654784050626, 2.445740273232558 ], [ -77.176654784050626, 2.432042668767442 ], [ -77.162957179588602, 2.432042668767442 ], [ -77.162957179588602, 2.445740273232558 ], [ -77.176654784050626, 2.445740273232558 ] ] ] } },
{ "type": "Feature", "properties": { "DN": 4 }, "geometry": { "type": "Polygon", "coordinates": [ [ [ -75.902777569082275, 2.445740273232558 ], [ -75.902777569082275, 2.432042668767442 ], [ -75.889079964620251, 2.432042668767442 ], [ -75.889079964620251, 2.445740273232558 ], [ -75.902777569082275, 2.445740273232558 ] ] ] } },
{ "type": "Feature", "properties": { "DN": 4 }, "geometry": { "type": "Polygon", "coordinates": [ [ [ -77.450606873291136, 2.445740273232558 ], [ -77.450606873291136, 2.432042668767442 ], [ -77.436909268829112, 2.432042668767442 ], [ -77.436909268829112, 2.418345064302326 ], [ -77.423211664367088, 2.418345064302326 ], [ -77.423211664367088, 2.432042668767442 ], [ -77.39581645544304, 2.432042668767442 ], [ -77.39581645544304, 2.418345064302326 ], [ -77.368421246518977, 2.418345064302326 ], [ -77.368421246518977, 2.432042668767442 ], [ -77.341026037594929, 2.432042668767442 ], [ -77.341026037594929, 2.445740273232558 ], [ -77.450606873291136, 2.445740273232558 ] ] ] } },
{ "type": "Feature", "properties": { "DN": 5 }, "geometry": { "type": "Polygon", "coordinates": [ [ [ -77.245142806360761, 2.555321108953489 ], [ -77.245142806360761, 2.51422829555814 ], [ -77.258840410822785, 2.51422829555814 ], [ -77.258840410822785, 2.486833086627907 ], [ -77.272538015284809, 2.486833086627907 ], [ -77.272538015284809, 2.500530691093023 ], [ -77.286235619746833, 2.500530691093023 ], [ -77.286235619746833, 2.459437877697674 ], [ -77.272538015284809, 2.459437877697674 ], [ -77.272538015284809, 2.445740273232558 ], [ -77.286235619746833, 2.445740273232558 ], [ -77.286235619746833, 2.418345064302326 ], [ -77.272538015284809, 2.418345064302326 ], [ -77.272538015284809, 2.432042668767442 ], [ -77.258840410822785, 2.432042668767442 ], [ -77.258840410822785, 2.418345064302326 ], [ -77.245142806360761, 2.418345064302326 ], [ -77.245142806360761, 2.500530691093023 ], [ -77.231445201898737, 2.500530691093023 ], [ -77.231445201898737, 2.555321108953489 ], [ -77.245142806360761, 2.555321108953489 ] ] ] } },
{ "type": "Feature", "properties": { "DN": 4 }, "geometry": { "type": "Polygon", "coordinates": [ [ [ -77.135561970664554, 2.500530691093023 ], [ -77.135561970664554, 2.473135482162791 ], [ -77.19035238851265, 2.473135482162791 ], [ -77.19035238851265, 2.459437877697674 ], [ -77.176654784050626, 2.459437877697674 ], [ -77.176654784050626, 2.445740273232558 ], [ -77.162957179588602, 2.445740273232558 ], [ -77.162957179588602, 2.432042668767442 ], [ -77.149259575126578, 2.432042668767442 ], [ -77.149259575126578, 2.418345064302326 ], [ -77.135561970664554, 2.418345064302326 ], [ -77.135561970664554, 2.432042668767442 ], [ -77.108166761740506, 2.432042668767442 ], [ -77.108166761740506, 2.445740273232558 ], [ -77.12186436620253, 2.445740273232558 ], [ -77.12186436620253, 2.459437877697674 ], [ -77.080771552816458, 2.459437877697674 ], [ -77.080771552816458, 2.473135482162791 ], [ -77.108166761740506, 2.473135482162791 ], [ -77.108166761740506, 2.486833086627907 ], [ -77.12186436620253, 2.486833086627907 ], [ -77.12186436620253, 2.500530691093023 ], [ -77.135561970664554, 2.500530691093023 ] ], [ [ -77.162957179588602, 2.459437877697674 ], [ -77.149259575126578, 2.459437877697674 ], [ -77.149259575126578, 2.445740273232558 ], [ -77.162957179588602, 2.445740273232558 ], [ -77.162957179588602, 2.459437877697674 ] ] ] } },
{ "type": "Feature", "properties": { "DN": 4 }, "geometry": { "type": "Polygon", "coordinates": [ [ [ -77.176654784050626, 2.432042668767442 ], [ -77.176654784050626, 2.418345064302326 ], [ -77.162957179588602, 2.418345064302326 ], [ -77.162957179588602, 2.432042668767442 ], [ -77.176654784050626, 2.432042668767442 ] ] ] } },
{ "type": "Feature", "properties": { "DN": 6 }, "geometry": { "type": "Polygon", "coordinates": [ [ [ -77.162957179588602, 2.432042668767442 ], [ -77.162957179588602, 2.418345064302326 ], [ -77.149259575126578, 2.418345064302326 ], [ -77.149259575126578, 2.432042668767442 ], [ -77.162957179588602, 2.432042668767442 ] ] ] } },
{ "type": "Feature", "properties": { "DN": 2 }, "geometry": { "type": "Polygon", "coordinates": [ [ [ -76.450681747563294, 2.432042668767442 ], [ -76.450681747563294, 2.418345064302326 ], [ -76.436984143101256, 2.418345064302326 ], [ -76.436984143101256, 2.432042668767442 ], [ -76.450681747563294, 2.432042668767442 ] ] ] } },
{ "type": "Feature", "properties": { "DN": 5 }, "geometry": { "type": "Polygon", "coordinates": [ [ [ -77.12186436620253, 2.459437877697674 ], [ -77.12186436620253, 2.445740273232558 ], [ -77.108166761740506, 2.445740273232558 ], [ -77.108166761740506, 2.418345064302326 ], [ -77.094469157278482, 2.418345064302326 ], [ -77.094469157278482, 2.404647459837209 ], [ -77.067073948354434, 2.404647459837209 ], [ -77.067073948354434, 2.418345064302326 ], [ -77.053376343892396, 2.418345064302326 ], [ -77.053376343892396, 2.432042668767442 ], [ -77.039678739430371, 2.432042668767442 ], [ -77.039678739430371, 2.459437877697674 ], [ -77.053376343892396, 2.459437877697674 ], [ -77.053376343892396, 2.445740273232558 ], [ -77.067073948354434, 2.445740273232558 ], [ -77.067073948354434, 2.432042668767442 ], [ -77.080771552816458, 2.432042668767442 ], [ -77.080771552816458, 2.459437877697674 ], [ -77.12186436620253, 2.459437877697674 ] ] ] } },
{ "type": "Feature", "properties": { "DN": 5 }, "geometry": { "type": "Polygon", "coordinates": [ [ [ -77.231445201898737, 2.432042668767442 ], [ -77.231445201898737, 2.418345064302326 ], [ -77.217747597436698, 2.418345064302326 ], [ -77.217747597436698, 2.404647459837209 ], [ -77.204049992974674, 2.404647459837209 ], [ -77.204049992974674, 2.432042668767442 ], [ -77.231445201898737, 2.432042668767442 ] ] ] } },
{ "type": "Feature", "properties": { "DN": 5 }, "geometry": { "type": "Polygon", "coordinates": [ [ [ -77.19035238851265, 2.432042668767442 ], [ -77.19035238851265, 2.404647459837209 ], [ -77.162957179588602, 2.404647459837209 ], [ -77.162957179588602, 2.418345064302326 ], [ -77.176654784050626, 2.418345064302326 ], [ -77.176654784050626, 2.432042668767442 ], [ -77.19035238851265, 2.432042668767442 ] ] ] } },
{ "type": "Feature", "properties": { "DN": 4 }, "geometry": { "type": "Polygon", "coordinates": [ [ [ -77.450606873291136, 2.418345064302326 ], [ -77.450606873291136, 2.404647459837209 ], [ -77.436909268829112, 2.404647459837209 ], [ -77.436909268829112, 2.418345064302326 ], [ -77.450606873291136, 2.418345064302326 ] ] ] } },
{ "type": "Feature", "properties": { "DN": 3 }, "geometry": { "type": "Polygon", "coordinates": [ [ [ -77.258840410822785, 2.418345064302326 ], [ -77.258840410822785, 2.404647459837209 ], [ -77.245142806360761, 2.404647459837209 ], [ -77.245142806360761, 2.418345064302326 ], [ -77.258840410822785, 2.418345064302326 ] ] ] } },
{ "type": "Feature", "properties": { "DN": 3 }, "geometry": { "type": "Polygon", "coordinates": [ [ [ -77.231445201898737, 2.418345064302326 ], [ -77.231445201898737, 2.404647459837209 ], [ -77.217747597436698, 2.404647459837209 ], [ -77.217747597436698, 2.418345064302326 ], [ -77.231445201898737, 2.418345064302326 ] ] ] } },
{ "type": "Feature", "properties": { "DN": 4 }, "geometry": { "type": "Polygon", "coordinates": [ [ [ -77.162957179588602, 2.418345064302326 ], [ -77.162957179588602, 2.404647459837209 ], [ -77.149259575126578, 2.404647459837209 ], [ -77.149259575126578, 2.418345064302326 ], [ -77.162957179588602, 2.418345064302326 ] ] ] } },
{ "type": "Feature", "properties": { "DN": 3 }, "geometry": { "type": "Polygon", "coordinates": [ [ [ -76.834214672499996, 2.84297080272093 ], [ -76.834214672499996, 2.815575593790698 ], [ -76.861609881424044, 2.815575593790698 ], [ -76.861609881424044, 2.760785175930232 ], [ -76.875307485886069, 2.760785175930232 ], [ -76.875307485886069, 2.705994758069767 ], [ -76.889005090348093, 2.705994758069767 ], [ -76.889005090348093, 2.678599549139535 ], [ -76.902702694810117, 2.678599549139535 ], [ -76.902702694810117, 2.664901944674419 ], [ -76.916400299272155, 2.664901944674419 ], [ -76.916400299272155, 2.610111526813954 ], [ -76.930097903734179, 2.610111526813954 ], [ -76.930097903734179, 2.596413922348837 ], [ -76.943795508196203, 2.596413922348837 ], [ -76.943795508196203, 2.555321108953489 ], [ -76.998585926044299, 2.555321108953489 ], [ -76.998585926044299, 2.541623504488372 ], [ -76.971190717120251, 2.541623504488372 ], [ -76.971190717120251, 2.51422829555814 ], [ -76.998585926044299, 2.51422829555814 ], [ -76.998585926044299, 2.486833086627907 ], [ -76.984888321582275, 2.486833086627907 ], [ -76.984888321582275, 2.459437877697674 ], [ -77.012283530506323, 2.459437877697674 ], [ -77.012283530506323, 2.445740273232558 ], [ -77.025981134968347, 2.445740273232558 ], [ -77.025981134968347, 2.418345064302326 ], [ -77.039678739430371, 2.418345064302326 ], [ -77.039678739430371, 2.390949855372093 ], [ -77.025981134968347, 2.390949855372093 ], [ -77.025981134968347, 2.404647459837209 ], [ -76.998585926044299, 2.404647459837209 ], [ -76.998585926044299, 2.390949855372093 ], [ -76.971190717120251, 2.390949855372093 ], [ -76.971190717120251, 2.404647459837209 ], [ -76.957493112658227, 2.404647459837209 ], [ -76.957493112658227, 2.459437877697674 ], [ -76.943795508196203, 2.459437877697674 ], [ -76.943795508196203, 2.473135482162791 ], [ -76.930097903734179, 2.473135482162791 ], [ -76.930097903734179, 2.500530691093023 ], [ -76.916400299272155, 2.500530691093023 ], [ -76.916400299272155, 2.51422829555814 ], [ -76.902702694810117, 2.51422829555814 ], [ -76.902702694810117, 2.569018713418605 ], [ -76.889005090348093, 2.569018713418605 ], [ -76.889005090348093, 2.582716317883721 ], [ -76.861609881424044, 2.582716317883721 ], [ -76.861609881424044, 2.610111526813954 ], [ -76.84791227696202, 2.610111526813954 ], [ -76.84791227696202, 2.62380913127907 ], [ -76.861609881424044, 2.62380913127907 ], [ -76.861609881424044, 2.651204340209302 ], [ -76.84791227696202, 2.651204340209302 ], [ -76.84791227696202, 2.678599549139535 ], [ -76.820517068037972, 2.678599549139535 ], [ -76.820517068037972, 2.692297153604651 ], [ -76.834214672499996, 2.692297153604651 ], [ -76.834214672499996, 2.705994758069767 ], [ -76.820517068037972, 2.705994758069767 ], [ -76.820517068037972, 2.747087571465117 ], [ -76.806819463575948, 2.747087571465117 ], [ -76.806819463575948, 2.760785175930232 ], [ -76.7794242546519, 2.760785175930232 ], [ -76.7794242546519, 2.829273198255814 ], [ -76.793121859113924, 2.829273198255814 ], [ -76.793121859113924, 2.84297080272093 ], [ -76.834214672499996, 2.84297080272093 ] ] ] } },
{ "type": "Feature", "properties": { "DN": 4 }, "geometry": { "type": "Polygon", "coordinates": [ [ [ -77.299933224208857, 2.459437877697674 ], [ -77.299933224208857, 2.445740273232558 ], [ -77.313630828670881, 2.445740273232558 ], [ -77.313630828670881, 2.432042668767442 ], [ -77.327328433132905, 2.432042668767442 ], [ -77.327328433132905, 2.404647459837209 ], [ -77.341026037594929, 2.404647459837209 ], [ -77.341026037594929, 2.390949855372093 ], [ -77.286235619746833, 2.390949855372093 ], [ -77.286235619746833, 2.404647459837209 ], [ -77.258840410822785, 2.404647459837209 ], [ -77.258840410822785, 2.432042668767442 ], [ -77.272538015284809, 2.432042668767442 ], [ -77.272538015284809, 2.418345064302326 ], [ -77.286235619746833, 2.418345064302326 ], [ -77.286235619746833, 2.459437877697674 ], [ -77.299933224208857, 2.459437877697674 ] ] ] } },
{ "type": "Feature", "properties": { "DN": 3 }, "geometry": { "type": "Polygon", "coordinates": [ [ [ -76.080846427088602, 2.925156429511628 ], [ -76.080846427088602, 2.856668407186047 ], [ -76.094544031550626, 2.856668407186047 ], [ -76.094544031550626, 2.84297080272093 ], [ -76.10824163601265, 2.84297080272093 ], [ -76.10824163601265, 2.829273198255814 ], [ -76.094544031550626, 2.829273198255814 ], [ -76.094544031550626, 2.788180384860465 ], [ -76.149334449398737, 2.788180384860465 ], [ -76.149334449398737, 2.733389967 ], [ -76.176729658322785, 2.733389967 ], [ -76.176729658322785, 2.705994758069767 ], [ -76.163032053860761, 2.705994758069767 ], [ -76.163032053860761, 2.719692362534884 ], [ -76.121939240474674, 2.719692362534884 ], [ -76.121939240474674, 2.705994758069767 ], [ -76.094544031550626, 2.705994758069767 ], [ -76.094544031550626, 2.678599549139535 ], [ -76.080846427088602, 2.678599549139535 ], [ -76.080846427088602, 2.664901944674419 ], [ -76.067148822626578, 2.664901944674419 ], [ -76.067148822626578, 2.651204340209302 ], [ -76.094544031550626, 2.651204340209302 ], [ -76.094544031550626, 2.637506735744186 ], [ -76.121939240474674, 2.637506735744186 ], [ -76.121939240474674, 2.610111526813954 ], [ -76.135636844936698, 2.610111526813954 ], [ -76.135636844936698, 2.596413922348837 ], [ -76.163032053860761, 2.596413922348837 ], [ -76.163032053860761, 2.582716317883721 ], [ -76.135636844936698, 2.582716317883721 ], [ -76.135636844936698, 2.527925900023256 ], [ -76.121939240474674, 2.527925900023256 ], [ -76.121939240474674, 2.51422829555814 ], [ -76.135636844936698, 2.51422829555814 ], [ -76.135636844936698, 2.486833086627907 ], [ -76.149334449398737, 2.486833086627907 ], [ -76.149334449398737, 2.473135482162791 ], [ -76.163032053860761, 2.473135482162791 ], [ -76.163032053860761, 2.445740273232558 ], [ -76.135636844936698, 2.445740273232558 ], [ -76.135636844936698, 2.418345064302326 ], [ -76.149334449398737, 2.418345064302326 ], [ -76.149334449398737, 2.404647459837209 ], [ -76.163032053860761, 2.404647459837209 ], [ -76.163032053860761, 2.377252250906977 ], [ -76.121939240474674, 2.377252250906977 ], [ -76.121939240474674, 2.390949855372093 ], [ -76.10824163601265, 2.390949855372093 ], [ -76.10824163601265, 2.404647459837209 ], [ -76.094544031550626, 2.404647459837209 ], [ -76.094544031550626, 2.418345064302326 ], [ -76.067148822626578, 2.418345064302326 ], [ -76.067148822626578, 2.404647459837209 ], [ -76.026056009240506, 2.404647459837209 ], [ -76.026056009240506, 2.445740273232558 ], [ -76.012358404778482, 2.445740273232558 ], [ -76.012358404778482, 2.459437877697674 ], [ -76.03975361370253, 2.459437877697674 ], [ -76.03975361370253, 2.445740273232558 ], [ -76.053451218164554, 2.445740273232558 ], [ -76.053451218164554, 2.459437877697674 ], [ -76.067148822626578, 2.459437877697674 ], [ -76.067148822626578, 2.473135482162791 ], [ -76.053451218164554, 2.473135482162791 ], [ -76.053451218164554, 2.500530691093023 ], [ -76.03975361370253, 2.500530691093023 ], [ -76.03975361370253, 2.555321108953489 ], [ -76.053451218164554, 2.555321108953489 ], [ -76.053451218164554, 2.527925900023256 ], [ -76.067148822626578, 2.527925900023256 ], [ -76.067148822626578, 2.51422829555814 ], [ -76.080846427088602, 2.51422829555814 ], [ -76.080846427088602, 2.582716317883721 ], [ -76.10824163601265, 2.582716317883721 ], [ -76.10824163601265, 2.596413922348837 ], [ -76.067148822626578, 2.596413922348837 ], [ -76.067148822626578, 2.610111526813954 ], [ -76.053451218164554, 2.610111526813954 ], [ -76.053451218164554, 2.62380913127907 ], [ -76.026056009240506, 2.62380913127907 ], [ -76.026056009240506, 2.610111526813954 ], [ -75.984963195854419, 2.610111526813954 ], [ -75.984963195854419, 2.637506735744186 ], [ -76.03975361370253, 2.637506735744186 ], [ -76.03975361370253, 2.664901944674419 ], [ -75.984963195854419, 2.664901944674419 ], [ -75.984963195854419, 2.678599549139535 ], [ -75.998660800316458, 2.678599549139535 ], [ -75.998660800316458, 2.692297153604651 ], [ -76.026056009240506, 2.692297153604651 ], [ -76.026056009240506, 2.705994758069767 ], [ -76.03975361370253, 2.705994758069767 ], [ -76.03975361370253, 2.719692362534884 ], [ -76.053451218164554, 2.719692362534884 ], [ -76.053451218164554, 2.733389967 ], [ -76.03975361370253, 2.733389967 ], [ -76.03975361370253, 2.747087571465117 ], [ -76.026056009240506, 2.747087571465117 ], [ -76.026056009240506, 2.760785175930232 ], [ -76.012358404778482, 2.760785175930232 ], [ -76.012358404778482, 2.747087571465117 ], [ -75.998660800316458, 2.747087571465117 ], [ -75.998660800316458, 2.705994758069767 ], [ -75.984963195854419, 2.705994758069767 ], [ -75.984963195854419, 2.733389967 ], [ -75.971265591392395, 2.733389967 ], [ -75.971265591392395, 2.747087571465117 ], [ -75.957567986930371, 2.747087571465117 ], [ -75.957567986930371, 2.719692362534884 ], [ -75.930172778006323, 2.719692362534884 ], [ -75.930172778006323, 2.692297153604651 ], [ -75.916475173544299, 2.692297153604651 ], [ -75.916475173544299, 2.678599549139535 ], [ -75.902777569082275, 2.678599549139535 ], [ -75.902777569082275, 2.664901944674419 ], [ -75.930172778006323, 2.664901944674419 ], [ -75.930172778006323, 2.596413922348837 ], [ -75.916475173544299, 2.596413922348837 ], [ -75.916475173544299, 2.610111526813954 ], [ -75.902777569082275, 2.610111526813954 ], [ -75.902777569082275, 2.62380913127907 ], [ -75.875382360158227, 2.62380913127907 ], [ -75.875382360158227, 2.651204340209302 ], [ -75.889079964620251, 2.651204340209302 ], [ -75.889079964620251, 2.664901944674419 ], [ -75.875382360158227, 2.664901944674419 ], [ -75.875382360158227, 2.678599549139535 ], [ -75.861684755696203, 2.678599549139535 ], [ -75.861684755696203, 2.664901944674419 ], [ -75.847987151234179, 2.664901944674419 ], [ -75.847987151234179, 2.637506735744186 ], [ -75.834289546772155, 2.637506735744186 ], [ -75.834289546772155, 2.664901944674419 ], [ -75.820591942310116, 2.664901944674419 ], [ -75.820591942310116, 2.719692362534884 ], [ -75.806894337848092, 2.719692362534884 ], [ -75.806894337848092, 2.705994758069767 ], [ -75.793196733386068, 2.705994758069767 ], [ -75.793196733386068, 2.760785175930232 ], [ -75.820591942310116, 2.760785175930232 ], [ -75.820591942310116, 2.747087571465117 ], [ -75.847987151234179, 2.747087571465117 ], [ -75.847987151234179, 2.760785175930232 ], [ -75.875382360158227, 2.760785175930232 ], [ -75.875382360158227, 2.788180384860465 ], [ -75.902777569082275, 2.788180384860465 ], [ -75.902777569082275, 2.815575593790698 ], [ -75.916475173544299, 2.815575593790698 ], [ -75.916475173544299, 2.870366011651163 ], [ -75.930172778006323, 2.870366011651163 ], [ -75.930172778006323, 2.884063616116279 ], [ -75.957567986930371, 2.884063616116279 ], [ -75.957567986930371, 2.897761220581395 ], [ -75.971265591392395, 2.897761220581395 ], [ -75.971265591392395, 2.884063616116279 ], [ -75.984963195854419, 2.884063616116279 ], [ -75.984963195854419, 2.870366011651163 ], [ -76.026056009240506, 2.870366011651163 ], [ -76.026056009240506, 2.856668407186047 ], [ -76.03975361370253, 2.856668407186047 ], [ -76.03975361370253, 2.897761220581395 ], [ -76.053451218164554, 2.897761220581395 ], [ -76.053451218164554, 2.884063616116279 ], [ -76.067148822626578, 2.884063616116279 ], [ -76.067148822626578, 2.925156429511628 ], [ -76.080846427088602, 2.925156429511628 ] ], [ [ -75.943870382468347, 2.856668407186047 ], [ -75.930172778006323, 2.856668407186047 ], [ -75.930172778006323, 2.829273198255814 ], [ -75.943870382468347, 2.829273198255814 ], [ -75.943870382468347, 2.856668407186047 ] ], [ [ -75.957567986930371, 2.829273198255814 ], [ -75.943870382468347, 2.829273198255814 ], [ -75.943870382468347, 2.815575593790698 ], [ -75.930172778006323, 2.815575593790698 ], [ -75.930172778006323, 2.801877989325582 ], [ -75.943870382468347, 2.801877989325582 ], [ -75.943870382468347, 2.747087571465117 ], [ -75.957567986930371, 2.747087571465117 ], [ -75.957567986930371, 2.829273198255814 ] ], [ [ -76.094544031550626, 2.788180384860465 ], [ -76.080846427088602, 2.788180384860465 ], [ -76.080846427088602, 2.774482780395349 ], [ -76.094544031550626, 2.774482780395349 ], [ -76.094544031550626, 2.788180384860465 ] ], [ [ -76.03975361370253, 2.788180384860465 ], [ -76.026056009240506, 2.788180384860465 ], [ -76.026056009240506, 2.760785175930232 ], [ -76.03975361370253, 2.760785175930232 ], [ -76.03975361370253, 2.788180384860465 ] ], [ [ -76.135636844936698, 2.774482780395349 ], [ -76.121939240474674, 2.774482780395349 ], [ -76.121939240474674, 2.760785175930232 ], [ -76.135636844936698, 2.760785175930232 ], [ -76.135636844936698, 2.774482780395349 ] ], [ [ -75.889079964620251, 2.747087571465117 ], [ -75.875382360158227, 2.747087571465117 ], [ -75.875382360158227, 2.733389967 ], [ -75.889079964620251, 2.733389967 ], [ -75.889079964620251, 2.747087571465117 ] ], [ [ -76.080846427088602, 2.733389967 ], [ -76.067148822626578, 2.733389967 ], [ -76.067148822626578, 2.719692362534884 ], [ -76.080846427088602, 2.719692362534884 ], [ -76.080846427088602, 2.733389967 ] ], [ [ -75.902777569082275, 2.733389967 ], [ -75.889079964620251, 2.733389967 ], [ -75.889079964620251, 2.719692362534884 ], [ -75.902777569082275, 2.719692362534884 ], [ -75.902777569082275, 2.733389967 ] ], [ [ -75.916475173544299, 2.705994758069767 ], [ -75.902777569082275, 2.705994758069767 ], [ -75.902777569082275, 2.692297153604651 ], [ -75.916475173544299, 2.692297153604651 ], [ -75.916475173544299, 2.705994758069767 ] ], [ [ -75.861684755696203, 2.705994758069767 ], [ -75.847987151234179, 2.705994758069767 ], [ -75.847987151234179, 2.678599549139535 ], [ -75.861684755696203, 2.678599549139535 ], [ -75.861684755696203, 2.705994758069767 ] ], [ [ -76.10824163601265, 2.486833086627907 ], [ -76.094544031550626, 2.486833086627907 ], [ -76.094544031550626, 2.459437877697674 ], [ -76.10824163601265, 2.459437877697674 ], [ -76.10824163601265, 2.445740273232558 ], [ -76.135636844936698, 2.445740273232558 ], [ -76.135636844936698, 2.459437877697674 ], [ -76.121939240474674, 2.459437877697674 ], [ -76.121939240474674, 2.473135482162791 ], [ -76.10824163601265, 2.473135482162791 ], [ -76.10824163601265, 2.486833086627907 ] ] ] } },
{ "type": "Feature", "properties": { "DN": 6 }, "geometry": { "type": "Polygon", "coordinates": [ [ [ -76.930097903734179, 2.390949855372093 ], [ -76.930097903734179, 2.377252250906977 ], [ -76.916400299272155, 2.377252250906977 ], [ -76.916400299272155, 2.390949855372093 ], [ -76.930097903734179, 2.390949855372093 ] ] ] } },
{ "type": "Feature", "properties": { "DN": 5 }, "geometry": { "type": "Polygon", "coordinates": [ [ [ -77.231445201898737, 2.404647459837209 ], [ -77.231445201898737, 2.390949855372093 ], [ -77.245142806360761, 2.390949855372093 ], [ -77.245142806360761, 2.363554646441861 ], [ -77.231445201898737, 2.363554646441861 ], [ -77.231445201898737, 2.377252250906977 ], [ -77.217747597436698, 2.377252250906977 ], [ -77.217747597436698, 2.404647459837209 ], [ -77.231445201898737, 2.404647459837209 ] ] ] } },
{ "type": "Feature", "properties": { "DN": 5 }, "geometry": { "type": "Polygon", "coordinates": [ [ [ -77.204049992974674, 2.377252250906977 ], [ -77.204049992974674, 2.363554646441861 ], [ -77.19035238851265, 2.363554646441861 ], [ -77.19035238851265, 2.377252250906977 ], [ -77.204049992974674, 2.377252250906977 ] ] ] } },
{ "type": "Feature", "properties": { "DN": 5 }, "geometry": { "type": "Polygon", "coordinates": [ [ [ -76.820517068037972, 2.377252250906977 ], [ -76.820517068037972, 2.363554646441861 ], [ -76.806819463575948, 2.363554646441861 ], [ -76.806819463575948, 2.377252250906977 ], [ -76.820517068037972, 2.377252250906977 ] ] ] } },
{ "type": "Feature", "properties": { "DN": 6 }, "geometry": { "type": "Polygon", "coordinates": [ [ [ -76.806819463575948, 2.377252250906977 ], [ -76.806819463575948, 2.363554646441861 ], [ -76.793121859113924, 2.363554646441861 ], [ -76.793121859113924, 2.377252250906977 ], [ -76.806819463575948, 2.377252250906977 ] ] ] } },
{ "type": "Feature", "properties": { "DN": 5 }, "geometry": { "type": "Polygon", "coordinates": [ [ [ -77.46430447775316, 2.459437877697674 ], [ -77.46430447775316, 2.445740273232558 ], [ -77.491699686677208, 2.445740273232558 ], [ -77.491699686677208, 2.432042668767442 ], [ -77.478002082215184, 2.432042668767442 ], [ -77.478002082215184, 2.418345064302326 ], [ -77.491699686677208, 2.418345064302326 ], [ -77.491699686677208, 2.404647459837209 ], [ -77.505397291139232, 2.404647459837209 ], [ -77.505397291139232, 2.377252250906977 ], [ -77.478002082215184, 2.377252250906977 ], [ -77.478002082215184, 2.349857041976744 ], [ -77.46430447775316, 2.349857041976744 ], [ -77.46430447775316, 2.404647459837209 ], [ -77.450606873291136, 2.404647459837209 ], [ -77.450606873291136, 2.418345064302326 ], [ -77.436909268829112, 2.418345064302326 ], [ -77.436909268829112, 2.432042668767442 ], [ -77.450606873291136, 2.432042668767442 ], [ -77.450606873291136, 2.459437877697674 ], [ -77.46430447775316, 2.459437877697674 ] ] ] } },
{ "type": "Feature", "properties": { "DN": 4 }, "geometry": { "type": "Polygon", "coordinates": [ [ [ -77.46430447775316, 2.404647459837209 ], [ -77.46430447775316, 2.349857041976744 ], [ -77.450606873291136, 2.349857041976744 ], [ -77.450606873291136, 2.404647459837209 ], [ -77.46430447775316, 2.404647459837209 ] ] ] } },
{ "type": "Feature", "properties": { "DN": 5 }, "geometry": { "type": "Polygon", "coordinates": [ [ [ -77.025981134968347, 2.377252250906977 ], [ -77.025981134968347, 2.349857041976744 ], [ -76.998585926044299, 2.349857041976744 ], [ -76.998585926044299, 2.363554646441861 ], [ -77.012283530506323, 2.363554646441861 ], [ -77.012283530506323, 2.377252250906977 ], [ -77.025981134968347, 2.377252250906977 ] ] ] } },
{ "type": "Feature", "properties": { "DN": 3 }, "geometry": { "type": "Polygon", "coordinates": [ [ [ -77.204049992974674, 2.363554646441861 ], [ -77.204049992974674, 2.349857041976744 ], [ -77.19035238851265, 2.349857041976744 ], [ -77.19035238851265, 2.363554646441861 ], [ -77.204049992974674, 2.363554646441861 ] ] ] } },
{ "type": "Feature", "properties": { "DN": 4 }, "geometry": { "type": "Polygon", "coordinates": [ [ [ -76.957493112658227, 2.363554646441861 ], [ -76.957493112658227, 2.336159437511628 ], [ -76.943795508196203, 2.336159437511628 ], [ -76.943795508196203, 2.349857041976744 ], [ -76.930097903734179, 2.349857041976744 ], [ -76.930097903734179, 2.363554646441861 ], [ -76.957493112658227, 2.363554646441861 ] ] ] } },
{ "type": "Feature", "properties": { "DN": 4 }, "geometry": { "type": "Polygon", "coordinates": [ [ [ -77.245142806360761, 2.445740273232558 ], [ -77.245142806360761, 2.404647459837209 ], [ -77.258840410822785, 2.404647459837209 ], [ -77.258840410822785, 2.377252250906977 ], [ -77.272538015284809, 2.377252250906977 ], [ -77.272538015284809, 2.363554646441861 ], [ -77.313630828670881, 2.363554646441861 ], [ -77.313630828670881, 2.349857041976744 ], [ -77.327328433132905, 2.349857041976744 ], [ -77.327328433132905, 2.336159437511628 ], [ -77.286235619746833, 2.336159437511628 ], [ -77.286235619746833, 2.349857041976744 ], [ -77.272538015284809, 2.349857041976744 ], [ -77.272538015284809, 2.336159437511628 ], [ -77.258840410822785, 2.336159437511628 ], [ -77.258840410822785, 2.349857041976744 ], [ -77.231445201898737, 2.349857041976744 ], [ -77.231445201898737, 2.363554646441861 ], [ -77.245142806360761, 2.363554646441861 ], [ -77.245142806360761, 2.390949855372093 ], [ -77.231445201898737, 2.390949855372093 ], [ -77.231445201898737, 2.445740273232558 ], [ -77.245142806360761, 2.445740273232558 ] ] ] } },
{ "type": "Feature", "properties": { "DN": 5 }, "geometry": { "type": "Polygon", "coordinates": [ [ [ -77.258840410822785, 2.349857041976744 ], [ -77.258840410822785, 2.336159437511628 ], [ -77.245142806360761, 2.336159437511628 ], [ -77.245142806360761, 2.349857041976744 ], [ -77.258840410822785, 2.349857041976744 ] ] ] } },
{ "type": "Feature", "properties": { "DN": 5 }, "geometry": { "type": "Polygon", "coordinates": [ [ [ -76.943795508196203, 2.349857041976744 ], [ -76.943795508196203, 2.336159437511628 ], [ -76.930097903734179, 2.336159437511628 ], [ -76.930097903734179, 2.349857041976744 ], [ -76.943795508196203, 2.349857041976744 ] ] ] } },
{ "type": "Feature", "properties": { "DN": 4 }, "geometry": { "type": "Polygon", "coordinates": [ [ [ -77.19035238851265, 2.404647459837209 ], [ -77.19035238851265, 2.322461833046512 ], [ -77.176654784050626, 2.322461833046512 ], [ -77.176654784050626, 2.336159437511628 ], [ -77.162957179588602, 2.336159437511628 ], [ -77.162957179588602, 2.349857041976744 ], [ -77.176654784050626, 2.349857041976744 ], [ -77.176654784050626, 2.390949855372093 ], [ -77.162957179588602, 2.390949855372093 ], [ -77.162957179588602, 2.404647459837209 ], [ -77.19035238851265, 2.404647459837209 ] ] ] } },
{ "type": "Feature", "properties": { "DN": 5 }, "geometry": { "type": "Polygon", "coordinates": [ [ [ -77.491699686677208, 2.336159437511628 ], [ -77.491699686677208, 2.322461833046512 ], [ -77.478002082215184, 2.322461833046512 ], [ -77.478002082215184, 2.336159437511628 ], [ -77.491699686677208, 2.336159437511628 ] ] ] } },
{ "type": "Feature", "properties": { "DN": 5 }, "geometry": { "type": "Polygon", "coordinates": [ [ [ -77.286235619746833, 2.349857041976744 ], [ -77.286235619746833, 2.336159437511628 ], [ -77.313630828670881, 2.336159437511628 ], [ -77.313630828670881, 2.322461833046512 ], [ -77.258840410822785, 2.322461833046512 ], [ -77.258840410822785, 2.336159437511628 ], [ -77.272538015284809, 2.336159437511628 ], [ -77.272538015284809, 2.349857041976744 ], [ -77.286235619746833, 2.349857041976744 ] ] ] } },
{ "type": "Feature", "properties": { "DN": 3 }, "geometry": { "type": "Polygon", "coordinates": [ [ [ -77.258840410822785, 2.336159437511628 ], [ -77.258840410822785, 2.322461833046512 ], [ -77.245142806360761, 2.322461833046512 ], [ -77.245142806360761, 2.336159437511628 ], [ -77.258840410822785, 2.336159437511628 ] ] ] } },
{ "type": "Feature", "properties": { "DN": 5 }, "geometry": { "type": "Polygon", "coordinates": [ [ [ -77.245142806360761, 2.336159437511628 ], [ -77.245142806360761, 2.322461833046512 ], [ -77.231445201898737, 2.322461833046512 ], [ -77.231445201898737, 2.336159437511628 ], [ -77.245142806360761, 2.336159437511628 ] ] ] } },
{ "type": "Feature", "properties": { "DN": 3 }, "geometry": { "type": "Polygon", "coordinates": [ [ [ -77.204049992974674, 2.336159437511628 ], [ -77.204049992974674, 2.322461833046512 ], [ -77.19035238851265, 2.322461833046512 ], [ -77.19035238851265, 2.336159437511628 ], [ -77.204049992974674, 2.336159437511628 ] ] ] } },
{ "type": "Feature", "properties": { "DN": 3 }, "geometry": { "type": "Polygon", "coordinates": [ [ [ -76.231520076170881, 2.336159437511628 ], [ -76.231520076170881, 2.322461833046512 ], [ -76.217822471708857, 2.322461833046512 ], [ -76.217822471708857, 2.336159437511628 ], [ -76.231520076170881, 2.336159437511628 ] ] ] } },
{ "type": "Feature", "properties": { "DN": 6 }, "geometry": { "type": "Polygon", "coordinates": [ [ [ -77.245142806360761, 2.610111526813954 ], [ -77.245142806360761, 2.596413922348837 ], [ -77.272538015284809, 2.596413922348837 ], [ -77.272538015284809, 2.582716317883721 ], [ -77.245142806360761, 2.582716317883721 ], [ -77.245142806360761, 2.555321108953489 ], [ -77.231445201898737, 2.555321108953489 ], [ -77.231445201898737, 2.500530691093023 ], [ -77.245142806360761, 2.500530691093023 ], [ -77.245142806360761, 2.445740273232558 ], [ -77.231445201898737, 2.445740273232558 ], [ -77.231445201898737, 2.432042668767442 ], [ -77.204049992974674, 2.432042668767442 ], [ -77.204049992974674, 2.404647459837209 ], [ -77.217747597436698, 2.404647459837209 ], [ -77.217747597436698, 2.377252250906977 ], [ -77.231445201898737, 2.377252250906977 ], [ -77.231445201898737, 2.349857041976744 ], [ -77.245142806360761, 2.349857041976744 ], [ -77.245142806360761, 2.336159437511628 ], [ -77.231445201898737, 2.336159437511628 ], [ -77.231445201898737, 2.308764228581396 ], [ -77.217747597436698, 2.308764228581396 ], [ -77.217747597436698, 2.349857041976744 ], [ -77.204049992974674, 2.349857041976744 ], [ -77.204049992974674, 2.377252250906977 ], [ -77.19035238851265, 2.377252250906977 ], [ -77.19035238851265, 2.432042668767442 ], [ -77.176654784050626, 2.432042668767442 ], [ -77.176654784050626, 2.445740273232558 ], [ -77.19035238851265, 2.445740273232558 ], [ -77.19035238851265, 2.459437877697674 ], [ -77.204049992974674, 2.459437877697674 ], [ -77.204049992974674, 2.473135482162791 ], [ -77.19035238851265, 2.473135482162791 ], [ -77.19035238851265, 2.500530691093023 ], [ -77.176654784050626, 2.500530691093023 ], [ -77.176654784050626, 2.486833086627907 ], [ -77.162957179588602, 2.486833086627907 ], [ -77.162957179588602, 2.500530691093023 ], [ -77.149259575126578, 2.500530691093023 ], [ -77.149259575126578, 2.51422829555814 ], [ -77.19035238851265, 2.51422829555814 ], [ -77.19035238851265, 2.527925900023256 ], [ -77.176654784050626, 2.527925900023256 ], [ -77.176654784050626, 2.541623504488372 ], [ -77.162957179588602, 2.541623504488372 ], [ -77.162957179588602, 2.555321108953489 ], [ -77.19035238851265, 2.555321108953489 ], [ -77.19035238851265, 2.541623504488372 ], [ -77.204049992974674, 2.541623504488372 ], [ -77.204049992974674, 2.555321108953489 ], [ -77.217747597436698, 2.555321108953489 ], [ -77.217747597436698, 2.569018713418605 ], [ -77.231445201898737, 2.569018713418605 ], [ -77.231445201898737, 2.582716317883721 ], [ -77.204049992974674, 2.582716317883721 ], [ -77.204049992974674, 2.596413922348837 ], [ -77.19035238851265, 2.596413922348837 ], [ -77.19035238851265, 2.610111526813954 ], [ -77.217747597436698, 2.610111526813954 ], [ -77.217747597436698, 2.596413922348837 ], [ -77.231445201898737, 2.596413922348837 ], [ -77.231445201898737, 2.610111526813954 ], [ -77.245142806360761, 2.610111526813954 ] ], [ [ -77.217747597436698, 2.527925900023256 ], [ -77.204049992974674, 2.527925900023256 ], [ -77.204049992974674, 2.51422829555814 ], [ -77.217747597436698, 2.51422829555814 ], [ -77.217747597436698, 2.527925900023256 ] ] ] } },
{ "type": "Feature", "properties": { "DN": 5 }, "geometry": { "type": "Polygon", "coordinates": [ [ [ -77.217747597436698, 2.349857041976744 ], [ -77.217747597436698, 2.308764228581396 ], [ -77.204049992974674, 2.308764228581396 ], [ -77.204049992974674, 2.336159437511628 ], [ -77.19035238851265, 2.336159437511628 ], [ -77.19035238851265, 2.349857041976744 ], [ -77.217747597436698, 2.349857041976744 ] ] ] } },
{ "type": "Feature", "properties": { "DN": 2 }, "geometry": { "type": "Polygon", "coordinates": [ [ [ -76.519169769873415, 2.363554646441861 ], [ -76.519169769873415, 2.349857041976744 ], [ -76.532867374335439, 2.349857041976744 ], [ -76.532867374335439, 2.336159437511628 ], [ -76.546564978797463, 2.336159437511628 ], [ -76.546564978797463, 2.322461833046512 ], [ -76.532867374335439, 2.322461833046512 ], [ -76.532867374335439, 2.308764228581396 ], [ -76.519169769873415, 2.308764228581396 ], [ -76.519169769873415, 2.336159437511628 ], [ -76.505472165411391, 2.336159437511628 ], [ -76.505472165411391, 2.363554646441861 ], [ -76.519169769873415, 2.363554646441861 ] ] ] } },
{ "type": "Feature", "properties": { "DN": 7 }, "geometry": { "type": "Polygon", "coordinates": [ [ [ -76.930097903734179, 2.322461833046512 ], [ -76.930097903734179, 2.308764228581396 ], [ -76.916400299272155, 2.308764228581396 ], [ -76.916400299272155, 2.322461833046512 ], [ -76.930097903734179, 2.322461833046512 ] ] ] } },
{ "type": "Feature", "properties": { "DN": 5 }, "geometry": { "type": "Polygon", "coordinates": [ [ [ -76.957493112658227, 2.336159437511628 ], [ -76.957493112658227, 2.295066624116279 ], [ -76.943795508196203, 2.295066624116279 ], [ -76.943795508196203, 2.336159437511628 ], [ -76.957493112658227, 2.336159437511628 ] ] ] } },
{ "type": "Feature", "properties": { "DN": 4 }, "geometry": { "type": "Polygon", "coordinates": [ [ [ -77.327328433132905, 2.322461833046512 ], [ -77.327328433132905, 2.308764228581396 ], [ -77.341026037594929, 2.308764228581396 ], [ -77.341026037594929, 2.295066624116279 ], [ -77.286235619746833, 2.295066624116279 ], [ -77.286235619746833, 2.322461833046512 ], [ -77.327328433132905, 2.322461833046512 ] ] ] } },
{ "type": "Feature", "properties": { "DN": 5 }, "geometry": { "type": "Polygon", "coordinates": [ [ [ -77.231445201898737, 2.308764228581396 ], [ -77.231445201898737, 2.295066624116279 ], [ -77.217747597436698, 2.295066624116279 ], [ -77.217747597436698, 2.308764228581396 ], [ -77.231445201898737, 2.308764228581396 ] ] ] } },
{ "type": "Feature", "properties": { "DN": 3 }, "geometry": { "type": "Polygon", "coordinates": [ [ [ -76.519169769873415, 2.336159437511628 ], [ -76.519169769873415, 2.308764228581396 ], [ -76.532867374335439, 2.308764228581396 ], [ -76.532867374335439, 2.295066624116279 ], [ -76.505472165411391, 2.295066624116279 ], [ -76.505472165411391, 2.336159437511628 ], [ -76.519169769873415, 2.336159437511628 ] ] ] } },
{ "type": "Feature", "properties": { "DN": 3 }, "geometry": { "type": "Polygon", "coordinates": [ [ [ -77.245142806360761, 2.322461833046512 ], [ -77.245142806360761, 2.281369019651163 ], [ -77.231445201898737, 2.281369019651163 ], [ -77.231445201898737, 2.322461833046512 ], [ -77.245142806360761, 2.322461833046512 ] ] ] } },
{ "type": "Feature", "properties": { "DN": 4 }, "geometry": { "type": "Polygon", "coordinates": [ [ [ -77.204049992974674, 2.322461833046512 ], [ -77.204049992974674, 2.308764228581396 ], [ -77.217747597436698, 2.308764228581396 ], [ -77.217747597436698, 2.295066624116279 ], [ -77.19035238851265, 2.295066624116279 ], [ -77.19035238851265, 2.281369019651163 ], [ -77.162957179588602, 2.281369019651163 ], [ -77.162957179588602, 2.295066624116279 ], [ -77.176654784050626, 2.295066624116279 ], [ -77.176654784050626, 2.308764228581396 ], [ -77.19035238851265, 2.308764228581396 ], [ -77.19035238851265, 2.322461833046512 ], [ -77.204049992974674, 2.322461833046512 ] ] ] } },
{ "type": "Feature", "properties": { "DN": 6 }, "geometry": { "type": "Polygon", "coordinates": [ [ [ -77.231445201898737, 2.295066624116279 ], [ -77.231445201898737, 2.281369019651163 ], [ -77.217747597436698, 2.281369019651163 ], [ -77.217747597436698, 2.295066624116279 ], [ -77.231445201898737, 2.295066624116279 ] ] ] } },
{ "type": "Feature", "properties": { "DN": 5 }, "geometry": { "type": "Polygon", "coordinates": [ [ [ -77.217747597436698, 2.295066624116279 ], [ -77.217747597436698, 2.281369019651163 ], [ -77.204049992974674, 2.281369019651163 ], [ -77.204049992974674, 2.295066624116279 ], [ -77.217747597436698, 2.295066624116279 ] ] ] } },
{ "type": "Feature", "properties": { "DN": 5 }, "geometry": { "type": "Polygon", "coordinates": [ [ [ -76.84791227696202, 2.295066624116279 ], [ -76.84791227696202, 2.281369019651163 ], [ -76.834214672499996, 2.281369019651163 ], [ -76.834214672499996, 2.295066624116279 ], [ -76.84791227696202, 2.295066624116279 ] ] ] } },
{ "type": "Feature", "properties": { "DN": 4 }, "geometry": { "type": "Polygon", "coordinates": [ [ [ -77.478002082215184, 2.349857041976744 ], [ -77.478002082215184, 2.322461833046512 ], [ -77.491699686677208, 2.322461833046512 ], [ -77.491699686677208, 2.281369019651163 ], [ -77.423211664367088, 2.281369019651163 ], [ -77.423211664367088, 2.267671415186046 ], [ -77.409514059905064, 2.267671415186046 ], [ -77.409514059905064, 2.295066624116279 ], [ -77.423211664367088, 2.295066624116279 ], [ -77.423211664367088, 2.322461833046512 ], [ -77.436909268829112, 2.322461833046512 ], [ -77.436909268829112, 2.308764228581396 ], [ -77.450606873291136, 2.308764228581396 ], [ -77.450606873291136, 2.322461833046512 ], [ -77.46430447775316, 2.322461833046512 ], [ -77.46430447775316, 2.349857041976744 ], [ -77.478002082215184, 2.349857041976744 ] ] ] } },
{ "type": "Feature", "properties": { "DN": 4 }, "geometry": { "type": "Polygon", "coordinates": [ [ [ -77.258840410822785, 2.322461833046512 ], [ -77.258840410822785, 2.267671415186046 ], [ -77.245142806360761, 2.267671415186046 ], [ -77.245142806360761, 2.322461833046512 ], [ -77.258840410822785, 2.322461833046512 ] ] ] } },
{ "type": "Feature", "properties": { "DN": 5 }, "geometry": { "type": "Polygon", "coordinates": [ [ [ -76.998585926044299, 2.336159437511628 ], [ -76.998585926044299, 2.322461833046512 ], [ -77.012283530506323, 2.322461833046512 ], [ -77.012283530506323, 2.308764228581396 ], [ -77.053376343892396, 2.308764228581396 ], [ -77.053376343892396, 2.267671415186046 ], [ -77.039678739430371, 2.267671415186046 ], [ -77.039678739430371, 2.281369019651163 ], [ -77.012283530506323, 2.281369019651163 ], [ -77.012283530506323, 2.295066624116279 ], [ -76.998585926044299, 2.295066624116279 ], [ -76.998585926044299, 2.308764228581396 ], [ -76.984888321582275, 2.308764228581396 ], [ -76.984888321582275, 2.336159437511628 ], [ -76.998585926044299, 2.336159437511628 ] ] ] } },
{ "type": "Feature", "properties": { "DN": 5 }, "geometry": { "type": "Polygon", "coordinates": [ [ [ -77.080771552816458, 2.295066624116279 ], [ -77.080771552816458, 2.281369019651163 ], [ -77.094469157278482, 2.281369019651163 ], [ -77.094469157278482, 2.253973810720931 ], [ -77.080771552816458, 2.253973810720931 ], [ -77.080771552816458, 2.267671415186046 ], [ -77.067073948354434, 2.267671415186046 ], [ -77.067073948354434, 2.295066624116279 ], [ -77.080771552816458, 2.295066624116279 ] ] ] } },
{ "type": "Feature", "properties": { "DN": 7 }, "geometry": { "type": "Polygon", "coordinates": [ [ [ -76.889005090348093, 2.281369019651163 ], [ -76.889005090348093, 2.253973810720931 ], [ -76.875307485886069, 2.253973810720931 ], [ -76.875307485886069, 2.281369019651163 ], [ -76.889005090348093, 2.281369019651163 ] ] ] } },
{ "type": "Feature", "properties": { "DN": 5 }, "geometry": { "type": "Polygon", "coordinates": [ [ [ -77.245142806360761, 2.281369019651163 ], [ -77.245142806360761, 2.267671415186046 ], [ -77.258840410822785, 2.267671415186046 ], [ -77.258840410822785, 2.253973810720931 ], [ -77.217747597436698, 2.253973810720931 ], [ -77.217747597436698, 2.267671415186046 ], [ -77.231445201898737, 2.267671415186046 ], [ -77.231445201898737, 2.281369019651163 ], [ -77.245142806360761, 2.281369019651163 ] ] ] } },
{ "type": "Feature", "properties": { "DN": 5 }, "geometry": { "type": "Polygon", "coordinates": [ [ [ -77.12186436620253, 2.281369019651163 ], [ -77.12186436620253, 2.240276206255814 ], [ -77.108166761740506, 2.240276206255814 ], [ -77.108166761740506, 2.281369019651163 ], [ -77.12186436620253, 2.281369019651163 ] ] ] } },
{ "type": "Feature", "properties": { "DN": 5 }, "geometry": { "type": "Polygon", "coordinates": [ [ [ -77.272538015284809, 2.253973810720931 ], [ -77.272538015284809, 2.240276206255814 ], [ -77.258840410822785, 2.240276206255814 ], [ -77.258840410822785, 2.253973810720931 ], [ -77.272538015284809, 2.253973810720931 ] ] ] } },
{ "type": "Feature", "properties": { "DN": 3 }, "geometry": { "type": "Polygon", "coordinates": [ [ [ -77.245142806360761, 2.253973810720931 ], [ -77.245142806360761, 2.240276206255814 ], [ -77.231445201898737, 2.240276206255814 ], [ -77.231445201898737, 2.253973810720931 ], [ -77.245142806360761, 2.253973810720931 ] ] ] } },
{ "type": "Feature", "properties": { "DN": 6 }, "geometry": { "type": "Polygon", "coordinates": [ [ [ -77.231445201898737, 2.253973810720931 ], [ -77.231445201898737, 2.240276206255814 ], [ -77.217747597436698, 2.240276206255814 ], [ -77.217747597436698, 2.253973810720931 ], [ -77.231445201898737, 2.253973810720931 ] ] ] } },
{ "type": "Feature", "properties": { "DN": 3 }, "geometry": { "type": "Polygon", "coordinates": [ [ [ -76.697238627879742, 2.253973810720931 ], [ -76.697238627879742, 2.240276206255814 ], [ -76.683541023417717, 2.240276206255814 ], [ -76.683541023417717, 2.253973810720931 ], [ -76.697238627879742, 2.253973810720931 ] ] ] } },
{ "type": "Feature", "properties": { "DN": 5 }, "geometry": { "type": "Polygon", "coordinates": [ [ [ -76.861609881424044, 2.459437877697674 ], [ -76.861609881424044, 2.445740273232558 ], [ -76.875307485886069, 2.445740273232558 ], [ -76.875307485886069, 2.404647459837209 ], [ -76.889005090348093, 2.404647459837209 ], [ -76.889005090348093, 2.418345064302326 ], [ -76.916400299272155, 2.418345064302326 ], [ -76.916400299272155, 2.432042668767442 ], [ -76.930097903734179, 2.432042668767442 ], [ -76.930097903734179, 2.418345064302326 ], [ -76.943795508196203, 2.418345064302326 ], [ -76.943795508196203, 2.404647459837209 ], [ -76.916400299272155, 2.404647459837209 ], [ -76.916400299272155, 2.377252250906977 ], [ -76.930097903734179, 2.377252250906977 ], [ -76.930097903734179, 2.390949855372093 ], [ -76.943795508196203, 2.390949855372093 ], [ -76.943795508196203, 2.377252250906977 ], [ -76.971190717120251, 2.377252250906977 ], [ -76.971190717120251, 2.363554646441861 ], [ -76.984888321582275, 2.363554646441861 ], [ -76.984888321582275, 2.349857041976744 ], [ -76.957493112658227, 2.349857041976744 ], [ -76.957493112658227, 2.363554646441861 ], [ -76.930097903734179, 2.363554646441861 ], [ -76.930097903734179, 2.349857041976744 ], [ -76.916400299272155, 2.349857041976744 ], [ -76.916400299272155, 2.363554646441861 ], [ -76.889005090348093, 2.363554646441861 ], [ -76.889005090348093, 2.377252250906977 ], [ -76.875307485886069, 2.377252250906977 ], [ -76.875307485886069, 2.390949855372093 ], [ -76.861609881424044, 2.390949855372093 ], [ -76.861609881424044, 2.418345064302326 ], [ -76.84791227696202, 2.418345064302326 ], [ -76.84791227696202, 2.404647459837209 ], [ -76.806819463575948, 2.404647459837209 ], [ -76.806819463575948, 2.377252250906977 ], [ -76.793121859113924, 2.377252250906977 ], [ -76.793121859113924, 2.363554646441861 ], [ -76.806819463575948, 2.363554646441861 ], [ -76.806819463575948, 2.349857041976744 ], [ -76.793121859113924, 2.349857041976744 ], [ -76.793121859113924, 2.336159437511628 ], [ -76.834214672499996, 2.336159437511628 ], [ -76.834214672499996, 2.322461833046512 ], [ -76.806819463575948, 2.322461833046512 ], [ -76.806819463575948, 2.308764228581396 ], [ -76.820517068037972, 2.308764228581396 ], [ -76.820517068037972, 2.281369019651163 ], [ -76.834214672499996, 2.281369019651163 ], [ -76.834214672499996, 2.253973810720931 ], [ -76.820517068037972, 2.253973810720931 ], [ -76.820517068037972, 2.267671415186046 ], [ -76.793121859113924, 2.267671415186046 ], [ -76.793121859113924, 2.253973810720931 ], [ -76.806819463575948, 2.253973810720931 ], [ -76.806819463575948, 2.240276206255814 ], [ -76.793121859113924, 2.240276206255814 ], [ -76.793121859113924, 2.226578601790698 ], [ -76.7794242546519, 2.226578601790698 ], [ -76.7794242546519, 2.267671415186046 ], [ -76.765726650189876, 2.267671415186046 ], [ -76.765726650189876, 2.281369019651163 ], [ -76.7794242546519, 2.281369019651163 ], [ -76.7794242546519, 2.295066624116279 ], [ -76.697238627879742, 2.295066624116279 ], [ -76.697238627879742, 2.308764228581396 ], [ -76.710936232341766, 2.308764228581396 ], [ -76.710936232341766, 2.322461833046512 ], [ -76.72463383680379, 2.322461833046512 ], [ -76.72463383680379, 2.336159437511628 ], [ -76.738331441265814, 2.336159437511628 ], [ -76.738331441265814, 2.349857041976744 ], [ -76.752029045727838, 2.349857041976744 ], [ -76.752029045727838, 2.377252250906977 ], [ -76.765726650189876, 2.377252250906977 ], [ -76.765726650189876, 2.390949855372093 ], [ -76.752029045727838, 2.390949855372093 ], [ -76.752029045727838, 2.404647459837209 ], [ -76.7794242546519, 2.404647459837209 ], [ -76.7794242546519, 2.432042668767442 ], [ -76.793121859113924, 2.432042668767442 ], [ -76.793121859113924, 2.418345064302326 ], [ -76.806819463575948, 2.418345064302326 ], [ -76.806819463575948, 2.445740273232558 ], [ -76.820517068037972, 2.445740273232558 ], [ -76.820517068037972, 2.432042668767442 ], [ -76.834214672499996, 2.432042668767442 ], [ -76.834214672499996, 2.445740273232558 ], [ -76.84791227696202, 2.445740273232558 ], [ -76.84791227696202, 2.459437877697674 ], [ -76.861609881424044, 2.459437877697674 ] ] ] } },
{ "type": "Feature", "properties": { "DN": 5 }, "geometry": { "type": "Polygon", "coordinates": [ [ [ -77.094469157278482, 2.240276206255814 ], [ -77.094469157278482, 2.226578601790698 ], [ -77.080771552816458, 2.226578601790698 ], [ -77.080771552816458, 2.240276206255814 ], [ -77.094469157278482, 2.240276206255814 ] ] ] } },
{ "type": "Feature", "properties": { "DN": 5 }, "geometry": { "type": "Polygon", "coordinates": [ [ [ -76.765726650189876, 2.253973810720931 ], [ -76.765726650189876, 2.240276206255814 ], [ -76.752029045727838, 2.240276206255814 ], [ -76.752029045727838, 2.212880997325581 ], [ -76.738331441265814, 2.212880997325581 ], [ -76.738331441265814, 2.240276206255814 ], [ -76.710936232341766, 2.240276206255814 ], [ -76.710936232341766, 2.253973810720931 ], [ -76.765726650189876, 2.253973810720931 ] ] ] } },
{ "type": "Feature", "properties": { "DN": 5 }, "geometry": { "type": "Polygon", "coordinates": [ [ [ -77.546490104525319, 2.322461833046512 ], [ -77.546490104525319, 2.308764228581396 ], [ -77.519094895601256, 2.308764228581396 ], [ -77.519094895601256, 2.295066624116279 ], [ -77.532792500063294, 2.295066624116279 ], [ -77.532792500063294, 2.281369019651163 ], [ -77.505397291139232, 2.281369019651163 ], [ -77.505397291139232, 2.267671415186046 ], [ -77.519094895601256, 2.267671415186046 ], [ -77.519094895601256, 2.253973810720931 ], [ -77.532792500063294, 2.253973810720931 ], [ -77.532792500063294, 2.267671415186046 ], [ -77.546490104525319, 2.267671415186046 ], [ -77.546490104525319, 2.240276206255814 ], [ -77.560187708987343, 2.240276206255814 ], [ -77.560187708987343, 2.199183392860465 ], [ -77.519094895601256, 2.199183392860465 ], [ -77.519094895601256, 2.226578601790698 ], [ -77.505397291139232, 2.226578601790698 ], [ -77.505397291139232, 2.240276206255814 ], [ -77.478002082215184, 2.240276206255814 ], [ -77.478002082215184, 2.281369019651163 ], [ -77.491699686677208, 2.281369019651163 ], [ -77.491699686677208, 2.322461833046512 ], [ -77.546490104525319, 2.322461833046512 ] ] ] } },
{ "type": "Feature", "properties": { "DN": 4 }, "geometry": { "type": "Polygon", "coordinates": [ [ [ -77.505397291139232, 2.240276206255814 ], [ -77.505397291139232, 2.226578601790698 ], [ -77.519094895601256, 2.226578601790698 ], [ -77.519094895601256, 2.199183392860465 ], [ -77.478002082215184, 2.199183392860465 ], [ -77.478002082215184, 2.212880997325581 ], [ -77.491699686677208, 2.212880997325581 ], [ -77.491699686677208, 2.226578601790698 ], [ -77.478002082215184, 2.226578601790698 ], [ -77.478002082215184, 2.240276206255814 ], [ -77.505397291139232, 2.240276206255814 ] ] ] } },
{ "type": "Feature", "properties": { "DN": 8 }, "geometry": { "type": "Polygon", "coordinates": [ [ [ -77.628675731297463, 2.212880997325581 ], [ -77.628675731297463, 2.199183392860465 ], [ -77.614978126835439, 2.199183392860465 ], [ -77.614978126835439, 2.212880997325581 ], [ -77.628675731297463, 2.212880997325581 ] ] ] } },
{ "type": "Feature", "properties": { "DN": 7 }, "geometry": { "type": "Polygon", "coordinates": [ [ [ -77.669768544683535, 2.199183392860465 ], [ -77.669768544683535, 2.185485788395349 ], [ -77.656070940221511, 2.185485788395349 ], [ -77.656070940221511, 2.199183392860465 ], [ -77.669768544683535, 2.199183392860465 ] ] ] } },
{ "type": "Feature", "properties": { "DN": 6 }, "geometry": { "type": "Polygon", "coordinates": [ [ [ -77.327328433132905, 2.637506735744186 ], [ -77.327328433132905, 2.62380913127907 ], [ -77.313630828670881, 2.62380913127907 ], [ -77.313630828670881, 2.610111526813954 ], [ -77.327328433132905, 2.610111526813954 ], [ -77.327328433132905, 2.596413922348837 ], [ -77.354723642056953, 2.596413922348837 ], [ -77.354723642056953, 2.582716317883721 ], [ -77.368421246518977, 2.582716317883721 ], [ -77.368421246518977, 2.555321108953489 ], [ -77.39581645544304, 2.555321108953489 ], [ -77.39581645544304, 2.541623504488372 ], [ -77.409514059905064, 2.541623504488372 ], [ -77.409514059905064, 2.51422829555814 ], [ -77.423211664367088, 2.51422829555814 ], [ -77.423211664367088, 2.527925900023256 ], [ -77.436909268829112, 2.527925900023256 ], [ -77.436909268829112, 2.541623504488372 ], [ -77.450606873291136, 2.541623504488372 ], [ -77.450606873291136, 2.527925900023256 ], [ -77.46430447775316, 2.527925900023256 ], [ -77.46430447775316, 2.51422829555814 ], [ -77.478002082215184, 2.51422829555814 ], [ -77.478002082215184, 2.500530691093023 ], [ -77.491699686677208, 2.500530691093023 ], [ -77.491699686677208, 2.459437877697674 ], [ -77.532792500063294, 2.459437877697674 ], [ -77.532792500063294, 2.418345064302326 ], [ -77.546490104525319, 2.418345064302326 ], [ -77.546490104525319, 2.404647459837209 ], [ -77.532792500063294, 2.404647459837209 ], [ -77.532792500063294, 2.349857041976744 ], [ -77.546490104525319, 2.349857041976744 ], [ -77.546490104525319, 2.336159437511628 ], [ -77.560187708987343, 2.336159437511628 ], [ -77.560187708987343, 2.322461833046512 ], [ -77.573885313449367, 2.322461833046512 ], [ -77.573885313449367, 2.308764228581396 ], [ -77.587582917911391, 2.308764228581396 ], [ -77.587582917911391, 2.295066624116279 ], [ -77.601280522373415, 2.295066624116279 ], [ -77.601280522373415, 2.281369019651163 ], [ -77.573885313449367, 2.281369019651163 ], [ -77.573885313449367, 2.267671415186046 ], [ -77.587582917911391, 2.267671415186046 ], [ -77.587582917911391, 2.253973810720931 ], [ -77.573885313449367, 2.253973810720931 ], [ -77.573885313449367, 2.199183392860465 ], [ -77.587582917911391, 2.199183392860465 ], [ -77.587582917911391, 2.185485788395349 ], [ -77.560187708987343, 2.185485788395349 ], [ -77.560187708987343, 2.240276206255814 ], [ -77.546490104525319, 2.240276206255814 ], [ -77.546490104525319, 2.267671415186046 ], [ -77.532792500063294, 2.267671415186046 ], [ -77.532792500063294, 2.253973810720931 ], [ -77.519094895601256, 2.253973810720931 ], [ -77.519094895601256, 2.267671415186046 ], [ -77.505397291139232, 2.267671415186046 ], [ -77.505397291139232, 2.281369019651163 ], [ -77.532792500063294, 2.281369019651163 ], [ -77.532792500063294, 2.295066624116279 ], [ -77.519094895601256, 2.295066624116279 ], [ -77.519094895601256, 2.308764228581396 ], [ -77.546490104525319, 2.308764228581396 ], [ -77.546490104525319, 2.322461833046512 ], [ -77.491699686677208, 2.322461833046512 ], [ -77.491699686677208, 2.336159437511628 ], [ -77.478002082215184, 2.336159437511628 ], [ -77.478002082215184, 2.377252250906977 ], [ -77.505397291139232, 2.377252250906977 ], [ -77.505397291139232, 2.404647459837209 ], [ -77.491699686677208, 2.404647459837209 ], [ -77.491699686677208, 2.418345064302326 ], [ -77.478002082215184, 2.418345064302326 ], [ -77.478002082215184, 2.432042668767442 ], [ -77.491699686677208, 2.432042668767442 ], [ -77.491699686677208, 2.445740273232558 ], [ -77.46430447775316, 2.445740273232558 ], [ -77.46430447775316, 2.459437877697674 ], [ -77.450606873291136, 2.459437877697674 ], [ -77.450606873291136, 2.473135482162791 ], [ -77.436909268829112, 2.473135482162791 ], [ -77.436909268829112, 2.500530691093023 ], [ -77.423211664367088, 2.500530691093023 ], [ -77.423211664367088, 2.459437877697674 ], [ -77.39581645544304, 2.459437877697674 ], [ -77.39581645544304, 2.486833086627907 ], [ -77.382118850981016, 2.486833086627907 ], [ -77.382118850981016, 2.500530691093023 ], [ -77.368421246518977, 2.500530691093023 ], [ -77.368421246518977, 2.541623504488372 ], [ -77.341026037594929, 2.541623504488372 ], [ -77.341026037594929, 2.569018713418605 ], [ -77.327328433132905, 2.569018713418605 ], [ -77.327328433132905, 2.582716317883721 ], [ -77.299933224208857, 2.582716317883721 ], [ -77.299933224208857, 2.596413922348837 ], [ -77.272538015284809, 2.596413922348837 ], [ -77.272538015284809, 2.62380913127907 ], [ -77.299933224208857, 2.62380913127907 ], [ -77.299933224208857, 2.637506735744186 ], [ -77.327328433132905, 2.637506735744186 ] ], [ [ -77.450606873291136, 2.51422829555814 ], [ -77.436909268829112, 2.51422829555814 ], [ -77.436909268829112, 2.500530691093023 ], [ -77.450606873291136, 2.500530691093023 ], [ -77.450606873291136, 2.51422829555814 ] ], [ [ -77.478002082215184, 2.486833086627907 ], [ -77.46430447775316, 2.486833086627907 ], [ -77.46430447775316, 2.459437877697674 ], [ -77.478002082215184, 2.459437877697674 ], [ -77.478002082215184, 2.486833086627907 ] ] ] } },
{ "type": "Feature", "properties": { "DN": 4 }, "geometry": { "type": "Polygon", "coordinates": [ [ [ -77.299933224208857, 2.281369019651163 ], [ -77.299933224208857, 2.253973810720931 ], [ -77.286235619746833, 2.253973810720931 ], [ -77.286235619746833, 2.185485788395349 ], [ -77.272538015284809, 2.185485788395349 ], [ -77.272538015284809, 2.171788183930233 ], [ -77.258840410822785, 2.171788183930233 ], [ -77.258840410822785, 2.212880997325581 ], [ -77.245142806360761, 2.212880997325581 ], [ -77.245142806360761, 2.226578601790698 ], [ -77.231445201898737, 2.226578601790698 ], [ -77.231445201898737, 2.212880997325581 ], [ -77.217747597436698, 2.212880997325581 ], [ -77.217747597436698, 2.199183392860465 ], [ -77.204049992974674, 2.199183392860465 ], [ -77.204049992974674, 2.226578601790698 ], [ -77.176654784050626, 2.226578601790698 ], [ -77.176654784050626, 2.267671415186046 ], [ -77.204049992974674, 2.267671415186046 ], [ -77.204049992974674, 2.281369019651163 ], [ -77.231445201898737, 2.281369019651163 ], [ -77.231445201898737, 2.267671415186046 ], [ -77.217747597436698, 2.267671415186046 ], [ -77.217747597436698, 2.240276206255814 ], [ -77.245142806360761, 2.240276206255814 ], [ -77.245142806360761, 2.253973810720931 ], [ -77.258840410822785, 2.253973810720931 ], [ -77.258840410822785, 2.267671415186046 ], [ -77.286235619746833, 2.267671415186046 ], [ -77.286235619746833, 2.281369019651163 ], [ -77.299933224208857, 2.281369019651163 ] ], [ [ -77.272538015284809, 2.253973810720931 ], [ -77.258840410822785, 2.253973810720931 ], [ -77.258840410822785, 2.240276206255814 ], [ -77.272538015284809, 2.240276206255814 ], [ -77.272538015284809, 2.253973810720931 ] ] ] } },
{ "type": "Feature", "properties": { "DN": 5 }, "geometry": { "type": "Polygon", "coordinates": [ [ [ -77.12186436620253, 2.212880997325581 ], [ -77.12186436620253, 2.171788183930233 ], [ -77.108166761740506, 2.171788183930233 ], [ -77.108166761740506, 2.212880997325581 ], [ -77.12186436620253, 2.212880997325581 ] ] ] } },
{ "type": "Feature", "properties": { "DN": 7 }, "geometry": { "type": "Polygon", "coordinates": [ [ [ -77.39581645544304, 2.664901944674419 ], [ -77.39581645544304, 2.651204340209302 ], [ -77.423211664367088, 2.651204340209302 ], [ -77.423211664367088, 2.637506735744186 ], [ -77.409514059905064, 2.637506735744186 ], [ -77.409514059905064, 2.610111526813954 ], [ -77.39581645544304, 2.610111526813954 ], [ -77.39581645544304, 2.569018713418605 ], [ -77.409514059905064, 2.569018713418605 ], [ -77.409514059905064, 2.582716317883721 ], [ -77.423211664367088, 2.582716317883721 ], [ -77.423211664367088, 2.596413922348837 ], [ -77.450606873291136, 2.596413922348837 ], [ -77.450606873291136, 2.582716317883721 ], [ -77.46430447775316, 2.582716317883721 ], [ -77.46430447775316, 2.596413922348837 ], [ -77.478002082215184, 2.596413922348837 ], [ -77.478002082215184, 2.582716317883721 ], [ -77.519094895601256, 2.582716317883721 ], [ -77.519094895601256, 2.569018713418605 ], [ -77.546490104525319, 2.569018713418605 ], [ -77.546490104525319, 2.555321108953489 ], [ -77.560187708987343, 2.555321108953489 ], [ -77.560187708987343, 2.541623504488372 ], [ -77.532792500063294, 2.541623504488372 ], [ -77.532792500063294, 2.527925900023256 ], [ -77.505397291139232, 2.527925900023256 ], [ -77.505397291139232, 2.500530691093023 ], [ -77.573885313449367, 2.500530691093023 ], [ -77.573885313449367, 2.51422829555814 ], [ -77.587582917911391, 2.51422829555814 ], [ -77.587582917911391, 2.500530691093023 ], [ -77.601280522373415, 2.500530691093023 ], [ -77.601280522373415, 2.473135482162791 ], [ -77.573885313449367, 2.473135482162791 ], [ -77.573885313449367, 2.459437877697674 ], [ -77.560187708987343, 2.459437877697674 ], [ -77.560187708987343, 2.404647459837209 ], [ -77.601280522373415, 2.404647459837209 ], [ -77.601280522373415, 2.390949855372093 ], [ -77.628675731297463, 2.390949855372093 ], [ -77.628675731297463, 2.363554646441861 ], [ -77.601280522373415, 2.363554646441861 ], [ -77.601280522373415, 2.349857041976744 ], [ -77.614978126835439, 2.349857041976744 ], [ -77.614978126835439, 2.295066624116279 ], [ -77.642373335759487, 2.295066624116279 ], [ -77.642373335759487, 2.281369019651163 ], [ -77.628675731297463, 2.281369019651163 ], [ -77.628675731297463, 2.267671415186046 ], [ -77.642373335759487, 2.267671415186046 ], [ -77.642373335759487, 2.253973810720931 ], [ -77.628675731297463, 2.253973810720931 ], [ -77.628675731297463, 2.212880997325581 ], [ -77.642373335759487, 2.212880997325581 ], [ -77.642373335759487, 2.185485788395349 ], [ -77.656070940221511, 2.185485788395349 ], [ -77.656070940221511, 2.171788183930233 ], [ -77.614978126835439, 2.171788183930233 ], [ -77.614978126835439, 2.185485788395349 ], [ -77.587582917911391, 2.185485788395349 ], [ -77.587582917911391, 2.199183392860465 ], [ -77.573885313449367, 2.199183392860465 ], [ -77.573885313449367, 2.253973810720931 ], [ -77.587582917911391, 2.253973810720931 ], [ -77.587582917911391, 2.267671415186046 ], [ -77.573885313449367, 2.267671415186046 ], [ -77.573885313449367, 2.281369019651163 ], [ -77.601280522373415, 2.281369019651163 ], [ -77.601280522373415, 2.295066624116279 ], [ -77.587582917911391, 2.295066624116279 ], [ -77.587582917911391, 2.308764228581396 ], [ -77.573885313449367, 2.308764228581396 ], [ -77.573885313449367, 2.322461833046512 ], [ -77.560187708987343, 2.322461833046512 ], [ -77.560187708987343, 2.336159437511628 ], [ -77.546490104525319, 2.336159437511628 ], [ -77.546490104525319, 2.349857041976744 ], [ -77.532792500063294, 2.349857041976744 ], [ -77.532792500063294, 2.404647459837209 ], [ -77.546490104525319, 2.404647459837209 ], [ -77.546490104525319, 2.418345064302326 ], [ -77.532792500063294, 2.418345064302326 ], [ -77.532792500063294, 2.459437877697674 ], [ -77.491699686677208, 2.459437877697674 ], [ -77.491699686677208, 2.500530691093023 ], [ -77.478002082215184, 2.500530691093023 ], [ -77.478002082215184, 2.51422829555814 ], [ -77.46430447775316, 2.51422829555814 ], [ -77.46430447775316, 2.527925900023256 ], [ -77.450606873291136, 2.527925900023256 ], [ -77.450606873291136, 2.541623504488372 ], [ -77.436909268829112, 2.541623504488372 ], [ -77.436909268829112, 2.527925900023256 ], [ -77.423211664367088, 2.527925900023256 ], [ -77.423211664367088, 2.51422829555814 ], [ -77.409514059905064, 2.51422829555814 ], [ -77.409514059905064, 2.541623504488372 ], [ -77.39581645544304, 2.541623504488372 ], [ -77.39581645544304, 2.555321108953489 ], [ -77.368421246518977, 2.555321108953489 ], [ -77.368421246518977, 2.582716317883721 ], [ -77.354723642056953, 2.582716317883721 ], [ -77.354723642056953, 2.596413922348837 ], [ -77.327328433132905, 2.596413922348837 ], [ -77.327328433132905, 2.610111526813954 ], [ -77.313630828670881, 2.610111526813954 ], [ -77.313630828670881, 2.62380913127907 ], [ -77.327328433132905, 2.62380913127907 ], [ -77.327328433132905, 2.651204340209302 ], [ -77.354723642056953, 2.651204340209302 ], [ -77.354723642056953, 2.637506735744186 ], [ -77.368421246518977, 2.637506735744186 ], [ -77.368421246518977, 2.664901944674419 ], [ -77.39581645544304, 2.664901944674419 ] ], [ [ -77.628675731297463, 2.212880997325581 ], [ -77.614978126835439, 2.212880997325581 ], [ -77.614978126835439, 2.199183392860465 ], [ -77.628675731297463, 2.199183392860465 ], [ -77.628675731297463, 2.212880997325581 ] ] ] } },
{ "type": "Feature", "properties": { "DN": 6 }, "geometry": { "type": "Polygon", "coordinates": [ [ [ -77.614978126835439, 2.185485788395349 ], [ -77.614978126835439, 2.171788183930233 ], [ -77.587582917911391, 2.171788183930233 ], [ -77.587582917911391, 2.185485788395349 ], [ -77.614978126835439, 2.185485788395349 ] ] ] } },
{ "type": "Feature", "properties": { "DN": 6 }, "geometry": { "type": "Polygon", "coordinates": [ [ [ -76.834214672499996, 2.185485788395349 ], [ -76.834214672499996, 2.171788183930233 ], [ -76.820517068037972, 2.171788183930233 ], [ -76.820517068037972, 2.185485788395349 ], [ -76.834214672499996, 2.185485788395349 ] ] ] } },
{ "type": "Feature", "properties": { "DN": 7 }, "geometry": { "type": "Polygon", "coordinates": [ [ [ -77.669768544683535, 2.171788183930233 ], [ -77.669768544683535, 2.158090579465116 ], [ -77.656070940221511, 2.158090579465116 ], [ -77.656070940221511, 2.171788183930233 ], [ -77.669768544683535, 2.171788183930233 ] ] ] } },
{ "type": "Feature", "properties": { "DN": 6 }, "geometry": { "type": "Polygon", "coordinates": [ [ [ -77.080771552816458, 2.158090579465116 ], [ -77.080771552816458, 2.144392975 ], [ -77.067073948354434, 2.144392975 ], [ -77.067073948354434, 2.158090579465116 ], [ -77.080771552816458, 2.158090579465116 ] ] ] } },
{ "type": "Feature", "properties": { "DN": 6 }, "geometry": { "type": "Polygon", "coordinates": [ [ [ -76.834214672499996, 2.158090579465116 ], [ -76.834214672499996, 2.144392975 ], [ -76.820517068037972, 2.144392975 ], [ -76.820517068037972, 2.158090579465116 ], [ -76.834214672499996, 2.158090579465116 ] ] ] } },
{ "type": "Feature", "properties": { "DN": 8 }, "geometry": { "type": "Polygon", "coordinates": [ [ [ -77.450606873291136, 3.253898936674419 ], [ -77.450606873291136, 3.240201332209303 ], [ -77.478002082215184, 3.240201332209303 ], [ -77.478002082215184, 3.226503727744186 ], [ -77.46430447775316, 3.226503727744186 ], [ -77.46430447775316, 3.21280612327907 ], [ -77.505397291139232, 3.21280612327907 ], [ -77.505397291139232, 3.199108518813953 ], [ -77.491699686677208, 3.199108518813953 ], [ -77.491699686677208, 3.185410914348837 ], [ -77.519094895601256, 3.185410914348837 ], [ -77.519094895601256, 3.199108518813953 ], [ -77.532792500063294, 3.199108518813953 ], [ -77.532792500063294, 3.185410914348837 ], [ -77.546490104525319, 3.185410914348837 ], [ -77.546490104525319, 3.171713309883721 ], [ -77.560187708987343, 3.171713309883721 ], [ -77.560187708987343, 3.158015705418605 ], [ -77.573885313449367, 3.158015705418605 ], [ -77.573885313449367, 3.130620496488372 ], [ -77.587582917911391, 3.130620496488372 ], [ -77.587582917911391, 3.116922892023256 ], [ -77.601280522373415, 3.116922892023256 ], [ -77.601280522373415, 3.10322528755814 ], [ -77.614978126835439, 3.10322528755814 ], [ -77.614978126835439, 3.089527683093023 ], [ -77.628675731297463, 3.089527683093023 ], [ -77.628675731297463, 3.075830078627907 ], [ -77.642373335759487, 3.075830078627907 ], [ -77.642373335759487, 3.062132474162791 ], [ -77.656070940221511, 3.062132474162791 ], [ -77.656070940221511, 3.048434869697675 ], [ -77.669768544683535, 3.048434869697675 ], [ -77.669768544683535, 3.021039660767442 ], [ -77.683466149145559, 3.021039660767442 ], [ -77.683466149145559, 2.99364445183721 ], [ -77.656070940221511, 2.99364445183721 ], [ -77.656070940221511, 2.95255163844186 ], [ -77.669768544683535, 2.95255163844186 ], [ -77.669768544683535, 2.938854033976744 ], [ -77.683466149145559, 2.938854033976744 ], [ -77.683466149145559, 2.884063616116279 ], [ -77.697163753607597, 2.884063616116279 ], [ -77.697163753607597, 2.84297080272093 ], [ -77.710861358069621, 2.84297080272093 ], [ -77.710861358069621, 2.829273198255814 ], [ -77.73825656699367, 2.829273198255814 ], [ -77.73825656699367, 2.801877989325582 ], [ -77.724558962531646, 2.801877989325582 ], [ -77.724558962531646, 2.788180384860465 ], [ -77.73825656699367, 2.788180384860465 ], [ -77.73825656699367, 2.774482780395349 ], [ -77.751954171455694, 2.774482780395349 ], [ -77.751954171455694, 2.760785175930232 ], [ -77.779349380379742, 2.760785175930232 ], [ -77.779349380379742, 2.705994758069767 ], [ -77.793046984841766, 2.705994758069767 ], [ -77.793046984841766, 2.692297153604651 ], [ -77.834139798227838, 2.692297153604651 ], [ -77.834139798227838, 2.705994758069767 ], [ -77.847837402689876, 2.705994758069767 ], [ -77.847837402689876, 2.692297153604651 ], [ -77.888930216075948, 2.692297153604651 ], [ -77.888930216075948, 2.678599549139535 ], [ -77.902627820537973, 2.678599549139535 ], [ -77.902627820537973, 2.664901944674419 ], [ -77.916325425, 2.664901944674419 ], [ -77.916325425, 2.651204340209302 ], [ -77.902627820537973, 2.651204340209302 ], [ -77.902627820537973, 2.637506735744186 ], [ -77.916325425, 2.637506735744186 ], [ -77.916325425, 2.404647459837209 ], [ -77.902627820537973, 2.404647459837209 ], [ -77.902627820537973, 2.377252250906977 ], [ -77.888930216075948, 2.377252250906977 ], [ -77.888930216075948, 2.336159437511628 ], [ -77.875232611613924, 2.336159437511628 ], [ -77.875232611613924, 2.281369019651163 ], [ -77.8615350071519, 2.281369019651163 ], [ -77.8615350071519, 2.267671415186046 ], [ -77.847837402689876, 2.267671415186046 ], [ -77.847837402689876, 2.185485788395349 ], [ -77.834139798227838, 2.185485788395349 ], [ -77.834139798227838, 2.171788183930233 ], [ -77.793046984841766, 2.171788183930233 ], [ -77.793046984841766, 2.158090579465116 ], [ -77.779349380379742, 2.158090579465116 ], [ -77.779349380379742, 2.144392975 ], [ -77.751954171455694, 2.144392975 ], [ -77.751954171455694, 2.130695370534884 ], [ -77.724558962531646, 2.130695370534884 ], [ -77.724558962531646, 2.144392975 ], [ -77.697163753607597, 2.144392975 ], [ -77.697163753607597, 2.158090579465116 ], [ -77.669768544683535, 2.158090579465116 ], [ -77.669768544683535, 2.171788183930233 ], [ -77.656070940221511, 2.171788183930233 ], [ -77.656070940221511, 2.185485788395349 ], [ -77.642373335759487, 2.185485788395349 ], [ -77.642373335759487, 2.212880997325581 ], [ -77.628675731297463, 2.212880997325581 ], [ -77.628675731297463, 2.253973810720931 ], [ -77.642373335759487, 2.253973810720931 ], [ -77.642373335759487, 2.267671415186046 ], [ -77.628675731297463, 2.267671415186046 ], [ -77.628675731297463, 2.281369019651163 ], [ -77.642373335759487, 2.281369019651163 ], [ -77.642373335759487, 2.295066624116279 ], [ -77.614978126835439, 2.295066624116279 ], [ -77.614978126835439, 2.349857041976744 ], [ -77.601280522373415, 2.349857041976744 ], [ -77.601280522373415, 2.363554646441861 ], [ -77.628675731297463, 2.363554646441861 ], [ -77.628675731297463, 2.390949855372093 ], [ -77.601280522373415, 2.390949855372093 ], [ -77.601280522373415, 2.404647459837209 ], [ -77.560187708987343, 2.404647459837209 ], [ -77.560187708987343, 2.459437877697674 ], [ -77.573885313449367, 2.459437877697674 ], [ -77.573885313449367, 2.473135482162791 ], [ -77.601280522373415, 2.473135482162791 ], [ -77.601280522373415, 2.500530691093023 ], [ -77.587582917911391, 2.500530691093023 ], [ -77.587582917911391, 2.51422829555814 ], [ -77.573885313449367, 2.51422829555814 ], [ -77.573885313449367, 2.500530691093023 ], [ -77.505397291139232, 2.500530691093023 ], [ -77.505397291139232, 2.527925900023256 ], [ -77.532792500063294, 2.527925900023256 ], [ -77.532792500063294, 2.541623504488372 ], [ -77.560187708987343, 2.541623504488372 ], [ -77.560187708987343, 2.555321108953489 ], [ -77.546490104525319, 2.555321108953489 ], [ -77.546490104525319, 2.569018713418605 ], [ -77.519094895601256, 2.569018713418605 ], [ -77.519094895601256, 2.582716317883721 ], [ -77.478002082215184, 2.582716317883721 ], [ -77.478002082215184, 2.596413922348837 ], [ -77.46430447775316, 2.596413922348837 ], [ -77.46430447775316, 2.582716317883721 ], [ -77.450606873291136, 2.582716317883721 ], [ -77.450606873291136, 2.596413922348837 ], [ -77.423211664367088, 2.596413922348837 ], [ -77.423211664367088, 2.582716317883721 ], [ -77.409514059905064, 2.582716317883721 ], [ -77.409514059905064, 2.569018713418605 ], [ -77.39581645544304, 2.569018713418605 ], [ -77.39581645544304, 2.610111526813954 ], [ -77.409514059905064, 2.610111526813954 ], [ -77.409514059905064, 2.637506735744186 ], [ -77.423211664367088, 2.637506735744186 ], [ -77.423211664367088, 2.651204340209302 ], [ -77.39581645544304, 2.651204340209302 ], [ -77.39581645544304, 2.664901944674419 ], [ -77.368421246518977, 2.664901944674419 ], [ -77.368421246518977, 2.637506735744186 ], [ -77.354723642056953, 2.637506735744186 ], [ -77.354723642056953, 2.651204340209302 ], [ -77.327328433132905, 2.651204340209302 ], [ -77.327328433132905, 2.637506735744186 ], [ -77.313630828670881, 2.637506735744186 ], [ -77.313630828670881, 2.705994758069767 ], [ -77.327328433132905, 2.705994758069767 ], [ -77.327328433132905, 2.719692362534884 ], [ -77.313630828670881, 2.719692362534884 ], [ -77.313630828670881, 2.733389967 ], [ -77.299933224208857, 2.733389967 ], [ -77.299933224208857, 2.747087571465117 ], [ -77.217747597436698, 2.747087571465117 ], [ -77.217747597436698, 2.719692362534884 ], [ -77.19035238851265, 2.719692362534884 ], [ -77.19035238851265, 2.705994758069767 ], [ -77.176654784050626, 2.705994758069767 ], [ -77.176654784050626, 2.719692362534884 ], [ -77.162957179588602, 2.719692362534884 ], [ -77.162957179588602, 2.705994758069767 ], [ -77.149259575126578, 2.705994758069767 ], [ -77.149259575126578, 2.637506735744186 ], [ -77.12186436620253, 2.637506735744186 ], [ -77.12186436620253, 2.651204340209302 ], [ -77.135561970664554, 2.651204340209302 ], [ -77.135561970664554, 2.664901944674419 ], [ -77.12186436620253, 2.664901944674419 ], [ -77.12186436620253, 2.719692362534884 ], [ -77.108166761740506, 2.719692362534884 ], [ -77.108166761740506, 2.747087571465117 ], [ -77.094469157278482, 2.747087571465117 ], [ -77.094469157278482, 2.774482780395349 ], [ -77.108166761740506, 2.774482780395349 ], [ -77.108166761740506, 2.788180384860465 ], [ -77.080771552816458, 2.788180384860465 ], [ -77.080771552816458, 2.801877989325582 ], [ -77.108166761740506, 2.801877989325582 ], [ -77.108166761740506, 2.815575593790698 ], [ -77.094469157278482, 2.815575593790698 ], [ -77.094469157278482, 2.84297080272093 ], [ -77.108166761740506, 2.84297080272093 ], [ -77.108166761740506, 2.897761220581395 ], [ -77.094469157278482, 2.897761220581395 ], [ -77.094469157278482, 2.884063616116279 ], [ -77.080771552816458, 2.884063616116279 ], [ -77.080771552816458, 2.870366011651163 ], [ -77.039678739430371, 2.870366011651163 ], [ -77.039678739430371, 2.815575593790698 ], [ -77.025981134968347, 2.815575593790698 ], [ -77.025981134968347, 2.829273198255814 ], [ -76.998585926044299, 2.829273198255814 ], [ -76.998585926044299, 2.84297080272093 ], [ -76.984888321582275, 2.84297080272093 ], [ -76.984888321582275, 2.897761220581395 ], [ -76.998585926044299, 2.897761220581395 ], [ -76.998585926044299, 2.911458825046512 ], [ -76.971190717120251, 2.911458825046512 ], [ -76.971190717120251, 2.938854033976744 ], [ -76.984888321582275, 2.938854033976744 ], [ -76.984888321582275, 2.979946847372093 ], [ -76.998585926044299, 2.979946847372093 ], [ -76.998585926044299, 2.99364445183721 ], [ -76.984888321582275, 2.99364445183721 ], [ -76.984888321582275, 3.021039660767442 ], [ -76.998585926044299, 3.021039660767442 ], [ -76.998585926044299, 3.007342056302326 ], [ -77.012283530506323, 3.007342056302326 ], [ -77.012283530506323, 2.966249242906977 ], [ -77.025981134968347, 2.966249242906977 ], [ -77.025981134968347, 2.979946847372093 ], [ -77.039678739430371, 2.979946847372093 ], [ -77.039678739430371, 2.95255163844186 ], [ -77.053376343892396, 2.95255163844186 ], [ -77.053376343892396, 2.966249242906977 ], [ -77.067073948354434, 2.966249242906977 ], [ -77.067073948354434, 2.979946847372093 ], [ -77.094469157278482, 2.979946847372093 ], [ -77.094469157278482, 2.966249242906977 ], [ -77.108166761740506, 2.966249242906977 ], [ -77.108166761740506, 2.99364445183721 ], [ -77.094469157278482, 2.99364445183721 ], [ -77.094469157278482, 3.021039660767442 ], [ -77.067073948354434, 3.021039660767442 ], [ -77.067073948354434, 3.048434869697675 ], [ -77.108166761740506, 3.048434869697675 ], [ -77.108166761740506, 3.075830078627907 ], [ -77.080771552816458, 3.075830078627907 ], [ -77.080771552816458, 3.089527683093023 ], [ -77.108166761740506, 3.089527683093023 ], [ -77.108166761740506, 3.10322528755814 ], [ -77.12186436620253, 3.10322528755814 ], [ -77.12186436620253, 3.089527683093023 ], [ -77.135561970664554, 3.089527683093023 ], [ -77.135561970664554, 3.144318100953488 ], [ -77.12186436620253, 3.144318100953488 ], [ -77.12186436620253, 3.116922892023256 ], [ -77.094469157278482, 3.116922892023256 ], [ -77.094469157278482, 3.130620496488372 ], [ -77.067073948354434, 3.130620496488372 ], [ -77.067073948354434, 3.144318100953488 ], [ -77.080771552816458, 3.144318100953488 ], [ -77.080771552816458, 3.158015705418605 ], [ -77.067073948354434, 3.158015705418605 ], [ -77.067073948354434, 3.171713309883721 ], [ -77.080771552816458, 3.171713309883721 ], [ -77.080771552816458, 3.185410914348837 ], [ -77.108166761740506, 3.185410914348837 ], [ -77.108166761740506, 3.171713309883721 ], [ -77.12186436620253, 3.171713309883721 ], [ -77.12186436620253, 3.158015705418605 ], [ -77.135561970664554, 3.158015705418605 ], [ -77.135561970664554, 3.171713309883721 ], [ -77.176654784050626, 3.171713309883721 ], [ -77.176654784050626, 3.144318100953488 ], [ -77.204049992974674, 3.144318100953488 ], [ -77.204049992974674, 3.130620496488372 ], [ -77.217747597436698, 3.130620496488372 ], [ -77.217747597436698, 3.116922892023256 ], [ -77.258840410822785, 3.116922892023256 ], [ -77.258840410822785, 3.130620496488372 ], [ -77.272538015284809, 3.130620496488372 ], [ -77.272538015284809, 3.158015705418605 ], [ -77.299933224208857, 3.158015705418605 ], [ -77.299933224208857, 3.171713309883721 ], [ -77.313630828670881, 3.171713309883721 ], [ -77.313630828670881, 3.158015705418605 ], [ -77.341026037594929, 3.158015705418605 ], [ -77.341026037594929, 3.144318100953488 ], [ -77.368421246518977, 3.144318100953488 ], [ -77.368421246518977, 3.171713309883721 ], [ -77.382118850981016, 3.171713309883721 ], [ -77.382118850981016, 3.21280612327907 ], [ -77.409514059905064, 3.21280612327907 ], [ -77.409514059905064, 3.240201332209303 ], [ -77.423211664367088, 3.240201332209303 ], [ -77.423211664367088, 3.253898936674419 ], [ -77.450606873291136, 3.253898936674419 ] ], [ [ -77.053376343892396, 2.938854033976744 ], [ -77.039678739430371, 2.938854033976744 ], [ -77.039678739430371, 2.925156429511628 ], [ -77.053376343892396, 2.925156429511628 ], [ -77.053376343892396, 2.938854033976744 ] ], [ [ -77.053376343892396, 2.911458825046512 ], [ -77.012283530506323, 2.911458825046512 ], [ -77.012283530506323, 2.897761220581395 ], [ -77.039678739430371, 2.897761220581395 ], [ -77.039678739430371, 2.884063616116279 ], [ -77.053376343892396, 2.884063616116279 ], [ -77.053376343892396, 2.911458825046512 ] ], [ [ -77.272538015284809, 2.801877989325582 ], [ -77.231445201898737, 2.801877989325582 ], [ -77.231445201898737, 2.788180384860465 ], [ -77.245142806360761, 2.788180384860465 ], [ -77.245142806360761, 2.760785175930232 ], [ -77.272538015284809, 2.760785175930232 ], [ -77.272538015284809, 2.801877989325582 ] ], [ [ -77.382118850981016, 2.692297153604651 ], [ -77.341026037594929, 2.692297153604651 ], [ -77.341026037594929, 2.678599549139535 ], [ -77.354723642056953, 2.678599549139535 ], [ -77.354723642056953, 2.664901944674419 ], [ -77.368421246518977, 2.664901944674419 ], [ -77.368421246518977, 2.678599549139535 ], [ -77.382118850981016, 2.678599549139535 ], [ -77.382118850981016, 2.692297153604651 ] ], [ [ -77.669768544683535, 2.199183392860465 ], [ -77.656070940221511, 2.199183392860465 ], [ -77.656070940221511, 2.185485788395349 ], [ -77.669768544683535, 2.185485788395349 ], [ -77.669768544683535, 2.199183392860465 ] ] ] } },
{ "type": "Feature", "properties": { "DN": 4 }, "geometry": { "type": "Polygon", "coordinates": [ [ [ -77.272538015284809, 2.158090579465116 ], [ -77.272538015284809, 2.130695370534884 ], [ -77.245142806360761, 2.130695370534884 ], [ -77.245142806360761, 2.158090579465116 ], [ -77.272538015284809, 2.158090579465116 ] ] ] } },
{ "type": "Feature", "properties": { "DN": 4 }, "geometry": { "type": "Polygon", "coordinates": [ [ [ -77.149259575126578, 2.144392975 ], [ -77.149259575126578, 2.130695370534884 ], [ -77.135561970664554, 2.130695370534884 ], [ -77.135561970664554, 2.144392975 ], [ -77.149259575126578, 2.144392975 ] ] ] } },
{ "type": "Feature", "properties": { "DN": 4 }, "geometry": { "type": "Polygon", "coordinates": [ [ [ -76.683541023417717, 2.144392975 ], [ -76.683541023417717, 2.130695370534884 ], [ -76.669843418955693, 2.130695370534884 ], [ -76.669843418955693, 2.144392975 ], [ -76.683541023417717, 2.144392975 ] ] ] } },
{ "type": "Feature", "properties": { "DN": 5 }, "geometry": { "type": "Polygon", "coordinates": [ [ [ -77.162957179588602, 2.171788183930233 ], [ -77.162957179588602, 2.144392975 ], [ -77.19035238851265, 2.144392975 ], [ -77.19035238851265, 2.116997766069768 ], [ -77.176654784050626, 2.116997766069768 ], [ -77.176654784050626, 2.103300161604651 ], [ -77.162957179588602, 2.103300161604651 ], [ -77.162957179588602, 2.130695370534884 ], [ -77.149259575126578, 2.130695370534884 ], [ -77.149259575126578, 2.158090579465116 ], [ -77.135561970664554, 2.158090579465116 ], [ -77.135561970664554, 2.171788183930233 ], [ -77.162957179588602, 2.171788183930233 ] ] ] } },
{ "type": "Feature", "properties": { "DN": 5 }, "geometry": { "type": "Polygon", "coordinates": [ [ [ -77.135561970664554, 2.144392975 ], [ -77.135561970664554, 2.130695370534884 ], [ -77.149259575126578, 2.130695370534884 ], [ -77.149259575126578, 2.103300161604651 ], [ -77.135561970664554, 2.103300161604651 ], [ -77.135561970664554, 2.116997766069768 ], [ -77.12186436620253, 2.116997766069768 ], [ -77.12186436620253, 2.144392975 ], [ -77.135561970664554, 2.144392975 ] ] ] } },
{ "type": "Feature", "properties": { "DN": 5 }, "geometry": { "type": "Polygon", "coordinates": [ [ [ -77.217747597436698, 2.116997766069768 ], [ -77.217747597436698, 2.103300161604651 ], [ -77.204049992974674, 2.103300161604651 ], [ -77.204049992974674, 2.116997766069768 ], [ -77.217747597436698, 2.116997766069768 ] ] ] } },
{ "type": "Feature", "properties": { "DN": 7 }, "geometry": { "type": "Polygon", "coordinates": [ [ [ -77.108166761740506, 2.158090579465116 ], [ -77.108166761740506, 2.089602557139535 ], [ -77.094469157278482, 2.089602557139535 ], [ -77.094469157278482, 2.116997766069768 ], [ -77.080771552816458, 2.116997766069768 ], [ -77.080771552816458, 2.158090579465116 ], [ -77.108166761740506, 2.158090579465116 ] ] ] } },
{ "type": "Feature", "properties": { "DN": 4 }, "geometry": { "type": "Polygon", "coordinates": [ [ [ -77.272538015284809, 2.116997766069768 ], [ -77.272538015284809, 2.089602557139535 ], [ -77.258840410822785, 2.089602557139535 ], [ -77.258840410822785, 2.116997766069768 ], [ -77.272538015284809, 2.116997766069768 ] ] ] } },
{ "type": "Feature", "properties": { "DN": 5 }, "geometry": { "type": "Polygon", "coordinates": [ [ [ -77.258840410822785, 2.116997766069768 ], [ -77.258840410822785, 2.089602557139535 ], [ -77.245142806360761, 2.089602557139535 ], [ -77.245142806360761, 2.116997766069768 ], [ -77.258840410822785, 2.116997766069768 ] ] ] } },
{ "type": "Feature", "properties": { "DN": 6 }, "geometry": { "type": "Polygon", "coordinates": [ [ [ -76.861609881424044, 2.418345064302326 ], [ -76.861609881424044, 2.390949855372093 ], [ -76.875307485886069, 2.390949855372093 ], [ -76.875307485886069, 2.377252250906977 ], [ -76.889005090348093, 2.377252250906977 ], [ -76.889005090348093, 2.363554646441861 ], [ -76.916400299272155, 2.363554646441861 ], [ -76.916400299272155, 2.349857041976744 ], [ -76.930097903734179, 2.349857041976744 ], [ -76.930097903734179, 2.336159437511628 ], [ -76.943795508196203, 2.336159437511628 ], [ -76.943795508196203, 2.295066624116279 ], [ -76.930097903734179, 2.295066624116279 ], [ -76.930097903734179, 2.281369019651163 ], [ -76.916400299272155, 2.281369019651163 ], [ -76.916400299272155, 2.295066624116279 ], [ -76.889005090348093, 2.295066624116279 ], [ -76.889005090348093, 2.281369019651163 ], [ -76.902702694810117, 2.281369019651163 ], [ -76.902702694810117, 2.267671415186046 ], [ -76.916400299272155, 2.267671415186046 ], [ -76.916400299272155, 2.253973810720931 ], [ -76.930097903734179, 2.253973810720931 ], [ -76.930097903734179, 2.226578601790698 ], [ -76.943795508196203, 2.226578601790698 ], [ -76.943795508196203, 2.171788183930233 ], [ -76.957493112658227, 2.171788183930233 ], [ -76.957493112658227, 2.158090579465116 ], [ -76.971190717120251, 2.158090579465116 ], [ -76.971190717120251, 2.130695370534884 ], [ -76.930097903734179, 2.130695370534884 ], [ -76.930097903734179, 2.144392975 ], [ -76.916400299272155, 2.144392975 ], [ -76.916400299272155, 2.116997766069768 ], [ -76.930097903734179, 2.116997766069768 ], [ -76.930097903734179, 2.103300161604651 ], [ -76.916400299272155, 2.103300161604651 ], [ -76.916400299272155, 2.089602557139535 ], [ -76.902702694810117, 2.089602557139535 ], [ -76.902702694810117, 2.130695370534884 ], [ -76.889005090348093, 2.130695370534884 ], [ -76.889005090348093, 2.144392975 ], [ -76.875307485886069, 2.144392975 ], [ -76.875307485886069, 2.158090579465116 ], [ -76.861609881424044, 2.158090579465116 ], [ -76.861609881424044, 2.144392975 ], [ -76.84791227696202, 2.144392975 ], [ -76.84791227696202, 2.158090579465116 ], [ -76.834214672499996, 2.158090579465116 ], [ -76.834214672499996, 2.171788183930233 ], [ -76.861609881424044, 2.171788183930233 ], [ -76.861609881424044, 2.185485788395349 ], [ -76.84791227696202, 2.185485788395349 ], [ -76.84791227696202, 2.199183392860465 ], [ -76.875307485886069, 2.199183392860465 ], [ -76.875307485886069, 2.226578601790698 ], [ -76.861609881424044, 2.226578601790698 ], [ -76.861609881424044, 2.212880997325581 ], [ -76.834214672499996, 2.212880997325581 ], [ -76.834214672499996, 2.226578601790698 ], [ -76.806819463575948, 2.226578601790698 ], [ -76.806819463575948, 2.212880997325581 ], [ -76.820517068037972, 2.212880997325581 ], [ -76.820517068037972, 2.199183392860465 ], [ -76.793121859113924, 2.199183392860465 ], [ -76.793121859113924, 2.212880997325581 ], [ -76.752029045727838, 2.212880997325581 ], [ -76.752029045727838, 2.240276206255814 ], [ -76.765726650189876, 2.240276206255814 ], [ -76.765726650189876, 2.253973810720931 ], [ -76.738331441265814, 2.253973810720931 ], [ -76.738331441265814, 2.267671415186046 ], [ -76.7794242546519, 2.267671415186046 ], [ -76.7794242546519, 2.226578601790698 ], [ -76.793121859113924, 2.226578601790698 ], [ -76.793121859113924, 2.240276206255814 ], [ -76.806819463575948, 2.240276206255814 ], [ -76.806819463575948, 2.253973810720931 ], [ -76.793121859113924, 2.253973810720931 ], [ -76.793121859113924, 2.267671415186046 ], [ -76.820517068037972, 2.267671415186046 ], [ -76.820517068037972, 2.253973810720931 ], [ -76.834214672499996, 2.253973810720931 ], [ -76.834214672499996, 2.281369019651163 ], [ -76.820517068037972, 2.281369019651163 ], [ -76.820517068037972, 2.308764228581396 ], [ -76.806819463575948, 2.308764228581396 ], [ -76.806819463575948, 2.322461833046512 ], [ -76.834214672499996, 2.322461833046512 ], [ -76.834214672499996, 2.336159437511628 ], [ -76.793121859113924, 2.336159437511628 ], [ -76.793121859113924, 2.349857041976744 ], [ -76.806819463575948, 2.349857041976744 ], [ -76.806819463575948, 2.363554646441861 ], [ -76.820517068037972, 2.363554646441861 ], [ -76.820517068037972, 2.377252250906977 ], [ -76.806819463575948, 2.377252250906977 ], [ -76.806819463575948, 2.404647459837209 ], [ -76.84791227696202, 2.404647459837209 ], [ -76.84791227696202, 2.418345064302326 ], [ -76.861609881424044, 2.418345064302326 ] ], [ [ -76.930097903734179, 2.322461833046512 ], [ -76.916400299272155, 2.322461833046512 ], [ -76.916400299272155, 2.308764228581396 ], [ -76.930097903734179, 2.308764228581396 ], [ -76.930097903734179, 2.322461833046512 ] ], [ [ -76.84791227696202, 2.295066624116279 ], [ -76.834214672499996, 2.295066624116279 ], [ -76.834214672499996, 2.281369019651163 ], [ -76.84791227696202, 2.281369019651163 ], [ -76.84791227696202, 2.295066624116279 ] ], [ [ -76.889005090348093, 2.281369019651163 ], [ -76.875307485886069, 2.281369019651163 ], [ -76.875307485886069, 2.253973810720931 ], [ -76.889005090348093, 2.253973810720931 ], [ -76.889005090348093, 2.281369019651163 ] ] ] } },
{ "type": "Feature", "properties": { "DN": 3 }, "geometry": { "type": "Polygon", "coordinates": [ [ [ -77.313630828670881, 2.473135482162791 ], [ -77.313630828670881, 2.459437877697674 ], [ -77.368421246518977, 2.459437877697674 ], [ -77.368421246518977, 2.445740273232558 ], [ -77.341026037594929, 2.445740273232558 ], [ -77.341026037594929, 2.432042668767442 ], [ -77.368421246518977, 2.432042668767442 ], [ -77.368421246518977, 2.418345064302326 ], [ -77.39581645544304, 2.418345064302326 ], [ -77.39581645544304, 2.432042668767442 ], [ -77.423211664367088, 2.432042668767442 ], [ -77.423211664367088, 2.418345064302326 ], [ -77.436909268829112, 2.418345064302326 ], [ -77.436909268829112, 2.404647459837209 ], [ -77.450606873291136, 2.404647459837209 ], [ -77.450606873291136, 2.349857041976744 ], [ -77.46430447775316, 2.349857041976744 ], [ -77.46430447775316, 2.322461833046512 ], [ -77.450606873291136, 2.322461833046512 ], [ -77.450606873291136, 2.308764228581396 ], [ -77.436909268829112, 2.308764228581396 ], [ -77.436909268829112, 2.322461833046512 ], [ -77.423211664367088, 2.322461833046512 ], [ -77.423211664367088, 2.295066624116279 ], [ -77.409514059905064, 2.295066624116279 ], [ -77.409514059905064, 2.267671415186046 ], [ -77.39581645544304, 2.267671415186046 ], [ -77.39581645544304, 2.253973810720931 ], [ -77.382118850981016, 2.253973810720931 ], [ -77.382118850981016, 2.267671415186046 ], [ -77.354723642056953, 2.267671415186046 ], [ -77.354723642056953, 2.240276206255814 ], [ -77.341026037594929, 2.240276206255814 ], [ -77.341026037594929, 2.226578601790698 ], [ -77.327328433132905, 2.226578601790698 ], [ -77.327328433132905, 2.212880997325581 ], [ -77.313630828670881, 2.212880997325581 ], [ -77.313630828670881, 2.103300161604651 ], [ -77.299933224208857, 2.103300161604651 ], [ -77.299933224208857, 2.075904952674419 ], [ -77.258840410822785, 2.075904952674419 ], [ -77.258840410822785, 2.089602557139535 ], [ -77.272538015284809, 2.089602557139535 ], [ -77.272538015284809, 2.116997766069768 ], [ -77.231445201898737, 2.116997766069768 ], [ -77.231445201898737, 2.171788183930233 ], [ -77.204049992974674, 2.171788183930233 ], [ -77.204049992974674, 2.158090579465116 ], [ -77.19035238851265, 2.158090579465116 ], [ -77.19035238851265, 2.171788183930233 ], [ -77.176654784050626, 2.171788183930233 ], [ -77.176654784050626, 2.185485788395349 ], [ -77.162957179588602, 2.185485788395349 ], [ -77.162957179588602, 2.199183392860465 ], [ -77.149259575126578, 2.199183392860465 ], [ -77.149259575126578, 2.295066624116279 ], [ -77.108166761740506, 2.295066624116279 ], [ -77.108166761740506, 2.322461833046512 ], [ -77.039678739430371, 2.322461833046512 ], [ -77.039678739430371, 2.336159437511628 ], [ -77.053376343892396, 2.336159437511628 ], [ -77.053376343892396, 2.349857041976744 ], [ -77.039678739430371, 2.349857041976744 ], [ -77.039678739430371, 2.363554646441861 ], [ -77.067073948354434, 2.363554646441861 ], [ -77.067073948354434, 2.390949855372093 ], [ -77.080771552816458, 2.390949855372093 ], [ -77.080771552816458, 2.363554646441861 ], [ -77.108166761740506, 2.363554646441861 ], [ -77.108166761740506, 2.432042668767442 ], [ -77.135561970664554, 2.432042668767442 ], [ -77.135561970664554, 2.418345064302326 ], [ -77.149259575126578, 2.418345064302326 ], [ -77.149259575126578, 2.404647459837209 ], [ -77.162957179588602, 2.404647459837209 ], [ -77.162957179588602, 2.390949855372093 ], [ -77.176654784050626, 2.390949855372093 ], [ -77.176654784050626, 2.349857041976744 ], [ -77.162957179588602, 2.349857041976744 ], [ -77.162957179588602, 2.336159437511628 ], [ -77.176654784050626, 2.336159437511628 ], [ -77.176654784050626, 2.322461833046512 ], [ -77.19035238851265, 2.322461833046512 ], [ -77.19035238851265, 2.308764228581396 ], [ -77.176654784050626, 2.308764228581396 ], [ -77.176654784050626, 2.295066624116279 ], [ -77.162957179588602, 2.295066624116279 ], [ -77.162957179588602, 2.281369019651163 ], [ -77.19035238851265, 2.281369019651163 ], [ -77.19035238851265, 2.295066624116279 ], [ -77.204049992974674, 2.295066624116279 ], [ -77.204049992974674, 2.267671415186046 ], [ -77.176654784050626, 2.267671415186046 ], [ -77.176654784050626, 2.226578601790698 ], [ -77.204049992974674, 2.226578601790698 ], [ -77.204049992974674, 2.199183392860465 ], [ -77.217747597436698, 2.199183392860465 ], [ -77.217747597436698, 2.212880997325581 ], [ -77.231445201898737, 2.212880997325581 ], [ -77.231445201898737, 2.226578601790698 ], [ -77.245142806360761, 2.226578601790698 ], [ -77.245142806360761, 2.212880997325581 ], [ -77.258840410822785, 2.212880997325581 ], [ -77.258840410822785, 2.171788183930233 ], [ -77.272538015284809, 2.171788183930233 ], [ -77.272538015284809, 2.185485788395349 ], [ -77.286235619746833, 2.185485788395349 ], [ -77.286235619746833, 2.253973810720931 ], [ -77.299933224208857, 2.253973810720931 ], [ -77.299933224208857, 2.281369019651163 ], [ -77.286235619746833, 2.281369019651163 ], [ -77.286235619746833, 2.267671415186046 ], [ -77.258840410822785, 2.267671415186046 ], [ -77.258840410822785, 2.322461833046512 ], [ -77.286235619746833, 2.322461833046512 ], [ -77.286235619746833, 2.295066624116279 ], [ -77.341026037594929, 2.295066624116279 ], [ -77.341026037594929, 2.308764228581396 ], [ -77.327328433132905, 2.308764228581396 ], [ -77.327328433132905, 2.322461833046512 ], [ -77.313630828670881, 2.322461833046512 ], [ -77.313630828670881, 2.336159437511628 ], [ -77.327328433132905, 2.336159437511628 ], [ -77.327328433132905, 2.349857041976744 ], [ -77.313630828670881, 2.349857041976744 ], [ -77.313630828670881, 2.363554646441861 ], [ -77.272538015284809, 2.363554646441861 ], [ -77.272538015284809, 2.377252250906977 ], [ -77.258840410822785, 2.377252250906977 ], [ -77.258840410822785, 2.404647459837209 ], [ -77.286235619746833, 2.404647459837209 ], [ -77.286235619746833, 2.390949855372093 ], [ -77.341026037594929, 2.390949855372093 ], [ -77.341026037594929, 2.404647459837209 ], [ -77.327328433132905, 2.404647459837209 ], [ -77.327328433132905, 2.432042668767442 ], [ -77.313630828670881, 2.432042668767442 ], [ -77.313630828670881, 2.445740273232558 ], [ -77.299933224208857, 2.445740273232558 ], [ -77.299933224208857, 2.459437877697674 ], [ -77.286235619746833, 2.459437877697674 ], [ -77.286235619746833, 2.473135482162791 ], [ -77.313630828670881, 2.473135482162791 ] ], [ [ -77.272538015284809, 2.158090579465116 ], [ -77.245142806360761, 2.158090579465116 ], [ -77.245142806360761, 2.130695370534884 ], [ -77.272538015284809, 2.130695370534884 ], [ -77.272538015284809, 2.158090579465116 ] ] ] } },
{ "type": "Feature", "properties": { "DN": 5 }, "geometry": { "type": "Polygon", "coordinates": [ [ [ -77.231445201898737, 2.103300161604651 ], [ -77.231445201898737, 2.075904952674419 ], [ -77.217747597436698, 2.075904952674419 ], [ -77.217747597436698, 2.103300161604651 ], [ -77.231445201898737, 2.103300161604651 ] ] ] } },
{ "type": "Feature", "properties": { "DN": 4 }, "geometry": { "type": "Polygon", "coordinates": [ [ [ -77.258840410822785, 2.089602557139535 ], [ -77.258840410822785, 2.075904952674419 ], [ -77.245142806360761, 2.075904952674419 ], [ -77.245142806360761, 2.089602557139535 ], [ -77.258840410822785, 2.089602557139535 ] ] ] } },
{ "type": "Feature", "properties": { "DN": 5 }, "geometry": { "type": "Polygon", "coordinates": [ [ [ -76.875307485886069, 2.226578601790698 ], [ -76.875307485886069, 2.199183392860465 ], [ -76.84791227696202, 2.199183392860465 ], [ -76.84791227696202, 2.185485788395349 ], [ -76.861609881424044, 2.185485788395349 ], [ -76.861609881424044, 2.171788183930233 ], [ -76.834214672499996, 2.171788183930233 ], [ -76.834214672499996, 2.158090579465116 ], [ -76.84791227696202, 2.158090579465116 ], [ -76.84791227696202, 2.144392975 ], [ -76.861609881424044, 2.144392975 ], [ -76.861609881424044, 2.158090579465116 ], [ -76.875307485886069, 2.158090579465116 ], [ -76.875307485886069, 2.144392975 ], [ -76.889005090348093, 2.144392975 ], [ -76.889005090348093, 2.130695370534884 ], [ -76.902702694810117, 2.130695370534884 ], [ -76.902702694810117, 2.089602557139535 ], [ -76.916400299272155, 2.089602557139535 ], [ -76.916400299272155, 2.103300161604651 ], [ -76.930097903734179, 2.103300161604651 ], [ -76.930097903734179, 2.062207348209302 ], [ -76.902702694810117, 2.062207348209302 ], [ -76.902702694810117, 2.075904952674419 ], [ -76.889005090348093, 2.075904952674419 ], [ -76.889005090348093, 2.116997766069768 ], [ -76.861609881424044, 2.116997766069768 ], [ -76.861609881424044, 2.103300161604651 ], [ -76.84791227696202, 2.103300161604651 ], [ -76.84791227696202, 2.089602557139535 ], [ -76.834214672499996, 2.089602557139535 ], [ -76.834214672499996, 2.103300161604651 ], [ -76.820517068037972, 2.103300161604651 ], [ -76.820517068037972, 2.089602557139535 ], [ -76.806819463575948, 2.089602557139535 ], [ -76.806819463575948, 2.130695370534884 ], [ -76.793121859113924, 2.130695370534884 ], [ -76.793121859113924, 2.158090579465116 ], [ -76.765726650189876, 2.158090579465116 ], [ -76.765726650189876, 2.144392975 ], [ -76.752029045727838, 2.144392975 ], [ -76.752029045727838, 2.171788183930233 ], [ -76.738331441265814, 2.171788183930233 ], [ -76.738331441265814, 2.185485788395349 ], [ -76.7794242546519, 2.185485788395349 ], [ -76.7794242546519, 2.199183392860465 ], [ -76.752029045727838, 2.199183392860465 ], [ -76.752029045727838, 2.212880997325581 ], [ -76.793121859113924, 2.212880997325581 ], [ -76.793121859113924, 2.199183392860465 ], [ -76.820517068037972, 2.199183392860465 ], [ -76.820517068037972, 2.212880997325581 ], [ -76.806819463575948, 2.212880997325581 ], [ -76.806819463575948, 2.226578601790698 ], [ -76.834214672499996, 2.226578601790698 ], [ -76.834214672499996, 2.212880997325581 ], [ -76.861609881424044, 2.212880997325581 ], [ -76.861609881424044, 2.226578601790698 ], [ -76.875307485886069, 2.226578601790698 ] ], [ [ -76.834214672499996, 2.185485788395349 ], [ -76.820517068037972, 2.185485788395349 ], [ -76.820517068037972, 2.171788183930233 ], [ -76.834214672499996, 2.171788183930233 ], [ -76.834214672499996, 2.185485788395349 ] ], [ [ -76.834214672499996, 2.158090579465116 ], [ -76.820517068037972, 2.158090579465116 ], [ -76.820517068037972, 2.144392975 ], [ -76.834214672499996, 2.144392975 ], [ -76.834214672499996, 2.158090579465116 ] ] ] } },
{ "type": "Feature", "properties": { "DN": 5 }, "geometry": { "type": "Polygon", "coordinates": [ [ [ -77.204049992974674, 2.089602557139535 ], [ -77.204049992974674, 2.048509743744186 ], [ -77.19035238851265, 2.048509743744186 ], [ -77.19035238851265, 2.089602557139535 ], [ -77.204049992974674, 2.089602557139535 ] ] ] } },
{ "type": "Feature", "properties": { "DN": 5 }, "geometry": { "type": "Polygon", "coordinates": [ [ [ -77.272538015284809, 2.075904952674419 ], [ -77.272538015284809, 2.048509743744186 ], [ -77.258840410822785, 2.048509743744186 ], [ -77.258840410822785, 2.062207348209302 ], [ -77.245142806360761, 2.062207348209302 ], [ -77.245142806360761, 2.075904952674419 ], [ -77.272538015284809, 2.075904952674419 ] ] ] } },
{ "type": "Feature", "properties": { "DN": 3 }, "geometry": { "type": "Polygon", "coordinates": [ [ [ -77.341026037594929, 2.062207348209302 ], [ -77.341026037594929, 2.048509743744186 ], [ -77.313630828670881, 2.048509743744186 ], [ -77.313630828670881, 2.062207348209302 ], [ -77.341026037594929, 2.062207348209302 ] ] ] } },
{ "type": "Feature", "properties": { "DN": 5 }, "geometry": { "type": "Polygon", "coordinates": [ [ [ -77.313630828670881, 2.062207348209302 ], [ -77.313630828670881, 2.048509743744186 ], [ -77.299933224208857, 2.048509743744186 ], [ -77.299933224208857, 2.062207348209302 ], [ -77.313630828670881, 2.062207348209302 ] ] ] } },
{ "type": "Feature", "properties": { "DN": 7 }, "geometry": { "type": "Polygon", "coordinates": [ [ [ -77.149259575126578, 2.089602557139535 ], [ -77.149259575126578, 2.075904952674419 ], [ -77.162957179588602, 2.075904952674419 ], [ -77.162957179588602, 2.062207348209302 ], [ -77.176654784050626, 2.062207348209302 ], [ -77.176654784050626, 2.048509743744186 ], [ -77.12186436620253, 2.048509743744186 ], [ -77.12186436620253, 2.075904952674419 ], [ -77.108166761740506, 2.075904952674419 ], [ -77.108166761740506, 2.089602557139535 ], [ -77.149259575126578, 2.089602557139535 ] ] ] } },
{ "type": "Feature", "properties": { "DN": 3 }, "geometry": { "type": "Polygon", "coordinates": [ [ [ -76.861609881424044, 2.062207348209302 ], [ -76.861609881424044, 2.048509743744186 ], [ -76.84791227696202, 2.048509743744186 ], [ -76.84791227696202, 2.062207348209302 ], [ -76.861609881424044, 2.062207348209302 ] ] ] } },
{ "type": "Feature", "properties": { "DN": 4 }, "geometry": { "type": "Polygon", "coordinates": [ [ [ -77.313630828670881, 2.103300161604651 ], [ -77.313630828670881, 2.075904952674419 ], [ -77.327328433132905, 2.075904952674419 ], [ -77.327328433132905, 2.062207348209302 ], [ -77.299933224208857, 2.062207348209302 ], [ -77.299933224208857, 2.03481213927907 ], [ -77.286235619746833, 2.03481213927907 ], [ -77.286235619746833, 2.048509743744186 ], [ -77.272538015284809, 2.048509743744186 ], [ -77.272538015284809, 2.075904952674419 ], [ -77.299933224208857, 2.075904952674419 ], [ -77.299933224208857, 2.103300161604651 ], [ -77.313630828670881, 2.103300161604651 ] ] ] } },
{ "type": "Feature", "properties": { "DN": 3 }, "geometry": { "type": "Polygon", "coordinates": [ [ [ -77.313630828670881, 2.048509743744186 ], [ -77.313630828670881, 2.03481213927907 ], [ -77.299933224208857, 2.03481213927907 ], [ -77.299933224208857, 2.048509743744186 ], [ -77.313630828670881, 2.048509743744186 ] ] ] } },
{ "type": "Feature", "properties": { "DN": 5 }, "geometry": { "type": "Polygon", "coordinates": [ [ [ -77.245142806360761, 2.048509743744186 ], [ -77.245142806360761, 2.03481213927907 ], [ -77.204049992974674, 2.03481213927907 ], [ -77.204049992974674, 2.048509743744186 ], [ -77.245142806360761, 2.048509743744186 ] ] ] } },
{ "type": "Feature", "properties": { "DN": 5 }, "geometry": { "type": "Polygon", "coordinates": [ [ [ -76.916400299272155, 2.048509743744186 ], [ -76.916400299272155, 2.03481213927907 ], [ -76.889005090348093, 2.03481213927907 ], [ -76.889005090348093, 2.048509743744186 ], [ -76.916400299272155, 2.048509743744186 ] ] ] } },
{ "type": "Feature", "properties": { "DN": 3 }, "geometry": { "type": "Polygon", "coordinates": [ [ [ -76.889005090348093, 2.048509743744186 ], [ -76.889005090348093, 2.03481213927907 ], [ -76.875307485886069, 2.03481213927907 ], [ -76.875307485886069, 2.048509743744186 ], [ -76.889005090348093, 2.048509743744186 ] ] ] } },
{ "type": "Feature", "properties": { "DN": 5 }, "geometry": { "type": "Polygon", "coordinates": [ [ [ -77.286235619746833, 2.048509743744186 ], [ -77.286235619746833, 2.021114534813954 ], [ -77.272538015284809, 2.021114534813954 ], [ -77.272538015284809, 2.048509743744186 ], [ -77.286235619746833, 2.048509743744186 ] ] ] } },
{ "type": "Feature", "properties": { "DN": 3 }, "geometry": { "type": "Polygon", "coordinates": [ [ [ -77.299933224208857, 2.03481213927907 ], [ -77.299933224208857, 2.021114534813954 ], [ -77.286235619746833, 2.021114534813954 ], [ -77.286235619746833, 2.03481213927907 ], [ -77.299933224208857, 2.03481213927907 ] ] ] } },
{ "type": "Feature", "properties": { "DN": 4 }, "geometry": { "type": "Polygon", "coordinates": [ [ [ -76.793121859113924, 2.03481213927907 ], [ -76.793121859113924, 2.021114534813954 ], [ -76.7794242546519, 2.021114534813954 ], [ -76.7794242546519, 2.03481213927907 ], [ -76.793121859113924, 2.03481213927907 ] ] ] } },
{ "type": "Feature", "properties": { "DN": 7 }, "geometry": { "type": "Polygon", "coordinates": [ [ [ -77.258840410822785, 2.03481213927907 ], [ -77.258840410822785, 2.007416930348837 ], [ -77.245142806360761, 2.007416930348837 ], [ -77.245142806360761, 2.03481213927907 ], [ -77.258840410822785, 2.03481213927907 ] ] ] } },
{ "type": "Feature", "properties": { "DN": 7 }, "geometry": { "type": "Polygon", "coordinates": [ [ [ -77.19035238851265, 2.03481213927907 ], [ -77.19035238851265, 2.021114534813954 ], [ -77.176654784050626, 2.021114534813954 ], [ -77.176654784050626, 2.007416930348837 ], [ -77.162957179588602, 2.007416930348837 ], [ -77.162957179588602, 2.03481213927907 ], [ -77.19035238851265, 2.03481213927907 ] ] ] } },
{ "type": "Feature", "properties": { "DN": 6 }, "geometry": { "type": "Polygon", "coordinates": [ [ [ -76.998585926044299, 2.349857041976744 ], [ -76.998585926044299, 2.336159437511628 ], [ -76.984888321582275, 2.336159437511628 ], [ -76.984888321582275, 2.308764228581396 ], [ -76.998585926044299, 2.308764228581396 ], [ -76.998585926044299, 2.295066624116279 ], [ -77.012283530506323, 2.295066624116279 ], [ -77.012283530506323, 2.281369019651163 ], [ -77.039678739430371, 2.281369019651163 ], [ -77.039678739430371, 2.267671415186046 ], [ -77.053376343892396, 2.267671415186046 ], [ -77.053376343892396, 2.295066624116279 ], [ -77.067073948354434, 2.295066624116279 ], [ -77.067073948354434, 2.267671415186046 ], [ -77.080771552816458, 2.267671415186046 ], [ -77.080771552816458, 2.253973810720931 ], [ -77.108166761740506, 2.253973810720931 ], [ -77.108166761740506, 2.240276206255814 ], [ -77.080771552816458, 2.240276206255814 ], [ -77.080771552816458, 2.226578601790698 ], [ -77.094469157278482, 2.226578601790698 ], [ -77.094469157278482, 2.212880997325581 ], [ -77.108166761740506, 2.212880997325581 ], [ -77.108166761740506, 2.171788183930233 ], [ -77.135561970664554, 2.171788183930233 ], [ -77.135561970664554, 2.158090579465116 ], [ -77.149259575126578, 2.158090579465116 ], [ -77.149259575126578, 2.144392975 ], [ -77.12186436620253, 2.144392975 ], [ -77.12186436620253, 2.116997766069768 ], [ -77.135561970664554, 2.116997766069768 ], [ -77.135561970664554, 2.103300161604651 ], [ -77.149259575126578, 2.103300161604651 ], [ -77.149259575126578, 2.130695370534884 ], [ -77.162957179588602, 2.130695370534884 ], [ -77.162957179588602, 2.103300161604651 ], [ -77.176654784050626, 2.103300161604651 ], [ -77.176654784050626, 2.089602557139535 ], [ -77.19035238851265, 2.089602557139535 ], [ -77.19035238851265, 2.048509743744186 ], [ -77.204049992974674, 2.048509743744186 ], [ -77.204049992974674, 2.03481213927907 ], [ -77.245142806360761, 2.03481213927907 ], [ -77.245142806360761, 2.048509743744186 ], [ -77.231445201898737, 2.048509743744186 ], [ -77.231445201898737, 2.089602557139535 ], [ -77.245142806360761, 2.089602557139535 ], [ -77.245142806360761, 2.062207348209302 ], [ -77.258840410822785, 2.062207348209302 ], [ -77.258840410822785, 2.048509743744186 ], [ -77.272538015284809, 2.048509743744186 ], [ -77.272538015284809, 1.993719325883721 ], [ -77.217747597436698, 1.993719325883721 ], [ -77.217747597436698, 2.007416930348837 ], [ -77.204049992974674, 2.007416930348837 ], [ -77.204049992974674, 2.021114534813954 ], [ -77.19035238851265, 2.021114534813954 ], [ -77.19035238851265, 2.03481213927907 ], [ -77.162957179588602, 2.03481213927907 ], [ -77.162957179588602, 2.048509743744186 ], [ -77.176654784050626, 2.048509743744186 ], [ -77.176654784050626, 2.062207348209302 ], [ -77.162957179588602, 2.062207348209302 ], [ -77.162957179588602, 2.075904952674419 ], [ -77.149259575126578, 2.075904952674419 ], [ -77.149259575126578, 2.089602557139535 ], [ -77.108166761740506, 2.089602557139535 ], [ -77.108166761740506, 2.158090579465116 ], [ -77.080771552816458, 2.158090579465116 ], [ -77.080771552816458, 2.199183392860465 ], [ -77.067073948354434, 2.199183392860465 ], [ -77.067073948354434, 2.226578601790698 ], [ -77.053376343892396, 2.226578601790698 ], [ -77.053376343892396, 2.240276206255814 ], [ -77.039678739430371, 2.240276206255814 ], [ -77.039678739430371, 2.226578601790698 ], [ -77.025981134968347, 2.226578601790698 ], [ -77.025981134968347, 2.240276206255814 ], [ -77.012283530506323, 2.240276206255814 ], [ -77.012283530506323, 2.226578601790698 ], [ -76.998585926044299, 2.226578601790698 ], [ -76.998585926044299, 2.253973810720931 ], [ -76.984888321582275, 2.253973810720931 ], [ -76.984888321582275, 2.295066624116279 ], [ -76.971190717120251, 2.295066624116279 ], [ -76.971190717120251, 2.281369019651163 ], [ -76.943795508196203, 2.281369019651163 ], [ -76.943795508196203, 2.295066624116279 ], [ -76.957493112658227, 2.295066624116279 ], [ -76.957493112658227, 2.349857041976744 ], [ -76.998585926044299, 2.349857041976744 ] ], [ [ -77.258840410822785, 2.03481213927907 ], [ -77.245142806360761, 2.03481213927907 ], [ -77.245142806360761, 2.007416930348837 ], [ -77.258840410822785, 2.007416930348837 ], [ -77.258840410822785, 2.03481213927907 ] ] ] } },
{ "type": "Feature", "properties": { "DN": 2 }, "geometry": { "type": "Polygon", "coordinates": [ [ [ -76.820517068037972, 2.021114534813954 ], [ -76.820517068037972, 2.007416930348837 ], [ -76.834214672499996, 2.007416930348837 ], [ -76.834214672499996, 1.993719325883721 ], [ -76.7794242546519, 1.993719325883721 ], [ -76.7794242546519, 2.007416930348837 ], [ -76.806819463575948, 2.007416930348837 ], [ -76.806819463575948, 2.021114534813954 ], [ -76.820517068037972, 2.021114534813954 ] ] ] } },
{ "type": "Feature", "properties": { "DN": 7 }, "geometry": { "type": "Polygon", "coordinates": [ [ [ -77.204049992974674, 2.021114534813954 ], [ -77.204049992974674, 2.007416930348837 ], [ -77.217747597436698, 2.007416930348837 ], [ -77.217747597436698, 1.980021721418605 ], [ -77.19035238851265, 1.980021721418605 ], [ -77.19035238851265, 2.021114534813954 ], [ -77.204049992974674, 2.021114534813954 ] ] ] } },
{ "type": "Feature", "properties": { "DN": 2 }, "geometry": { "type": "Polygon", "coordinates": [ [ [ -76.84791227696202, 1.993719325883721 ], [ -76.84791227696202, 1.980021721418605 ], [ -76.834214672499996, 1.980021721418605 ], [ -76.834214672499996, 1.993719325883721 ], [ -76.84791227696202, 1.993719325883721 ] ] ] } },
{ "type": "Feature", "properties": { "DN": 5 }, "geometry": { "type": "Polygon", "coordinates": [ [ [ -76.930097903734179, 2.03481213927907 ], [ -76.930097903734179, 2.021114534813954 ], [ -76.943795508196203, 2.021114534813954 ], [ -76.943795508196203, 2.007416930348837 ], [ -76.957493112658227, 2.007416930348837 ], [ -76.957493112658227, 1.993719325883721 ], [ -76.930097903734179, 1.993719325883721 ], [ -76.930097903734179, 1.966324116953488 ], [ -76.916400299272155, 1.966324116953488 ], [ -76.916400299272155, 1.993719325883721 ], [ -76.902702694810117, 1.993719325883721 ], [ -76.902702694810117, 2.007416930348837 ], [ -76.916400299272155, 2.007416930348837 ], [ -76.916400299272155, 2.03481213927907 ], [ -76.930097903734179, 2.03481213927907 ] ] ] } },
{ "type": "Feature", "properties": { "DN": 3 }, "geometry": { "type": "Polygon", "coordinates": [ [ [ -76.738331441265814, 1.980021721418605 ], [ -76.738331441265814, 1.966324116953488 ], [ -76.72463383680379, 1.966324116953488 ], [ -76.72463383680379, 1.980021721418605 ], [ -76.738331441265814, 1.980021721418605 ] ] ] } },
{ "type": "Feature", "properties": { "DN": 8 }, "geometry": { "type": "Polygon", "coordinates": [ [ [ -77.12186436620253, 1.952626512488372 ], [ -77.12186436620253, 1.938928908023256 ], [ -77.108166761740506, 1.938928908023256 ], [ -77.108166761740506, 1.952626512488372 ], [ -77.12186436620253, 1.952626512488372 ] ] ] } },
{ "type": "Feature", "properties": { "DN": 7 }, "geometry": { "type": "Polygon", "coordinates": [ [ [ -76.957493112658227, 1.952626512488372 ], [ -76.957493112658227, 1.938928908023256 ], [ -76.930097903734179, 1.938928908023256 ], [ -76.930097903734179, 1.952626512488372 ], [ -76.957493112658227, 1.952626512488372 ] ] ] } },
{ "type": "Feature", "properties": { "DN": 2 }, "geometry": { "type": "Polygon", "coordinates": [ [ [ -76.806819463575948, 1.952626512488372 ], [ -76.806819463575948, 1.938928908023256 ], [ -76.793121859113924, 1.938928908023256 ], [ -76.793121859113924, 1.952626512488372 ], [ -76.806819463575948, 1.952626512488372 ] ] ] } },
{ "type": "Feature", "properties": { "DN": 8 }, "geometry": { "type": "Polygon", "coordinates": [ [ [ -77.039678739430371, 2.199183392860465 ], [ -77.039678739430371, 2.171788183930233 ], [ -77.067073948354434, 2.171788183930233 ], [ -77.067073948354434, 2.144392975 ], [ -77.080771552816458, 2.144392975 ], [ -77.080771552816458, 2.116997766069768 ], [ -77.094469157278482, 2.116997766069768 ], [ -77.094469157278482, 2.089602557139535 ], [ -77.108166761740506, 2.089602557139535 ], [ -77.108166761740506, 2.075904952674419 ], [ -77.12186436620253, 2.075904952674419 ], [ -77.12186436620253, 2.048509743744186 ], [ -77.162957179588602, 2.048509743744186 ], [ -77.162957179588602, 2.007416930348837 ], [ -77.176654784050626, 2.007416930348837 ], [ -77.176654784050626, 2.021114534813954 ], [ -77.19035238851265, 2.021114534813954 ], [ -77.19035238851265, 1.980021721418605 ], [ -77.204049992974674, 1.980021721418605 ], [ -77.204049992974674, 1.938928908023256 ], [ -77.217747597436698, 1.938928908023256 ], [ -77.217747597436698, 1.92523130355814 ], [ -77.19035238851265, 1.92523130355814 ], [ -77.19035238851265, 1.911533699093023 ], [ -77.162957179588602, 1.911533699093023 ], [ -77.162957179588602, 1.92523130355814 ], [ -77.149259575126578, 1.92523130355814 ], [ -77.149259575126578, 1.952626512488372 ], [ -77.12186436620253, 1.952626512488372 ], [ -77.12186436620253, 1.966324116953488 ], [ -77.135561970664554, 1.966324116953488 ], [ -77.135561970664554, 1.993719325883721 ], [ -77.149259575126578, 1.993719325883721 ], [ -77.149259575126578, 2.007416930348837 ], [ -77.108166761740506, 2.007416930348837 ], [ -77.108166761740506, 2.021114534813954 ], [ -77.094469157278482, 2.021114534813954 ], [ -77.094469157278482, 2.03481213927907 ], [ -77.080771552816458, 2.03481213927907 ], [ -77.080771552816458, 2.048509743744186 ], [ -77.067073948354434, 2.048509743744186 ], [ -77.067073948354434, 2.062207348209302 ], [ -77.053376343892396, 2.062207348209302 ], [ -77.053376343892396, 2.075904952674419 ], [ -77.039678739430371, 2.075904952674419 ], [ -77.039678739430371, 2.089602557139535 ], [ -77.025981134968347, 2.089602557139535 ], [ -77.025981134968347, 2.116997766069768 ], [ -77.012283530506323, 2.116997766069768 ], [ -77.012283530506323, 2.158090579465116 ], [ -76.998585926044299, 2.158090579465116 ], [ -76.998585926044299, 2.171788183930233 ], [ -77.025981134968347, 2.171788183930233 ], [ -77.025981134968347, 2.199183392860465 ], [ -77.039678739430371, 2.199183392860465 ] ] ] } },
{ "type": "Feature", "properties": { "DN": 8 }, "geometry": { "type": "Polygon", "coordinates": [ [ [ -77.231445201898737, 1.92523130355814 ], [ -77.231445201898737, 1.911533699093023 ], [ -77.217747597436698, 1.911533699093023 ], [ -77.217747597436698, 1.92523130355814 ], [ -77.231445201898737, 1.92523130355814 ] ] ] } },
{ "type": "Feature", "properties": { "DN": 8 }, "geometry": { "type": "Polygon", "coordinates": [ [ [ -77.245142806360761, 1.911533699093023 ], [ -77.245142806360761, 1.884138490162791 ], [ -77.231445201898737, 1.884138490162791 ], [ -77.231445201898737, 1.911533699093023 ], [ -77.245142806360761, 1.911533699093023 ] ] ] } },
{ "type": "Feature", "properties": { "DN": 8 }, "geometry": { "type": "Polygon", "coordinates": [ [ [ -77.258840410822785, 1.884138490162791 ], [ -77.258840410822785, 1.870440885697675 ], [ -77.245142806360761, 1.870440885697675 ], [ -77.245142806360761, 1.884138490162791 ], [ -77.258840410822785, 1.884138490162791 ] ] ] } },
{ "type": "Feature", "properties": { "DN": 6 }, "geometry": { "type": "Polygon", "coordinates": [ [ [ -76.889005090348093, 1.884138490162791 ], [ -76.889005090348093, 1.870440885697675 ], [ -76.875307485886069, 1.870440885697675 ], [ -76.875307485886069, 1.884138490162791 ], [ -76.889005090348093, 1.884138490162791 ] ] ] } },
{ "type": "Feature", "properties": { "DN": 5 }, "geometry": { "type": "Polygon", "coordinates": [ [ [ -76.916400299272155, 1.966324116953488 ], [ -76.916400299272155, 1.952626512488372 ], [ -76.902702694810117, 1.952626512488372 ], [ -76.902702694810117, 1.92523130355814 ], [ -76.889005090348093, 1.92523130355814 ], [ -76.889005090348093, 1.897836094627907 ], [ -76.930097903734179, 1.897836094627907 ], [ -76.930097903734179, 1.911533699093023 ], [ -76.916400299272155, 1.911533699093023 ], [ -76.916400299272155, 1.92523130355814 ], [ -76.943795508196203, 1.92523130355814 ], [ -76.943795508196203, 1.911533699093023 ], [ -76.957493112658227, 1.911533699093023 ], [ -76.957493112658227, 1.897836094627907 ], [ -76.971190717120251, 1.897836094627907 ], [ -76.971190717120251, 1.884138490162791 ], [ -76.984888321582275, 1.884138490162791 ], [ -76.984888321582275, 1.870440885697675 ], [ -76.957493112658227, 1.870440885697675 ], [ -76.957493112658227, 1.884138490162791 ], [ -76.943795508196203, 1.884138490162791 ], [ -76.943795508196203, 1.870440885697675 ], [ -76.902702694810117, 1.870440885697675 ], [ -76.902702694810117, 1.856743281232558 ], [ -76.889005090348093, 1.856743281232558 ], [ -76.889005090348093, 1.884138490162791 ], [ -76.875307485886069, 1.884138490162791 ], [ -76.875307485886069, 1.856743281232558 ], [ -76.861609881424044, 1.856743281232558 ], [ -76.861609881424044, 1.843045676767442 ], [ -76.84791227696202, 1.843045676767442 ], [ -76.84791227696202, 1.856743281232558 ], [ -76.820517068037972, 1.856743281232558 ], [ -76.820517068037972, 1.870440885697675 ], [ -76.861609881424044, 1.870440885697675 ], [ -76.861609881424044, 1.897836094627907 ], [ -76.834214672499996, 1.897836094627907 ], [ -76.834214672499996, 1.911533699093023 ], [ -76.861609881424044, 1.911533699093023 ], [ -76.861609881424044, 1.938928908023256 ], [ -76.889005090348093, 1.938928908023256 ], [ -76.889005090348093, 1.966324116953488 ], [ -76.916400299272155, 1.966324116953488 ] ] ] } },
{ "type": "Feature", "properties": { "DN": 8 }, "geometry": { "type": "Polygon", "coordinates": [ [ [ -77.286235619746833, 1.856743281232558 ], [ -77.286235619746833, 1.843045676767442 ], [ -77.272538015284809, 1.843045676767442 ], [ -77.272538015284809, 1.856743281232558 ], [ -77.286235619746833, 1.856743281232558 ] ] ] } },
{ "type": "Feature", "properties": { "DN": 5 }, "geometry": { "type": "Polygon", "coordinates": [ [ [ -76.984888321582275, 1.856743281232558 ], [ -76.984888321582275, 1.843045676767442 ], [ -76.971190717120251, 1.843045676767442 ], [ -76.971190717120251, 1.856743281232558 ], [ -76.984888321582275, 1.856743281232558 ] ] ] } },
{ "type": "Feature", "properties": { "DN": 7 }, "geometry": { "type": "Polygon", "coordinates": [ [ [ -77.039678739430371, 1.843045676767442 ], [ -77.039678739430371, 1.815650467837209 ], [ -77.025981134968347, 1.815650467837209 ], [ -77.025981134968347, 1.829348072302326 ], [ -76.998585926044299, 1.829348072302326 ], [ -76.998585926044299, 1.843045676767442 ], [ -77.039678739430371, 1.843045676767442 ] ] ] } },
{ "type": "Feature", "properties": { "DN": 8 }, "geometry": { "type": "Polygon", "coordinates": [ [ [ -77.299933224208857, 1.829348072302326 ], [ -77.299933224208857, 1.815650467837209 ], [ -77.286235619746833, 1.815650467837209 ], [ -77.286235619746833, 1.829348072302326 ], [ -77.299933224208857, 1.829348072302326 ] ] ] } },
{ "type": "Feature", "properties": { "DN": 8 }, "geometry": { "type": "Polygon", "coordinates": [ [ [ -77.272538015284809, 1.815650467837209 ], [ -77.272538015284809, 1.801952863372093 ], [ -77.258840410822785, 1.801952863372093 ], [ -77.258840410822785, 1.815650467837209 ], [ -77.272538015284809, 1.815650467837209 ] ] ] } },
{ "type": "Feature", "properties": { "DN": 4 }, "geometry": { "type": "Polygon", "coordinates": [ [ [ -77.012283530506323, 1.815650467837209 ], [ -77.012283530506323, 1.801952863372093 ], [ -76.998585926044299, 1.801952863372093 ], [ -76.998585926044299, 1.815650467837209 ], [ -77.012283530506323, 1.815650467837209 ] ] ] } },
{ "type": "Feature", "properties": { "DN": 8 }, "geometry": { "type": "Polygon", "coordinates": [ [ [ -77.299933224208857, 1.801952863372093 ], [ -77.299933224208857, 1.788255258906977 ], [ -77.272538015284809, 1.788255258906977 ], [ -77.272538015284809, 1.801952863372093 ], [ -77.299933224208857, 1.801952863372093 ] ] ] } },
{ "type": "Feature", "properties": { "DN": 2 }, "geometry": { "type": "Polygon", "coordinates": [ [ [ -76.573960187721511, 1.801952863372093 ], [ -76.573960187721511, 1.788255258906977 ], [ -76.560262583259487, 1.788255258906977 ], [ -76.560262583259487, 1.801952863372093 ], [ -76.573960187721511, 1.801952863372093 ] ] ] } },
{ "type": "Feature", "properties": { "DN": 2 }, "geometry": { "type": "Polygon", "coordinates": [ [ [ -76.094544031550626, 3.171713309883721 ], [ -76.094544031550626, 3.158015705418605 ], [ -76.121939240474674, 3.158015705418605 ], [ -76.121939240474674, 3.130620496488372 ], [ -76.135636844936698, 3.130620496488372 ], [ -76.135636844936698, 3.116922892023256 ], [ -76.149334449398737, 3.116922892023256 ], [ -76.149334449398737, 3.048434869697675 ], [ -76.121939240474674, 3.048434869697675 ], [ -76.121939240474674, 3.021039660767442 ], [ -76.135636844936698, 3.021039660767442 ], [ -76.135636844936698, 2.979946847372093 ], [ -76.149334449398737, 2.979946847372093 ], [ -76.149334449398737, 2.99364445183721 ], [ -76.163032053860761, 2.99364445183721 ], [ -76.163032053860761, 2.979946847372093 ], [ -76.190427262784809, 2.979946847372093 ], [ -76.190427262784809, 2.95255163844186 ], [ -76.176729658322785, 2.95255163844186 ], [ -76.176729658322785, 2.938854033976744 ], [ -76.163032053860761, 2.938854033976744 ], [ -76.163032053860761, 2.925156429511628 ], [ -76.176729658322785, 2.925156429511628 ], [ -76.176729658322785, 2.911458825046512 ], [ -76.231520076170881, 2.911458825046512 ], [ -76.231520076170881, 2.925156429511628 ], [ -76.245217680632905, 2.925156429511628 ], [ -76.245217680632905, 2.870366011651163 ], [ -76.258915285094929, 2.870366011651163 ], [ -76.258915285094929, 2.829273198255814 ], [ -76.272612889556953, 2.829273198255814 ], [ -76.272612889556953, 2.815575593790698 ], [ -76.286310494018977, 2.815575593790698 ], [ -76.286310494018977, 2.774482780395349 ], [ -76.300008098481015, 2.774482780395349 ], [ -76.300008098481015, 2.733389967 ], [ -76.286310494018977, 2.733389967 ], [ -76.286310494018977, 2.719692362534884 ], [ -76.300008098481015, 2.719692362534884 ], [ -76.300008098481015, 2.705994758069767 ], [ -76.313705702943039, 2.705994758069767 ], [ -76.313705702943039, 2.733389967 ], [ -76.327403307405064, 2.733389967 ], [ -76.327403307405064, 2.705994758069767 ], [ -76.354798516329112, 2.705994758069767 ], [ -76.354798516329112, 2.692297153604651 ], [ -76.327403307405064, 2.692297153604651 ], [ -76.327403307405064, 2.678599549139535 ], [ -76.313705702943039, 2.678599549139535 ], [ -76.313705702943039, 2.651204340209302 ], [ -76.327403307405064, 2.651204340209302 ], [ -76.327403307405064, 2.610111526813954 ], [ -76.341100911867088, 2.610111526813954 ], [ -76.341100911867088, 2.582716317883721 ], [ -76.368496120791136, 2.582716317883721 ], [ -76.368496120791136, 2.555321108953489 ], [ -76.354798516329112, 2.555321108953489 ], [ -76.354798516329112, 2.541623504488372 ], [ -76.368496120791136, 2.541623504488372 ], [ -76.368496120791136, 2.51422829555814 ], [ -76.38219372525316, 2.51422829555814 ], [ -76.38219372525316, 2.500530691093023 ], [ -76.368496120791136, 2.500530691093023 ], [ -76.368496120791136, 2.486833086627907 ], [ -76.395891329715184, 2.486833086627907 ], [ -76.395891329715184, 2.459437877697674 ], [ -76.409588934177208, 2.459437877697674 ], [ -76.409588934177208, 2.404647459837209 ], [ -76.423286538639232, 2.404647459837209 ], [ -76.423286538639232, 2.390949855372093 ], [ -76.436984143101256, 2.390949855372093 ], [ -76.436984143101256, 2.377252250906977 ], [ -76.450681747563294, 2.377252250906977 ], [ -76.450681747563294, 2.349857041976744 ], [ -76.464379352025318, 2.349857041976744 ], [ -76.464379352025318, 2.322461833046512 ], [ -76.491774560949366, 2.322461833046512 ], [ -76.491774560949366, 2.336159437511628 ], [ -76.505472165411391, 2.336159437511628 ], [ -76.505472165411391, 2.295066624116279 ], [ -76.532867374335439, 2.295066624116279 ], [ -76.532867374335439, 2.308764228581396 ], [ -76.546564978797463, 2.308764228581396 ], [ -76.546564978797463, 2.295066624116279 ], [ -76.573960187721511, 2.295066624116279 ], [ -76.573960187721511, 2.253973810720931 ], [ -76.587657792183535, 2.253973810720931 ], [ -76.587657792183535, 2.171788183930233 ], [ -76.601355396645573, 2.171788183930233 ], [ -76.601355396645573, 2.185485788395349 ], [ -76.642448210031645, 2.185485788395349 ], [ -76.642448210031645, 2.158090579465116 ], [ -76.656145814493669, 2.158090579465116 ], [ -76.656145814493669, 2.130695370534884 ], [ -76.642448210031645, 2.130695370534884 ], [ -76.642448210031645, 2.116997766069768 ], [ -76.628750605569621, 2.116997766069768 ], [ -76.628750605569621, 2.103300161604651 ], [ -76.656145814493669, 2.103300161604651 ], [ -76.656145814493669, 2.089602557139535 ], [ -76.628750605569621, 2.089602557139535 ], [ -76.628750605569621, 2.075904952674419 ], [ -76.656145814493669, 2.075904952674419 ], [ -76.656145814493669, 2.062207348209302 ], [ -76.628750605569621, 2.062207348209302 ], [ -76.628750605569621, 2.048509743744186 ], [ -76.656145814493669, 2.048509743744186 ], [ -76.656145814493669, 2.03481213927907 ], [ -76.669843418955693, 2.03481213927907 ], [ -76.669843418955693, 2.103300161604651 ], [ -76.683541023417717, 2.103300161604651 ], [ -76.683541023417717, 2.116997766069768 ], [ -76.697238627879742, 2.116997766069768 ], [ -76.697238627879742, 2.103300161604651 ], [ -76.710936232341766, 2.103300161604651 ], [ -76.710936232341766, 2.075904952674419 ], [ -76.697238627879742, 2.075904952674419 ], [ -76.697238627879742, 2.048509743744186 ], [ -76.710936232341766, 2.048509743744186 ], [ -76.710936232341766, 2.062207348209302 ], [ -76.72463383680379, 2.062207348209302 ], [ -76.72463383680379, 2.048509743744186 ], [ -76.738331441265814, 2.048509743744186 ], [ -76.738331441265814, 1.980021721418605 ], [ -76.7794242546519, 1.980021721418605 ], [ -76.7794242546519, 1.966324116953488 ], [ -76.793121859113924, 1.966324116953488 ], [ -76.793121859113924, 1.952626512488372 ], [ -76.752029045727838, 1.952626512488372 ], [ -76.752029045727838, 1.92523130355814 ], [ -76.710936232341766, 1.92523130355814 ], [ -76.710936232341766, 1.897836094627907 ], [ -76.72463383680379, 1.897836094627907 ], [ -76.72463383680379, 1.843045676767442 ], [ -76.738331441265814, 1.843045676767442 ], [ -76.738331441265814, 1.815650467837209 ], [ -76.72463383680379, 1.815650467837209 ], [ -76.72463383680379, 1.788255258906977 ], [ -76.710936232341766, 1.788255258906977 ], [ -76.710936232341766, 1.829348072302326 ], [ -76.697238627879742, 1.829348072302326 ], [ -76.697238627879742, 1.815650467837209 ], [ -76.683541023417717, 1.815650467837209 ], [ -76.683541023417717, 1.801952863372093 ], [ -76.656145814493669, 1.801952863372093 ], [ -76.656145814493669, 1.788255258906977 ], [ -76.642448210031645, 1.788255258906977 ], [ -76.642448210031645, 1.774557654441861 ], [ -76.628750605569621, 1.774557654441861 ], [ -76.628750605569621, 1.801952863372093 ], [ -76.615053001107597, 1.801952863372093 ], [ -76.615053001107597, 1.815650467837209 ], [ -76.601355396645573, 1.815650467837209 ], [ -76.601355396645573, 1.829348072302326 ], [ -76.560262583259487, 1.829348072302326 ], [ -76.560262583259487, 1.815650467837209 ], [ -76.532867374335439, 1.815650467837209 ], [ -76.532867374335439, 1.788255258906977 ], [ -76.505472165411391, 1.788255258906977 ], [ -76.505472165411391, 1.801952863372093 ], [ -76.491774560949366, 1.801952863372093 ], [ -76.491774560949366, 1.829348072302326 ], [ -76.546564978797463, 1.829348072302326 ], [ -76.546564978797463, 1.843045676767442 ], [ -76.573960187721511, 1.843045676767442 ], [ -76.573960187721511, 1.856743281232558 ], [ -76.587657792183535, 1.856743281232558 ], [ -76.587657792183535, 1.92523130355814 ], [ -76.615053001107597, 1.92523130355814 ], [ -76.615053001107597, 1.952626512488372 ], [ -76.628750605569621, 1.952626512488372 ], [ -76.628750605569621, 1.980021721418605 ], [ -76.615053001107597, 1.980021721418605 ], [ -76.615053001107597, 1.993719325883721 ], [ -76.601355396645573, 1.993719325883721 ], [ -76.601355396645573, 2.007416930348837 ], [ -76.573960187721511, 2.007416930348837 ], [ -76.573960187721511, 2.03481213927907 ], [ -76.587657792183535, 2.03481213927907 ], [ -76.587657792183535, 2.048509743744186 ], [ -76.573960187721511, 2.048509743744186 ], [ -76.573960187721511, 2.075904952674419 ], [ -76.587657792183535, 2.075904952674419 ], [ -76.587657792183535, 2.116997766069768 ], [ -76.573960187721511, 2.116997766069768 ], [ -76.573960187721511, 2.130695370534884 ], [ -76.560262583259487, 2.130695370534884 ], [ -76.560262583259487, 2.144392975 ], [ -76.546564978797463, 2.144392975 ], [ -76.546564978797463, 2.130695370534884 ], [ -76.478076956487342, 2.130695370534884 ], [ -76.478076956487342, 2.103300161604651 ], [ -76.450681747563294, 2.103300161604651 ], [ -76.450681747563294, 2.116997766069768 ], [ -76.423286538639232, 2.116997766069768 ], [ -76.423286538639232, 2.144392975 ], [ -76.436984143101256, 2.144392975 ], [ -76.436984143101256, 2.185485788395349 ], [ -76.423286538639232, 2.185485788395349 ], [ -76.423286538639232, 2.199183392860465 ], [ -76.395891329715184, 2.199183392860465 ], [ -76.395891329715184, 2.253973810720931 ], [ -76.38219372525316, 2.253973810720931 ], [ -76.38219372525316, 2.322461833046512 ], [ -76.368496120791136, 2.322461833046512 ], [ -76.368496120791136, 2.336159437511628 ], [ -76.354798516329112, 2.336159437511628 ], [ -76.354798516329112, 2.404647459837209 ], [ -76.341100911867088, 2.404647459837209 ], [ -76.341100911867088, 2.390949855372093 ], [ -76.300008098481015, 2.390949855372093 ], [ -76.300008098481015, 2.349857041976744 ], [ -76.245217680632905, 2.349857041976744 ], [ -76.245217680632905, 2.336159437511628 ], [ -76.217822471708857, 2.336159437511628 ], [ -76.217822471708857, 2.322461833046512 ], [ -76.204124867246833, 2.322461833046512 ], [ -76.204124867246833, 2.336159437511628 ], [ -76.176729658322785, 2.336159437511628 ], [ -76.176729658322785, 2.363554646441861 ], [ -76.149334449398737, 2.363554646441861 ], [ -76.149334449398737, 2.377252250906977 ], [ -76.163032053860761, 2.377252250906977 ], [ -76.163032053860761, 2.404647459837209 ], [ -76.149334449398737, 2.404647459837209 ], [ -76.149334449398737, 2.418345064302326 ], [ -76.135636844936698, 2.418345064302326 ], [ -76.135636844936698, 2.445740273232558 ], [ -76.163032053860761, 2.445740273232558 ], [ -76.163032053860761, 2.473135482162791 ], [ -76.149334449398737, 2.473135482162791 ], [ -76.149334449398737, 2.486833086627907 ], [ -76.135636844936698, 2.486833086627907 ], [ -76.135636844936698, 2.51422829555814 ], [ -76.121939240474674, 2.51422829555814 ], [ -76.121939240474674, 2.527925900023256 ], [ -76.135636844936698, 2.527925900023256 ], [ -76.135636844936698, 2.582716317883721 ], [ -76.163032053860761, 2.582716317883721 ], [ -76.163032053860761, 2.596413922348837 ], [ -76.135636844936698, 2.596413922348837 ], [ -76.135636844936698, 2.610111526813954 ], [ -76.121939240474674, 2.610111526813954 ], [ -76.121939240474674, 2.637506735744186 ], [ -76.094544031550626, 2.637506735744186 ], [ -76.094544031550626, 2.651204340209302 ], [ -76.067148822626578, 2.651204340209302 ], [ -76.067148822626578, 2.664901944674419 ], [ -76.080846427088602, 2.664901944674419 ], [ -76.080846427088602, 2.678599549139535 ], [ -76.094544031550626, 2.678599549139535 ], [ -76.094544031550626, 2.705994758069767 ], [ -76.121939240474674, 2.705994758069767 ], [ -76.121939240474674, 2.719692362534884 ], [ -76.163032053860761, 2.719692362534884 ], [ -76.163032053860761, 2.705994758069767 ], [ -76.176729658322785, 2.705994758069767 ], [ -76.176729658322785, 2.733389967 ], [ -76.149334449398737, 2.733389967 ], [ -76.149334449398737, 2.788180384860465 ], [ -76.094544031550626, 2.788180384860465 ], [ -76.094544031550626, 2.829273198255814 ], [ -76.10824163601265, 2.829273198255814 ], [ -76.10824163601265, 2.84297080272093 ], [ -76.094544031550626, 2.84297080272093 ], [ -76.094544031550626, 2.856668407186047 ], [ -76.080846427088602, 2.856668407186047 ], [ -76.080846427088602, 2.925156429511628 ], [ -76.067148822626578, 2.925156429511628 ], [ -76.067148822626578, 2.884063616116279 ], [ -76.053451218164554, 2.884063616116279 ], [ -76.053451218164554, 2.897761220581395 ], [ -76.03975361370253, 2.897761220581395 ], [ -76.03975361370253, 2.925156429511628 ], [ -76.053451218164554, 2.925156429511628 ], [ -76.053451218164554, 2.938854033976744 ], [ -76.03975361370253, 2.938854033976744 ], [ -76.03975361370253, 2.95255163844186 ], [ -76.053451218164554, 2.95255163844186 ], [ -76.053451218164554, 2.966249242906977 ], [ -76.067148822626578, 2.966249242906977 ], [ -76.067148822626578, 2.99364445183721 ], [ -76.094544031550626, 2.99364445183721 ], [ -76.094544031550626, 2.979946847372093 ], [ -76.121939240474674, 2.979946847372093 ], [ -76.121939240474674, 2.99364445183721 ], [ -76.10824163601265, 2.99364445183721 ], [ -76.10824163601265, 3.007342056302326 ], [ -76.094544031550626, 3.007342056302326 ], [ -76.094544031550626, 3.048434869697675 ], [ -76.080846427088602, 3.048434869697675 ], [ -76.080846427088602, 3.075830078627907 ], [ -76.10824163601265, 3.075830078627907 ], [ -76.10824163601265, 3.062132474162791 ], [ -76.135636844936698, 3.062132474162791 ], [ -76.135636844936698, 3.075830078627907 ], [ -76.121939240474674, 3.075830078627907 ], [ -76.121939240474674, 3.116922892023256 ], [ -76.10824163601265, 3.116922892023256 ], [ -76.10824163601265, 3.130620496488372 ], [ -76.094544031550626, 3.130620496488372 ], [ -76.094544031550626, 3.144318100953488 ], [ -76.080846427088602, 3.144318100953488 ], [ -76.080846427088602, 3.171713309883721 ], [ -76.094544031550626, 3.171713309883721 ] ], [ [ -76.163032053860761, 2.966249242906977 ], [ -76.094544031550626, 2.966249242906977 ], [ -76.094544031550626, 2.938854033976744 ], [ -76.10824163601265, 2.938854033976744 ], [ -76.10824163601265, 2.925156429511628 ], [ -76.149334449398737, 2.925156429511628 ], [ -76.149334449398737, 2.938854033976744 ], [ -76.135636844936698, 2.938854033976744 ], [ -76.135636844936698, 2.95255163844186 ], [ -76.163032053860761, 2.95255163844186 ], [ -76.163032053860761, 2.966249242906977 ] ], [ [ -76.163032053860761, 2.911458825046512 ], [ -76.10824163601265, 2.911458825046512 ], [ -76.10824163601265, 2.897761220581395 ], [ -76.094544031550626, 2.897761220581395 ], [ -76.094544031550626, 2.884063616116279 ], [ -76.135636844936698, 2.884063616116279 ], [ -76.135636844936698, 2.897761220581395 ], [ -76.149334449398737, 2.897761220581395 ], [ -76.149334449398737, 2.884063616116279 ], [ -76.190427262784809, 2.884063616116279 ], [ -76.190427262784809, 2.897761220581395 ], [ -76.163032053860761, 2.897761220581395 ], [ -76.163032053860761, 2.911458825046512 ] ], [ [ -76.176729658322785, 2.801877989325582 ], [ -76.163032053860761, 2.801877989325582 ], [ -76.163032053860761, 2.788180384860465 ], [ -76.176729658322785, 2.788180384860465 ], [ -76.176729658322785, 2.801877989325582 ] ], [ [ -76.738331441265814, 1.980021721418605 ], [ -76.72463383680379, 1.980021721418605 ], [ -76.72463383680379, 1.966324116953488 ], [ -76.738331441265814, 1.966324116953488 ], [ -76.738331441265814, 1.980021721418605 ] ] ] } },
{ "type": "Feature", "properties": { "DN": 8 }, "geometry": { "type": "Polygon", "coordinates": [ [ [ -77.286235619746833, 1.774557654441861 ], [ -77.286235619746833, 1.760860049976744 ], [ -77.272538015284809, 1.760860049976744 ], [ -77.272538015284809, 1.774557654441861 ], [ -77.286235619746833, 1.774557654441861 ] ] ] } },
{ "type": "Feature", "properties": { "DN": 2 }, "geometry": { "type": "Polygon", "coordinates": [ [ [ -76.72463383680379, 1.774557654441861 ], [ -76.72463383680379, 1.760860049976744 ], [ -76.710936232341766, 1.760860049976744 ], [ -76.710936232341766, 1.774557654441861 ], [ -76.72463383680379, 1.774557654441861 ] ] ] } },
{ "type": "Feature", "properties": { "DN": 2 }, "geometry": { "type": "Polygon", "coordinates": [ [ [ -76.697238627879742, 1.774557654441861 ], [ -76.697238627879742, 1.760860049976744 ], [ -76.669843418955693, 1.760860049976744 ], [ -76.669843418955693, 1.774557654441861 ], [ -76.697238627879742, 1.774557654441861 ] ] ] } },
{ "type": "Feature", "properties": { "DN": 4 }, "geometry": { "type": "Polygon", "coordinates": [ [ [ -76.7794242546519, 3.240201332209303 ], [ -76.7794242546519, 3.226503727744186 ], [ -76.793121859113924, 3.226503727744186 ], [ -76.793121859113924, 3.21280612327907 ], [ -76.820517068037972, 3.21280612327907 ], [ -76.820517068037972, 3.199108518813953 ], [ -76.861609881424044, 3.199108518813953 ], [ -76.861609881424044, 3.171713309883721 ], [ -76.834214672499996, 3.171713309883721 ], [ -76.834214672499996, 3.185410914348837 ], [ -76.806819463575948, 3.185410914348837 ], [ -76.806819463575948, 3.158015705418605 ], [ -76.820517068037972, 3.158015705418605 ], [ -76.820517068037972, 3.116922892023256 ], [ -76.834214672499996, 3.116922892023256 ], [ -76.834214672499996, 3.10322528755814 ], [ -76.820517068037972, 3.10322528755814 ], [ -76.820517068037972, 3.089527683093023 ], [ -76.806819463575948, 3.089527683093023 ], [ -76.806819463575948, 3.062132474162791 ], [ -76.820517068037972, 3.062132474162791 ], [ -76.820517068037972, 3.048434869697675 ], [ -76.834214672499996, 3.048434869697675 ], [ -76.834214672499996, 3.034737265232558 ], [ -76.889005090348093, 3.034737265232558 ], [ -76.889005090348093, 3.048434869697675 ], [ -76.916400299272155, 3.048434869697675 ], [ -76.916400299272155, 3.034737265232558 ], [ -76.943795508196203, 3.034737265232558 ], [ -76.943795508196203, 2.966249242906977 ], [ -76.930097903734179, 2.966249242906977 ], [ -76.930097903734179, 2.99364445183721 ], [ -76.916400299272155, 2.99364445183721 ], [ -76.916400299272155, 2.979946847372093 ], [ -76.902702694810117, 2.979946847372093 ], [ -76.902702694810117, 2.966249242906977 ], [ -76.916400299272155, 2.966249242906977 ], [ -76.916400299272155, 2.95255163844186 ], [ -76.902702694810117, 2.95255163844186 ], [ -76.902702694810117, 2.911458825046512 ], [ -76.943795508196203, 2.911458825046512 ], [ -76.943795508196203, 2.884063616116279 ], [ -76.902702694810117, 2.884063616116279 ], [ -76.902702694810117, 2.870366011651163 ], [ -76.916400299272155, 2.870366011651163 ], [ -76.916400299272155, 2.84297080272093 ], [ -76.930097903734179, 2.84297080272093 ], [ -76.930097903734179, 2.829273198255814 ], [ -76.943795508196203, 2.829273198255814 ], [ -76.943795508196203, 2.801877989325582 ], [ -76.957493112658227, 2.801877989325582 ], [ -76.957493112658227, 2.788180384860465 ], [ -76.971190717120251, 2.788180384860465 ], [ -76.971190717120251, 2.774482780395349 ], [ -76.943795508196203, 2.774482780395349 ], [ -76.943795508196203, 2.747087571465117 ], [ -76.957493112658227, 2.747087571465117 ], [ -76.957493112658227, 2.733389967 ], [ -76.943795508196203, 2.733389967 ], [ -76.943795508196203, 2.719692362534884 ], [ -76.930097903734179, 2.719692362534884 ], [ -76.930097903734179, 2.733389967 ], [ -76.916400299272155, 2.733389967 ], [ -76.916400299272155, 2.705994758069767 ], [ -76.930097903734179, 2.705994758069767 ], [ -76.930097903734179, 2.692297153604651 ], [ -76.943795508196203, 2.692297153604651 ], [ -76.943795508196203, 2.664901944674419 ], [ -76.984888321582275, 2.664901944674419 ], [ -76.984888321582275, 2.651204340209302 ], [ -76.971190717120251, 2.651204340209302 ], [ -76.971190717120251, 2.637506735744186 ], [ -76.943795508196203, 2.637506735744186 ], [ -76.943795508196203, 2.651204340209302 ], [ -76.930097903734179, 2.651204340209302 ], [ -76.930097903734179, 2.62380913127907 ], [ -76.957493112658227, 2.62380913127907 ], [ -76.957493112658227, 2.610111526813954 ], [ -76.943795508196203, 2.610111526813954 ], [ -76.943795508196203, 2.596413922348837 ], [ -76.930097903734179, 2.596413922348837 ], [ -76.930097903734179, 2.610111526813954 ], [ -76.916400299272155, 2.610111526813954 ], [ -76.916400299272155, 2.664901944674419 ], [ -76.902702694810117, 2.664901944674419 ], [ -76.902702694810117, 2.678599549139535 ], [ -76.889005090348093, 2.678599549139535 ], [ -76.889005090348093, 2.705994758069767 ], [ -76.875307485886069, 2.705994758069767 ], [ -76.875307485886069, 2.760785175930232 ], [ -76.861609881424044, 2.760785175930232 ], [ -76.861609881424044, 2.815575593790698 ], [ -76.834214672499996, 2.815575593790698 ], [ -76.834214672499996, 2.84297080272093 ], [ -76.793121859113924, 2.84297080272093 ], [ -76.793121859113924, 2.829273198255814 ], [ -76.7794242546519, 2.829273198255814 ], [ -76.7794242546519, 2.760785175930232 ], [ -76.806819463575948, 2.760785175930232 ], [ -76.806819463575948, 2.747087571465117 ], [ -76.820517068037972, 2.747087571465117 ], [ -76.820517068037972, 2.705994758069767 ], [ -76.834214672499996, 2.705994758069767 ], [ -76.834214672499996, 2.692297153604651 ], [ -76.820517068037972, 2.692297153604651 ], [ -76.820517068037972, 2.678599549139535 ], [ -76.84791227696202, 2.678599549139535 ], [ -76.84791227696202, 2.651204340209302 ], [ -76.861609881424044, 2.651204340209302 ], [ -76.861609881424044, 2.62380913127907 ], [ -76.84791227696202, 2.62380913127907 ], [ -76.84791227696202, 2.610111526813954 ], [ -76.861609881424044, 2.610111526813954 ], [ -76.861609881424044, 2.582716317883721 ], [ -76.889005090348093, 2.582716317883721 ], [ -76.889005090348093, 2.569018713418605 ], [ -76.902702694810117, 2.569018713418605 ], [ -76.902702694810117, 2.51422829555814 ], [ -76.916400299272155, 2.51422829555814 ], [ -76.916400299272155, 2.500530691093023 ], [ -76.930097903734179, 2.500530691093023 ], [ -76.930097903734179, 2.473135482162791 ], [ -76.943795508196203, 2.473135482162791 ], [ -76.943795508196203, 2.459437877697674 ], [ -76.957493112658227, 2.459437877697674 ], [ -76.957493112658227, 2.404647459837209 ], [ -76.971190717120251, 2.404647459837209 ], [ -76.971190717120251, 2.390949855372093 ], [ -76.998585926044299, 2.390949855372093 ], [ -76.998585926044299, 2.404647459837209 ], [ -77.025981134968347, 2.404647459837209 ], [ -77.025981134968347, 2.390949855372093 ], [ -77.039678739430371, 2.390949855372093 ], [ -77.039678739430371, 2.418345064302326 ], [ -77.025981134968347, 2.418345064302326 ], [ -77.025981134968347, 2.432042668767442 ], [ -77.053376343892396, 2.432042668767442 ], [ -77.053376343892396, 2.418345064302326 ], [ -77.067073948354434, 2.418345064302326 ], [ -77.067073948354434, 2.404647459837209 ], [ -77.094469157278482, 2.404647459837209 ], [ -77.094469157278482, 2.418345064302326 ], [ -77.108166761740506, 2.418345064302326 ], [ -77.108166761740506, 2.363554646441861 ], [ -77.080771552816458, 2.363554646441861 ], [ -77.080771552816458, 2.390949855372093 ], [ -77.067073948354434, 2.390949855372093 ], [ -77.067073948354434, 2.363554646441861 ], [ -77.039678739430371, 2.363554646441861 ], [ -77.039678739430371, 2.349857041976744 ], [ -77.053376343892396, 2.349857041976744 ], [ -77.053376343892396, 2.336159437511628 ], [ -77.039678739430371, 2.336159437511628 ], [ -77.039678739430371, 2.322461833046512 ], [ -77.108166761740506, 2.322461833046512 ], [ -77.108166761740506, 2.295066624116279 ], [ -77.149259575126578, 2.295066624116279 ], [ -77.149259575126578, 2.199183392860465 ], [ -77.162957179588602, 2.199183392860465 ], [ -77.162957179588602, 2.185485788395349 ], [ -77.176654784050626, 2.185485788395349 ], [ -77.176654784050626, 2.171788183930233 ], [ -77.19035238851265, 2.171788183930233 ], [ -77.19035238851265, 2.158090579465116 ], [ -77.204049992974674, 2.158090579465116 ], [ -77.204049992974674, 2.171788183930233 ], [ -77.231445201898737, 2.171788183930233 ], [ -77.231445201898737, 2.116997766069768 ], [ -77.245142806360761, 2.116997766069768 ], [ -77.245142806360761, 2.089602557139535 ], [ -77.231445201898737, 2.089602557139535 ], [ -77.231445201898737, 2.103300161604651 ], [ -77.217747597436698, 2.103300161604651 ], [ -77.217747597436698, 2.075904952674419 ], [ -77.231445201898737, 2.075904952674419 ], [ -77.231445201898737, 2.048509743744186 ], [ -77.204049992974674, 2.048509743744186 ], [ -77.204049992974674, 2.089602557139535 ], [ -77.176654784050626, 2.089602557139535 ], [ -77.176654784050626, 2.116997766069768 ], [ -77.19035238851265, 2.116997766069768 ], [ -77.19035238851265, 2.144392975 ], [ -77.162957179588602, 2.144392975 ], [ -77.162957179588602, 2.171788183930233 ], [ -77.12186436620253, 2.171788183930233 ], [ -77.12186436620253, 2.212880997325581 ], [ -77.094469157278482, 2.212880997325581 ], [ -77.094469157278482, 2.240276206255814 ], [ -77.12186436620253, 2.240276206255814 ], [ -77.12186436620253, 2.281369019651163 ], [ -77.108166761740506, 2.281369019651163 ], [ -77.108166761740506, 2.253973810720931 ], [ -77.094469157278482, 2.253973810720931 ], [ -77.094469157278482, 2.281369019651163 ], [ -77.080771552816458, 2.281369019651163 ], [ -77.080771552816458, 2.295066624116279 ], [ -77.053376343892396, 2.295066624116279 ], [ -77.053376343892396, 2.308764228581396 ], [ -77.012283530506323, 2.308764228581396 ], [ -77.012283530506323, 2.322461833046512 ], [ -76.998585926044299, 2.322461833046512 ], [ -76.998585926044299, 2.349857041976744 ], [ -76.984888321582275, 2.349857041976744 ], [ -76.984888321582275, 2.363554646441861 ], [ -76.971190717120251, 2.363554646441861 ], [ -76.971190717120251, 2.377252250906977 ], [ -76.943795508196203, 2.377252250906977 ], [ -76.943795508196203, 2.390949855372093 ], [ -76.916400299272155, 2.390949855372093 ], [ -76.916400299272155, 2.404647459837209 ], [ -76.943795508196203, 2.404647459837209 ], [ -76.943795508196203, 2.418345064302326 ], [ -76.930097903734179, 2.418345064302326 ], [ -76.930097903734179, 2.432042668767442 ], [ -76.916400299272155, 2.432042668767442 ], [ -76.916400299272155, 2.418345064302326 ], [ -76.889005090348093, 2.418345064302326 ], [ -76.889005090348093, 2.404647459837209 ], [ -76.875307485886069, 2.404647459837209 ], [ -76.875307485886069, 2.445740273232558 ], [ -76.861609881424044, 2.445740273232558 ], [ -76.861609881424044, 2.459437877697674 ], [ -76.84791227696202, 2.459437877697674 ], [ -76.84791227696202, 2.445740273232558 ], [ -76.834214672499996, 2.445740273232558 ], [ -76.834214672499996, 2.432042668767442 ], [ -76.820517068037972, 2.432042668767442 ], [ -76.820517068037972, 2.445740273232558 ], [ -76.806819463575948, 2.445740273232558 ], [ -76.806819463575948, 2.418345064302326 ], [ -76.793121859113924, 2.418345064302326 ], [ -76.793121859113924, 2.432042668767442 ], [ -76.7794242546519, 2.432042668767442 ], [ -76.7794242546519, 2.404647459837209 ], [ -76.752029045727838, 2.404647459837209 ], [ -76.752029045727838, 2.390949855372093 ], [ -76.765726650189876, 2.390949855372093 ], [ -76.765726650189876, 2.377252250906977 ], [ -76.752029045727838, 2.377252250906977 ], [ -76.752029045727838, 2.349857041976744 ], [ -76.738331441265814, 2.349857041976744 ], [ -76.738331441265814, 2.336159437511628 ], [ -76.72463383680379, 2.336159437511628 ], [ -76.72463383680379, 2.322461833046512 ], [ -76.710936232341766, 2.322461833046512 ], [ -76.710936232341766, 2.308764228581396 ], [ -76.697238627879742, 2.308764228581396 ], [ -76.697238627879742, 2.295066624116279 ], [ -76.7794242546519, 2.295066624116279 ], [ -76.7794242546519, 2.281369019651163 ], [ -76.765726650189876, 2.281369019651163 ], [ -76.765726650189876, 2.267671415186046 ], [ -76.738331441265814, 2.267671415186046 ], [ -76.738331441265814, 2.253973810720931 ], [ -76.710936232341766, 2.253973810720931 ], [ -76.710936232341766, 2.240276206255814 ], [ -76.738331441265814, 2.240276206255814 ], [ -76.738331441265814, 2.212880997325581 ], [ -76.752029045727838, 2.212880997325581 ], [ -76.752029045727838, 2.199183392860465 ], [ -76.7794242546519, 2.199183392860465 ], [ -76.7794242546519, 2.185485788395349 ], [ -76.738331441265814, 2.185485788395349 ], [ -76.738331441265814, 2.171788183930233 ], [ -76.752029045727838, 2.171788183930233 ], [ -76.752029045727838, 2.144392975 ], [ -76.765726650189876, 2.144392975 ], [ -76.765726650189876, 2.158090579465116 ], [ -76.793121859113924, 2.158090579465116 ], [ -76.793121859113924, 2.130695370534884 ], [ -76.806819463575948, 2.130695370534884 ], [ -76.806819463575948, 2.089602557139535 ], [ -76.820517068037972, 2.089602557139535 ], [ -76.820517068037972, 2.103300161604651 ], [ -76.834214672499996, 2.103300161604651 ], [ -76.834214672499996, 2.089602557139535 ], [ -76.84791227696202, 2.089602557139535 ], [ -76.84791227696202, 2.103300161604651 ], [ -76.861609881424044, 2.103300161604651 ], [ -76.861609881424044, 2.116997766069768 ], [ -76.889005090348093, 2.116997766069768 ], [ -76.889005090348093, 2.075904952674419 ], [ -76.902702694810117, 2.075904952674419 ], [ -76.902702694810117, 2.048509743744186 ], [ -76.875307485886069, 2.048509743744186 ], [ -76.875307485886069, 2.03481213927907 ], [ -76.916400299272155, 2.03481213927907 ], [ -76.916400299272155, 2.007416930348837 ], [ -76.902702694810117, 2.007416930348837 ], [ -76.902702694810117, 1.993719325883721 ], [ -76.916400299272155, 1.993719325883721 ], [ -76.916400299272155, 1.966324116953488 ], [ -76.889005090348093, 1.966324116953488 ], [ -76.889005090348093, 1.938928908023256 ], [ -76.861609881424044, 1.938928908023256 ], [ -76.861609881424044, 1.911533699093023 ], [ -76.834214672499996, 1.911533699093023 ], [ -76.834214672499996, 1.897836094627907 ], [ -76.861609881424044, 1.897836094627907 ], [ -76.861609881424044, 1.870440885697675 ], [ -76.820517068037972, 1.870440885697675 ], [ -76.820517068037972, 1.856743281232558 ], [ -76.84791227696202, 1.856743281232558 ], [ -76.84791227696202, 1.843045676767442 ], [ -76.861609881424044, 1.843045676767442 ], [ -76.861609881424044, 1.856743281232558 ], [ -76.875307485886069, 1.856743281232558 ], [ -76.875307485886069, 1.870440885697675 ], [ -76.889005090348093, 1.870440885697675 ], [ -76.889005090348093, 1.856743281232558 ], [ -76.902702694810117, 1.856743281232558 ], [ -76.902702694810117, 1.870440885697675 ], [ -76.943795508196203, 1.870440885697675 ], [ -76.943795508196203, 1.884138490162791 ], [ -76.957493112658227, 1.884138490162791 ], [ -76.957493112658227, 1.870440885697675 ], [ -76.984888321582275, 1.870440885697675 ], [ -76.984888321582275, 1.856743281232558 ], [ -76.971190717120251, 1.856743281232558 ], [ -76.971190717120251, 1.843045676767442 ], [ -76.957493112658227, 1.843045676767442 ], [ -76.957493112658227, 1.856743281232558 ], [ -76.943795508196203, 1.856743281232558 ], [ -76.943795508196203, 1.815650467837209 ], [ -76.916400299272155, 1.815650467837209 ], [ -76.916400299272155, 1.801952863372093 ], [ -76.902702694810117, 1.801952863372093 ], [ -76.902702694810117, 1.760860049976744 ], [ -76.875307485886069, 1.760860049976744 ], [ -76.875307485886069, 1.801952863372093 ], [ -76.889005090348093, 1.801952863372093 ], [ -76.889005090348093, 1.815650467837209 ], [ -76.861609881424044, 1.815650467837209 ], [ -76.861609881424044, 1.801952863372093 ], [ -76.84791227696202, 1.801952863372093 ], [ -76.84791227696202, 1.747162445511628 ], [ -76.834214672499996, 1.747162445511628 ], [ -76.834214672499996, 1.774557654441861 ], [ -76.820517068037972, 1.774557654441861 ], [ -76.820517068037972, 1.801952863372093 ], [ -76.793121859113924, 1.801952863372093 ], [ -76.793121859113924, 1.815650467837209 ], [ -76.7794242546519, 1.815650467837209 ], [ -76.7794242546519, 1.829348072302326 ], [ -76.793121859113924, 1.829348072302326 ], [ -76.793121859113924, 1.843045676767442 ], [ -76.765726650189876, 1.843045676767442 ], [ -76.765726650189876, 1.829348072302326 ], [ -76.752029045727838, 1.829348072302326 ], [ -76.752029045727838, 1.856743281232558 ], [ -76.765726650189876, 1.856743281232558 ], [ -76.765726650189876, 1.884138490162791 ], [ -76.7794242546519, 1.884138490162791 ], [ -76.7794242546519, 1.870440885697675 ], [ -76.793121859113924, 1.870440885697675 ], [ -76.793121859113924, 1.884138490162791 ], [ -76.820517068037972, 1.884138490162791 ], [ -76.820517068037972, 1.92523130355814 ], [ -76.834214672499996, 1.92523130355814 ], [ -76.834214672499996, 1.966324116953488 ], [ -76.875307485886069, 1.966324116953488 ], [ -76.875307485886069, 1.993719325883721 ], [ -76.889005090348093, 1.993719325883721 ], [ -76.889005090348093, 2.007416930348837 ], [ -76.875307485886069, 2.007416930348837 ], [ -76.875307485886069, 2.021114534813954 ], [ -76.84791227696202, 2.021114534813954 ], [ -76.84791227696202, 2.048509743744186 ], [ -76.7794242546519, 2.048509743744186 ], [ -76.7794242546519, 2.062207348209302 ], [ -76.793121859113924, 2.062207348209302 ], [ -76.793121859113924, 2.089602557139535 ], [ -76.7794242546519, 2.089602557139535 ], [ -76.7794242546519, 2.103300161604651 ], [ -76.765726650189876, 2.103300161604651 ], [ -76.765726650189876, 2.089602557139535 ], [ -76.738331441265814, 2.089602557139535 ], [ -76.738331441265814, 2.116997766069768 ], [ -76.72463383680379, 2.116997766069768 ], [ -76.72463383680379, 2.130695370534884 ], [ -76.710936232341766, 2.130695370534884 ], [ -76.710936232341766, 2.144392975 ], [ -76.683541023417717, 2.144392975 ], [ -76.683541023417717, 2.185485788395349 ], [ -76.669843418955693, 2.185485788395349 ], [ -76.669843418955693, 2.199183392860465 ], [ -76.683541023417717, 2.199183392860465 ], [ -76.683541023417717, 2.212880997325581 ], [ -76.710936232341766, 2.212880997325581 ], [ -76.710936232341766, 2.226578601790698 ], [ -76.683541023417717, 2.226578601790698 ], [ -76.683541023417717, 2.240276206255814 ], [ -76.669843418955693, 2.240276206255814 ], [ -76.669843418955693, 2.253973810720931 ], [ -76.642448210031645, 2.253973810720931 ], [ -76.642448210031645, 2.226578601790698 ], [ -76.628750605569621, 2.226578601790698 ], [ -76.628750605569621, 2.267671415186046 ], [ -76.642448210031645, 2.267671415186046 ], [ -76.642448210031645, 2.281369019651163 ], [ -76.656145814493669, 2.281369019651163 ], [ -76.656145814493669, 2.295066624116279 ], [ -76.628750605569621, 2.295066624116279 ], [ -76.628750605569621, 2.322461833046512 ], [ -76.642448210031645, 2.322461833046512 ], [ -76.642448210031645, 2.336159437511628 ], [ -76.587657792183535, 2.336159437511628 ], [ -76.587657792183535, 2.349857041976744 ], [ -76.601355396645573, 2.349857041976744 ], [ -76.601355396645573, 2.363554646441861 ], [ -76.587657792183535, 2.363554646441861 ], [ -76.587657792183535, 2.390949855372093 ], [ -76.573960187721511, 2.390949855372093 ], [ -76.573960187721511, 2.404647459837209 ], [ -76.546564978797463, 2.404647459837209 ], [ -76.546564978797463, 2.418345064302326 ], [ -76.478076956487342, 2.418345064302326 ], [ -76.478076956487342, 2.432042668767442 ], [ -76.519169769873415, 2.432042668767442 ], [ -76.519169769873415, 2.445740273232558 ], [ -76.491774560949366, 2.445740273232558 ], [ -76.491774560949366, 2.500530691093023 ], [ -76.464379352025318, 2.500530691093023 ], [ -76.464379352025318, 2.541623504488372 ], [ -76.450681747563294, 2.541623504488372 ], [ -76.450681747563294, 2.555321108953489 ], [ -76.464379352025318, 2.555321108953489 ], [ -76.464379352025318, 2.62380913127907 ], [ -76.478076956487342, 2.62380913127907 ], [ -76.478076956487342, 2.637506735744186 ], [ -76.464379352025318, 2.637506735744186 ], [ -76.464379352025318, 2.651204340209302 ], [ -76.478076956487342, 2.651204340209302 ], [ -76.478076956487342, 2.705994758069767 ], [ -76.464379352025318, 2.705994758069767 ], [ -76.464379352025318, 2.692297153604651 ], [ -76.436984143101256, 2.692297153604651 ], [ -76.436984143101256, 2.705994758069767 ], [ -76.450681747563294, 2.705994758069767 ], [ -76.450681747563294, 2.719692362534884 ], [ -76.423286538639232, 2.719692362534884 ], [ -76.423286538639232, 2.733389967 ], [ -76.409588934177208, 2.733389967 ], [ -76.409588934177208, 2.760785175930232 ], [ -76.395891329715184, 2.760785175930232 ], [ -76.395891329715184, 2.788180384860465 ], [ -76.409588934177208, 2.788180384860465 ], [ -76.409588934177208, 2.815575593790698 ], [ -76.395891329715184, 2.815575593790698 ], [ -76.395891329715184, 2.829273198255814 ], [ -76.38219372525316, 2.829273198255814 ], [ -76.38219372525316, 2.856668407186047 ], [ -76.368496120791136, 2.856668407186047 ], [ -76.368496120791136, 2.911458825046512 ], [ -76.354798516329112, 2.911458825046512 ], [ -76.354798516329112, 2.938854033976744 ], [ -76.341100911867088, 2.938854033976744 ], [ -76.341100911867088, 2.884063616116279 ], [ -76.327403307405064, 2.884063616116279 ], [ -76.327403307405064, 2.801877989325582 ], [ -76.300008098481015, 2.801877989325582 ], [ -76.300008098481015, 2.856668407186047 ], [ -76.286310494018977, 2.856668407186047 ], [ -76.286310494018977, 2.870366011651163 ], [ -76.300008098481015, 2.870366011651163 ], [ -76.300008098481015, 2.925156429511628 ], [ -76.313705702943039, 2.925156429511628 ], [ -76.313705702943039, 2.95255163844186 ], [ -76.300008098481015, 2.95255163844186 ], [ -76.300008098481015, 2.99364445183721 ], [ -76.327403307405064, 2.99364445183721 ], [ -76.327403307405064, 2.979946847372093 ], [ -76.341100911867088, 2.979946847372093 ], [ -76.341100911867088, 3.007342056302326 ], [ -76.313705702943039, 3.007342056302326 ], [ -76.313705702943039, 3.021039660767442 ], [ -76.300008098481015, 3.021039660767442 ], [ -76.300008098481015, 3.048434869697675 ], [ -76.327403307405064, 3.048434869697675 ], [ -76.327403307405064, 3.034737265232558 ], [ -76.341100911867088, 3.034737265232558 ], [ -76.341100911867088, 3.021039660767442 ], [ -76.368496120791136, 3.021039660767442 ], [ -76.368496120791136, 2.99364445183721 ], [ -76.38219372525316, 2.99364445183721 ], [ -76.38219372525316, 2.966249242906977 ], [ -76.395891329715184, 2.966249242906977 ], [ -76.395891329715184, 2.99364445183721 ], [ -76.409588934177208, 2.99364445183721 ], [ -76.409588934177208, 2.966249242906977 ], [ -76.436984143101256, 2.966249242906977 ], [ -76.436984143101256, 2.95255163844186 ], [ -76.450681747563294, 2.95255163844186 ], [ -76.450681747563294, 2.938854033976744 ], [ -76.464379352025318, 2.938854033976744 ], [ -76.464379352025318, 2.925156429511628 ], [ -76.450681747563294, 2.925156429511628 ], [ -76.450681747563294, 2.884063616116279 ], [ -76.436984143101256, 2.884063616116279 ], [ -76.436984143101256, 2.870366011651163 ], [ -76.450681747563294, 2.870366011651163 ], [ -76.450681747563294, 2.856668407186047 ], [ -76.464379352025318, 2.856668407186047 ], [ -76.464379352025318, 2.870366011651163 ], [ -76.491774560949366, 2.870366011651163 ], [ -76.491774560949366, 2.84297080272093 ], [ -76.464379352025318, 2.84297080272093 ], [ -76.464379352025318, 2.829273198255814 ], [ -76.505472165411391, 2.829273198255814 ], [ -76.505472165411391, 2.815575593790698 ], [ -76.519169769873415, 2.815575593790698 ], [ -76.519169769873415, 2.788180384860465 ], [ -76.532867374335439, 2.788180384860465 ], [ -76.532867374335439, 2.733389967 ], [ -76.546564978797463, 2.733389967 ], [ -76.546564978797463, 2.760785175930232 ], [ -76.560262583259487, 2.760785175930232 ], [ -76.560262583259487, 2.788180384860465 ], [ -76.546564978797463, 2.788180384860465 ], [ -76.546564978797463, 2.801877989325582 ], [ -76.560262583259487, 2.801877989325582 ], [ -76.560262583259487, 2.815575593790698 ], [ -76.587657792183535, 2.815575593790698 ], [ -76.587657792183535, 2.829273198255814 ], [ -76.615053001107597, 2.829273198255814 ], [ -76.615053001107597, 2.815575593790698 ], [ -76.628750605569621, 2.815575593790698 ], [ -76.628750605569621, 2.829273198255814 ], [ -76.642448210031645, 2.829273198255814 ], [ -76.642448210031645, 2.84297080272093 ], [ -76.656145814493669, 2.84297080272093 ], [ -76.656145814493669, 2.788180384860465 ], [ -76.669843418955693, 2.788180384860465 ], [ -76.669843418955693, 2.774482780395349 ], [ -76.656145814493669, 2.774482780395349 ], [ -76.656145814493669, 2.760785175930232 ], [ -76.615053001107597, 2.760785175930232 ], [ -76.615053001107597, 2.747087571465117 ], [ -76.628750605569621, 2.747087571465117 ], [ -76.628750605569621, 2.733389967 ], [ -76.615053001107597, 2.733389967 ], [ -76.615053001107597, 2.719692362534884 ], [ -76.601355396645573, 2.719692362534884 ], [ -76.601355396645573, 2.692297153604651 ], [ -76.615053001107597, 2.692297153604651 ], [ -76.615053001107597, 2.705994758069767 ], [ -76.642448210031645, 2.705994758069767 ], [ -76.642448210031645, 2.719692362534884 ], [ -76.656145814493669, 2.719692362534884 ], [ -76.656145814493669, 2.705994758069767 ], [ -76.683541023417717, 2.705994758069767 ], [ -76.683541023417717, 2.719692362534884 ], [ -76.710936232341766, 2.719692362534884 ], [ -76.710936232341766, 2.733389967 ], [ -76.72463383680379, 2.733389967 ], [ -76.72463383680379, 2.719692362534884 ], [ -76.738331441265814, 2.719692362534884 ], [ -76.738331441265814, 2.705994758069767 ], [ -76.72463383680379, 2.705994758069767 ], [ -76.72463383680379, 2.692297153604651 ], [ -76.738331441265814, 2.692297153604651 ], [ -76.738331441265814, 2.637506735744186 ], [ -76.752029045727838, 2.637506735744186 ], [ -76.752029045727838, 2.596413922348837 ], [ -76.710936232341766, 2.596413922348837 ], [ -76.710936232341766, 2.582716317883721 ], [ -76.738331441265814, 2.582716317883721 ], [ -76.738331441265814, 2.555321108953489 ], [ -76.752029045727838, 2.555321108953489 ], [ -76.752029045727838, 2.582716317883721 ], [ -76.7794242546519, 2.582716317883721 ], [ -76.7794242546519, 2.610111526813954 ], [ -76.793121859113924, 2.610111526813954 ], [ -76.793121859113924, 2.62380913127907 ], [ -76.765726650189876, 2.62380913127907 ], [ -76.765726650189876, 2.664901944674419 ], [ -76.752029045727838, 2.664901944674419 ], [ -76.752029045727838, 2.733389967 ], [ -76.7794242546519, 2.733389967 ], [ -76.7794242546519, 2.747087571465117 ], [ -76.765726650189876, 2.747087571465117 ], [ -76.765726650189876, 2.760785175930232 ], [ -76.738331441265814, 2.760785175930232 ], [ -76.738331441265814, 2.788180384860465 ], [ -76.752029045727838, 2.788180384860465 ], [ -76.752029045727838, 2.829273198255814 ], [ -76.765726650189876, 2.829273198255814 ], [ -76.765726650189876, 2.84297080272093 ], [ -76.738331441265814, 2.84297080272093 ], [ -76.738331441265814, 2.884063616116279 ], [ -76.72463383680379, 2.884063616116279 ], [ -76.72463383680379, 2.870366011651163 ], [ -76.697238627879742, 2.870366011651163 ], [ -76.697238627879742, 2.884063616116279 ], [ -76.710936232341766, 2.884063616116279 ], [ -76.710936232341766, 2.925156429511628 ], [ -76.72463383680379, 2.925156429511628 ], [ -76.72463383680379, 2.938854033976744 ], [ -76.710936232341766, 2.938854033976744 ], [ -76.710936232341766, 2.95255163844186 ], [ -76.72463383680379, 2.95255163844186 ], [ -76.72463383680379, 2.966249242906977 ], [ -76.710936232341766, 2.966249242906977 ], [ -76.710936232341766, 2.99364445183721 ], [ -76.738331441265814, 2.99364445183721 ], [ -76.738331441265814, 2.979946847372093 ], [ -76.752029045727838, 2.979946847372093 ], [ -76.752029045727838, 2.99364445183721 ], [ -76.765726650189876, 2.99364445183721 ], [ -76.765726650189876, 3.007342056302326 ], [ -76.7794242546519, 3.007342056302326 ], [ -76.7794242546519, 3.021039660767442 ], [ -76.752029045727838, 3.021039660767442 ], [ -76.752029045727838, 3.034737265232558 ], [ -76.765726650189876, 3.034737265232558 ], [ -76.765726650189876, 3.075830078627907 ], [ -76.752029045727838, 3.075830078627907 ], [ -76.752029045727838, 3.089527683093023 ], [ -76.738331441265814, 3.089527683093023 ], [ -76.738331441265814, 3.116922892023256 ], [ -76.752029045727838, 3.116922892023256 ], [ -76.752029045727838, 3.130620496488372 ], [ -76.7794242546519, 3.130620496488372 ], [ -76.7794242546519, 3.144318100953488 ], [ -76.752029045727838, 3.144318100953488 ], [ -76.752029045727838, 3.171713309883721 ], [ -76.738331441265814, 3.171713309883721 ], [ -76.738331441265814, 3.185410914348837 ], [ -76.752029045727838, 3.185410914348837 ], [ -76.752029045727838, 3.21280612327907 ], [ -76.765726650189876, 3.21280612327907 ], [ -76.765726650189876, 3.240201332209303 ], [ -76.7794242546519, 3.240201332209303 ] ], [ [ -76.765726650189876, 3.116922892023256 ], [ -76.752029045727838, 3.116922892023256 ], [ -76.752029045727838, 3.10322528755814 ], [ -76.765726650189876, 3.10322528755814 ], [ -76.765726650189876, 3.116922892023256 ] ], [ [ -76.793121859113924, 3.034737265232558 ], [ -76.7794242546519, 3.034737265232558 ], [ -76.7794242546519, 3.021039660767442 ], [ -76.793121859113924, 3.021039660767442 ], [ -76.793121859113924, 3.034737265232558 ] ], [ [ -76.793121859113924, 2.870366011651163 ], [ -76.7794242546519, 2.870366011651163 ], [ -76.7794242546519, 2.84297080272093 ], [ -76.793121859113924, 2.84297080272093 ], [ -76.793121859113924, 2.870366011651163 ] ], [ [ -76.478076956487342, 2.801877989325582 ], [ -76.464379352025318, 2.801877989325582 ], [ -76.464379352025318, 2.788180384860465 ], [ -76.478076956487342, 2.788180384860465 ], [ -76.478076956487342, 2.801877989325582 ] ], [ [ -76.916400299272155, 2.760785175930232 ], [ -76.902702694810117, 2.760785175930232 ], [ -76.902702694810117, 2.733389967 ], [ -76.916400299272155, 2.733389967 ], [ -76.916400299272155, 2.760785175930232 ] ], [ [ -76.902702694810117, 2.719692362534884 ], [ -76.889005090348093, 2.719692362534884 ], [ -76.889005090348093, 2.705994758069767 ], [ -76.902702694810117, 2.705994758069767 ], [ -76.902702694810117, 2.719692362534884 ] ], [ [ -76.601355396645573, 2.678599549139535 ], [ -76.573960187721511, 2.678599549139535 ], [ -76.573960187721511, 2.664901944674419 ], [ -76.601355396645573, 2.664901944674419 ], [ -76.601355396645573, 2.678599549139535 ] ], [ [ -76.738331441265814, 2.555321108953489 ], [ -76.72463383680379, 2.555321108953489 ], [ -76.72463383680379, 2.541623504488372 ], [ -76.738331441265814, 2.541623504488372 ], [ -76.738331441265814, 2.555321108953489 ] ], [ [ -76.930097903734179, 2.473135482162791 ], [ -76.916400299272155, 2.473135482162791 ], [ -76.916400299272155, 2.459437877697674 ], [ -76.930097903734179, 2.459437877697674 ], [ -76.930097903734179, 2.473135482162791 ] ], [ [ -77.025981134968347, 2.377252250906977 ], [ -77.012283530506323, 2.377252250906977 ], [ -77.012283530506323, 2.363554646441861 ], [ -76.998585926044299, 2.363554646441861 ], [ -76.998585926044299, 2.349857041976744 ], [ -77.025981134968347, 2.349857041976744 ], [ -77.025981134968347, 2.377252250906977 ] ], [ [ -76.697238627879742, 2.253973810720931 ], [ -76.683541023417717, 2.253973810720931 ], [ -76.683541023417717, 2.240276206255814 ], [ -76.697238627879742, 2.240276206255814 ], [ -76.697238627879742, 2.253973810720931 ] ], [ [ -77.217747597436698, 2.116997766069768 ], [ -77.204049992974674, 2.116997766069768 ], [ -77.204049992974674, 2.103300161604651 ], [ -77.217747597436698, 2.103300161604651 ], [ -77.217747597436698, 2.116997766069768 ] ], [ [ -76.861609881424044, 2.062207348209302 ], [ -76.84791227696202, 2.062207348209302 ], [ -76.84791227696202, 2.048509743744186 ], [ -76.861609881424044, 2.048509743744186 ], [ -76.861609881424044, 2.062207348209302 ] ] ] } },
{ "type": "Feature", "properties": { "DN": 4 }, "geometry": { "type": "Polygon", "coordinates": [ [ [ -76.491774560949366, 1.747162445511628 ], [ -76.491774560949366, 1.733464841046512 ], [ -76.478076956487342, 1.733464841046512 ], [ -76.478076956487342, 1.747162445511628 ], [ -76.491774560949366, 1.747162445511628 ] ] ] } },
{ "type": "Feature", "properties": { "DN": 4 }, "geometry": { "type": "Polygon", "coordinates": [ [ [ -76.519169769873415, 1.733464841046512 ], [ -76.519169769873415, 1.706069632116279 ], [ -76.505472165411391, 1.706069632116279 ], [ -76.505472165411391, 1.733464841046512 ], [ -76.519169769873415, 1.733464841046512 ] ] ] } },
{ "type": "Feature", "properties": { "DN": 4 }, "geometry": { "type": "Polygon", "coordinates": [ [ [ -76.984888321582275, 1.719767236581395 ], [ -76.984888321582275, 1.706069632116279 ], [ -76.971190717120251, 1.706069632116279 ], [ -76.971190717120251, 1.719767236581395 ], [ -76.984888321582275, 1.719767236581395 ] ] ] } },
{ "type": "Feature", "properties": { "DN": 4 }, "geometry": { "type": "Polygon", "coordinates": [ [ [ -76.943795508196203, 1.801952863372093 ], [ -76.943795508196203, 1.788255258906977 ], [ -77.025981134968347, 1.788255258906977 ], [ -77.025981134968347, 1.760860049976744 ], [ -77.039678739430371, 1.760860049976744 ], [ -77.039678739430371, 1.747162445511628 ], [ -77.053376343892396, 1.747162445511628 ], [ -77.053376343892396, 1.760860049976744 ], [ -77.067073948354434, 1.760860049976744 ], [ -77.067073948354434, 1.706069632116279 ], [ -77.053376343892396, 1.706069632116279 ], [ -77.053376343892396, 1.692372027651163 ], [ -77.039678739430371, 1.692372027651163 ], [ -77.039678739430371, 1.706069632116279 ], [ -77.025981134968347, 1.706069632116279 ], [ -77.025981134968347, 1.719767236581395 ], [ -77.012283530506323, 1.719767236581395 ], [ -77.012283530506323, 1.706069632116279 ], [ -76.998585926044299, 1.706069632116279 ], [ -76.998585926044299, 1.733464841046512 ], [ -76.971190717120251, 1.733464841046512 ], [ -76.971190717120251, 1.760860049976744 ], [ -76.943795508196203, 1.760860049976744 ], [ -76.943795508196203, 1.774557654441861 ], [ -76.930097903734179, 1.774557654441861 ], [ -76.930097903734179, 1.760860049976744 ], [ -76.916400299272155, 1.760860049976744 ], [ -76.916400299272155, 1.801952863372093 ], [ -76.943795508196203, 1.801952863372093 ] ] ] } },
{ "type": "Feature", "properties": { "DN": 6 }, "geometry": { "type": "Polygon", "coordinates": [ [ [ -76.943795508196203, 2.103300161604651 ], [ -76.943795508196203, 2.089602557139535 ], [ -76.957493112658227, 2.089602557139535 ], [ -76.957493112658227, 2.075904952674419 ], [ -76.971190717120251, 2.075904952674419 ], [ -76.971190717120251, 2.062207348209302 ], [ -76.943795508196203, 2.062207348209302 ], [ -76.943795508196203, 2.048509743744186 ], [ -76.984888321582275, 2.048509743744186 ], [ -76.984888321582275, 2.007416930348837 ], [ -76.971190717120251, 2.007416930348837 ], [ -76.971190717120251, 1.966324116953488 ], [ -76.984888321582275, 1.966324116953488 ], [ -76.984888321582275, 1.952626512488372 ], [ -76.998585926044299, 1.952626512488372 ], [ -76.998585926044299, 1.92523130355814 ], [ -77.012283530506323, 1.92523130355814 ], [ -77.012283530506323, 1.897836094627907 ], [ -77.025981134968347, 1.897836094627907 ], [ -77.025981134968347, 1.856743281232558 ], [ -77.053376343892396, 1.856743281232558 ], [ -77.053376343892396, 1.843045676767442 ], [ -77.067073948354434, 1.843045676767442 ], [ -77.067073948354434, 1.801952863372093 ], [ -77.12186436620253, 1.801952863372093 ], [ -77.12186436620253, 1.856743281232558 ], [ -77.108166761740506, 1.856743281232558 ], [ -77.108166761740506, 1.870440885697675 ], [ -77.12186436620253, 1.870440885697675 ], [ -77.12186436620253, 1.884138490162791 ], [ -77.135561970664554, 1.884138490162791 ], [ -77.135561970664554, 1.856743281232558 ], [ -77.149259575126578, 1.856743281232558 ], [ -77.149259575126578, 1.870440885697675 ], [ -77.162957179588602, 1.870440885697675 ], [ -77.162957179588602, 1.884138490162791 ], [ -77.19035238851265, 1.884138490162791 ], [ -77.19035238851265, 1.870440885697675 ], [ -77.204049992974674, 1.870440885697675 ], [ -77.204049992974674, 1.843045676767442 ], [ -77.245142806360761, 1.843045676767442 ], [ -77.245142806360761, 1.829348072302326 ], [ -77.231445201898737, 1.829348072302326 ], [ -77.231445201898737, 1.815650467837209 ], [ -77.217747597436698, 1.815650467837209 ], [ -77.217747597436698, 1.829348072302326 ], [ -77.176654784050626, 1.829348072302326 ], [ -77.176654784050626, 1.815650467837209 ], [ -77.19035238851265, 1.815650467837209 ], [ -77.19035238851265, 1.788255258906977 ], [ -77.176654784050626, 1.788255258906977 ], [ -77.176654784050626, 1.801952863372093 ], [ -77.162957179588602, 1.801952863372093 ], [ -77.162957179588602, 1.760860049976744 ], [ -77.176654784050626, 1.760860049976744 ], [ -77.176654784050626, 1.774557654441861 ], [ -77.19035238851265, 1.774557654441861 ], [ -77.19035238851265, 1.747162445511628 ], [ -77.204049992974674, 1.747162445511628 ], [ -77.204049992974674, 1.774557654441861 ], [ -77.217747597436698, 1.774557654441861 ], [ -77.217747597436698, 1.760860049976744 ], [ -77.231445201898737, 1.760860049976744 ], [ -77.231445201898737, 1.747162445511628 ], [ -77.245142806360761, 1.747162445511628 ], [ -77.245142806360761, 1.719767236581395 ], [ -77.258840410822785, 1.719767236581395 ], [ -77.258840410822785, 1.733464841046512 ], [ -77.286235619746833, 1.733464841046512 ], [ -77.286235619746833, 1.692372027651163 ], [ -77.272538015284809, 1.692372027651163 ], [ -77.272538015284809, 1.706069632116279 ], [ -77.258840410822785, 1.706069632116279 ], [ -77.258840410822785, 1.678674423186047 ], [ -77.245142806360761, 1.678674423186047 ], [ -77.245142806360761, 1.706069632116279 ], [ -77.217747597436698, 1.706069632116279 ], [ -77.217747597436698, 1.692372027651163 ], [ -77.19035238851265, 1.692372027651163 ], [ -77.19035238851265, 1.706069632116279 ], [ -77.162957179588602, 1.706069632116279 ], [ -77.162957179588602, 1.678674423186047 ], [ -77.149259575126578, 1.678674423186047 ], [ -77.149259575126578, 1.692372027651163 ], [ -77.135561970664554, 1.692372027651163 ], [ -77.135561970664554, 1.678674423186047 ], [ -77.12186436620253, 1.678674423186047 ], [ -77.12186436620253, 1.692372027651163 ], [ -77.108166761740506, 1.692372027651163 ], [ -77.108166761740506, 1.706069632116279 ], [ -77.094469157278482, 1.706069632116279 ], [ -77.094469157278482, 1.747162445511628 ], [ -77.080771552816458, 1.747162445511628 ], [ -77.080771552816458, 1.774557654441861 ], [ -77.053376343892396, 1.774557654441861 ], [ -77.053376343892396, 1.788255258906977 ], [ -77.039678739430371, 1.788255258906977 ], [ -77.039678739430371, 1.801952863372093 ], [ -77.012283530506323, 1.801952863372093 ], [ -77.012283530506323, 1.815650467837209 ], [ -76.971190717120251, 1.815650467837209 ], [ -76.971190717120251, 1.801952863372093 ], [ -76.957493112658227, 1.801952863372093 ], [ -76.957493112658227, 1.829348072302326 ], [ -76.971190717120251, 1.829348072302326 ], [ -76.971190717120251, 1.843045676767442 ], [ -76.984888321582275, 1.843045676767442 ], [ -76.984888321582275, 1.884138490162791 ], [ -76.971190717120251, 1.884138490162791 ], [ -76.971190717120251, 1.897836094627907 ], [ -76.957493112658227, 1.897836094627907 ], [ -76.957493112658227, 1.911533699093023 ], [ -76.943795508196203, 1.911533699093023 ], [ -76.943795508196203, 1.92523130355814 ], [ -76.916400299272155, 1.92523130355814 ], [ -76.916400299272155, 1.911533699093023 ], [ -76.930097903734179, 1.911533699093023 ], [ -76.930097903734179, 1.897836094627907 ], [ -76.889005090348093, 1.897836094627907 ], [ -76.889005090348093, 1.92523130355814 ], [ -76.902702694810117, 1.92523130355814 ], [ -76.902702694810117, 1.952626512488372 ], [ -76.916400299272155, 1.952626512488372 ], [ -76.916400299272155, 1.966324116953488 ], [ -76.930097903734179, 1.966324116953488 ], [ -76.930097903734179, 1.993719325883721 ], [ -76.957493112658227, 1.993719325883721 ], [ -76.957493112658227, 2.007416930348837 ], [ -76.943795508196203, 2.007416930348837 ], [ -76.943795508196203, 2.021114534813954 ], [ -76.930097903734179, 2.021114534813954 ], [ -76.930097903734179, 2.03481213927907 ], [ -76.916400299272155, 2.03481213927907 ], [ -76.916400299272155, 2.048509743744186 ], [ -76.902702694810117, 2.048509743744186 ], [ -76.902702694810117, 2.062207348209302 ], [ -76.930097903734179, 2.062207348209302 ], [ -76.930097903734179, 2.103300161604651 ], [ -76.943795508196203, 2.103300161604651 ] ], [ [ -76.957493112658227, 1.952626512488372 ], [ -76.930097903734179, 1.952626512488372 ], [ -76.930097903734179, 1.938928908023256 ], [ -76.957493112658227, 1.938928908023256 ], [ -76.957493112658227, 1.952626512488372 ] ], [ [ -77.039678739430371, 1.843045676767442 ], [ -76.998585926044299, 1.843045676767442 ], [ -76.998585926044299, 1.829348072302326 ], [ -77.025981134968347, 1.829348072302326 ], [ -77.025981134968347, 1.815650467837209 ], [ -77.039678739430371, 1.815650467837209 ], [ -77.039678739430371, 1.843045676767442 ] ] ] } },
{ "type": "Feature", "properties": { "DN": 2 }, "geometry": { "type": "Polygon", "coordinates": [ [ [ -76.601355396645573, 1.692372027651163 ], [ -76.601355396645573, 1.678674423186047 ], [ -76.587657792183535, 1.678674423186047 ], [ -76.587657792183535, 1.692372027651163 ], [ -76.601355396645573, 1.692372027651163 ] ] ] } },
{ "type": "Feature", "properties": { "DN": 4 }, "geometry": { "type": "Polygon", "coordinates": [ [ [ -76.409588934177208, 1.692372027651163 ], [ -76.409588934177208, 1.678674423186047 ], [ -76.395891329715184, 1.678674423186047 ], [ -76.395891329715184, 1.692372027651163 ], [ -76.409588934177208, 1.692372027651163 ] ] ] } },
{ "type": "Feature", "properties": { "DN": 5 }, "geometry": { "type": "Polygon", "coordinates": [ [ [ -76.957493112658227, 1.856743281232558 ], [ -76.957493112658227, 1.843045676767442 ], [ -76.971190717120251, 1.843045676767442 ], [ -76.971190717120251, 1.829348072302326 ], [ -76.957493112658227, 1.829348072302326 ], [ -76.957493112658227, 1.801952863372093 ], [ -76.971190717120251, 1.801952863372093 ], [ -76.971190717120251, 1.815650467837209 ], [ -76.998585926044299, 1.815650467837209 ], [ -76.998585926044299, 1.801952863372093 ], [ -77.039678739430371, 1.801952863372093 ], [ -77.039678739430371, 1.788255258906977 ], [ -77.053376343892396, 1.788255258906977 ], [ -77.053376343892396, 1.774557654441861 ], [ -77.080771552816458, 1.774557654441861 ], [ -77.080771552816458, 1.747162445511628 ], [ -77.094469157278482, 1.747162445511628 ], [ -77.094469157278482, 1.706069632116279 ], [ -77.108166761740506, 1.706069632116279 ], [ -77.108166761740506, 1.692372027651163 ], [ -77.12186436620253, 1.692372027651163 ], [ -77.12186436620253, 1.678674423186047 ], [ -77.135561970664554, 1.678674423186047 ], [ -77.135561970664554, 1.692372027651163 ], [ -77.149259575126578, 1.692372027651163 ], [ -77.149259575126578, 1.66497681872093 ], [ -77.067073948354434, 1.66497681872093 ], [ -77.067073948354434, 1.692372027651163 ], [ -77.053376343892396, 1.692372027651163 ], [ -77.053376343892396, 1.706069632116279 ], [ -77.067073948354434, 1.706069632116279 ], [ -77.067073948354434, 1.760860049976744 ], [ -77.053376343892396, 1.760860049976744 ], [ -77.053376343892396, 1.747162445511628 ], [ -77.039678739430371, 1.747162445511628 ], [ -77.039678739430371, 1.760860049976744 ], [ -77.025981134968347, 1.760860049976744 ], [ -77.025981134968347, 1.788255258906977 ], [ -76.943795508196203, 1.788255258906977 ], [ -76.943795508196203, 1.801952863372093 ], [ -76.916400299272155, 1.801952863372093 ], [ -76.916400299272155, 1.815650467837209 ], [ -76.943795508196203, 1.815650467837209 ], [ -76.943795508196203, 1.856743281232558 ], [ -76.957493112658227, 1.856743281232558 ] ] ] } },
{ "type": "Feature", "properties": { "DN": 6 }, "geometry": { "type": "Polygon", "coordinates": [ [ [ -77.299933224208857, 1.678674423186047 ], [ -77.299933224208857, 1.66497681872093 ], [ -77.286235619746833, 1.66497681872093 ], [ -77.286235619746833, 1.678674423186047 ], [ -77.299933224208857, 1.678674423186047 ] ] ] } },
{ "type": "Feature", "properties": { "DN": 7 }, "geometry": { "type": "Polygon", "coordinates": [ [ [ -76.984888321582275, 2.295066624116279 ], [ -76.984888321582275, 2.253973810720931 ], [ -76.998585926044299, 2.253973810720931 ], [ -76.998585926044299, 2.226578601790698 ], [ -77.012283530506323, 2.226578601790698 ], [ -77.012283530506323, 2.240276206255814 ], [ -77.025981134968347, 2.240276206255814 ], [ -77.025981134968347, 2.226578601790698 ], [ -77.039678739430371, 2.226578601790698 ], [ -77.039678739430371, 2.240276206255814 ], [ -77.053376343892396, 2.240276206255814 ], [ -77.053376343892396, 2.226578601790698 ], [ -77.067073948354434, 2.226578601790698 ], [ -77.067073948354434, 2.199183392860465 ], [ -77.080771552816458, 2.199183392860465 ], [ -77.080771552816458, 2.158090579465116 ], [ -77.067073948354434, 2.158090579465116 ], [ -77.067073948354434, 2.171788183930233 ], [ -77.039678739430371, 2.171788183930233 ], [ -77.039678739430371, 2.199183392860465 ], [ -77.025981134968347, 2.199183392860465 ], [ -77.025981134968347, 2.171788183930233 ], [ -76.998585926044299, 2.171788183930233 ], [ -76.998585926044299, 2.158090579465116 ], [ -77.012283530506323, 2.158090579465116 ], [ -77.012283530506323, 2.116997766069768 ], [ -77.025981134968347, 2.116997766069768 ], [ -77.025981134968347, 2.089602557139535 ], [ -77.039678739430371, 2.089602557139535 ], [ -77.039678739430371, 2.075904952674419 ], [ -77.053376343892396, 2.075904952674419 ], [ -77.053376343892396, 2.062207348209302 ], [ -77.067073948354434, 2.062207348209302 ], [ -77.067073948354434, 2.048509743744186 ], [ -77.080771552816458, 2.048509743744186 ], [ -77.080771552816458, 2.03481213927907 ], [ -77.094469157278482, 2.03481213927907 ], [ -77.094469157278482, 2.021114534813954 ], [ -77.108166761740506, 2.021114534813954 ], [ -77.108166761740506, 2.007416930348837 ], [ -77.149259575126578, 2.007416930348837 ], [ -77.149259575126578, 1.993719325883721 ], [ -77.135561970664554, 1.993719325883721 ], [ -77.135561970664554, 1.966324116953488 ], [ -77.12186436620253, 1.966324116953488 ], [ -77.12186436620253, 1.952626512488372 ], [ -77.149259575126578, 1.952626512488372 ], [ -77.149259575126578, 1.92523130355814 ], [ -77.162957179588602, 1.92523130355814 ], [ -77.162957179588602, 1.911533699093023 ], [ -77.19035238851265, 1.911533699093023 ], [ -77.19035238851265, 1.92523130355814 ], [ -77.217747597436698, 1.92523130355814 ], [ -77.217747597436698, 1.911533699093023 ], [ -77.231445201898737, 1.911533699093023 ], [ -77.231445201898737, 1.884138490162791 ], [ -77.245142806360761, 1.884138490162791 ], [ -77.245142806360761, 1.870440885697675 ], [ -77.272538015284809, 1.870440885697675 ], [ -77.272538015284809, 1.843045676767442 ], [ -77.286235619746833, 1.843045676767442 ], [ -77.286235619746833, 1.815650467837209 ], [ -77.299933224208857, 1.815650467837209 ], [ -77.299933224208857, 1.801952863372093 ], [ -77.272538015284809, 1.801952863372093 ], [ -77.272538015284809, 1.788255258906977 ], [ -77.299933224208857, 1.788255258906977 ], [ -77.299933224208857, 1.733464841046512 ], [ -77.313630828670881, 1.733464841046512 ], [ -77.313630828670881, 1.706069632116279 ], [ -77.327328433132905, 1.706069632116279 ], [ -77.327328433132905, 1.678674423186047 ], [ -77.286235619746833, 1.678674423186047 ], [ -77.286235619746833, 1.66497681872093 ], [ -77.245142806360761, 1.66497681872093 ], [ -77.245142806360761, 1.651279214255814 ], [ -77.231445201898737, 1.651279214255814 ], [ -77.231445201898737, 1.66497681872093 ], [ -77.204049992974674, 1.66497681872093 ], [ -77.204049992974674, 1.678674423186047 ], [ -77.162957179588602, 1.678674423186047 ], [ -77.162957179588602, 1.706069632116279 ], [ -77.19035238851265, 1.706069632116279 ], [ -77.19035238851265, 1.692372027651163 ], [ -77.217747597436698, 1.692372027651163 ], [ -77.217747597436698, 1.706069632116279 ], [ -77.245142806360761, 1.706069632116279 ], [ -77.245142806360761, 1.678674423186047 ], [ -77.258840410822785, 1.678674423186047 ], [ -77.258840410822785, 1.706069632116279 ], [ -77.272538015284809, 1.706069632116279 ], [ -77.272538015284809, 1.692372027651163 ], [ -77.286235619746833, 1.692372027651163 ], [ -77.286235619746833, 1.733464841046512 ], [ -77.258840410822785, 1.733464841046512 ], [ -77.258840410822785, 1.719767236581395 ], [ -77.245142806360761, 1.719767236581395 ], [ -77.245142806360761, 1.747162445511628 ], [ -77.231445201898737, 1.747162445511628 ], [ -77.231445201898737, 1.760860049976744 ], [ -77.217747597436698, 1.760860049976744 ], [ -77.217747597436698, 1.774557654441861 ], [ -77.204049992974674, 1.774557654441861 ], [ -77.204049992974674, 1.747162445511628 ], [ -77.19035238851265, 1.747162445511628 ], [ -77.19035238851265, 1.774557654441861 ], [ -77.176654784050626, 1.774557654441861 ], [ -77.176654784050626, 1.760860049976744 ], [ -77.162957179588602, 1.760860049976744 ], [ -77.162957179588602, 1.801952863372093 ], [ -77.176654784050626, 1.801952863372093 ], [ -77.176654784050626, 1.788255258906977 ], [ -77.19035238851265, 1.788255258906977 ], [ -77.19035238851265, 1.815650467837209 ], [ -77.176654784050626, 1.815650467837209 ], [ -77.176654784050626, 1.829348072302326 ], [ -77.217747597436698, 1.829348072302326 ], [ -77.217747597436698, 1.815650467837209 ], [ -77.231445201898737, 1.815650467837209 ], [ -77.231445201898737, 1.829348072302326 ], [ -77.245142806360761, 1.829348072302326 ], [ -77.245142806360761, 1.843045676767442 ], [ -77.204049992974674, 1.843045676767442 ], [ -77.204049992974674, 1.870440885697675 ], [ -77.19035238851265, 1.870440885697675 ], [ -77.19035238851265, 1.884138490162791 ], [ -77.162957179588602, 1.884138490162791 ], [ -77.162957179588602, 1.870440885697675 ], [ -77.149259575126578, 1.870440885697675 ], [ -77.149259575126578, 1.856743281232558 ], [ -77.135561970664554, 1.856743281232558 ], [ -77.135561970664554, 1.884138490162791 ], [ -77.12186436620253, 1.884138490162791 ], [ -77.12186436620253, 1.870440885697675 ], [ -77.108166761740506, 1.870440885697675 ], [ -77.108166761740506, 1.856743281232558 ], [ -77.12186436620253, 1.856743281232558 ], [ -77.12186436620253, 1.801952863372093 ], [ -77.067073948354434, 1.801952863372093 ], [ -77.067073948354434, 1.843045676767442 ], [ -77.053376343892396, 1.843045676767442 ], [ -77.053376343892396, 1.856743281232558 ], [ -77.025981134968347, 1.856743281232558 ], [ -77.025981134968347, 1.897836094627907 ], [ -77.012283530506323, 1.897836094627907 ], [ -77.012283530506323, 1.92523130355814 ], [ -76.998585926044299, 1.92523130355814 ], [ -76.998585926044299, 1.952626512488372 ], [ -76.984888321582275, 1.952626512488372 ], [ -76.984888321582275, 1.966324116953488 ], [ -76.971190717120251, 1.966324116953488 ], [ -76.971190717120251, 2.007416930348837 ], [ -76.984888321582275, 2.007416930348837 ], [ -76.984888321582275, 2.048509743744186 ], [ -76.943795508196203, 2.048509743744186 ], [ -76.943795508196203, 2.062207348209302 ], [ -76.971190717120251, 2.062207348209302 ], [ -76.971190717120251, 2.075904952674419 ], [ -76.957493112658227, 2.075904952674419 ], [ -76.957493112658227, 2.089602557139535 ], [ -76.943795508196203, 2.089602557139535 ], [ -76.943795508196203, 2.103300161604651 ], [ -76.930097903734179, 2.103300161604651 ], [ -76.930097903734179, 2.116997766069768 ], [ -76.916400299272155, 2.116997766069768 ], [ -76.916400299272155, 2.144392975 ], [ -76.930097903734179, 2.144392975 ], [ -76.930097903734179, 2.130695370534884 ], [ -76.971190717120251, 2.130695370534884 ], [ -76.971190717120251, 2.158090579465116 ], [ -76.957493112658227, 2.158090579465116 ], [ -76.957493112658227, 2.171788183930233 ], [ -76.943795508196203, 2.171788183930233 ], [ -76.943795508196203, 2.226578601790698 ], [ -76.930097903734179, 2.226578601790698 ], [ -76.930097903734179, 2.253973810720931 ], [ -76.916400299272155, 2.253973810720931 ], [ -76.916400299272155, 2.267671415186046 ], [ -76.902702694810117, 2.267671415186046 ], [ -76.902702694810117, 2.281369019651163 ], [ -76.889005090348093, 2.281369019651163 ], [ -76.889005090348093, 2.295066624116279 ], [ -76.916400299272155, 2.295066624116279 ], [ -76.916400299272155, 2.281369019651163 ], [ -76.930097903734179, 2.281369019651163 ], [ -76.930097903734179, 2.295066624116279 ], [ -76.943795508196203, 2.295066624116279 ], [ -76.943795508196203, 2.281369019651163 ], [ -76.971190717120251, 2.281369019651163 ], [ -76.971190717120251, 2.295066624116279 ], [ -76.984888321582275, 2.295066624116279 ] ], [ [ -77.12186436620253, 1.952626512488372 ], [ -77.108166761740506, 1.952626512488372 ], [ -77.108166761740506, 1.938928908023256 ], [ -77.12186436620253, 1.938928908023256 ], [ -77.12186436620253, 1.952626512488372 ] ], [ [ -77.272538015284809, 1.815650467837209 ], [ -77.258840410822785, 1.815650467837209 ], [ -77.258840410822785, 1.801952863372093 ], [ -77.272538015284809, 1.801952863372093 ], [ -77.272538015284809, 1.815650467837209 ] ], [ [ -77.286235619746833, 1.774557654441861 ], [ -77.272538015284809, 1.774557654441861 ], [ -77.272538015284809, 1.760860049976744 ], [ -77.286235619746833, 1.760860049976744 ], [ -77.286235619746833, 1.774557654441861 ] ] ] } },
{ "type": "Feature", "properties": { "DN": 3 }, "geometry": { "type": "Polygon", "coordinates": [ [ [ -76.752029045727838, 1.66497681872093 ], [ -76.752029045727838, 1.651279214255814 ], [ -76.738331441265814, 1.651279214255814 ], [ -76.738331441265814, 1.66497681872093 ], [ -76.752029045727838, 1.66497681872093 ] ] ] } },
{ "type": "Feature", "properties": { "DN": 5 }, "geometry": { "type": "Polygon", "coordinates": [ [ [ -76.532867374335439, 1.66497681872093 ], [ -76.532867374335439, 1.651279214255814 ], [ -76.519169769873415, 1.651279214255814 ], [ -76.519169769873415, 1.66497681872093 ], [ -76.532867374335439, 1.66497681872093 ] ] ] } },
{ "type": "Feature", "properties": { "DN": 4 }, "geometry": { "type": "Polygon", "coordinates": [ [ [ -76.560262583259487, 1.788255258906977 ], [ -76.560262583259487, 1.760860049976744 ], [ -76.573960187721511, 1.760860049976744 ], [ -76.573960187721511, 1.774557654441861 ], [ -76.587657792183535, 1.774557654441861 ], [ -76.587657792183535, 1.747162445511628 ], [ -76.601355396645573, 1.747162445511628 ], [ -76.601355396645573, 1.733464841046512 ], [ -76.615053001107597, 1.733464841046512 ], [ -76.615053001107597, 1.706069632116279 ], [ -76.601355396645573, 1.706069632116279 ], [ -76.601355396645573, 1.719767236581395 ], [ -76.587657792183535, 1.719767236581395 ], [ -76.587657792183535, 1.733464841046512 ], [ -76.573960187721511, 1.733464841046512 ], [ -76.573960187721511, 1.678674423186047 ], [ -76.560262583259487, 1.678674423186047 ], [ -76.560262583259487, 1.66497681872093 ], [ -76.573960187721511, 1.66497681872093 ], [ -76.573960187721511, 1.637581609790698 ], [ -76.560262583259487, 1.637581609790698 ], [ -76.560262583259487, 1.651279214255814 ], [ -76.532867374335439, 1.651279214255814 ], [ -76.532867374335439, 1.66497681872093 ], [ -76.519169769873415, 1.66497681872093 ], [ -76.519169769873415, 1.706069632116279 ], [ -76.546564978797463, 1.706069632116279 ], [ -76.546564978797463, 1.719767236581395 ], [ -76.532867374335439, 1.719767236581395 ], [ -76.532867374335439, 1.733464841046512 ], [ -76.546564978797463, 1.733464841046512 ], [ -76.546564978797463, 1.788255258906977 ], [ -76.560262583259487, 1.788255258906977 ] ] ] } },
{ "type": "Feature", "properties": { "DN": 2 }, "geometry": { "type": "Polygon", "coordinates": [ [ [ -76.752029045727838, 1.651279214255814 ], [ -76.752029045727838, 1.637581609790698 ], [ -76.738331441265814, 1.637581609790698 ], [ -76.738331441265814, 1.651279214255814 ], [ -76.752029045727838, 1.651279214255814 ] ] ] } },
{ "type": "Feature", "properties": { "DN": 4 }, "geometry": { "type": "Polygon", "coordinates": [ [ [ -76.519169769873415, 1.66497681872093 ], [ -76.519169769873415, 1.651279214255814 ], [ -76.532867374335439, 1.651279214255814 ], [ -76.532867374335439, 1.610186400860465 ], [ -76.519169769873415, 1.610186400860465 ], [ -76.519169769873415, 1.637581609790698 ], [ -76.491774560949366, 1.637581609790698 ], [ -76.491774560949366, 1.651279214255814 ], [ -76.505472165411391, 1.651279214255814 ], [ -76.505472165411391, 1.66497681872093 ], [ -76.519169769873415, 1.66497681872093 ] ] ] } },
{ "type": "Feature", "properties": { "DN": 4 }, "geometry": { "type": "Polygon", "coordinates": [ [ [ -76.245217680632905, 1.623884005325581 ], [ -76.245217680632905, 1.610186400860465 ], [ -76.217822471708857, 1.610186400860465 ], [ -76.217822471708857, 1.623884005325581 ], [ -76.245217680632905, 1.623884005325581 ] ] ] } },
{ "type": "Feature", "properties": { "DN": 4 }, "geometry": { "type": "Polygon", "coordinates": [ [ [ -76.436984143101256, 1.66497681872093 ], [ -76.436984143101256, 1.637581609790698 ], [ -76.450681747563294, 1.637581609790698 ], [ -76.450681747563294, 1.623884005325581 ], [ -76.478076956487342, 1.623884005325581 ], [ -76.478076956487342, 1.610186400860465 ], [ -76.505472165411391, 1.610186400860465 ], [ -76.505472165411391, 1.582791191930233 ], [ -76.491774560949366, 1.582791191930233 ], [ -76.491774560949366, 1.596488796395349 ], [ -76.464379352025318, 1.596488796395349 ], [ -76.464379352025318, 1.582791191930233 ], [ -76.450681747563294, 1.582791191930233 ], [ -76.450681747563294, 1.610186400860465 ], [ -76.436984143101256, 1.610186400860465 ], [ -76.436984143101256, 1.623884005325581 ], [ -76.423286538639232, 1.623884005325581 ], [ -76.423286538639232, 1.637581609790698 ], [ -76.409588934177208, 1.637581609790698 ], [ -76.409588934177208, 1.66497681872093 ], [ -76.436984143101256, 1.66497681872093 ] ] ] } },
{ "type": "Feature", "properties": { "DN": 5 }, "geometry": { "type": "Polygon", "coordinates": [ [ [ -76.491774560949366, 1.596488796395349 ], [ -76.491774560949366, 1.582791191930233 ], [ -76.464379352025318, 1.582791191930233 ], [ -76.464379352025318, 1.596488796395349 ], [ -76.491774560949366, 1.596488796395349 ] ] ] } },
{ "type": "Feature", "properties": { "DN": 5 }, "geometry": { "type": "Polygon", "coordinates": [ [ [ -76.615053001107597, 1.582791191930233 ], [ -76.615053001107597, 1.569093587465116 ], [ -76.601355396645573, 1.569093587465116 ], [ -76.601355396645573, 1.582791191930233 ], [ -76.615053001107597, 1.582791191930233 ] ] ] } },
{ "type": "Feature", "properties": { "DN": 5 }, "geometry": { "type": "Polygon", "coordinates": [ [ [ -76.587657792183535, 1.569093587465116 ], [ -76.587657792183535, 1.555395983 ], [ -76.573960187721511, 1.555395983 ], [ -76.573960187721511, 1.569093587465116 ], [ -76.587657792183535, 1.569093587465116 ] ] ] } },
{ "type": "Feature", "properties": { "DN": 4 }, "geometry": { "type": "Polygon", "coordinates": [ [ [ -76.163032053860761, 1.555395983 ], [ -76.163032053860761, 1.528000774069768 ], [ -76.149334449398737, 1.528000774069768 ], [ -76.149334449398737, 1.555395983 ], [ -76.163032053860761, 1.555395983 ] ] ] } },
{ "type": "Feature", "properties": { "DN": 4 }, "geometry": { "type": "Polygon", "coordinates": [ [ [ -76.697238627879742, 1.541698378534884 ], [ -76.697238627879742, 1.528000774069768 ], [ -76.669843418955693, 1.528000774069768 ], [ -76.669843418955693, 1.541698378534884 ], [ -76.697238627879742, 1.541698378534884 ] ] ] } },
{ "type": "Feature", "properties": { "DN": 5 }, "geometry": { "type": "Polygon", "coordinates": [ [ [ -76.615053001107597, 1.555395983 ], [ -76.615053001107597, 1.541698378534884 ], [ -76.628750605569621, 1.541698378534884 ], [ -76.628750605569621, 1.528000774069768 ], [ -76.601355396645573, 1.528000774069768 ], [ -76.601355396645573, 1.555395983 ], [ -76.615053001107597, 1.555395983 ] ] ] } },
{ "type": "Feature", "properties": { "DN": 5 }, "geometry": { "type": "Polygon", "coordinates": [ [ [ -76.519169769873415, 1.637581609790698 ], [ -76.519169769873415, 1.610186400860465 ], [ -76.532867374335439, 1.610186400860465 ], [ -76.532867374335439, 1.596488796395349 ], [ -76.519169769873415, 1.596488796395349 ], [ -76.519169769873415, 1.582791191930233 ], [ -76.532867374335439, 1.582791191930233 ], [ -76.532867374335439, 1.569093587465116 ], [ -76.560262583259487, 1.569093587465116 ], [ -76.560262583259487, 1.541698378534884 ], [ -76.573960187721511, 1.541698378534884 ], [ -76.573960187721511, 1.528000774069768 ], [ -76.546564978797463, 1.528000774069768 ], [ -76.546564978797463, 1.541698378534884 ], [ -76.505472165411391, 1.541698378534884 ], [ -76.505472165411391, 1.555395983 ], [ -76.491774560949366, 1.555395983 ], [ -76.491774560949366, 1.582791191930233 ], [ -76.505472165411391, 1.582791191930233 ], [ -76.505472165411391, 1.637581609790698 ], [ -76.519169769873415, 1.637581609790698 ] ] ] } },
{ "type": "Feature", "properties": { "DN": 6 }, "geometry": { "type": "Polygon", "coordinates": [ [ [ -76.546564978797463, 1.541698378534884 ], [ -76.546564978797463, 1.528000774069768 ], [ -76.532867374335439, 1.528000774069768 ], [ -76.532867374335439, 1.541698378534884 ], [ -76.546564978797463, 1.541698378534884 ] ] ] } },
{ "type": "Feature", "properties": { "DN": 4 }, "geometry": { "type": "Polygon", "coordinates": [ [ [ -76.752029045727838, 1.555395983 ], [ -76.752029045727838, 1.528000774069768 ], [ -76.72463383680379, 1.528000774069768 ], [ -76.72463383680379, 1.514303169604651 ], [ -76.710936232341766, 1.514303169604651 ], [ -76.710936232341766, 1.541698378534884 ], [ -76.697238627879742, 1.541698378534884 ], [ -76.697238627879742, 1.555395983 ], [ -76.752029045727838, 1.555395983 ] ] ] } },
{ "type": "Feature", "properties": { "DN": 3 }, "geometry": { "type": "Polygon", "coordinates": [ [ [ -76.710936232341766, 1.541698378534884 ], [ -76.710936232341766, 1.514303169604651 ], [ -76.697238627879742, 1.514303169604651 ], [ -76.697238627879742, 1.541698378534884 ], [ -76.710936232341766, 1.541698378534884 ] ] ] } },
{ "type": "Feature", "properties": { "DN": 4 }, "geometry": { "type": "Polygon", "coordinates": [ [ [ -76.615053001107597, 1.637581609790698 ], [ -76.615053001107597, 1.610186400860465 ], [ -76.628750605569621, 1.610186400860465 ], [ -76.628750605569621, 1.623884005325581 ], [ -76.656145814493669, 1.623884005325581 ], [ -76.656145814493669, 1.596488796395349 ], [ -76.615053001107597, 1.596488796395349 ], [ -76.615053001107597, 1.582791191930233 ], [ -76.628750605569621, 1.582791191930233 ], [ -76.628750605569621, 1.555395983 ], [ -76.642448210031645, 1.555395983 ], [ -76.642448210031645, 1.528000774069768 ], [ -76.669843418955693, 1.528000774069768 ], [ -76.669843418955693, 1.514303169604651 ], [ -76.628750605569621, 1.514303169604651 ], [ -76.628750605569621, 1.541698378534884 ], [ -76.615053001107597, 1.541698378534884 ], [ -76.615053001107597, 1.555395983 ], [ -76.587657792183535, 1.555395983 ], [ -76.587657792183535, 1.569093587465116 ], [ -76.573960187721511, 1.569093587465116 ], [ -76.573960187721511, 1.555395983 ], [ -76.560262583259487, 1.555395983 ], [ -76.560262583259487, 1.569093587465116 ], [ -76.532867374335439, 1.569093587465116 ], [ -76.532867374335439, 1.582791191930233 ], [ -76.519169769873415, 1.582791191930233 ], [ -76.519169769873415, 1.596488796395349 ], [ -76.546564978797463, 1.596488796395349 ], [ -76.546564978797463, 1.582791191930233 ], [ -76.587657792183535, 1.582791191930233 ], [ -76.587657792183535, 1.596488796395349 ], [ -76.573960187721511, 1.596488796395349 ], [ -76.573960187721511, 1.610186400860465 ], [ -76.601355396645573, 1.610186400860465 ], [ -76.601355396645573, 1.637581609790698 ], [ -76.615053001107597, 1.637581609790698 ] ], [ [ -76.615053001107597, 1.582791191930233 ], [ -76.601355396645573, 1.582791191930233 ], [ -76.601355396645573, 1.569093587465116 ], [ -76.615053001107597, 1.569093587465116 ], [ -76.615053001107597, 1.582791191930233 ] ] ] } },
{ "type": "Feature", "properties": { "DN": 4 }, "geometry": { "type": "Polygon", "coordinates": [ [ [ -76.176729658322785, 1.528000774069768 ], [ -76.176729658322785, 1.514303169604651 ], [ -76.163032053860761, 1.514303169604651 ], [ -76.163032053860761, 1.528000774069768 ], [ -76.176729658322785, 1.528000774069768 ] ] ] } },
{ "type": "Feature", "properties": { "DN": 4 }, "geometry": { "type": "Polygon", "coordinates": [ [ [ -76.710936232341766, 1.514303169604651 ], [ -76.710936232341766, 1.500605565139535 ], [ -76.697238627879742, 1.500605565139535 ], [ -76.697238627879742, 1.514303169604651 ], [ -76.710936232341766, 1.514303169604651 ] ] ] } },
{ "type": "Feature", "properties": { "DN": 6 }, "geometry": { "type": "Polygon", "coordinates": [ [ [ -76.697238627879742, 1.514303169604651 ], [ -76.697238627879742, 1.500605565139535 ], [ -76.683541023417717, 1.500605565139535 ], [ -76.683541023417717, 1.514303169604651 ], [ -76.697238627879742, 1.514303169604651 ] ] ] } },
{ "type": "Feature", "properties": { "DN": 2 }, "geometry": { "type": "Polygon", "coordinates": [ [ [ -76.765726650189876, 1.788255258906977 ], [ -76.765726650189876, 1.760860049976744 ], [ -76.7794242546519, 1.760860049976744 ], [ -76.7794242546519, 1.747162445511628 ], [ -76.793121859113924, 1.747162445511628 ], [ -76.793121859113924, 1.719767236581395 ], [ -76.806819463575948, 1.719767236581395 ], [ -76.806819463575948, 1.733464841046512 ], [ -76.820517068037972, 1.733464841046512 ], [ -76.820517068037972, 1.719767236581395 ], [ -76.834214672499996, 1.719767236581395 ], [ -76.834214672499996, 1.706069632116279 ], [ -76.875307485886069, 1.706069632116279 ], [ -76.875307485886069, 1.692372027651163 ], [ -76.861609881424044, 1.692372027651163 ], [ -76.861609881424044, 1.678674423186047 ], [ -76.889005090348093, 1.678674423186047 ], [ -76.889005090348093, 1.651279214255814 ], [ -76.875307485886069, 1.651279214255814 ], [ -76.875307485886069, 1.637581609790698 ], [ -76.84791227696202, 1.637581609790698 ], [ -76.84791227696202, 1.623884005325581 ], [ -76.834214672499996, 1.623884005325581 ], [ -76.834214672499996, 1.582791191930233 ], [ -76.84791227696202, 1.582791191930233 ], [ -76.84791227696202, 1.569093587465116 ], [ -76.861609881424044, 1.569093587465116 ], [ -76.861609881424044, 1.541698378534884 ], [ -76.84791227696202, 1.541698378534884 ], [ -76.84791227696202, 1.528000774069768 ], [ -76.861609881424044, 1.528000774069768 ], [ -76.861609881424044, 1.500605565139535 ], [ -76.820517068037972, 1.500605565139535 ], [ -76.820517068037972, 1.486907960674419 ], [ -76.806819463575948, 1.486907960674419 ], [ -76.806819463575948, 1.500605565139535 ], [ -76.765726650189876, 1.500605565139535 ], [ -76.765726650189876, 1.528000774069768 ], [ -76.793121859113924, 1.528000774069768 ], [ -76.793121859113924, 1.555395983 ], [ -76.820517068037972, 1.555395983 ], [ -76.820517068037972, 1.569093587465116 ], [ -76.765726650189876, 1.569093587465116 ], [ -76.765726650189876, 1.582791191930233 ], [ -76.7794242546519, 1.582791191930233 ], [ -76.7794242546519, 1.610186400860465 ], [ -76.765726650189876, 1.610186400860465 ], [ -76.765726650189876, 1.623884005325581 ], [ -76.7794242546519, 1.623884005325581 ], [ -76.7794242546519, 1.637581609790698 ], [ -76.793121859113924, 1.637581609790698 ], [ -76.793121859113924, 1.66497681872093 ], [ -76.765726650189876, 1.66497681872093 ], [ -76.765726650189876, 1.651279214255814 ], [ -76.752029045727838, 1.651279214255814 ], [ -76.752029045727838, 1.66497681872093 ], [ -76.738331441265814, 1.66497681872093 ], [ -76.738331441265814, 1.651279214255814 ], [ -76.72463383680379, 1.651279214255814 ], [ -76.72463383680379, 1.637581609790698 ], [ -76.710936232341766, 1.637581609790698 ], [ -76.710936232341766, 1.623884005325581 ], [ -76.738331441265814, 1.623884005325581 ], [ -76.738331441265814, 1.610186400860465 ], [ -76.710936232341766, 1.610186400860465 ], [ -76.710936232341766, 1.596488796395349 ], [ -76.72463383680379, 1.596488796395349 ], [ -76.72463383680379, 1.569093587465116 ], [ -76.710936232341766, 1.569093587465116 ], [ -76.710936232341766, 1.582791191930233 ], [ -76.697238627879742, 1.582791191930233 ], [ -76.697238627879742, 1.569093587465116 ], [ -76.683541023417717, 1.569093587465116 ], [ -76.683541023417717, 1.582791191930233 ], [ -76.669843418955693, 1.582791191930233 ], [ -76.669843418955693, 1.596488796395349 ], [ -76.697238627879742, 1.596488796395349 ], [ -76.697238627879742, 1.637581609790698 ], [ -76.669843418955693, 1.637581609790698 ], [ -76.669843418955693, 1.651279214255814 ], [ -76.628750605569621, 1.651279214255814 ], [ -76.628750605569621, 1.66497681872093 ], [ -76.683541023417717, 1.66497681872093 ], [ -76.683541023417717, 1.651279214255814 ], [ -76.697238627879742, 1.651279214255814 ], [ -76.697238627879742, 1.678674423186047 ], [ -76.683541023417717, 1.678674423186047 ], [ -76.683541023417717, 1.692372027651163 ], [ -76.697238627879742, 1.692372027651163 ], [ -76.697238627879742, 1.706069632116279 ], [ -76.669843418955693, 1.706069632116279 ], [ -76.669843418955693, 1.733464841046512 ], [ -76.697238627879742, 1.733464841046512 ], [ -76.697238627879742, 1.719767236581395 ], [ -76.72463383680379, 1.719767236581395 ], [ -76.72463383680379, 1.706069632116279 ], [ -76.738331441265814, 1.706069632116279 ], [ -76.738331441265814, 1.719767236581395 ], [ -76.752029045727838, 1.719767236581395 ], [ -76.752029045727838, 1.760860049976744 ], [ -76.738331441265814, 1.760860049976744 ], [ -76.738331441265814, 1.774557654441861 ], [ -76.752029045727838, 1.774557654441861 ], [ -76.752029045727838, 1.788255258906977 ], [ -76.765726650189876, 1.788255258906977 ] ] ] } },
{ "type": "Feature", "properties": { "DN": 5 }, "geometry": { "type": "Polygon", "coordinates": [ [ [ -76.464379352025318, 1.528000774069768 ], [ -76.464379352025318, 1.486907960674419 ], [ -76.450681747563294, 1.486907960674419 ], [ -76.450681747563294, 1.528000774069768 ], [ -76.464379352025318, 1.528000774069768 ] ] ] } },
{ "type": "Feature", "properties": { "DN": 5 }, "geometry": { "type": "Polygon", "coordinates": [ [ [ -76.395891329715184, 1.514303169604651 ], [ -76.395891329715184, 1.500605565139535 ], [ -76.38219372525316, 1.500605565139535 ], [ -76.38219372525316, 1.486907960674419 ], [ -76.368496120791136, 1.486907960674419 ], [ -76.368496120791136, 1.514303169604651 ], [ -76.395891329715184, 1.514303169604651 ] ] ] } },
{ "type": "Feature", "properties": { "DN": 2 }, "geometry": { "type": "Polygon", "coordinates": [ [ [ -76.765726650189876, 1.500605565139535 ], [ -76.765726650189876, 1.486907960674419 ], [ -76.752029045727838, 1.486907960674419 ], [ -76.752029045727838, 1.500605565139535 ], [ -76.765726650189876, 1.500605565139535 ] ] ] } },
{ "type": "Feature", "properties": { "DN": 4 }, "geometry": { "type": "Polygon", "coordinates": [ [ [ -76.697238627879742, 1.500605565139535 ], [ -76.697238627879742, 1.486907960674419 ], [ -76.683541023417717, 1.486907960674419 ], [ -76.683541023417717, 1.500605565139535 ], [ -76.697238627879742, 1.500605565139535 ] ] ] } },
{ "type": "Feature", "properties": { "DN": 6 }, "geometry": { "type": "Polygon", "coordinates": [ [ [ -76.395891329715184, 1.500605565139535 ], [ -76.395891329715184, 1.486907960674419 ], [ -76.38219372525316, 1.486907960674419 ], [ -76.38219372525316, 1.500605565139535 ], [ -76.395891329715184, 1.500605565139535 ] ] ] } },
{ "type": "Feature", "properties": { "DN": 5 }, "geometry": { "type": "Polygon", "coordinates": [ [ [ -76.697238627879742, 1.528000774069768 ], [ -76.697238627879742, 1.514303169604651 ], [ -76.683541023417717, 1.514303169604651 ], [ -76.683541023417717, 1.473210356209302 ], [ -76.656145814493669, 1.473210356209302 ], [ -76.656145814493669, 1.486907960674419 ], [ -76.669843418955693, 1.486907960674419 ], [ -76.669843418955693, 1.500605565139535 ], [ -76.656145814493669, 1.500605565139535 ], [ -76.656145814493669, 1.514303169604651 ], [ -76.669843418955693, 1.514303169604651 ], [ -76.669843418955693, 1.528000774069768 ], [ -76.697238627879742, 1.528000774069768 ] ] ] } },
{ "type": "Feature", "properties": { "DN": 5 }, "geometry": { "type": "Polygon", "coordinates": [ [ [ -76.409588934177208, 1.500605565139535 ], [ -76.409588934177208, 1.473210356209302 ], [ -76.395891329715184, 1.473210356209302 ], [ -76.395891329715184, 1.500605565139535 ], [ -76.409588934177208, 1.500605565139535 ] ] ] } },
{ "type": "Feature", "properties": { "DN": 5 }, "geometry": { "type": "Polygon", "coordinates": [ [ [ -76.546564978797463, 1.528000774069768 ], [ -76.546564978797463, 1.514303169604651 ], [ -76.573960187721511, 1.514303169604651 ], [ -76.573960187721511, 1.486907960674419 ], [ -76.601355396645573, 1.486907960674419 ], [ -76.601355396645573, 1.473210356209302 ], [ -76.560262583259487, 1.473210356209302 ], [ -76.560262583259487, 1.486907960674419 ], [ -76.546564978797463, 1.486907960674419 ], [ -76.546564978797463, 1.500605565139535 ], [ -76.532867374335439, 1.500605565139535 ], [ -76.532867374335439, 1.528000774069768 ], [ -76.546564978797463, 1.528000774069768 ] ] ] } },
{ "type": "Feature", "properties": { "DN": 5 }, "geometry": { "type": "Polygon", "coordinates": [ [ [ -76.478076956487342, 1.486907960674419 ], [ -76.478076956487342, 1.473210356209302 ], [ -76.464379352025318, 1.473210356209302 ], [ -76.464379352025318, 1.486907960674419 ], [ -76.478076956487342, 1.486907960674419 ] ] ] } },
{ "type": "Feature", "properties": { "DN": 3 }, "geometry": { "type": "Polygon", "coordinates": [ [ [ -76.217822471708857, 1.623884005325581 ], [ -76.217822471708857, 1.610186400860465 ], [ -76.245217680632905, 1.610186400860465 ], [ -76.245217680632905, 1.596488796395349 ], [ -76.231520076170881, 1.596488796395349 ], [ -76.231520076170881, 1.582791191930233 ], [ -76.258915285094929, 1.582791191930233 ], [ -76.258915285094929, 1.541698378534884 ], [ -76.286310494018977, 1.541698378534884 ], [ -76.286310494018977, 1.528000774069768 ], [ -76.300008098481015, 1.528000774069768 ], [ -76.300008098481015, 1.514303169604651 ], [ -76.313705702943039, 1.514303169604651 ], [ -76.313705702943039, 1.500605565139535 ], [ -76.327403307405064, 1.500605565139535 ], [ -76.327403307405064, 1.486907960674419 ], [ -76.341100911867088, 1.486907960674419 ], [ -76.341100911867088, 1.473210356209302 ], [ -76.300008098481015, 1.473210356209302 ], [ -76.300008098481015, 1.486907960674419 ], [ -76.272612889556953, 1.486907960674419 ], [ -76.272612889556953, 1.500605565139535 ], [ -76.245217680632905, 1.500605565139535 ], [ -76.245217680632905, 1.514303169604651 ], [ -76.217822471708857, 1.514303169604651 ], [ -76.217822471708857, 1.500605565139535 ], [ -76.204124867246833, 1.500605565139535 ], [ -76.204124867246833, 1.514303169604651 ], [ -76.176729658322785, 1.514303169604651 ], [ -76.176729658322785, 1.528000774069768 ], [ -76.163032053860761, 1.528000774069768 ], [ -76.163032053860761, 1.555395983 ], [ -76.149334449398737, 1.555395983 ], [ -76.149334449398737, 1.569093587465116 ], [ -76.163032053860761, 1.569093587465116 ], [ -76.163032053860761, 1.582791191930233 ], [ -76.176729658322785, 1.582791191930233 ], [ -76.176729658322785, 1.569093587465116 ], [ -76.204124867246833, 1.569093587465116 ], [ -76.204124867246833, 1.623884005325581 ], [ -76.217822471708857, 1.623884005325581 ] ] ] } },
{ "type": "Feature", "properties": { "DN": 5 }, "geometry": { "type": "Polygon", "coordinates": [ [ [ -76.72463383680379, 1.473210356209302 ], [ -76.72463383680379, 1.459512751744186 ], [ -76.697238627879742, 1.459512751744186 ], [ -76.697238627879742, 1.473210356209302 ], [ -76.72463383680379, 1.473210356209302 ] ] ] } },
{ "type": "Feature", "properties": { "DN": 6 }, "geometry": { "type": "Polygon", "coordinates": [ [ [ -76.669843418955693, 1.473210356209302 ], [ -76.669843418955693, 1.459512751744186 ], [ -76.656145814493669, 1.459512751744186 ], [ -76.656145814493669, 1.473210356209302 ], [ -76.669843418955693, 1.473210356209302 ] ] ] } },
{ "type": "Feature", "properties": { "DN": 4 }, "geometry": { "type": "Polygon", "coordinates": [ [ [ -76.656145814493669, 1.473210356209302 ], [ -76.656145814493669, 1.459512751744186 ], [ -76.642448210031645, 1.459512751744186 ], [ -76.642448210031645, 1.473210356209302 ], [ -76.656145814493669, 1.473210356209302 ] ] ] } },
{ "type": "Feature", "properties": { "DN": 5 }, "geometry": { "type": "Polygon", "coordinates": [ [ [ -76.615053001107597, 1.473210356209302 ], [ -76.615053001107597, 1.459512751744186 ], [ -76.601355396645573, 1.459512751744186 ], [ -76.601355396645573, 1.473210356209302 ], [ -76.615053001107597, 1.473210356209302 ] ] ] } },
{ "type": "Feature", "properties": { "DN": 5 }, "geometry": { "type": "Polygon", "coordinates": [ [ [ -76.491774560949366, 1.473210356209302 ], [ -76.491774560949366, 1.459512751744186 ], [ -76.478076956487342, 1.459512751744186 ], [ -76.478076956487342, 1.473210356209302 ], [ -76.491774560949366, 1.473210356209302 ] ] ] } },
{ "type": "Feature", "properties": { "DN": 6 }, "geometry": { "type": "Polygon", "coordinates": [ [ [ -76.464379352025318, 1.486907960674419 ], [ -76.464379352025318, 1.473210356209302 ], [ -76.478076956487342, 1.473210356209302 ], [ -76.478076956487342, 1.459512751744186 ], [ -76.450681747563294, 1.459512751744186 ], [ -76.450681747563294, 1.486907960674419 ], [ -76.464379352025318, 1.486907960674419 ] ] ] } },
{ "type": "Feature", "properties": { "DN": 5 }, "geometry": { "type": "Polygon", "coordinates": [ [ [ -76.738331441265814, 1.459512751744186 ], [ -76.738331441265814, 1.44581514727907 ], [ -76.72463383680379, 1.44581514727907 ], [ -76.72463383680379, 1.459512751744186 ], [ -76.738331441265814, 1.459512751744186 ] ] ] } },
{ "type": "Feature", "properties": { "DN": 4 }, "geometry": { "type": "Polygon", "coordinates": [ [ [ -76.697238627879742, 1.473210356209302 ], [ -76.697238627879742, 1.459512751744186 ], [ -76.72463383680379, 1.459512751744186 ], [ -76.72463383680379, 1.44581514727907 ], [ -76.683541023417717, 1.44581514727907 ], [ -76.683541023417717, 1.459512751744186 ], [ -76.669843418955693, 1.459512751744186 ], [ -76.669843418955693, 1.473210356209302 ], [ -76.697238627879742, 1.473210356209302 ] ] ] } },
{ "type": "Feature", "properties": { "DN": 5 }, "geometry": { "type": "Polygon", "coordinates": [ [ [ -76.642448210031645, 1.459512751744186 ], [ -76.642448210031645, 1.44581514727907 ], [ -76.628750605569621, 1.44581514727907 ], [ -76.628750605569621, 1.459512751744186 ], [ -76.642448210031645, 1.459512751744186 ] ] ] } },
{ "type": "Feature", "properties": { "DN": 5 }, "geometry": { "type": "Polygon", "coordinates": [ [ [ -76.587657792183535, 1.459512751744186 ], [ -76.587657792183535, 1.44581514727907 ], [ -76.573960187721511, 1.44581514727907 ], [ -76.573960187721511, 1.459512751744186 ], [ -76.587657792183535, 1.459512751744186 ] ] ] } },
{ "type": "Feature", "properties": { "DN": 5 }, "geometry": { "type": "Polygon", "coordinates": [ [ [ -76.532867374335439, 1.459512751744186 ], [ -76.532867374335439, 1.44581514727907 ], [ -76.519169769873415, 1.44581514727907 ], [ -76.519169769873415, 1.459512751744186 ], [ -76.532867374335439, 1.459512751744186 ] ] ] } },
{ "type": "Feature", "properties": { "DN": 4 }, "geometry": { "type": "Polygon", "coordinates": [ [ [ -76.738331441265814, 1.44581514727907 ], [ -76.738331441265814, 1.432117542813954 ], [ -76.72463383680379, 1.432117542813954 ], [ -76.72463383680379, 1.44581514727907 ], [ -76.738331441265814, 1.44581514727907 ] ] ] } },
{ "type": "Feature", "properties": { "DN": 5 }, "geometry": { "type": "Polygon", "coordinates": [ [ [ -76.628750605569621, 1.44581514727907 ], [ -76.628750605569621, 1.432117542813954 ], [ -76.601355396645573, 1.432117542813954 ], [ -76.601355396645573, 1.44581514727907 ], [ -76.628750605569621, 1.44581514727907 ] ] ] } },
{ "type": "Feature", "properties": { "DN": 5 }, "geometry": { "type": "Polygon", "coordinates": [ [ [ -76.560262583259487, 1.44581514727907 ], [ -76.560262583259487, 1.432117542813954 ], [ -76.532867374335439, 1.432117542813954 ], [ -76.532867374335439, 1.44581514727907 ], [ -76.560262583259487, 1.44581514727907 ] ] ] } },
{ "type": "Feature", "properties": { "DN": 5 }, "geometry": { "type": "Polygon", "coordinates": [ [ [ -76.450681747563294, 1.486907960674419 ], [ -76.450681747563294, 1.459512751744186 ], [ -76.478076956487342, 1.459512751744186 ], [ -76.478076956487342, 1.44581514727907 ], [ -76.491774560949366, 1.44581514727907 ], [ -76.491774560949366, 1.432117542813954 ], [ -76.409588934177208, 1.432117542813954 ], [ -76.409588934177208, 1.44581514727907 ], [ -76.395891329715184, 1.44581514727907 ], [ -76.395891329715184, 1.459512751744186 ], [ -76.409588934177208, 1.459512751744186 ], [ -76.409588934177208, 1.473210356209302 ], [ -76.423286538639232, 1.473210356209302 ], [ -76.423286538639232, 1.486907960674419 ], [ -76.450681747563294, 1.486907960674419 ] ] ] } },
{ "type": "Feature", "properties": { "DN": 4 }, "geometry": { "type": "Polygon", "coordinates": [ [ [ -76.738331441265814, 1.486907960674419 ], [ -76.738331441265814, 1.473210356209302 ], [ -76.793121859113924, 1.473210356209302 ], [ -76.793121859113924, 1.459512751744186 ], [ -76.7794242546519, 1.459512751744186 ], [ -76.7794242546519, 1.44581514727907 ], [ -76.793121859113924, 1.44581514727907 ], [ -76.793121859113924, 1.432117542813954 ], [ -76.820517068037972, 1.432117542813954 ], [ -76.820517068037972, 1.418419938348837 ], [ -76.765726650189876, 1.418419938348837 ], [ -76.765726650189876, 1.432117542813954 ], [ -76.752029045727838, 1.432117542813954 ], [ -76.752029045727838, 1.44581514727907 ], [ -76.738331441265814, 1.44581514727907 ], [ -76.738331441265814, 1.459512751744186 ], [ -76.72463383680379, 1.459512751744186 ], [ -76.72463383680379, 1.473210356209302 ], [ -76.710936232341766, 1.473210356209302 ], [ -76.710936232341766, 1.486907960674419 ], [ -76.738331441265814, 1.486907960674419 ] ] ] } },
{ "type": "Feature", "properties": { "DN": 3 }, "geometry": { "type": "Polygon", "coordinates": [ [ [ -76.752029045727838, 1.44581514727907 ], [ -76.752029045727838, 1.432117542813954 ], [ -76.765726650189876, 1.432117542813954 ], [ -76.765726650189876, 1.418419938348837 ], [ -76.738331441265814, 1.418419938348837 ], [ -76.738331441265814, 1.44581514727907 ], [ -76.752029045727838, 1.44581514727907 ] ] ] } },
{ "type": "Feature", "properties": { "DN": 4 }, "geometry": { "type": "Polygon", "coordinates": [ [ [ -76.628750605569621, 1.432117542813954 ], [ -76.628750605569621, 1.418419938348837 ], [ -76.601355396645573, 1.418419938348837 ], [ -76.601355396645573, 1.432117542813954 ], [ -76.628750605569621, 1.432117542813954 ] ] ] } },
{ "type": "Feature", "properties": { "DN": 5 }, "geometry": { "type": "Polygon", "coordinates": [ [ [ -76.601355396645573, 1.432117542813954 ], [ -76.601355396645573, 1.418419938348837 ], [ -76.587657792183535, 1.418419938348837 ], [ -76.587657792183535, 1.432117542813954 ], [ -76.601355396645573, 1.432117542813954 ] ] ] } },
{ "type": "Feature", "properties": { "DN": 6 }, "geometry": { "type": "Polygon", "coordinates": [ [ [ -76.354798516329112, 1.432117542813954 ], [ -76.354798516329112, 1.418419938348837 ], [ -76.341100911867088, 1.418419938348837 ], [ -76.341100911867088, 1.432117542813954 ], [ -76.354798516329112, 1.432117542813954 ] ] ] } },
{ "type": "Feature", "properties": { "DN": 5 }, "geometry": { "type": "Polygon", "coordinates": [ [ [ -76.505472165411391, 1.432117542813954 ], [ -76.505472165411391, 1.404722333883721 ], [ -76.491774560949366, 1.404722333883721 ], [ -76.491774560949366, 1.432117542813954 ], [ -76.505472165411391, 1.432117542813954 ] ] ] } },
{ "type": "Feature", "properties": { "DN": 4 }, "geometry": { "type": "Polygon", "coordinates": [ [ [ -76.84791227696202, 1.418419938348837 ], [ -76.84791227696202, 1.404722333883721 ], [ -76.820517068037972, 1.404722333883721 ], [ -76.820517068037972, 1.418419938348837 ], [ -76.84791227696202, 1.418419938348837 ] ] ] } },
{ "type": "Feature", "properties": { "DN": 3 }, "geometry": { "type": "Polygon", "coordinates": [ [ [ -76.820517068037972, 1.418419938348837 ], [ -76.820517068037972, 1.404722333883721 ], [ -76.793121859113924, 1.404722333883721 ], [ -76.793121859113924, 1.418419938348837 ], [ -76.820517068037972, 1.418419938348837 ] ] ] } },
{ "type": "Feature", "properties": { "DN": 6 }, "geometry": { "type": "Polygon", "coordinates": [ [ [ -76.491774560949366, 1.418419938348837 ], [ -76.491774560949366, 1.404722333883721 ], [ -76.478076956487342, 1.404722333883721 ], [ -76.478076956487342, 1.418419938348837 ], [ -76.491774560949366, 1.418419938348837 ] ] ] } },
{ "type": "Feature", "properties": { "DN": 6 }, "geometry": { "type": "Polygon", "coordinates": [ [ [ -76.368496120791136, 1.418419938348837 ], [ -76.368496120791136, 1.391024729418605 ], [ -76.354798516329112, 1.391024729418605 ], [ -76.354798516329112, 1.418419938348837 ], [ -76.368496120791136, 1.418419938348837 ] ] ] } },
{ "type": "Feature", "properties": { "DN": 5 }, "geometry": { "type": "Polygon", "coordinates": [ [ [ -76.354798516329112, 1.44581514727907 ], [ -76.354798516329112, 1.432117542813954 ], [ -76.341100911867088, 1.432117542813954 ], [ -76.341100911867088, 1.418419938348837 ], [ -76.354798516329112, 1.418419938348837 ], [ -76.354798516329112, 1.391024729418605 ], [ -76.341100911867088, 1.391024729418605 ], [ -76.341100911867088, 1.404722333883721 ], [ -76.327403307405064, 1.404722333883721 ], [ -76.327403307405064, 1.432117542813954 ], [ -76.313705702943039, 1.432117542813954 ], [ -76.313705702943039, 1.44581514727907 ], [ -76.354798516329112, 1.44581514727907 ] ] ] } },
{ "type": "Feature", "properties": { "DN": 6 }, "geometry": { "type": "Polygon", "coordinates": [ [ [ -76.395891329715184, 1.404722333883721 ], [ -76.395891329715184, 1.391024729418605 ], [ -76.38219372525316, 1.391024729418605 ], [ -76.38219372525316, 1.404722333883721 ], [ -76.395891329715184, 1.404722333883721 ] ] ] } },
{ "type": "Feature", "properties": { "DN": 5 }, "geometry": { "type": "Polygon", "coordinates": [ [ [ -76.38219372525316, 1.404722333883721 ], [ -76.38219372525316, 1.391024729418605 ], [ -76.368496120791136, 1.391024729418605 ], [ -76.368496120791136, 1.404722333883721 ], [ -76.38219372525316, 1.404722333883721 ] ] ] } },
{ "type": "Feature", "properties": { "DN": 3 }, "geometry": { "type": "Polygon", "coordinates": [ [ [ -76.149334449398737, 3.226503727744186 ], [ -76.149334449398737, 3.21280612327907 ], [ -76.135636844936698, 3.21280612327907 ], [ -76.135636844936698, 3.171713309883721 ], [ -76.163032053860761, 3.171713309883721 ], [ -76.163032053860761, 3.158015705418605 ], [ -76.149334449398737, 3.158015705418605 ], [ -76.149334449398737, 3.144318100953488 ], [ -76.176729658322785, 3.144318100953488 ], [ -76.176729658322785, 3.10322528755814 ], [ -76.190427262784809, 3.10322528755814 ], [ -76.190427262784809, 3.089527683093023 ], [ -76.204124867246833, 3.089527683093023 ], [ -76.204124867246833, 3.075830078627907 ], [ -76.190427262784809, 3.075830078627907 ], [ -76.190427262784809, 3.062132474162791 ], [ -76.204124867246833, 3.062132474162791 ], [ -76.204124867246833, 3.034737265232558 ], [ -76.163032053860761, 3.034737265232558 ], [ -76.163032053860761, 3.021039660767442 ], [ -76.217822471708857, 3.021039660767442 ], [ -76.217822471708857, 3.007342056302326 ], [ -76.231520076170881, 3.007342056302326 ], [ -76.231520076170881, 2.99364445183721 ], [ -76.217822471708857, 2.99364445183721 ], [ -76.217822471708857, 2.979946847372093 ], [ -76.231520076170881, 2.979946847372093 ], [ -76.231520076170881, 2.966249242906977 ], [ -76.217822471708857, 2.966249242906977 ], [ -76.217822471708857, 2.95255163844186 ], [ -76.258915285094929, 2.95255163844186 ], [ -76.258915285094929, 2.925156429511628 ], [ -76.272612889556953, 2.925156429511628 ], [ -76.272612889556953, 2.897761220581395 ], [ -76.286310494018977, 2.897761220581395 ], [ -76.286310494018977, 2.925156429511628 ], [ -76.300008098481015, 2.925156429511628 ], [ -76.300008098481015, 2.870366011651163 ], [ -76.286310494018977, 2.870366011651163 ], [ -76.286310494018977, 2.856668407186047 ], [ -76.300008098481015, 2.856668407186047 ], [ -76.300008098481015, 2.801877989325582 ], [ -76.327403307405064, 2.801877989325582 ], [ -76.327403307405064, 2.884063616116279 ], [ -76.341100911867088, 2.884063616116279 ], [ -76.341100911867088, 2.938854033976744 ], [ -76.354798516329112, 2.938854033976744 ], [ -76.354798516329112, 2.911458825046512 ], [ -76.368496120791136, 2.911458825046512 ], [ -76.368496120791136, 2.856668407186047 ], [ -76.38219372525316, 2.856668407186047 ], [ -76.38219372525316, 2.829273198255814 ], [ -76.395891329715184, 2.829273198255814 ], [ -76.395891329715184, 2.815575593790698 ], [ -76.409588934177208, 2.815575593790698 ], [ -76.409588934177208, 2.788180384860465 ], [ -76.395891329715184, 2.788180384860465 ], [ -76.395891329715184, 2.760785175930232 ], [ -76.409588934177208, 2.760785175930232 ], [ -76.409588934177208, 2.733389967 ], [ -76.423286538639232, 2.733389967 ], [ -76.423286538639232, 2.719692362534884 ], [ -76.450681747563294, 2.719692362534884 ], [ -76.450681747563294, 2.705994758069767 ], [ -76.436984143101256, 2.705994758069767 ], [ -76.436984143101256, 2.692297153604651 ], [ -76.464379352025318, 2.692297153604651 ], [ -76.464379352025318, 2.705994758069767 ], [ -76.478076956487342, 2.705994758069767 ], [ -76.478076956487342, 2.651204340209302 ], [ -76.464379352025318, 2.651204340209302 ], [ -76.464379352025318, 2.637506735744186 ], [ -76.478076956487342, 2.637506735744186 ], [ -76.478076956487342, 2.62380913127907 ], [ -76.464379352025318, 2.62380913127907 ], [ -76.464379352025318, 2.555321108953489 ], [ -76.450681747563294, 2.555321108953489 ], [ -76.450681747563294, 2.541623504488372 ], [ -76.464379352025318, 2.541623504488372 ], [ -76.464379352025318, 2.500530691093023 ], [ -76.491774560949366, 2.500530691093023 ], [ -76.491774560949366, 2.445740273232558 ], [ -76.519169769873415, 2.445740273232558 ], [ -76.519169769873415, 2.432042668767442 ], [ -76.478076956487342, 2.432042668767442 ], [ -76.478076956487342, 2.418345064302326 ], [ -76.546564978797463, 2.418345064302326 ], [ -76.546564978797463, 2.404647459837209 ], [ -76.573960187721511, 2.404647459837209 ], [ -76.573960187721511, 2.390949855372093 ], [ -76.587657792183535, 2.390949855372093 ], [ -76.587657792183535, 2.363554646441861 ], [ -76.601355396645573, 2.363554646441861 ], [ -76.601355396645573, 2.349857041976744 ], [ -76.587657792183535, 2.349857041976744 ], [ -76.587657792183535, 2.336159437511628 ], [ -76.642448210031645, 2.336159437511628 ], [ -76.642448210031645, 2.322461833046512 ], [ -76.628750605569621, 2.322461833046512 ], [ -76.628750605569621, 2.295066624116279 ], [ -76.656145814493669, 2.295066624116279 ], [ -76.656145814493669, 2.281369019651163 ], [ -76.642448210031645, 2.281369019651163 ], [ -76.642448210031645, 2.267671415186046 ], [ -76.628750605569621, 2.267671415186046 ], [ -76.628750605569621, 2.226578601790698 ], [ -76.642448210031645, 2.226578601790698 ], [ -76.642448210031645, 2.253973810720931 ], [ -76.669843418955693, 2.253973810720931 ], [ -76.669843418955693, 2.240276206255814 ], [ -76.683541023417717, 2.240276206255814 ], [ -76.683541023417717, 2.226578601790698 ], [ -76.710936232341766, 2.226578601790698 ], [ -76.710936232341766, 2.212880997325581 ], [ -76.683541023417717, 2.212880997325581 ], [ -76.683541023417717, 2.199183392860465 ], [ -76.669843418955693, 2.199183392860465 ], [ -76.669843418955693, 2.185485788395349 ], [ -76.683541023417717, 2.185485788395349 ], [ -76.683541023417717, 2.144392975 ], [ -76.710936232341766, 2.144392975 ], [ -76.710936232341766, 2.130695370534884 ], [ -76.72463383680379, 2.130695370534884 ], [ -76.72463383680379, 2.116997766069768 ], [ -76.738331441265814, 2.116997766069768 ], [ -76.738331441265814, 2.089602557139535 ], [ -76.765726650189876, 2.089602557139535 ], [ -76.765726650189876, 2.103300161604651 ], [ -76.7794242546519, 2.103300161604651 ], [ -76.7794242546519, 2.089602557139535 ], [ -76.793121859113924, 2.089602557139535 ], [ -76.793121859113924, 2.062207348209302 ], [ -76.7794242546519, 2.062207348209302 ], [ -76.7794242546519, 2.048509743744186 ], [ -76.84791227696202, 2.048509743744186 ], [ -76.84791227696202, 2.021114534813954 ], [ -76.875307485886069, 2.021114534813954 ], [ -76.875307485886069, 2.007416930348837 ], [ -76.889005090348093, 2.007416930348837 ], [ -76.889005090348093, 1.993719325883721 ], [ -76.875307485886069, 1.993719325883721 ], [ -76.875307485886069, 1.966324116953488 ], [ -76.834214672499996, 1.966324116953488 ], [ -76.834214672499996, 1.92523130355814 ], [ -76.820517068037972, 1.92523130355814 ], [ -76.820517068037972, 1.884138490162791 ], [ -76.793121859113924, 1.884138490162791 ], [ -76.793121859113924, 1.870440885697675 ], [ -76.7794242546519, 1.870440885697675 ], [ -76.7794242546519, 1.884138490162791 ], [ -76.765726650189876, 1.884138490162791 ], [ -76.765726650189876, 1.856743281232558 ], [ -76.752029045727838, 1.856743281232558 ], [ -76.752029045727838, 1.829348072302326 ], [ -76.765726650189876, 1.829348072302326 ], [ -76.765726650189876, 1.843045676767442 ], [ -76.793121859113924, 1.843045676767442 ], [ -76.793121859113924, 1.829348072302326 ], [ -76.7794242546519, 1.829348072302326 ], [ -76.7794242546519, 1.815650467837209 ], [ -76.793121859113924, 1.815650467837209 ], [ -76.793121859113924, 1.801952863372093 ], [ -76.820517068037972, 1.801952863372093 ], [ -76.820517068037972, 1.774557654441861 ], [ -76.834214672499996, 1.774557654441861 ], [ -76.834214672499996, 1.747162445511628 ], [ -76.84791227696202, 1.747162445511628 ], [ -76.84791227696202, 1.801952863372093 ], [ -76.861609881424044, 1.801952863372093 ], [ -76.861609881424044, 1.815650467837209 ], [ -76.889005090348093, 1.815650467837209 ], [ -76.889005090348093, 1.801952863372093 ], [ -76.875307485886069, 1.801952863372093 ], [ -76.875307485886069, 1.760860049976744 ], [ -76.902702694810117, 1.760860049976744 ], [ -76.902702694810117, 1.801952863372093 ], [ -76.916400299272155, 1.801952863372093 ], [ -76.916400299272155, 1.760860049976744 ], [ -76.930097903734179, 1.760860049976744 ], [ -76.930097903734179, 1.774557654441861 ], [ -76.943795508196203, 1.774557654441861 ], [ -76.943795508196203, 1.760860049976744 ], [ -76.971190717120251, 1.760860049976744 ], [ -76.971190717120251, 1.733464841046512 ], [ -76.998585926044299, 1.733464841046512 ], [ -76.998585926044299, 1.719767236581395 ], [ -76.943795508196203, 1.719767236581395 ], [ -76.943795508196203, 1.733464841046512 ], [ -76.930097903734179, 1.733464841046512 ], [ -76.930097903734179, 1.706069632116279 ], [ -76.916400299272155, 1.706069632116279 ], [ -76.916400299272155, 1.678674423186047 ], [ -76.902702694810117, 1.678674423186047 ], [ -76.902702694810117, 1.66497681872093 ], [ -76.889005090348093, 1.66497681872093 ], [ -76.889005090348093, 1.678674423186047 ], [ -76.861609881424044, 1.678674423186047 ], [ -76.861609881424044, 1.692372027651163 ], [ -76.875307485886069, 1.692372027651163 ], [ -76.875307485886069, 1.706069632116279 ], [ -76.834214672499996, 1.706069632116279 ], [ -76.834214672499996, 1.719767236581395 ], [ -76.820517068037972, 1.719767236581395 ], [ -76.820517068037972, 1.733464841046512 ], [ -76.806819463575948, 1.733464841046512 ], [ -76.806819463575948, 1.719767236581395 ], [ -76.793121859113924, 1.719767236581395 ], [ -76.793121859113924, 1.747162445511628 ], [ -76.7794242546519, 1.747162445511628 ], [ -76.7794242546519, 1.760860049976744 ], [ -76.765726650189876, 1.760860049976744 ], [ -76.765726650189876, 1.788255258906977 ], [ -76.752029045727838, 1.788255258906977 ], [ -76.752029045727838, 1.774557654441861 ], [ -76.738331441265814, 1.774557654441861 ], [ -76.738331441265814, 1.760860049976744 ], [ -76.752029045727838, 1.760860049976744 ], [ -76.752029045727838, 1.719767236581395 ], [ -76.738331441265814, 1.719767236581395 ], [ -76.738331441265814, 1.706069632116279 ], [ -76.72463383680379, 1.706069632116279 ], [ -76.72463383680379, 1.719767236581395 ], [ -76.697238627879742, 1.719767236581395 ], [ -76.697238627879742, 1.733464841046512 ], [ -76.669843418955693, 1.733464841046512 ], [ -76.669843418955693, 1.706069632116279 ], [ -76.697238627879742, 1.706069632116279 ], [ -76.697238627879742, 1.692372027651163 ], [ -76.683541023417717, 1.692372027651163 ], [ -76.683541023417717, 1.678674423186047 ], [ -76.697238627879742, 1.678674423186047 ], [ -76.697238627879742, 1.651279214255814 ], [ -76.683541023417717, 1.651279214255814 ], [ -76.683541023417717, 1.66497681872093 ], [ -76.628750605569621, 1.66497681872093 ], [ -76.628750605569621, 1.651279214255814 ], [ -76.669843418955693, 1.651279214255814 ], [ -76.669843418955693, 1.637581609790698 ], [ -76.697238627879742, 1.637581609790698 ], [ -76.697238627879742, 1.596488796395349 ], [ -76.669843418955693, 1.596488796395349 ], [ -76.669843418955693, 1.582791191930233 ], [ -76.683541023417717, 1.582791191930233 ], [ -76.683541023417717, 1.569093587465116 ], [ -76.697238627879742, 1.569093587465116 ], [ -76.697238627879742, 1.582791191930233 ], [ -76.710936232341766, 1.582791191930233 ], [ -76.710936232341766, 1.569093587465116 ], [ -76.72463383680379, 1.569093587465116 ], [ -76.72463383680379, 1.596488796395349 ], [ -76.710936232341766, 1.596488796395349 ], [ -76.710936232341766, 1.610186400860465 ], [ -76.738331441265814, 1.610186400860465 ], [ -76.738331441265814, 1.623884005325581 ], [ -76.710936232341766, 1.623884005325581 ], [ -76.710936232341766, 1.637581609790698 ], [ -76.72463383680379, 1.637581609790698 ], [ -76.72463383680379, 1.651279214255814 ], [ -76.738331441265814, 1.651279214255814 ], [ -76.738331441265814, 1.637581609790698 ], [ -76.752029045727838, 1.637581609790698 ], [ -76.752029045727838, 1.651279214255814 ], [ -76.765726650189876, 1.651279214255814 ], [ -76.765726650189876, 1.66497681872093 ], [ -76.793121859113924, 1.66497681872093 ], [ -76.793121859113924, 1.637581609790698 ], [ -76.7794242546519, 1.637581609790698 ], [ -76.7794242546519, 1.623884005325581 ], [ -76.765726650189876, 1.623884005325581 ], [ -76.765726650189876, 1.610186400860465 ], [ -76.7794242546519, 1.610186400860465 ], [ -76.7794242546519, 1.582791191930233 ], [ -76.765726650189876, 1.582791191930233 ], [ -76.765726650189876, 1.569093587465116 ], [ -76.820517068037972, 1.569093587465116 ], [ -76.820517068037972, 1.555395983 ], [ -76.793121859113924, 1.555395983 ], [ -76.793121859113924, 1.528000774069768 ], [ -76.765726650189876, 1.528000774069768 ], [ -76.765726650189876, 1.500605565139535 ], [ -76.806819463575948, 1.500605565139535 ], [ -76.806819463575948, 1.486907960674419 ], [ -76.820517068037972, 1.486907960674419 ], [ -76.820517068037972, 1.500605565139535 ], [ -76.861609881424044, 1.500605565139535 ], [ -76.861609881424044, 1.514303169604651 ], [ -76.875307485886069, 1.514303169604651 ], [ -76.875307485886069, 1.486907960674419 ], [ -76.861609881424044, 1.486907960674419 ], [ -76.861609881424044, 1.473210356209302 ], [ -76.834214672499996, 1.473210356209302 ], [ -76.834214672499996, 1.459512751744186 ], [ -76.820517068037972, 1.459512751744186 ], [ -76.820517068037972, 1.44581514727907 ], [ -76.861609881424044, 1.44581514727907 ], [ -76.861609881424044, 1.418419938348837 ], [ -76.875307485886069, 1.418419938348837 ], [ -76.875307485886069, 1.404722333883721 ], [ -76.889005090348093, 1.404722333883721 ], [ -76.889005090348093, 1.391024729418605 ], [ -76.875307485886069, 1.391024729418605 ], [ -76.875307485886069, 1.377327124953488 ], [ -76.861609881424044, 1.377327124953488 ], [ -76.861609881424044, 1.391024729418605 ], [ -76.820517068037972, 1.391024729418605 ], [ -76.820517068037972, 1.404722333883721 ], [ -76.84791227696202, 1.404722333883721 ], [ -76.84791227696202, 1.418419938348837 ], [ -76.820517068037972, 1.418419938348837 ], [ -76.820517068037972, 1.432117542813954 ], [ -76.793121859113924, 1.432117542813954 ], [ -76.793121859113924, 1.44581514727907 ], [ -76.7794242546519, 1.44581514727907 ], [ -76.7794242546519, 1.459512751744186 ], [ -76.793121859113924, 1.459512751744186 ], [ -76.793121859113924, 1.473210356209302 ], [ -76.738331441265814, 1.473210356209302 ], [ -76.738331441265814, 1.486907960674419 ], [ -76.710936232341766, 1.486907960674419 ], [ -76.710936232341766, 1.473210356209302 ], [ -76.683541023417717, 1.473210356209302 ], [ -76.683541023417717, 1.486907960674419 ], [ -76.697238627879742, 1.486907960674419 ], [ -76.697238627879742, 1.500605565139535 ], [ -76.710936232341766, 1.500605565139535 ], [ -76.710936232341766, 1.514303169604651 ], [ -76.72463383680379, 1.514303169604651 ], [ -76.72463383680379, 1.528000774069768 ], [ -76.752029045727838, 1.528000774069768 ], [ -76.752029045727838, 1.555395983 ], [ -76.697238627879742, 1.555395983 ], [ -76.697238627879742, 1.541698378534884 ], [ -76.669843418955693, 1.541698378534884 ], [ -76.669843418955693, 1.528000774069768 ], [ -76.642448210031645, 1.528000774069768 ], [ -76.642448210031645, 1.555395983 ], [ -76.628750605569621, 1.555395983 ], [ -76.628750605569621, 1.582791191930233 ], [ -76.615053001107597, 1.582791191930233 ], [ -76.615053001107597, 1.596488796395349 ], [ -76.656145814493669, 1.596488796395349 ], [ -76.656145814493669, 1.623884005325581 ], [ -76.628750605569621, 1.623884005325581 ], [ -76.628750605569621, 1.610186400860465 ], [ -76.615053001107597, 1.610186400860465 ], [ -76.615053001107597, 1.637581609790698 ], [ -76.601355396645573, 1.637581609790698 ], [ -76.601355396645573, 1.610186400860465 ], [ -76.573960187721511, 1.610186400860465 ], [ -76.573960187721511, 1.596488796395349 ], [ -76.587657792183535, 1.596488796395349 ], [ -76.587657792183535, 1.582791191930233 ], [ -76.546564978797463, 1.582791191930233 ], [ -76.546564978797463, 1.596488796395349 ], [ -76.532867374335439, 1.596488796395349 ], [ -76.532867374335439, 1.651279214255814 ], [ -76.560262583259487, 1.651279214255814 ], [ -76.560262583259487, 1.637581609790698 ], [ -76.573960187721511, 1.637581609790698 ], [ -76.573960187721511, 1.66497681872093 ], [ -76.560262583259487, 1.66497681872093 ], [ -76.560262583259487, 1.678674423186047 ], [ -76.573960187721511, 1.678674423186047 ], [ -76.573960187721511, 1.733464841046512 ], [ -76.587657792183535, 1.733464841046512 ], [ -76.587657792183535, 1.719767236581395 ], [ -76.601355396645573, 1.719767236581395 ], [ -76.601355396645573, 1.706069632116279 ], [ -76.615053001107597, 1.706069632116279 ], [ -76.615053001107597, 1.733464841046512 ], [ -76.601355396645573, 1.733464841046512 ], [ -76.601355396645573, 1.747162445511628 ], [ -76.587657792183535, 1.747162445511628 ], [ -76.587657792183535, 1.774557654441861 ], [ -76.573960187721511, 1.774557654441861 ], [ -76.573960187721511, 1.760860049976744 ], [ -76.560262583259487, 1.760860049976744 ], [ -76.560262583259487, 1.788255258906977 ], [ -76.546564978797463, 1.788255258906977 ], [ -76.546564978797463, 1.733464841046512 ], [ -76.532867374335439, 1.733464841046512 ], [ -76.532867374335439, 1.719767236581395 ], [ -76.546564978797463, 1.719767236581395 ], [ -76.546564978797463, 1.706069632116279 ], [ -76.519169769873415, 1.706069632116279 ], [ -76.519169769873415, 1.66497681872093 ], [ -76.505472165411391, 1.66497681872093 ], [ -76.505472165411391, 1.651279214255814 ], [ -76.491774560949366, 1.651279214255814 ], [ -76.491774560949366, 1.637581609790698 ], [ -76.505472165411391, 1.637581609790698 ], [ -76.505472165411391, 1.610186400860465 ], [ -76.478076956487342, 1.610186400860465 ], [ -76.478076956487342, 1.623884005325581 ], [ -76.450681747563294, 1.623884005325581 ], [ -76.450681747563294, 1.637581609790698 ], [ -76.436984143101256, 1.637581609790698 ], [ -76.436984143101256, 1.66497681872093 ], [ -76.409588934177208, 1.66497681872093 ], [ -76.409588934177208, 1.637581609790698 ], [ -76.423286538639232, 1.637581609790698 ], [ -76.423286538639232, 1.623884005325581 ], [ -76.436984143101256, 1.623884005325581 ], [ -76.436984143101256, 1.610186400860465 ], [ -76.450681747563294, 1.610186400860465 ], [ -76.450681747563294, 1.582791191930233 ], [ -76.464379352025318, 1.582791191930233 ], [ -76.464379352025318, 1.569093587465116 ], [ -76.436984143101256, 1.569093587465116 ], [ -76.436984143101256, 1.582791191930233 ], [ -76.409588934177208, 1.582791191930233 ], [ -76.409588934177208, 1.596488796395349 ], [ -76.395891329715184, 1.596488796395349 ], [ -76.395891329715184, 1.610186400860465 ], [ -76.38219372525316, 1.610186400860465 ], [ -76.38219372525316, 1.569093587465116 ], [ -76.368496120791136, 1.569093587465116 ], [ -76.368496120791136, 1.555395983 ], [ -76.354798516329112, 1.555395983 ], [ -76.354798516329112, 1.569093587465116 ], [ -76.327403307405064, 1.569093587465116 ], [ -76.327403307405064, 1.610186400860465 ], [ -76.313705702943039, 1.610186400860465 ], [ -76.313705702943039, 1.623884005325581 ], [ -76.300008098481015, 1.623884005325581 ], [ -76.300008098481015, 1.610186400860465 ], [ -76.286310494018977, 1.610186400860465 ], [ -76.286310494018977, 1.651279214255814 ], [ -76.272612889556953, 1.651279214255814 ], [ -76.272612889556953, 1.66497681872093 ], [ -76.258915285094929, 1.66497681872093 ], [ -76.258915285094929, 1.651279214255814 ], [ -76.245217680632905, 1.651279214255814 ], [ -76.245217680632905, 1.637581609790698 ], [ -76.258915285094929, 1.637581609790698 ], [ -76.258915285094929, 1.610186400860465 ], [ -76.245217680632905, 1.610186400860465 ], [ -76.245217680632905, 1.623884005325581 ], [ -76.217822471708857, 1.623884005325581 ], [ -76.217822471708857, 1.651279214255814 ], [ -76.231520076170881, 1.651279214255814 ], [ -76.231520076170881, 1.678674423186047 ], [ -76.286310494018977, 1.678674423186047 ], [ -76.286310494018977, 1.692372027651163 ], [ -76.313705702943039, 1.692372027651163 ], [ -76.313705702943039, 1.678674423186047 ], [ -76.327403307405064, 1.678674423186047 ], [ -76.327403307405064, 1.66497681872093 ], [ -76.38219372525316, 1.66497681872093 ], [ -76.38219372525316, 1.706069632116279 ], [ -76.368496120791136, 1.706069632116279 ], [ -76.368496120791136, 1.747162445511628 ], [ -76.395891329715184, 1.747162445511628 ], [ -76.395891329715184, 1.733464841046512 ], [ -76.409588934177208, 1.733464841046512 ], [ -76.409588934177208, 1.719767236581395 ], [ -76.423286538639232, 1.719767236581395 ], [ -76.423286538639232, 1.733464841046512 ], [ -76.436984143101256, 1.733464841046512 ], [ -76.436984143101256, 1.747162445511628 ], [ -76.423286538639232, 1.747162445511628 ], [ -76.423286538639232, 1.788255258906977 ], [ -76.436984143101256, 1.788255258906977 ], [ -76.436984143101256, 1.801952863372093 ], [ -76.464379352025318, 1.801952863372093 ], [ -76.464379352025318, 1.815650467837209 ], [ -76.478076956487342, 1.815650467837209 ], [ -76.478076956487342, 1.829348072302326 ], [ -76.491774560949366, 1.829348072302326 ], [ -76.491774560949366, 1.801952863372093 ], [ -76.505472165411391, 1.801952863372093 ], [ -76.505472165411391, 1.788255258906977 ], [ -76.532867374335439, 1.788255258906977 ], [ -76.532867374335439, 1.815650467837209 ], [ -76.560262583259487, 1.815650467837209 ], [ -76.560262583259487, 1.829348072302326 ], [ -76.601355396645573, 1.829348072302326 ], [ -76.601355396645573, 1.815650467837209 ], [ -76.615053001107597, 1.815650467837209 ], [ -76.615053001107597, 1.801952863372093 ], [ -76.628750605569621, 1.801952863372093 ], [ -76.628750605569621, 1.774557654441861 ], [ -76.642448210031645, 1.774557654441861 ], [ -76.642448210031645, 1.788255258906977 ], [ -76.656145814493669, 1.788255258906977 ], [ -76.656145814493669, 1.801952863372093 ], [ -76.683541023417717, 1.801952863372093 ], [ -76.683541023417717, 1.815650467837209 ], [ -76.697238627879742, 1.815650467837209 ], [ -76.697238627879742, 1.829348072302326 ], [ -76.710936232341766, 1.829348072302326 ], [ -76.710936232341766, 1.788255258906977 ], [ -76.72463383680379, 1.788255258906977 ], [ -76.72463383680379, 1.815650467837209 ], [ -76.738331441265814, 1.815650467837209 ], [ -76.738331441265814, 1.843045676767442 ], [ -76.72463383680379, 1.843045676767442 ], [ -76.72463383680379, 1.897836094627907 ], [ -76.710936232341766, 1.897836094627907 ], [ -76.710936232341766, 1.92523130355814 ], [ -76.752029045727838, 1.92523130355814 ], [ -76.752029045727838, 1.952626512488372 ], [ -76.793121859113924, 1.952626512488372 ], [ -76.793121859113924, 1.966324116953488 ], [ -76.7794242546519, 1.966324116953488 ], [ -76.7794242546519, 1.980021721418605 ], [ -76.738331441265814, 1.980021721418605 ], [ -76.738331441265814, 2.048509743744186 ], [ -76.72463383680379, 2.048509743744186 ], [ -76.72463383680379, 2.062207348209302 ], [ -76.710936232341766, 2.062207348209302 ], [ -76.710936232341766, 2.048509743744186 ], [ -76.697238627879742, 2.048509743744186 ], [ -76.697238627879742, 2.075904952674419 ], [ -76.710936232341766, 2.075904952674419 ], [ -76.710936232341766, 2.103300161604651 ], [ -76.697238627879742, 2.103300161604651 ], [ -76.697238627879742, 2.116997766069768 ], [ -76.683541023417717, 2.116997766069768 ], [ -76.683541023417717, 2.103300161604651 ], [ -76.669843418955693, 2.103300161604651 ], [ -76.669843418955693, 2.03481213927907 ], [ -76.656145814493669, 2.03481213927907 ], [ -76.656145814493669, 2.048509743744186 ], [ -76.628750605569621, 2.048509743744186 ], [ -76.628750605569621, 2.062207348209302 ], [ -76.656145814493669, 2.062207348209302 ], [ -76.656145814493669, 2.075904952674419 ], [ -76.628750605569621, 2.075904952674419 ], [ -76.628750605569621, 2.089602557139535 ], [ -76.656145814493669, 2.089602557139535 ], [ -76.656145814493669, 2.103300161604651 ], [ -76.628750605569621, 2.103300161604651 ], [ -76.628750605569621, 2.116997766069768 ], [ -76.642448210031645, 2.116997766069768 ], [ -76.642448210031645, 2.130695370534884 ], [ -76.656145814493669, 2.130695370534884 ], [ -76.656145814493669, 2.158090579465116 ], [ -76.642448210031645, 2.158090579465116 ], [ -76.642448210031645, 2.185485788395349 ], [ -76.601355396645573, 2.185485788395349 ], [ -76.601355396645573, 2.171788183930233 ], [ -76.587657792183535, 2.171788183930233 ], [ -76.587657792183535, 2.253973810720931 ], [ -76.573960187721511, 2.253973810720931 ], [ -76.573960187721511, 2.295066624116279 ], [ -76.546564978797463, 2.295066624116279 ], [ -76.546564978797463, 2.308764228581396 ], [ -76.532867374335439, 2.308764228581396 ], [ -76.532867374335439, 2.322461833046512 ], [ -76.546564978797463, 2.322461833046512 ], [ -76.546564978797463, 2.336159437511628 ], [ -76.532867374335439, 2.336159437511628 ], [ -76.532867374335439, 2.349857041976744 ], [ -76.519169769873415, 2.349857041976744 ], [ -76.519169769873415, 2.363554646441861 ], [ -76.505472165411391, 2.363554646441861 ], [ -76.505472165411391, 2.336159437511628 ], [ -76.491774560949366, 2.336159437511628 ], [ -76.491774560949366, 2.322461833046512 ], [ -76.464379352025318, 2.322461833046512 ], [ -76.464379352025318, 2.349857041976744 ], [ -76.450681747563294, 2.349857041976744 ], [ -76.450681747563294, 2.377252250906977 ], [ -76.436984143101256, 2.377252250906977 ], [ -76.436984143101256, 2.390949855372093 ], [ -76.423286538639232, 2.390949855372093 ], [ -76.423286538639232, 2.404647459837209 ], [ -76.409588934177208, 2.404647459837209 ], [ -76.409588934177208, 2.459437877697674 ], [ -76.395891329715184, 2.459437877697674 ], [ -76.395891329715184, 2.486833086627907 ], [ -76.368496120791136, 2.486833086627907 ], [ -76.368496120791136, 2.500530691093023 ], [ -76.38219372525316, 2.500530691093023 ], [ -76.38219372525316, 2.51422829555814 ], [ -76.368496120791136, 2.51422829555814 ], [ -76.368496120791136, 2.541623504488372 ], [ -76.354798516329112, 2.541623504488372 ], [ -76.354798516329112, 2.555321108953489 ], [ -76.368496120791136, 2.555321108953489 ], [ -76.368496120791136, 2.582716317883721 ], [ -76.341100911867088, 2.582716317883721 ], [ -76.341100911867088, 2.610111526813954 ], [ -76.327403307405064, 2.610111526813954 ], [ -76.327403307405064, 2.651204340209302 ], [ -76.313705702943039, 2.651204340209302 ], [ -76.313705702943039, 2.678599549139535 ], [ -76.327403307405064, 2.678599549139535 ], [ -76.327403307405064, 2.692297153604651 ], [ -76.354798516329112, 2.692297153604651 ], [ -76.354798516329112, 2.705994758069767 ], [ -76.327403307405064, 2.705994758069767 ], [ -76.327403307405064, 2.733389967 ], [ -76.313705702943039, 2.733389967 ], [ -76.313705702943039, 2.705994758069767 ], [ -76.300008098481015, 2.705994758069767 ], [ -76.300008098481015, 2.719692362534884 ], [ -76.286310494018977, 2.719692362534884 ], [ -76.286310494018977, 2.733389967 ], [ -76.300008098481015, 2.733389967 ], [ -76.300008098481015, 2.774482780395349 ], [ -76.286310494018977, 2.774482780395349 ], [ -76.286310494018977, 2.815575593790698 ], [ -76.272612889556953, 2.815575593790698 ], [ -76.272612889556953, 2.829273198255814 ], [ -76.258915285094929, 2.829273198255814 ], [ -76.258915285094929, 2.870366011651163 ], [ -76.245217680632905, 2.870366011651163 ], [ -76.245217680632905, 2.925156429511628 ], [ -76.231520076170881, 2.925156429511628 ], [ -76.231520076170881, 2.911458825046512 ], [ -76.176729658322785, 2.911458825046512 ], [ -76.176729658322785, 2.925156429511628 ], [ -76.163032053860761, 2.925156429511628 ], [ -76.163032053860761, 2.938854033976744 ], [ -76.176729658322785, 2.938854033976744 ], [ -76.176729658322785, 2.95255163844186 ], [ -76.190427262784809, 2.95255163844186 ], [ -76.190427262784809, 2.979946847372093 ], [ -76.163032053860761, 2.979946847372093 ], [ -76.163032053860761, 2.99364445183721 ], [ -76.149334449398737, 2.99364445183721 ], [ -76.149334449398737, 2.979946847372093 ], [ -76.135636844936698, 2.979946847372093 ], [ -76.135636844936698, 3.021039660767442 ], [ -76.121939240474674, 3.021039660767442 ], [ -76.121939240474674, 3.048434869697675 ], [ -76.149334449398737, 3.048434869697675 ], [ -76.149334449398737, 3.116922892023256 ], [ -76.135636844936698, 3.116922892023256 ], [ -76.135636844936698, 3.130620496488372 ], [ -76.121939240474674, 3.130620496488372 ], [ -76.121939240474674, 3.158015705418605 ], [ -76.094544031550626, 3.158015705418605 ], [ -76.094544031550626, 3.185410914348837 ], [ -76.10824163601265, 3.185410914348837 ], [ -76.10824163601265, 3.199108518813953 ], [ -76.121939240474674, 3.199108518813953 ], [ -76.121939240474674, 3.21280612327907 ], [ -76.10824163601265, 3.21280612327907 ], [ -76.10824163601265, 3.226503727744186 ], [ -76.149334449398737, 3.226503727744186 ] ], [ [ -76.204124867246833, 2.99364445183721 ], [ -76.190427262784809, 2.99364445183721 ], [ -76.190427262784809, 2.979946847372093 ], [ -76.204124867246833, 2.979946847372093 ], [ -76.204124867246833, 2.99364445183721 ] ], [ [ -76.368496120791136, 2.692297153604651 ], [ -76.354798516329112, 2.692297153604651 ], [ -76.354798516329112, 2.664901944674419 ], [ -76.368496120791136, 2.664901944674419 ], [ -76.368496120791136, 2.692297153604651 ] ], [ [ -76.341100911867088, 2.678599549139535 ], [ -76.327403307405064, 2.678599549139535 ], [ -76.327403307405064, 2.664901944674419 ], [ -76.341100911867088, 2.664901944674419 ], [ -76.341100911867088, 2.678599549139535 ] ], [ [ -76.450681747563294, 2.62380913127907 ], [ -76.436984143101256, 2.62380913127907 ], [ -76.436984143101256, 2.610111526813954 ], [ -76.450681747563294, 2.610111526813954 ], [ -76.450681747563294, 2.62380913127907 ] ], [ [ -76.450681747563294, 2.432042668767442 ], [ -76.436984143101256, 2.432042668767442 ], [ -76.436984143101256, 2.418345064302326 ], [ -76.450681747563294, 2.418345064302326 ], [ -76.450681747563294, 2.432042668767442 ] ], [ [ -76.683541023417717, 2.144392975 ], [ -76.669843418955693, 2.144392975 ], [ -76.669843418955693, 2.130695370534884 ], [ -76.683541023417717, 2.130695370534884 ], [ -76.683541023417717, 2.144392975 ] ], [ [ -76.793121859113924, 2.03481213927907 ], [ -76.7794242546519, 2.03481213927907 ], [ -76.7794242546519, 2.021114534813954 ], [ -76.793121859113924, 2.021114534813954 ], [ -76.793121859113924, 2.03481213927907 ] ], [ [ -76.820517068037972, 2.021114534813954 ], [ -76.806819463575948, 2.021114534813954 ], [ -76.806819463575948, 2.007416930348837 ], [ -76.7794242546519, 2.007416930348837 ], [ -76.7794242546519, 1.993719325883721 ], [ -76.834214672499996, 1.993719325883721 ], [ -76.834214672499996, 2.007416930348837 ], [ -76.820517068037972, 2.007416930348837 ], [ -76.820517068037972, 2.021114534813954 ] ], [ [ -76.84791227696202, 1.993719325883721 ], [ -76.834214672499996, 1.993719325883721 ], [ -76.834214672499996, 1.980021721418605 ], [ -76.84791227696202, 1.980021721418605 ], [ -76.84791227696202, 1.993719325883721 ] ], [ [ -76.806819463575948, 1.952626512488372 ], [ -76.793121859113924, 1.952626512488372 ], [ -76.793121859113924, 1.938928908023256 ], [ -76.806819463575948, 1.938928908023256 ], [ -76.806819463575948, 1.952626512488372 ] ], [ [ -76.573960187721511, 1.801952863372093 ], [ -76.560262583259487, 1.801952863372093 ], [ -76.560262583259487, 1.788255258906977 ], [ -76.573960187721511, 1.788255258906977 ], [ -76.573960187721511, 1.801952863372093 ] ], [ [ -76.72463383680379, 1.774557654441861 ], [ -76.710936232341766, 1.774557654441861 ], [ -76.710936232341766, 1.760860049976744 ], [ -76.72463383680379, 1.760860049976744 ], [ -76.72463383680379, 1.774557654441861 ] ], [ [ -76.697238627879742, 1.774557654441861 ], [ -76.669843418955693, 1.774557654441861 ], [ -76.669843418955693, 1.760860049976744 ], [ -76.697238627879742, 1.760860049976744 ], [ -76.697238627879742, 1.774557654441861 ] ], [ [ -76.491774560949366, 1.747162445511628 ], [ -76.478076956487342, 1.747162445511628 ], [ -76.478076956487342, 1.733464841046512 ], [ -76.491774560949366, 1.733464841046512 ], [ -76.491774560949366, 1.747162445511628 ] ], [ [ -76.519169769873415, 1.733464841046512 ], [ -76.505472165411391, 1.733464841046512 ], [ -76.505472165411391, 1.706069632116279 ], [ -76.519169769873415, 1.706069632116279 ], [ -76.519169769873415, 1.733464841046512 ] ], [ [ -76.601355396645573, 1.692372027651163 ], [ -76.587657792183535, 1.692372027651163 ], [ -76.587657792183535, 1.678674423186047 ], [ -76.601355396645573, 1.678674423186047 ], [ -76.601355396645573, 1.692372027651163 ] ], [ [ -76.409588934177208, 1.692372027651163 ], [ -76.395891329715184, 1.692372027651163 ], [ -76.395891329715184, 1.678674423186047 ], [ -76.409588934177208, 1.678674423186047 ], [ -76.409588934177208, 1.692372027651163 ] ], [ [ -76.765726650189876, 1.500605565139535 ], [ -76.752029045727838, 1.500605565139535 ], [ -76.752029045727838, 1.486907960674419 ], [ -76.765726650189876, 1.486907960674419 ], [ -76.765726650189876, 1.500605565139535 ] ] ] } },
{ "type": "Feature", "properties": { "DN": 2 }, "geometry": { "type": "Polygon", "coordinates": [ [ [ -76.861609881424044, 1.391024729418605 ], [ -76.861609881424044, 1.377327124953488 ], [ -76.84791227696202, 1.377327124953488 ], [ -76.84791227696202, 1.391024729418605 ], [ -76.861609881424044, 1.391024729418605 ] ] ] } },
{ "type": "Feature", "properties": { "DN": 6 }, "geometry": { "type": "Polygon", "coordinates": [ [ [ -76.38219372525316, 1.391024729418605 ], [ -76.38219372525316, 1.377327124953488 ], [ -76.368496120791136, 1.377327124953488 ], [ -76.368496120791136, 1.391024729418605 ], [ -76.38219372525316, 1.391024729418605 ] ] ] } },
{ "type": "Feature", "properties": { "DN": 5 }, "geometry": { "type": "Polygon", "coordinates": [ [ [ -76.368496120791136, 1.391024729418605 ], [ -76.368496120791136, 1.377327124953488 ], [ -76.354798516329112, 1.377327124953488 ], [ -76.354798516329112, 1.391024729418605 ], [ -76.368496120791136, 1.391024729418605 ] ] ] } },
{ "type": "Feature", "properties": { "DN": 5 }, "geometry": { "type": "Polygon", "coordinates": [ [ [ -76.478076956487342, 1.418419938348837 ], [ -76.478076956487342, 1.404722333883721 ], [ -76.491774560949366, 1.404722333883721 ], [ -76.491774560949366, 1.363629520488372 ], [ -76.478076956487342, 1.363629520488372 ], [ -76.478076956487342, 1.377327124953488 ], [ -76.423286538639232, 1.377327124953488 ], [ -76.423286538639232, 1.391024729418605 ], [ -76.436984143101256, 1.391024729418605 ], [ -76.436984143101256, 1.404722333883721 ], [ -76.464379352025318, 1.404722333883721 ], [ -76.464379352025318, 1.418419938348837 ], [ -76.478076956487342, 1.418419938348837 ] ] ] } },
{ "type": "Feature", "properties": { "DN": 5 }, "geometry": { "type": "Polygon", "coordinates": [ [ [ -76.546564978797463, 1.391024729418605 ], [ -76.546564978797463, 1.377327124953488 ], [ -76.532867374335439, 1.377327124953488 ], [ -76.532867374335439, 1.363629520488372 ], [ -76.519169769873415, 1.363629520488372 ], [ -76.519169769873415, 1.377327124953488 ], [ -76.505472165411391, 1.377327124953488 ], [ -76.505472165411391, 1.391024729418605 ], [ -76.546564978797463, 1.391024729418605 ] ] ] } },
{ "type": "Feature", "properties": { "DN": 5 }, "geometry": { "type": "Polygon", "coordinates": [ [ [ -76.217822471708857, 1.391024729418605 ], [ -76.217822471708857, 1.363629520488372 ], [ -76.204124867246833, 1.363629520488372 ], [ -76.204124867246833, 1.391024729418605 ], [ -76.217822471708857, 1.391024729418605 ] ] ] } },
{ "type": "Feature", "properties": { "DN": 4 }, "geometry": { "type": "Polygon", "coordinates": [ [ [ -76.450681747563294, 1.377327124953488 ], [ -76.450681747563294, 1.363629520488372 ], [ -76.423286538639232, 1.363629520488372 ], [ -76.423286538639232, 1.377327124953488 ], [ -76.450681747563294, 1.377327124953488 ] ] ] } },
{ "type": "Feature", "properties": { "DN": 6 }, "geometry": { "type": "Polygon", "coordinates": [ [ [ -76.231520076170881, 1.377327124953488 ], [ -76.231520076170881, 1.363629520488372 ], [ -76.217822471708857, 1.363629520488372 ], [ -76.217822471708857, 1.377327124953488 ], [ -76.231520076170881, 1.377327124953488 ] ] ] } },
{ "type": "Feature", "properties": { "DN": 2 }, "geometry": { "type": "Polygon", "coordinates": [ [ [ -76.889005090348093, 1.528000774069768 ], [ -76.889005090348093, 1.514303169604651 ], [ -76.902702694810117, 1.514303169604651 ], [ -76.902702694810117, 1.500605565139535 ], [ -76.930097903734179, 1.500605565139535 ], [ -76.930097903734179, 1.459512751744186 ], [ -76.916400299272155, 1.459512751744186 ], [ -76.916400299272155, 1.404722333883721 ], [ -76.930097903734179, 1.404722333883721 ], [ -76.930097903734179, 1.349931916023256 ], [ -76.902702694810117, 1.349931916023256 ], [ -76.902702694810117, 1.363629520488372 ], [ -76.889005090348093, 1.363629520488372 ], [ -76.889005090348093, 1.377327124953488 ], [ -76.875307485886069, 1.377327124953488 ], [ -76.875307485886069, 1.391024729418605 ], [ -76.889005090348093, 1.391024729418605 ], [ -76.889005090348093, 1.404722333883721 ], [ -76.875307485886069, 1.404722333883721 ], [ -76.875307485886069, 1.418419938348837 ], [ -76.861609881424044, 1.418419938348837 ], [ -76.861609881424044, 1.44581514727907 ], [ -76.820517068037972, 1.44581514727907 ], [ -76.820517068037972, 1.459512751744186 ], [ -76.834214672499996, 1.459512751744186 ], [ -76.834214672499996, 1.473210356209302 ], [ -76.861609881424044, 1.473210356209302 ], [ -76.861609881424044, 1.486907960674419 ], [ -76.875307485886069, 1.486907960674419 ], [ -76.875307485886069, 1.528000774069768 ], [ -76.889005090348093, 1.528000774069768 ] ] ] } },
{ "type": "Feature", "properties": { "DN": 6 }, "geometry": { "type": "Polygon", "coordinates": [ [ [ -76.217822471708857, 1.363629520488372 ], [ -76.217822471708857, 1.349931916023256 ], [ -76.204124867246833, 1.349931916023256 ], [ -76.204124867246833, 1.363629520488372 ], [ -76.217822471708857, 1.363629520488372 ] ] ] } },
{ "type": "Feature", "properties": { "DN": 5 }, "geometry": { "type": "Polygon", "coordinates": [ [ [ -76.245217680632905, 1.363629520488372 ], [ -76.245217680632905, 1.349931916023256 ], [ -76.258915285094929, 1.349931916023256 ], [ -76.258915285094929, 1.33623431155814 ], [ -76.231520076170881, 1.33623431155814 ], [ -76.231520076170881, 1.349931916023256 ], [ -76.217822471708857, 1.349931916023256 ], [ -76.217822471708857, 1.363629520488372 ], [ -76.245217680632905, 1.363629520488372 ] ] ] } },
{ "type": "Feature", "properties": { "DN": 6 }, "geometry": { "type": "Polygon", "coordinates": [ [ [ -76.231520076170881, 1.349931916023256 ], [ -76.231520076170881, 1.33623431155814 ], [ -76.258915285094929, 1.33623431155814 ], [ -76.258915285094929, 1.295141498162791 ], [ -76.272612889556953, 1.295141498162791 ], [ -76.272612889556953, 1.281443893697674 ], [ -76.286310494018977, 1.281443893697674 ], [ -76.286310494018977, 1.267746289232558 ], [ -76.258915285094929, 1.267746289232558 ], [ -76.258915285094929, 1.281443893697674 ], [ -76.245217680632905, 1.281443893697674 ], [ -76.245217680632905, 1.308839102627907 ], [ -76.231520076170881, 1.308839102627907 ], [ -76.231520076170881, 1.322536707093023 ], [ -76.217822471708857, 1.322536707093023 ], [ -76.217822471708857, 1.349931916023256 ], [ -76.231520076170881, 1.349931916023256 ] ] ] } },
{ "type": "Feature", "properties": { "DN": 5 }, "geometry": { "type": "Polygon", "coordinates": [ [ [ -76.409588934177208, 1.391024729418605 ], [ -76.409588934177208, 1.377327124953488 ], [ -76.423286538639232, 1.377327124953488 ], [ -76.423286538639232, 1.363629520488372 ], [ -76.409588934177208, 1.363629520488372 ], [ -76.409588934177208, 1.33623431155814 ], [ -76.436984143101256, 1.33623431155814 ], [ -76.436984143101256, 1.322536707093023 ], [ -76.423286538639232, 1.322536707093023 ], [ -76.423286538639232, 1.295141498162791 ], [ -76.436984143101256, 1.295141498162791 ], [ -76.436984143101256, 1.308839102627907 ], [ -76.450681747563294, 1.308839102627907 ], [ -76.450681747563294, 1.295141498162791 ], [ -76.478076956487342, 1.295141498162791 ], [ -76.478076956487342, 1.281443893697674 ], [ -76.491774560949366, 1.281443893697674 ], [ -76.491774560949366, 1.295141498162791 ], [ -76.505472165411391, 1.295141498162791 ], [ -76.505472165411391, 1.322536707093023 ], [ -76.491774560949366, 1.322536707093023 ], [ -76.491774560949366, 1.349931916023256 ], [ -76.505472165411391, 1.349931916023256 ], [ -76.505472165411391, 1.33623431155814 ], [ -76.519169769873415, 1.33623431155814 ], [ -76.519169769873415, 1.322536707093023 ], [ -76.532867374335439, 1.322536707093023 ], [ -76.532867374335439, 1.308839102627907 ], [ -76.546564978797463, 1.308839102627907 ], [ -76.546564978797463, 1.295141498162791 ], [ -76.532867374335439, 1.295141498162791 ], [ -76.532867374335439, 1.254048684767442 ], [ -76.519169769873415, 1.254048684767442 ], [ -76.519169769873415, 1.212955871372093 ], [ -76.505472165411391, 1.212955871372093 ], [ -76.505472165411391, 1.226653475837209 ], [ -76.491774560949366, 1.226653475837209 ], [ -76.491774560949366, 1.240351080302326 ], [ -76.478076956487342, 1.240351080302326 ], [ -76.478076956487342, 1.254048684767442 ], [ -76.505472165411391, 1.254048684767442 ], [ -76.505472165411391, 1.267746289232558 ], [ -76.423286538639232, 1.267746289232558 ], [ -76.423286538639232, 1.254048684767442 ], [ -76.395891329715184, 1.254048684767442 ], [ -76.395891329715184, 1.267746289232558 ], [ -76.409588934177208, 1.267746289232558 ], [ -76.409588934177208, 1.295141498162791 ], [ -76.354798516329112, 1.295141498162791 ], [ -76.354798516329112, 1.308839102627907 ], [ -76.327403307405064, 1.308839102627907 ], [ -76.327403307405064, 1.322536707093023 ], [ -76.368496120791136, 1.322536707093023 ], [ -76.368496120791136, 1.377327124953488 ], [ -76.38219372525316, 1.377327124953488 ], [ -76.38219372525316, 1.391024729418605 ], [ -76.409588934177208, 1.391024729418605 ] ] ] } },
{ "type": "Feature", "properties": { "DN": 5 }, "geometry": { "type": "Polygon", "coordinates": [ [ [ -76.300008098481015, 1.322536707093023 ], [ -76.300008098481015, 1.295141498162791 ], [ -76.313705702943039, 1.295141498162791 ], [ -76.313705702943039, 1.281443893697674 ], [ -76.341100911867088, 1.281443893697674 ], [ -76.341100911867088, 1.226653475837209 ], [ -76.354798516329112, 1.226653475837209 ], [ -76.354798516329112, 1.212955871372093 ], [ -76.327403307405064, 1.212955871372093 ], [ -76.327403307405064, 1.267746289232558 ], [ -76.286310494018977, 1.267746289232558 ], [ -76.286310494018977, 1.281443893697674 ], [ -76.272612889556953, 1.281443893697674 ], [ -76.272612889556953, 1.295141498162791 ], [ -76.258915285094929, 1.295141498162791 ], [ -76.258915285094929, 1.322536707093023 ], [ -76.300008098481015, 1.322536707093023 ] ] ] } },
{ "type": "Feature", "properties": { "DN": 5 }, "geometry": { "type": "Polygon", "coordinates": [ [ [ -76.491774560949366, 1.212955871372093 ], [ -76.491774560949366, 1.199258266906977 ], [ -76.478076956487342, 1.199258266906977 ], [ -76.478076956487342, 1.212955871372093 ], [ -76.491774560949366, 1.212955871372093 ] ] ] } },
{ "type": "Feature", "properties": { "DN": 5 }, "geometry": { "type": "Polygon", "coordinates": [ [ [ -76.409588934177208, 1.199258266906977 ], [ -76.409588934177208, 1.171863057976744 ], [ -76.423286538639232, 1.171863057976744 ], [ -76.423286538639232, 1.158165453511628 ], [ -76.395891329715184, 1.158165453511628 ], [ -76.395891329715184, 1.185560662441861 ], [ -76.38219372525316, 1.185560662441861 ], [ -76.38219372525316, 1.171863057976744 ], [ -76.368496120791136, 1.171863057976744 ], [ -76.368496120791136, 1.158165453511628 ], [ -76.354798516329112, 1.158165453511628 ], [ -76.354798516329112, 1.171863057976744 ], [ -76.341100911867088, 1.171863057976744 ], [ -76.341100911867088, 1.185560662441861 ], [ -76.354798516329112, 1.185560662441861 ], [ -76.354798516329112, 1.199258266906977 ], [ -76.409588934177208, 1.199258266906977 ] ] ] } },
{ "type": "Feature", "properties": { "DN": 6 }, "geometry": { "type": "Polygon", "coordinates": [ [ [ -76.327403307405064, 1.267746289232558 ], [ -76.327403307405064, 1.212955871372093 ], [ -76.341100911867088, 1.212955871372093 ], [ -76.341100911867088, 1.199258266906977 ], [ -76.354798516329112, 1.199258266906977 ], [ -76.354798516329112, 1.185560662441861 ], [ -76.341100911867088, 1.185560662441861 ], [ -76.341100911867088, 1.171863057976744 ], [ -76.354798516329112, 1.171863057976744 ], [ -76.354798516329112, 1.158165453511628 ], [ -76.327403307405064, 1.158165453511628 ], [ -76.327403307405064, 1.185560662441861 ], [ -76.313705702943039, 1.185560662441861 ], [ -76.313705702943039, 1.212955871372093 ], [ -76.300008098481015, 1.212955871372093 ], [ -76.300008098481015, 1.240351080302326 ], [ -76.286310494018977, 1.240351080302326 ], [ -76.286310494018977, 1.267746289232558 ], [ -76.327403307405064, 1.267746289232558 ] ] ] } },
{ "type": "Feature", "properties": { "DN": 5 }, "geometry": { "type": "Polygon", "coordinates": [ [ [ -76.436984143101256, 1.158165453511628 ], [ -76.436984143101256, 1.130770244581396 ], [ -76.423286538639232, 1.130770244581396 ], [ -76.423286538639232, 1.158165453511628 ], [ -76.436984143101256, 1.158165453511628 ] ] ] } },
{ "type": "Feature", "properties": { "DN": 4 }, "geometry": { "type": "Polygon", "coordinates": [ [ [ -76.272612889556953, 1.66497681872093 ], [ -76.272612889556953, 1.651279214255814 ], [ -76.286310494018977, 1.651279214255814 ], [ -76.286310494018977, 1.610186400860465 ], [ -76.300008098481015, 1.610186400860465 ], [ -76.300008098481015, 1.623884005325581 ], [ -76.313705702943039, 1.623884005325581 ], [ -76.313705702943039, 1.610186400860465 ], [ -76.327403307405064, 1.610186400860465 ], [ -76.327403307405064, 1.569093587465116 ], [ -76.354798516329112, 1.569093587465116 ], [ -76.354798516329112, 1.555395983 ], [ -76.368496120791136, 1.555395983 ], [ -76.368496120791136, 1.569093587465116 ], [ -76.38219372525316, 1.569093587465116 ], [ -76.38219372525316, 1.610186400860465 ], [ -76.395891329715184, 1.610186400860465 ], [ -76.395891329715184, 1.596488796395349 ], [ -76.409588934177208, 1.596488796395349 ], [ -76.409588934177208, 1.582791191930233 ], [ -76.436984143101256, 1.582791191930233 ], [ -76.436984143101256, 1.569093587465116 ], [ -76.464379352025318, 1.569093587465116 ], [ -76.464379352025318, 1.582791191930233 ], [ -76.491774560949366, 1.582791191930233 ], [ -76.491774560949366, 1.555395983 ], [ -76.505472165411391, 1.555395983 ], [ -76.505472165411391, 1.541698378534884 ], [ -76.532867374335439, 1.541698378534884 ], [ -76.532867374335439, 1.500605565139535 ], [ -76.546564978797463, 1.500605565139535 ], [ -76.546564978797463, 1.486907960674419 ], [ -76.560262583259487, 1.486907960674419 ], [ -76.560262583259487, 1.473210356209302 ], [ -76.587657792183535, 1.473210356209302 ], [ -76.587657792183535, 1.459512751744186 ], [ -76.573960187721511, 1.459512751744186 ], [ -76.573960187721511, 1.44581514727907 ], [ -76.532867374335439, 1.44581514727907 ], [ -76.532867374335439, 1.459512751744186 ], [ -76.491774560949366, 1.459512751744186 ], [ -76.491774560949366, 1.473210356209302 ], [ -76.478076956487342, 1.473210356209302 ], [ -76.478076956487342, 1.486907960674419 ], [ -76.464379352025318, 1.486907960674419 ], [ -76.464379352025318, 1.528000774069768 ], [ -76.450681747563294, 1.528000774069768 ], [ -76.450681747563294, 1.486907960674419 ], [ -76.423286538639232, 1.486907960674419 ], [ -76.423286538639232, 1.473210356209302 ], [ -76.409588934177208, 1.473210356209302 ], [ -76.409588934177208, 1.459512751744186 ], [ -76.395891329715184, 1.459512751744186 ], [ -76.395891329715184, 1.44581514727907 ], [ -76.409588934177208, 1.44581514727907 ], [ -76.409588934177208, 1.432117542813954 ], [ -76.491774560949366, 1.432117542813954 ], [ -76.491774560949366, 1.418419938348837 ], [ -76.464379352025318, 1.418419938348837 ], [ -76.464379352025318, 1.404722333883721 ], [ -76.436984143101256, 1.404722333883721 ], [ -76.436984143101256, 1.391024729418605 ], [ -76.423286538639232, 1.391024729418605 ], [ -76.423286538639232, 1.377327124953488 ], [ -76.409588934177208, 1.377327124953488 ], [ -76.409588934177208, 1.391024729418605 ], [ -76.395891329715184, 1.391024729418605 ], [ -76.395891329715184, 1.404722333883721 ], [ -76.368496120791136, 1.404722333883721 ], [ -76.368496120791136, 1.418419938348837 ], [ -76.354798516329112, 1.418419938348837 ], [ -76.354798516329112, 1.44581514727907 ], [ -76.313705702943039, 1.44581514727907 ], [ -76.313705702943039, 1.432117542813954 ], [ -76.327403307405064, 1.432117542813954 ], [ -76.327403307405064, 1.404722333883721 ], [ -76.341100911867088, 1.404722333883721 ], [ -76.341100911867088, 1.391024729418605 ], [ -76.354798516329112, 1.391024729418605 ], [ -76.354798516329112, 1.377327124953488 ], [ -76.368496120791136, 1.377327124953488 ], [ -76.368496120791136, 1.322536707093023 ], [ -76.327403307405064, 1.322536707093023 ], [ -76.327403307405064, 1.308839102627907 ], [ -76.354798516329112, 1.308839102627907 ], [ -76.354798516329112, 1.295141498162791 ], [ -76.409588934177208, 1.295141498162791 ], [ -76.409588934177208, 1.267746289232558 ], [ -76.395891329715184, 1.267746289232558 ], [ -76.395891329715184, 1.254048684767442 ], [ -76.423286538639232, 1.254048684767442 ], [ -76.423286538639232, 1.267746289232558 ], [ -76.505472165411391, 1.267746289232558 ], [ -76.505472165411391, 1.254048684767442 ], [ -76.478076956487342, 1.254048684767442 ], [ -76.478076956487342, 1.240351080302326 ], [ -76.491774560949366, 1.240351080302326 ], [ -76.491774560949366, 1.226653475837209 ], [ -76.505472165411391, 1.226653475837209 ], [ -76.505472165411391, 1.212955871372093 ], [ -76.478076956487342, 1.212955871372093 ], [ -76.478076956487342, 1.199258266906977 ], [ -76.491774560949366, 1.199258266906977 ], [ -76.491774560949366, 1.171863057976744 ], [ -76.505472165411391, 1.171863057976744 ], [ -76.505472165411391, 1.158165453511628 ], [ -76.450681747563294, 1.158165453511628 ], [ -76.450681747563294, 1.144467849046512 ], [ -76.464379352025318, 1.144467849046512 ], [ -76.464379352025318, 1.130770244581396 ], [ -76.478076956487342, 1.130770244581396 ], [ -76.478076956487342, 1.117072640116279 ], [ -76.450681747563294, 1.117072640116279 ], [ -76.450681747563294, 1.130770244581396 ], [ -76.436984143101256, 1.130770244581396 ], [ -76.436984143101256, 1.158165453511628 ], [ -76.423286538639232, 1.158165453511628 ], [ -76.423286538639232, 1.171863057976744 ], [ -76.409588934177208, 1.171863057976744 ], [ -76.409588934177208, 1.199258266906977 ], [ -76.341100911867088, 1.199258266906977 ], [ -76.341100911867088, 1.212955871372093 ], [ -76.354798516329112, 1.212955871372093 ], [ -76.354798516329112, 1.226653475837209 ], [ -76.341100911867088, 1.226653475837209 ], [ -76.341100911867088, 1.281443893697674 ], [ -76.313705702943039, 1.281443893697674 ], [ -76.313705702943039, 1.295141498162791 ], [ -76.300008098481015, 1.295141498162791 ], [ -76.300008098481015, 1.322536707093023 ], [ -76.258915285094929, 1.322536707093023 ], [ -76.258915285094929, 1.349931916023256 ], [ -76.245217680632905, 1.349931916023256 ], [ -76.245217680632905, 1.363629520488372 ], [ -76.231520076170881, 1.363629520488372 ], [ -76.231520076170881, 1.377327124953488 ], [ -76.217822471708857, 1.377327124953488 ], [ -76.217822471708857, 1.391024729418605 ], [ -76.204124867246833, 1.391024729418605 ], [ -76.204124867246833, 1.418419938348837 ], [ -76.190427262784809, 1.418419938348837 ], [ -76.190427262784809, 1.44581514727907 ], [ -76.176729658322785, 1.44581514727907 ], [ -76.176729658322785, 1.459512751744186 ], [ -76.190427262784809, 1.459512751744186 ], [ -76.190427262784809, 1.473210356209302 ], [ -76.176729658322785, 1.473210356209302 ], [ -76.176729658322785, 1.514303169604651 ], [ -76.204124867246833, 1.514303169604651 ], [ -76.204124867246833, 1.500605565139535 ], [ -76.217822471708857, 1.500605565139535 ], [ -76.217822471708857, 1.514303169604651 ], [ -76.245217680632905, 1.514303169604651 ], [ -76.245217680632905, 1.500605565139535 ], [ -76.272612889556953, 1.500605565139535 ], [ -76.272612889556953, 1.486907960674419 ], [ -76.300008098481015, 1.486907960674419 ], [ -76.300008098481015, 1.473210356209302 ], [ -76.341100911867088, 1.473210356209302 ], [ -76.341100911867088, 1.486907960674419 ], [ -76.327403307405064, 1.486907960674419 ], [ -76.327403307405064, 1.500605565139535 ], [ -76.313705702943039, 1.500605565139535 ], [ -76.313705702943039, 1.514303169604651 ], [ -76.300008098481015, 1.514303169604651 ], [ -76.300008098481015, 1.528000774069768 ], [ -76.286310494018977, 1.528000774069768 ], [ -76.286310494018977, 1.541698378534884 ], [ -76.258915285094929, 1.541698378534884 ], [ -76.258915285094929, 1.582791191930233 ], [ -76.231520076170881, 1.582791191930233 ], [ -76.231520076170881, 1.596488796395349 ], [ -76.245217680632905, 1.596488796395349 ], [ -76.245217680632905, 1.610186400860465 ], [ -76.258915285094929, 1.610186400860465 ], [ -76.258915285094929, 1.637581609790698 ], [ -76.245217680632905, 1.637581609790698 ], [ -76.245217680632905, 1.651279214255814 ], [ -76.258915285094929, 1.651279214255814 ], [ -76.258915285094929, 1.66497681872093 ], [ -76.272612889556953, 1.66497681872093 ] ], [ [ -76.395891329715184, 1.514303169604651 ], [ -76.368496120791136, 1.514303169604651 ], [ -76.368496120791136, 1.486907960674419 ], [ -76.395891329715184, 1.486907960674419 ], [ -76.395891329715184, 1.473210356209302 ], [ -76.409588934177208, 1.473210356209302 ], [ -76.409588934177208, 1.500605565139535 ], [ -76.395891329715184, 1.500605565139535 ], [ -76.395891329715184, 1.514303169604651 ] ] ] } },
{ "type": "Feature", "properties": { "DN": 5 }, "geometry": { "type": "Polygon", "coordinates": [ [ [ -76.450681747563294, 1.130770244581396 ], [ -76.450681747563294, 1.117072640116279 ], [ -76.436984143101256, 1.117072640116279 ], [ -76.436984143101256, 1.130770244581396 ], [ -76.450681747563294, 1.130770244581396 ] ] ] } },
{ "type": "Feature", "properties": { "DN": 6 }, "geometry": { "type": "Polygon", "coordinates": [ [ [ -76.395891329715184, 1.185560662441861 ], [ -76.395891329715184, 1.158165453511628 ], [ -76.423286538639232, 1.158165453511628 ], [ -76.423286538639232, 1.130770244581396 ], [ -76.436984143101256, 1.130770244581396 ], [ -76.436984143101256, 1.117072640116279 ], [ -76.450681747563294, 1.117072640116279 ], [ -76.450681747563294, 1.103375035651163 ], [ -76.423286538639232, 1.103375035651163 ], [ -76.423286538639232, 1.117072640116279 ], [ -76.409588934177208, 1.117072640116279 ], [ -76.409588934177208, 1.130770244581396 ], [ -76.395891329715184, 1.130770244581396 ], [ -76.395891329715184, 1.144467849046512 ], [ -76.354798516329112, 1.144467849046512 ], [ -76.354798516329112, 1.158165453511628 ], [ -76.368496120791136, 1.158165453511628 ], [ -76.368496120791136, 1.171863057976744 ], [ -76.38219372525316, 1.171863057976744 ], [ -76.38219372525316, 1.185560662441861 ], [ -76.395891329715184, 1.185560662441861 ] ] ] } },
{ "type": "Feature", "properties": { "DN": 5 }, "geometry": { "type": "Polygon", "coordinates": [ [ [ -76.519169769873415, 1.199258266906977 ], [ -76.519169769873415, 1.185560662441861 ], [ -76.532867374335439, 1.185560662441861 ], [ -76.532867374335439, 1.171863057976744 ], [ -76.519169769873415, 1.171863057976744 ], [ -76.519169769873415, 1.144467849046512 ], [ -76.491774560949366, 1.144467849046512 ], [ -76.491774560949366, 1.117072640116279 ], [ -76.532867374335439, 1.117072640116279 ], [ -76.532867374335439, 1.103375035651163 ], [ -76.505472165411391, 1.103375035651163 ], [ -76.505472165411391, 1.089677431186046 ], [ -76.478076956487342, 1.089677431186046 ], [ -76.478076956487342, 1.103375035651163 ], [ -76.450681747563294, 1.103375035651163 ], [ -76.450681747563294, 1.117072640116279 ], [ -76.478076956487342, 1.117072640116279 ], [ -76.478076956487342, 1.130770244581396 ], [ -76.464379352025318, 1.130770244581396 ], [ -76.464379352025318, 1.144467849046512 ], [ -76.450681747563294, 1.144467849046512 ], [ -76.450681747563294, 1.158165453511628 ], [ -76.505472165411391, 1.158165453511628 ], [ -76.505472165411391, 1.171863057976744 ], [ -76.491774560949366, 1.171863057976744 ], [ -76.491774560949366, 1.199258266906977 ], [ -76.519169769873415, 1.199258266906977 ] ] ] } },
{ "type": "Feature", "properties": { "DN": 4 }, "geometry": { "type": "Polygon", "coordinates": [ [ [ -76.519169769873415, 1.103375035651163 ], [ -76.519169769873415, 1.089677431186046 ], [ -76.505472165411391, 1.089677431186046 ], [ -76.505472165411391, 1.103375035651163 ], [ -76.519169769873415, 1.103375035651163 ] ] ] } },
{ "type": "Feature", "properties": { "DN": 6 }, "geometry": { "type": "Polygon", "coordinates": [ [ [ -76.478076956487342, 1.103375035651163 ], [ -76.478076956487342, 1.089677431186046 ], [ -76.450681747563294, 1.089677431186046 ], [ -76.450681747563294, 1.103375035651163 ], [ -76.478076956487342, 1.103375035651163 ] ] ] } },
{ "type": "Feature", "properties": { "DN": 6 }, "geometry": { "type": "Polygon", "coordinates": [ [ [ -76.601355396645573, 1.555395983 ], [ -76.601355396645573, 1.528000774069768 ], [ -76.628750605569621, 1.528000774069768 ], [ -76.628750605569621, 1.514303169604651 ], [ -76.656145814493669, 1.514303169604651 ], [ -76.656145814493669, 1.500605565139535 ], [ -76.669843418955693, 1.500605565139535 ], [ -76.669843418955693, 1.486907960674419 ], [ -76.656145814493669, 1.486907960674419 ], [ -76.656145814493669, 1.473210356209302 ], [ -76.642448210031645, 1.473210356209302 ], [ -76.642448210031645, 1.459512751744186 ], [ -76.628750605569621, 1.459512751744186 ], [ -76.628750605569621, 1.44581514727907 ], [ -76.601355396645573, 1.44581514727907 ], [ -76.601355396645573, 1.432117542813954 ], [ -76.587657792183535, 1.432117542813954 ], [ -76.587657792183535, 1.418419938348837 ], [ -76.601355396645573, 1.418419938348837 ], [ -76.601355396645573, 1.404722333883721 ], [ -76.587657792183535, 1.404722333883721 ], [ -76.587657792183535, 1.391024729418605 ], [ -76.573960187721511, 1.391024729418605 ], [ -76.573960187721511, 1.349931916023256 ], [ -76.587657792183535, 1.349931916023256 ], [ -76.587657792183535, 1.33623431155814 ], [ -76.573960187721511, 1.33623431155814 ], [ -76.573960187721511, 1.308839102627907 ], [ -76.587657792183535, 1.308839102627907 ], [ -76.587657792183535, 1.295141498162791 ], [ -76.573960187721511, 1.295141498162791 ], [ -76.573960187721511, 1.254048684767442 ], [ -76.560262583259487, 1.254048684767442 ], [ -76.560262583259487, 1.226653475837209 ], [ -76.546564978797463, 1.226653475837209 ], [ -76.546564978797463, 1.212955871372093 ], [ -76.532867374335439, 1.212955871372093 ], [ -76.532867374335439, 1.199258266906977 ], [ -76.546564978797463, 1.199258266906977 ], [ -76.546564978797463, 1.117072640116279 ], [ -76.560262583259487, 1.117072640116279 ], [ -76.560262583259487, 1.089677431186046 ], [ -76.573960187721511, 1.089677431186046 ], [ -76.573960187721511, 1.07597982672093 ], [ -76.560262583259487, 1.07597982672093 ], [ -76.560262583259487, 1.062282222255814 ], [ -76.546564978797463, 1.062282222255814 ], [ -76.546564978797463, 1.07597982672093 ], [ -76.478076956487342, 1.07597982672093 ], [ -76.478076956487342, 1.089677431186046 ], [ -76.519169769873415, 1.089677431186046 ], [ -76.519169769873415, 1.103375035651163 ], [ -76.532867374335439, 1.103375035651163 ], [ -76.532867374335439, 1.117072640116279 ], [ -76.491774560949366, 1.117072640116279 ], [ -76.491774560949366, 1.144467849046512 ], [ -76.519169769873415, 1.144467849046512 ], [ -76.519169769873415, 1.171863057976744 ], [ -76.532867374335439, 1.171863057976744 ], [ -76.532867374335439, 1.185560662441861 ], [ -76.519169769873415, 1.185560662441861 ], [ -76.519169769873415, 1.199258266906977 ], [ -76.491774560949366, 1.199258266906977 ], [ -76.491774560949366, 1.212955871372093 ], [ -76.519169769873415, 1.212955871372093 ], [ -76.519169769873415, 1.254048684767442 ], [ -76.532867374335439, 1.254048684767442 ], [ -76.532867374335439, 1.295141498162791 ], [ -76.546564978797463, 1.295141498162791 ], [ -76.546564978797463, 1.308839102627907 ], [ -76.532867374335439, 1.308839102627907 ], [ -76.532867374335439, 1.322536707093023 ], [ -76.519169769873415, 1.322536707093023 ], [ -76.519169769873415, 1.33623431155814 ], [ -76.505472165411391, 1.33623431155814 ], [ -76.505472165411391, 1.349931916023256 ], [ -76.491774560949366, 1.349931916023256 ], [ -76.491774560949366, 1.322536707093023 ], [ -76.505472165411391, 1.322536707093023 ], [ -76.505472165411391, 1.295141498162791 ], [ -76.491774560949366, 1.295141498162791 ], [ -76.491774560949366, 1.281443893697674 ], [ -76.478076956487342, 1.281443893697674 ], [ -76.478076956487342, 1.295141498162791 ], [ -76.450681747563294, 1.295141498162791 ], [ -76.450681747563294, 1.308839102627907 ], [ -76.436984143101256, 1.308839102627907 ], [ -76.436984143101256, 1.295141498162791 ], [ -76.423286538639232, 1.295141498162791 ], [ -76.423286538639232, 1.322536707093023 ], [ -76.436984143101256, 1.322536707093023 ], [ -76.436984143101256, 1.33623431155814 ], [ -76.409588934177208, 1.33623431155814 ], [ -76.409588934177208, 1.363629520488372 ], [ -76.450681747563294, 1.363629520488372 ], [ -76.450681747563294, 1.377327124953488 ], [ -76.478076956487342, 1.377327124953488 ], [ -76.478076956487342, 1.363629520488372 ], [ -76.491774560949366, 1.363629520488372 ], [ -76.491774560949366, 1.404722333883721 ], [ -76.505472165411391, 1.404722333883721 ], [ -76.505472165411391, 1.432117542813954 ], [ -76.491774560949366, 1.432117542813954 ], [ -76.491774560949366, 1.44581514727907 ], [ -76.478076956487342, 1.44581514727907 ], [ -76.478076956487342, 1.459512751744186 ], [ -76.519169769873415, 1.459512751744186 ], [ -76.519169769873415, 1.44581514727907 ], [ -76.532867374335439, 1.44581514727907 ], [ -76.532867374335439, 1.432117542813954 ], [ -76.560262583259487, 1.432117542813954 ], [ -76.560262583259487, 1.44581514727907 ], [ -76.587657792183535, 1.44581514727907 ], [ -76.587657792183535, 1.473210356209302 ], [ -76.601355396645573, 1.473210356209302 ], [ -76.601355396645573, 1.486907960674419 ], [ -76.573960187721511, 1.486907960674419 ], [ -76.573960187721511, 1.514303169604651 ], [ -76.546564978797463, 1.514303169604651 ], [ -76.546564978797463, 1.528000774069768 ], [ -76.573960187721511, 1.528000774069768 ], [ -76.573960187721511, 1.541698378534884 ], [ -76.560262583259487, 1.541698378534884 ], [ -76.560262583259487, 1.555395983 ], [ -76.601355396645573, 1.555395983 ] ], [ [ -76.615053001107597, 1.473210356209302 ], [ -76.601355396645573, 1.473210356209302 ], [ -76.601355396645573, 1.459512751744186 ], [ -76.615053001107597, 1.459512751744186 ], [ -76.615053001107597, 1.473210356209302 ] ], [ [ -76.546564978797463, 1.391024729418605 ], [ -76.505472165411391, 1.391024729418605 ], [ -76.505472165411391, 1.377327124953488 ], [ -76.519169769873415, 1.377327124953488 ], [ -76.519169769873415, 1.363629520488372 ], [ -76.532867374335439, 1.363629520488372 ], [ -76.532867374335439, 1.377327124953488 ], [ -76.546564978797463, 1.377327124953488 ], [ -76.546564978797463, 1.391024729418605 ] ] ] } },
{ "type": "Feature", "properties": { "DN": 7 }, "geometry": { "type": "Polygon", "coordinates": [ [ [ -76.313705702943039, 1.212955871372093 ], [ -76.313705702943039, 1.185560662441861 ], [ -76.327403307405064, 1.185560662441861 ], [ -76.327403307405064, 1.158165453511628 ], [ -76.354798516329112, 1.158165453511628 ], [ -76.354798516329112, 1.144467849046512 ], [ -76.395891329715184, 1.144467849046512 ], [ -76.395891329715184, 1.130770244581396 ], [ -76.409588934177208, 1.130770244581396 ], [ -76.409588934177208, 1.117072640116279 ], [ -76.423286538639232, 1.117072640116279 ], [ -76.423286538639232, 1.103375035651163 ], [ -76.450681747563294, 1.103375035651163 ], [ -76.450681747563294, 1.089677431186046 ], [ -76.478076956487342, 1.089677431186046 ], [ -76.478076956487342, 1.07597982672093 ], [ -76.546564978797463, 1.07597982672093 ], [ -76.546564978797463, 1.034887013325581 ], [ -76.491774560949366, 1.034887013325581 ], [ -76.491774560949366, 1.007491804395349 ], [ -76.478076956487342, 1.007491804395349 ], [ -76.478076956487342, 0.993794199930233 ], [ -76.450681747563294, 0.993794199930233 ], [ -76.450681747563294, 0.966398991 ], [ -76.409588934177208, 0.966398991 ], [ -76.409588934177208, 0.980096595465116 ], [ -76.327403307405064, 0.980096595465116 ], [ -76.327403307405064, 0.966398991 ], [ -76.286310494018977, 0.966398991 ], [ -76.286310494018977, 0.980096595465116 ], [ -76.272612889556953, 0.980096595465116 ], [ -76.272612889556953, 0.966398991 ], [ -76.258915285094929, 0.966398991 ], [ -76.258915285094929, 0.980096595465116 ], [ -76.245217680632905, 0.980096595465116 ], [ -76.245217680632905, 0.966398991 ], [ -76.231520076170881, 0.966398991 ], [ -76.231520076170881, 0.980096595465116 ], [ -76.204124867246833, 0.980096595465116 ], [ -76.204124867246833, 0.993794199930233 ], [ -76.190427262784809, 0.993794199930233 ], [ -76.190427262784809, 1.007491804395349 ], [ -76.176729658322785, 1.007491804395349 ], [ -76.176729658322785, 1.034887013325581 ], [ -76.163032053860761, 1.034887013325581 ], [ -76.163032053860761, 1.021189408860465 ], [ -76.135636844936698, 1.021189408860465 ], [ -76.135636844936698, 1.007491804395349 ], [ -76.10824163601265, 1.007491804395349 ], [ -76.10824163601265, 1.021189408860465 ], [ -76.080846427088602, 1.021189408860465 ], [ -76.080846427088602, 1.048584617790698 ], [ -76.094544031550626, 1.048584617790698 ], [ -76.094544031550626, 1.062282222255814 ], [ -76.10824163601265, 1.062282222255814 ], [ -76.10824163601265, 1.089677431186046 ], [ -76.121939240474674, 1.089677431186046 ], [ -76.121939240474674, 1.103375035651163 ], [ -76.163032053860761, 1.103375035651163 ], [ -76.163032053860761, 1.117072640116279 ], [ -76.176729658322785, 1.117072640116279 ], [ -76.176729658322785, 1.103375035651163 ], [ -76.190427262784809, 1.103375035651163 ], [ -76.190427262784809, 1.117072640116279 ], [ -76.258915285094929, 1.117072640116279 ], [ -76.258915285094929, 1.130770244581396 ], [ -76.286310494018977, 1.130770244581396 ], [ -76.286310494018977, 1.185560662441861 ], [ -76.300008098481015, 1.185560662441861 ], [ -76.300008098481015, 1.199258266906977 ], [ -76.286310494018977, 1.199258266906977 ], [ -76.286310494018977, 1.212955871372093 ], [ -76.313705702943039, 1.212955871372093 ] ], [ [ -76.204124867246833, 1.021189408860465 ], [ -76.190427262784809, 1.021189408860465 ], [ -76.190427262784809, 1.007491804395349 ], [ -76.204124867246833, 1.007491804395349 ], [ -76.204124867246833, 1.021189408860465 ] ] ] } }
]
}
