{
"type": "FeatureCollection",
"name": "paez_vias_vl",
"crs": { "type": "name", "properties": { "name": "urn:ogc:def:crs:OGC:1.3:CRS84" } },
"features": [
{ "type": "Feature", "properties": { "TIPO_VIA": 4, "ESTADO_SUP": "3306", "NUMERO_CAR": "3502", "ACCESIBILI": "3600", "NOMBRE_GEO": null, "PROYECTO": null, "SYMBOL": "2", "FECHA": null, "RULEID": 4, "PK_CUE": 2056348.0, "GLOBALID": "{E4910425-7B04-4122-A0BC-CFC3BA686DF9}", "EJE_VIAL": null, "SHAPE_Leng": 59699.9067918 }, "geometry": { "type": "MultiLineString", "coordinates": [ [ [ -76.054618075093117, 2.780036327158935 ], [ -76.054599599857184, 2.78014026879133 ], [ -76.054347203184975, 2.781560301991473 ], [ -76.053595582606178, 2.785957546228327 ], [ -76.05344826806315, 2.787090743835834 ], [ -76.053607035761942, 2.787582940143109 ], [ -76.053868777564986, 2.788082628370707 ], [ -76.054078597807802, 2.788474975627433 ], [ -76.054111081118151, 2.788705556402863 ], [ -76.054149546554385, 2.789139962787326 ], [ -76.054172885341984, 2.78960889160698 ], [ -76.054198720733297, 2.790557782783779 ], [ -76.054214944337872, 2.790958556808805 ], [ -76.054243969396325, 2.79137721669352 ], [ -76.055204700035631, 2.792165396880727 ], [ -76.056324225502678, 2.791600030452807 ], [ -76.05744432635565, 2.790391164109985 ], [ -76.057870598806474, 2.789520424334239 ], [ -76.057843937486425, 2.788507283410489 ], [ -76.058884007290388, 2.787591075668841 ], [ -76.059436716197368, 2.786535979668055 ], [ -76.059656926900686, 2.786987571405648 ], [ -76.059923542904201, 2.788080697652536 ], [ -76.060136835983087, 2.789173823584212 ], [ -76.060430114193636, 2.790826843854098 ], [ -76.06077671497431, 2.793226388024966 ], [ -76.061443254762111, 2.794559468670225 ], [ -76.062003148754698, 2.796025857655212 ], [ -76.062467957642809, 2.796941804263351 ], [ -76.062909643481092, 2.797812185261439 ], [ -76.063016290600231, 2.798772003067748 ], [ -76.063069613224073, 2.800238391864616 ], [ -76.063282906392089, 2.801224871256569 ], [ -76.063442876229473, 2.802264674093742 ], [ -76.062669689226468, 2.803411124227178 ], [ -76.061496577902389, 2.804051002267439 ], [ -76.060056851615855, 2.804450926322054 ], [ -76.059763573704814, 2.805357421606312 ], [ -76.059710250539723, 2.806237254342901 ], [ -76.060011997159407, 2.80717697498078 ], [ -76.059123695398043, 2.808903415466659 ], [ -76.058617124123572, 2.809676602776682 ], [ -76.058697109583477, 2.81087637500956 ], [ -76.058617124003973, 2.811969500632708 ], [ -76.058617124580238, 2.813382565966544 ], [ -76.059581630972616, 2.814840467537782 ], [ -76.059735495732994, 2.815183981847158 ], [ -76.059760694212329, 2.815246227269079 ], [ -76.059846823679663, 2.815459019663614 ], [ -76.059917512570991, 2.815674346312853 ], [ -76.059965527741468, 2.815874552935528 ], [ -76.059996994937052, 2.816088640091642 ], [ -76.060017127302388, 2.816348926705551 ], [ -76.060045396665402, 2.817080784430111 ], [ -76.060047148067255, 2.817392597903527 ], [ -76.060041363407052, 2.817708742312727 ], [ -76.060030224109298, 2.817985189743998 ], [ -76.060015276149031, 2.818186188052601 ], [ -76.059921061161745, 2.818987412780421 ], [ -76.059893886790277, 2.819313618610631 ], [ -76.059888631579071, 2.819591432409553 ], [ -76.059903265314659, 2.820225418013773 ], [ -76.059900363541487, 2.820378877379373 ], [ -76.059892017719591, 2.820517622262416 ], [ -76.059873341945249, 2.820695307569841 ], [ -76.059845540307919, 2.820892901964086 ], [ -76.059740455299405, 2.821492743232766 ], [ -76.059689555726223, 2.821723375866984 ], [ -76.059558895581432, 2.822244228703175 ], [ -76.059509318177746, 2.822482721684683 ], [ -76.059478874188812, 2.822701263734204 ], [ -76.059466307414155, 2.822924028833054 ], [ -76.059470169575661, 2.823202066247314 ], [ -76.059493597798209, 2.823539204199635 ], [ -76.059557718643433, 2.824232056702497 ], [ -76.059653192235587, 2.82502849402405 ], [ -76.059684408668929, 2.825394117323741 ], [ -76.059692655121793, 2.825619325305492 ], [ -76.059693499955216, 2.825868634083666 ], [ -76.059664124890716, 2.826854723843258 ], [ -76.059664520396481, 2.827278099819021 ], [ -76.059698584350954, 2.828004629628196 ], [ -76.059723089609861, 2.828158242291809 ], [ -76.059764663552016, 2.828287420305027 ], [ -76.059836133564147, 2.828425427560483 ], [ -76.0599450275881, 2.828583289149715 ], [ -76.060271979107185, 2.829010805556033 ], [ -76.060609368308874, 2.829393146575883 ], [ -76.06071802807071, 2.829523645717404 ], [ -76.060816358402207, 2.829658249181434 ], [ -76.06089320911444, 2.829785963193691 ], [ -76.060930641774064, 2.829862167074916 ], [ -76.060962927221055, 2.829941613811744 ], [ -76.061017482362189, 2.830123773598731 ], [ -76.061054851548093, 2.830305854273746 ], [ -76.061129258990206, 2.830759223827735 ], [ -76.061155677572657, 2.830881009097167 ], [ -76.061185116405582, 2.830988474117029 ], [ -76.061245492128194, 2.831163924059918 ], [ -76.061318229398694, 2.831350576000612 ], [ -76.06140125130068, 2.831543067007917 ], [ -76.061496390623773, 2.8317458622856 ], [ -76.061672650375371, 2.832090967622086 ], [ -76.061917269638272, 2.832537915792822 ], [ -76.062085156068392, 2.832824163805662 ], [ -76.062275249098761, 2.83312671643945 ], [ -76.06251013962833, 2.833479529915403 ], [ -76.062798606788093, 2.833893905090767 ], [ -76.062903351282927, 2.834029865285693 ], [ -76.063213261216774, 2.834405862908185 ], [ -76.063300190556987, 2.834526695973922 ], [ -76.063369261657016, 2.834639290722319 ], [ -76.063437461824194, 2.834783990782997 ], [ -76.063486662713814, 2.834947952042127 ], [ -76.06351991920107, 2.835129357921881 ], [ -76.063564564524725, 2.835499383049233 ], [ -76.063588468971801, 2.835652905207109 ], [ -76.06362506602062, 2.835808833757005 ], [ -76.063672866240637, 2.835942574602872 ], [ -76.06374146105999, 2.836089242794406 ], [ -76.063806588709795, 2.83621427116303 ], [ -76.063871501352423, 2.836323865411907 ], [ -76.063937760887811, 2.836420649562292 ], [ -76.06403247907491, 2.83653943441077 ], [ -76.064124717899674, 2.836641016150938 ], [ -76.064214324857119, 2.836725170154897 ], [ -76.064302269673831, 2.836792876248224 ], [ -76.064356680663693, 2.836825494035716 ], [ -76.064416832019432, 2.836853134800533 ], [ -76.064483361801337, 2.836876095991673 ], [ -76.064557579901162, 2.836894826005813 ], [ -76.064701374206905, 2.836917857870983 ], [ -76.065065891954816, 2.83695544428192 ], [ -76.065163359188261, 2.836972717761874 ], [ -76.065248294733436, 2.836994745039543 ], [ -76.06534911282273, 2.837031109022131 ], [ -76.065459480226806, 2.837079762360128 ], [ -76.065888865518758, 2.837304932669982 ], [ -76.065943105842919, 2.837329070655926 ], [ -76.066481115912907, 2.837170482751691 ], [ -76.067451035637433, 2.83704943524312 ], [ -76.068602757109602, 2.836989498646954 ], [ -76.069572523522908, 2.837051293749297 ], [ -76.070773095977103, 2.837454852975195 ], [ -76.071504072591679, 2.837396472227035 ], [ -76.071920487266866, 2.837381379575294 ], [ -76.072146781542656, 2.837385475573412 ], [ -76.072356781279481, 2.837399956874978 ], [ -76.072554185881543, 2.837425082922249 ], [ -76.072740917759873, 2.837461115191544 ], [ -76.072870267327744, 2.837494154737736 ], [ -76.073120196085171, 2.837568570956337 ], [ -76.073487310602104, 2.837695467428448 ], [ -76.073647210743104, 2.837759840114531 ], [ -76.073796959744058, 2.837826701756256 ], [ -76.073937249688953, 2.837896383998141 ], [ -76.074068484680595, 2.837969084592592 ], [ -76.074182165878852, 2.838039224723136 ], [ -76.07428851826657, 2.838112186099999 ], [ -76.074393495064143, 2.83819281868399 ], [ -76.074460499748056, 2.838253059890875 ], [ -76.074584648017293, 2.838391544551278 ], [ -76.07479480828485, 2.838668262373535 ], [ -76.074880040739771, 2.838772430183452 ], [ -76.074973492245547, 2.838869502207269 ], [ -76.075065640575204, 2.83894488008577 ], [ -76.075162570345512, 2.839002120131095 ], [ -76.075280437953978, 2.839049326563057 ], [ -76.075406605706505, 2.839085107050448 ], [ -76.075750552719001, 2.839165407119247 ], [ -76.075848136852031, 2.839196506605691 ], [ -76.07593108714056, 2.839231362430013 ], [ -76.07601384014157, 2.839278613002731 ], [ -76.076090268622153, 2.839338638035062 ], [ -76.076179202261969, 2.839424347109662 ], [ -76.076270173972063, 2.839527860293773 ], [ -76.076354401194507, 2.839636591770574 ], [ -76.076448813157569, 2.83977011694438 ], [ -76.076499100817912, 2.839847407806386 ], [ -76.076542426669292, 2.83992592111415 ], [ -76.0765838661641, 2.840016758677567 ], [ -76.076618963301172, 2.840112609225723 ], [ -76.076647834884639, 2.840213795091465 ], [ -76.076670607020461, 2.840320756975878 ], [ -76.076687082621177, 2.84043136704364 ], [ -76.076697970321931, 2.840548812783079 ], [ -76.076703359715736, 2.840809028239925 ], [ -76.076687989925787, 2.841107995779887 ], [ -76.076627963627246, 2.84175027392237 ], [ -76.076609422991439, 2.842028221200319 ], [ -76.076607124413798, 2.842315682267581 ], [ -76.076614390781032, 2.842444940862364 ], [ -76.076627372035759, 2.842566769655536 ], [ -76.076654715747068, 2.842723841100921 ], [ -76.076715263282836, 2.842971397883767 ], [ -76.076759818926803, 2.843132897697564 ], [ -76.076804375884919, 2.843263018799874 ], [ -76.07683750516928, 2.843339285398489 ], [ -76.076880803621322, 2.843421552832474 ], [ -76.077051699593383, 2.843697902152683 ], [ -76.077112668169548, 2.843807567663009 ], [ -76.077162335729938, 2.843923002366341 ], [ -76.077199877191106, 2.84405066135374 ], [ -76.0772271051719, 2.844204308609216 ], [ -76.077241172012748, 2.844379480854952 ], [ -76.077243687520351, 2.844557202872692 ], [ -76.07723615095324, 2.845031136943017 ], [ -76.07724074985569, 2.845170168663222 ], [ -76.077251475841081, 2.84529350725467 ], [ -76.077275219250978, 2.845438352121344 ], [ -76.077326035961903, 2.845641218258033 ], [ -76.077377212980153, 2.845823701727325 ], [ -76.077426916788596, 2.845967566792222 ], [ -76.077463837566469, 2.846054632076882 ], [ -76.077503265126069, 2.846132524655282 ], [ -76.077544928794907, 2.846199845324546 ], [ -76.077595055128967, 2.846267883451238 ], [ -76.077704001668479, 2.846390870630794 ], [ -76.077975419059683, 2.846655228305898 ], [ -76.078089110157123, 2.84677870963487 ], [ -76.078206727359245, 2.846935672932992 ], [ -76.078444249621185, 2.847298385585242 ], [ -76.078554886635885, 2.84745232090396 ], [ -76.078793102175254, 2.847732837805382 ], [ -76.078888683367964, 2.847834876939628 ], [ -76.078978468538793, 2.84792224819713 ], [ -76.079100558659434, 2.84802578677783 ], [ -76.07922395214473, 2.84811175629891 ], [ -76.07936805130889, 2.848193690868821 ], [ -76.079532980652928, 2.848271090361637 ], [ -76.079722373050672, 2.848345901643564 ], [ -76.079943007938894, 2.848421324766159 ], [ -76.08004215494276, 2.84844461835252 ], [ -76.080268890317015, 2.848484933726963 ], [ -76.080364462095318, 2.848509377432301 ], [ -76.080442085280609, 2.848539668825846 ], [ -76.080513034373027, 2.848580685917747 ], [ -76.080575306233555, 2.848627496849095 ], [ -76.080636516807417, 2.848683857051784 ], [ -76.080697098519337, 2.848750134999623 ], [ -76.080757860938377, 2.848827236793221 ], [ -76.080877894392273, 2.849008373712001 ], [ -76.081051933785872, 2.849310845159422 ], [ -76.081097290286891, 2.849406209943953 ], [ -76.081138163146719, 2.849508232132723 ], [ -76.081174859173032, 2.849617700787771 ], [ -76.081207844905137, 2.849735982043969 ], [ -76.081264134066089, 2.850002224771484 ], [ -76.081296203900223, 2.85021266400036 ], [ -76.081605476384212, 2.850739193614625 ], [ -76.082322017158575, 2.852507491280391 ], [ -76.083276800208026, 2.854514506718561 ], [ -76.083849322664989, 2.855517835571744 ], [ -76.083899881066841, 2.857239474707825 ], [ -76.083568913617938, 2.858387872066304 ], [ -76.083239366654283, 2.86034930814469 ], [ -76.082576688582449, 2.862215683174569 ], [ -76.082197995047267, 2.863268509445255 ], [ -76.082145847595825, 2.863984438778874 ], [ -76.082147895929637, 2.864024360424665 ], [ -76.082164794078338, 2.864178807860987 ], [ -76.082194078813103, 2.864342489831941 ], [ -76.082234358665374, 2.864495904257411 ], [ -76.082299325306423, 2.864680517421339 ], [ -76.082375627977655, 2.864862002698383 ], [ -76.08245888382028, 2.865030257974587 ], [ -76.082549075361612, 2.865185810187106 ], [ -76.082645293318436, 2.865327114560529 ], [ -76.082746893337088, 2.865453212143448 ], [ -76.08284912954403, 2.865559087271366 ], [ -76.082969873396991, 2.865661738260393 ], [ -76.083108330326752, 2.865763184440915 ], [ -76.08336642497035, 2.865937520069092 ], [ -76.083536171016505, 2.866039038640564 ], [ -76.083956322215968, 2.866260231417552 ], [ -76.084059420784641, 2.866323589328503 ], [ -76.084145308705416, 2.866385446611396 ], [ -76.084251516669056, 2.866480768289474 ], [ -76.084349262985342, 2.866590542257915 ], [ -76.08443647065323, 2.866712505714442 ], [ -76.084513420676814, 2.866846866668543 ], [ -76.084560599989231, 2.866947019727051 ], [ -76.084602757544872, 2.867052905360666 ], [ -76.084639849924756, 2.867164420660068 ], [ -76.084671821101608, 2.867281453712728 ], [ -76.08469865363034, 2.867403867196425 ], [ -76.084720302988856, 2.867531482289654 ], [ -76.08474790805576, 2.867801525107796 ], [ -76.084754447518833, 2.868090565967928 ], [ -76.084739741908123, 2.868395365404314 ], [ -76.084703944806392, 2.868712864704107 ], [ -76.084647530193408, 2.869038818555997 ], [ -76.084570913414467, 2.869369910868806 ], [ -76.084475807658151, 2.869698101704506 ], [ -76.084364273795032, 2.870016293699389 ], [ -76.084239165261934, 2.870316303728189 ], [ -76.084080343130125, 2.870638934153416 ], [ -76.084013858682695, 2.870758813630365 ], [ -76.083950536919374, 2.870861140790799 ], [ -76.083890260388799, 2.870946696796701 ], [ -76.083830477233008, 2.871018823435524 ], [ -76.083762671929023, 2.871087974984176 ], [ -76.083688299835501, 2.871152187242286 ], [ -76.083614037216819, 2.871206956743024 ], [ -76.083533952033093, 2.8712577835838 ], [ -76.083447847719228, 2.871304774036362 ], [ -76.083355456827391, 2.871348081559999 ], [ -76.083150756982263, 2.871424179383343 ], [ -76.082914985632371, 2.871487914025339 ], [ -76.082729896982642, 2.871525885977979 ], [ -76.082517759861645, 2.871560785300964 ], [ -76.081600669629367, 2.871682946709079 ], [ -76.081378858204729, 2.871723335352116 ], [ -76.081126323030219, 2.871782839564647 ], [ -76.080991666192503, 2.871809160687923 ], [ -76.080292919783034, 2.871909250556508 ], [ -76.080066572241861, 2.871959978614398 ], [ -76.079973847754118, 2.871989999863864 ], [ -76.079892388035304, 2.872023830656717 ], [ -76.079832128906034, 2.87205538886137 ], [ -76.079778813673101, 2.872090055257799 ], [ -76.079731877114924, 2.872128223611371 ], [ -76.079689333099793, 2.872171360688643 ], [ -76.079650803923499, 2.872220067611575 ], [ -76.079616884106585, 2.87227381406862 ], [ -76.079587536068345, 2.872332663425103 ], [ -76.079562716004233, 2.87239670436844 ], [ -76.079526566761061, 2.872540523944045 ], [ -76.079508089216887, 2.872706532672886 ], [ -76.079507082785454, 2.872896347018057 ], [ -76.079523495148692, 2.873113576735594 ], [ -76.079547551837621, 2.87329845003356 ], [ -76.079582603979148, 2.87350934804419 ], [ -76.079740949568574, 2.8743024527128 ], [ -76.079794462635036, 2.874612802869641 ], [ -76.079817046926536, 2.874794514196653 ], [ -76.079895074054207, 2.875633648102805 ], [ -76.079928312325777, 2.875895892641922 ], [ -76.079965986538184, 2.876131691915162 ], [ -76.080014648802845, 2.876372638081461 ], [ -76.080076884217064, 2.876620393358704 ], [ -76.080154830895466, 2.876885225882317 ], [ -76.080248238381131, 2.87716524022328 ], [ -76.080394556399341, 2.877557983274927 ], [ -76.080636174877242, 2.878156916907206 ], [ -76.080765632123615, 2.878436777869795 ], [ -76.080894243398106, 2.878669064393729 ], [ -76.080996562184339, 2.878819100603292 ], [ -76.081125658206417, 2.878969199548558 ], [ -76.081269991074748, 2.879112033265523 ], [ -76.08167265216936, 2.879481940880194 ], [ -76.081784582129345, 2.879598695051433 ], [ -76.081876685544287, 2.879709278014571 ], [ -76.08196380491863, 2.879835939733835 ], [ -76.082064738929802, 2.88001539580899 ], [ -76.082159296159759, 2.880212101165147 ], [ -76.082261919007721, 2.880453927301966 ], [ -76.082381817517074, 2.880755670784362 ], [ -76.082426813578124, 2.880881570302138 ], [ -76.08247912275354, 2.88105754074374 ], [ -76.08252405683433, 2.881246869815735 ], [ -76.082564813022557, 2.881467899642062 ], [ -76.082599408123855, 2.881715834853752 ], [ -76.08269561692876, 2.882721760081992 ], [ -76.082723131521163, 2.882947811906271 ], [ -76.082754223319753, 2.883147722695727 ], [ -76.082800298195878, 2.883374618657069 ], [ -76.082855544057807, 2.883581106241039 ], [ -76.082921084983397, 2.883771377628864 ], [ -76.082997649178466, 2.883947484171387 ], [ -76.083066181405968, 2.88407731844923 ], [ -76.083162184377969, 2.884236049626286 ], [ -76.083268131339693, 2.884394386739361 ], [ -76.08339000561844, 2.884562183415495 ], [ -76.083592296741799, 2.884820349910132 ], [ -76.0839125109934, 2.885207631825724 ], [ -76.084007625264064, 2.885311702249335 ], [ -76.084240342098056, 2.885550132248921 ], [ -76.084346890621546, 2.885672105554344 ], [ -76.08440318859175, 2.885747223228543 ], [ -76.084450045200953, 2.885820445257836 ], [ -76.084490442111246, 2.885896819129657 ], [ -76.084526679568327, 2.885980363001276 ], [ -76.084563160554524, 2.886084530842421 ], [ -76.084596352882173, 2.886203118053849 ], [ -76.084705157312982, 2.886715912056627 ], [ -76.084767168005754, 2.886936322790493 ], [ -76.08486087095234, 2.887166750092633 ], [ -76.085097873860946, 2.887674611806285 ], [ -76.085212561699606, 2.887957204312262 ], [ -76.085391344184146, 2.888448150842717 ], [ -76.085545593702136, 2.88893819988446 ], [ -76.085580214743786, 2.889081714883066 ], [ -76.085607559807571, 2.889246959779807 ], [ -76.08566194359139, 2.889791636065067 ], [ -76.085686602596567, 2.889978350667587 ], [ -76.085721134347793, 2.890148617030707 ], [ -76.085766049911641, 2.890295644738385 ], [ -76.085797885726123, 2.890373375637 ], [ -76.085834078572162, 2.890445538329013 ], [ -76.085875662181365, 2.890513809166578 ], [ -76.085918861914649, 2.890572091788056 ], [ -76.086012026380843, 2.890669424669312 ], [ -76.086206457724998, 2.890838497342196 ], [ -76.086280497249959, 2.890908636921386 ], [ -76.086346936305802, 2.89098454515295 ], [ -76.08640086188575, 2.891065293759856 ], [ -76.086463555688553, 2.891185173582584 ], [ -76.086522287123628, 2.891328240126467 ], [ -76.086688314261352, 2.891845363975997 ], [ -76.086757107327728, 2.892103872098102 ], [ -76.086816736907011, 2.892380446012699 ], [ -76.086867815286794, 2.892677797122453 ], [ -76.086911464871022, 2.89300245741337 ], [ -76.086952184683426, 2.893394994077933 ], [ -76.086976898321481, 2.893736327100984 ], [ -76.086987040242406, 2.894047009386144 ], [ -76.086982809138703, 2.894334704245825 ], [ -76.086973007869148, 2.894502948799479 ], [ -76.086957674069211, 2.894664878605874 ], [ -76.086936339222746, 2.894823737622948 ], [ -76.086910844769648, 2.894966129872101 ], [ -76.086855616399589, 2.895175437147764 ], [ -76.086730552929851, 2.895554175608717 ], [ -76.086685780606757, 2.895703241610671 ], [ -76.086649363371791, 2.895856988783164 ], [ -76.086628801352234, 2.895995500407373 ], [ -76.085971334223572, 2.898097146123039 ], [ -76.085364876486707, 2.89937744515393 ], [ -76.084859495539121, 2.901028357232081 ], [ -76.084488882447133, 2.902140195734374 ], [ -76.084084577694043, 2.903555263790909 ], [ -76.084185653157377, 2.904835562502817 ], [ -76.084431615656797, 2.905986687537368 ], [ -76.084058481904407, 2.906849306687204 ], [ -76.083333923612926, 2.907543225773982 ], [ -76.081961975713213, 2.908137387242689 ], [ -76.080951213842312, 2.909080765497295 ], [ -76.080277372186799, 2.910462140426464 ], [ -76.080243679931641, 2.911708747359826 ], [ -76.080445832117263, 2.91396611757072 ], [ -76.0815863950438, 2.916424735059848 ], [ -76.081549501519831, 2.916974871816886 ], [ -76.081520898962879, 2.917272779973859 ], [ -76.081473720318911, 2.917574758340106 ], [ -76.081398746267524, 2.917900818970774 ], [ -76.081300586544216, 2.918243464252336 ], [ -76.08101461825413, 2.919153016966999 ], [ -76.080844305713256, 2.919790120118003 ], [ -76.080599300370764, 2.920674609555389 ], [ -76.080426140247255, 2.921349181836883 ], [ -76.080361065940934, 2.921639220702742 ], [ -76.080307148864705, 2.921911509702354 ], [ -76.080241194855702, 2.922326485982131 ], [ -76.080200339744721, 2.922718017304145 ], [ -76.080190089767896, 2.922887358766432 ], [ -76.080186406763772, 2.923047339038161 ], [ -76.080198875673787, 2.923711994195797 ], [ -76.080192758174391, 2.9239985835567 ], [ -76.080167578403632, 2.92423731086892 ], [ -76.080087897871991, 2.924688103287463 ], [ -76.080062260224651, 2.924870381211361 ], [ -76.0800505553607, 2.92505655565132 ], [ -76.080058531891993, 2.925233847823328 ], [ -76.080076130228875, 2.925377892997863 ], [ -76.080103545804562, 2.92553062421381 ], [ -76.080141203661981, 2.92569462143151 ], [ -76.080190773381304, 2.925877239353801 ], [ -76.080363779127666, 2.926426739417165 ], [ -76.080425332226554, 2.926586656942114 ], [ -76.080584440994883, 2.926971199275215 ], [ -76.080656648382472, 2.927172043875481 ], [ -76.080689849672964, 2.927286319334231 ], [ -76.080717527010492, 2.927404123868994 ], [ -76.08075678276856, 2.927652336963135 ], [ -76.080770123113481, 2.927809075314845 ], [ -76.080776159623298, 2.927974247855261 ], [ -76.080774974378599, 2.928149600424821 ], [ -76.080766539123374, 2.928338605350504 ], [ -76.080736813597738, 2.928689029138183 ], [ -76.08064367624192, 2.92952513625809 ], [ -76.080626051376811, 2.929743578593102 ], [ -76.080616384700377, 2.929940077321455 ], [ -76.080614471850566, 2.930138173239504 ], [ -76.080621523828469, 2.930323477845851 ], [ -76.080637658062841, 2.930498828617305 ], [ -76.080663035144994, 2.930665754267012 ], [ -76.080709639777908, 2.930888168065194 ], [ -76.0807708513493, 2.931140692657517 ], [ -76.080879331316794, 2.931544746322673 ], [ -76.080939535928323, 2.931746894433722 ], [ -76.081081641162768, 2.932157406219825 ], [ -76.081384408630043, 2.93294143775322 ], [ -76.08150262740871, 2.933265442408699 ], [ -76.081611251756513, 2.933605301992998 ], [ -76.081692397066803, 2.933920987967897 ], [ -76.081737968378306, 2.934142871904537 ], [ -76.081777107851437, 2.934375813961765 ], [ -76.081810166358949, 2.934621889104941 ], [ -76.0818376540944, 2.93488488899941 ], [ -76.081875886302413, 2.935434630810381 ], [ -76.081921629398465, 2.936546744571786 ], [ -76.081948676672951, 2.937015280223484 ], [ -76.081994553885508, 2.937503263107809 ], [ -76.082024037245816, 2.937725047742954 ], [ -76.082058360850439, 2.937935872609493 ], [ -76.082107399522556, 2.938181706193656 ], [ -76.082164569369809, 2.938415932809165 ], [ -76.082295650523434, 2.938875224175417 ], [ -76.08239925377363, 2.939208031187339 ], [ -76.082474011748062, 2.939424184277257 ], [ -76.082549676917722, 2.939621732756887 ], [ -76.082738961193101, 2.940070853891628 ], [ -76.082827544315222, 2.940267918111729 ], [ -76.082890479844991, 2.940393987436638 ], [ -76.082952687940548, 2.940505576043984 ], [ -76.083015911152557, 2.940605800675255 ], [ -76.08308095833091, 2.940695910789362 ], [ -76.083147199726639, 2.940775393898978 ], [ -76.083214089253403, 2.940844087942749 ], [ -76.083291540588476, 2.940912324245716 ], [ -76.083378821876082, 2.940979069131255 ], [ -76.08348597295921, 2.941050844225731 ], [ -76.083610569392931, 2.94112500011288 ], [ -76.084136442836652, 2.941404286987022 ], [ -76.084672009590136, 2.941718983571456 ], [ -76.085675338328585, 2.942278903978873 ], [ -76.085968951934447, 2.942451767167468 ], [ -76.086226311084943, 2.942612943396632 ], [ -76.086233740206595, 2.942618045206016 ], [ -76.088714006238874, 2.943651799027347 ], [ -76.090380802912577, 2.944700932698629 ], [ -76.090525396154234, 2.945752833149192 ], [ -76.09100427031305, 2.947521498738517 ], [ -76.091767603993247, 2.948763573029477 ], [ -76.092530085125262, 2.94952739212139 ], [ -76.093104449972941, 2.951487193223729 ], [ -76.093440968291077, 2.953447415547834 ], [ -76.0933964212484, 2.955121389670954 ], [ -76.093494840261258, 2.956938574287314 ], [ -76.093454290331934, 2.957762804645737 ], [ -76.093782930134211, 2.95842063264629 ], [ -76.094213304241194, 2.959663308186136 ], [ -76.09416945676864, 2.961719874694948 ], [ -76.094363978035872, 2.964062959956112 ], [ -76.094176642770051, 2.965689368868243 ], [ -76.093847033066638, 2.967555161198123 ], [ -76.093610489192287, 2.968272977248237 ], [ -76.093611701564967, 2.968942527621343 ], [ -76.093643691121628, 2.969025693604795 ], [ -76.093850681335638, 2.96956382087303 ], [ -76.094278116590559, 2.969180428828126 ], [ -76.094987579132578, 2.966931344131611 ], [ -76.09555581837914, 2.965495538676143 ], [ -76.095685885386018, 2.964892464118645 ], [ -76.095886029876539, 2.963964522582776 ], [ -76.096503647604592, 2.963532963299683 ], [ -76.096366682374878, 2.964580273265223 ], [ -76.096315972372679, 2.964968066979209 ], [ -76.096270221365018, 2.965972481850201 ], [ -76.096652345889865, 2.966832637438802 ], [ -76.097556770382866, 2.967165750019968 ], [ -76.098840713544732, 2.966924274196745 ], [ -76.098206546766093, 2.967645142131457 ], [ -76.098527773764005, 2.968822975335511 ], [ -76.098277651010946, 2.971245847396753 ], [ -76.099027460956506, 2.970571878982229 ], [ -76.100205293445939, 2.969501121725312 ], [ -76.100954823861258, 2.967787909570564 ], [ -76.102204040761663, 2.968287596355844 ], [ -76.105916000374407, 2.969750964738294 ], [ -76.109877802504798, 2.968573131883278 ], [ -76.111269787642954, 2.966788535828087 ], [ -76.113446994147367, 2.966503000537628 ], [ -76.114981746172674, 2.965824854549543 ], [ -76.116445115499431, 2.964468561640714 ], [ -76.116623574337169, 2.962862424982049 ], [ -76.117301720629499, 2.961184905213988 ], [ -76.1173732241501, 2.961182693772578 ] ] ] } },
{ "type": "Feature", "properties": { "TIPO_VIA": 7, "ESTADO_SUP": "Sin Valor", "NUMERO_CAR": "Sin Valor", "ACCESIBILI": "Sin Valor", "NOMBRE_GEO": null, "PROYECTO": null, "SYMBOL": "2", "FECHA": "1899\/12\/30", "RULEID": 7, "PK_CUE": 2054640.0, "GLOBALID": "{9071F53C-5CCD-4007-A8D4-D93790F7B5D7}", "EJE_VIAL": null, "SHAPE_Leng": 16617.978769699999 }, "geometry": { "type": "MultiLineString", "coordinates": [ [ [ -76.087023300934561, 3.01029416839845 ], [ -76.087005644063623, 3.01024572633712 ], [ -76.086916755692485, 3.009973176861262 ], [ -76.086728567635006, 3.009336504699656 ], [ -76.086626644677636, 3.009039683875343 ], [ -76.086491465874687, 3.008727905586464 ], [ -76.086307122705435, 3.008376377166885 ], [ -76.086047159863256, 3.007955103146693 ], [ -76.08574283715798, 3.007530272196363 ], [ -76.085393616653647, 3.007101110329532 ], [ -76.084998035185009, 3.00666581409162 ], [ -76.084604259294409, 3.006268614591476 ], [ -76.084292228964159, 3.005977677428511 ], [ -76.084005064274947, 3.005740899270221 ], [ -76.083742423550476, 3.005558281167828 ], [ -76.083503661300654, 3.005428231702398 ], [ -76.083223466553022, 3.00530605218561 ], [ -76.082949454203074, 3.0052054050692 ], [ -76.082308882810295, 3.004989521676087 ], [ -76.082013462579241, 3.004876388036293 ], [ -76.081797274802739, 3.004778265001207 ], [ -76.081484867559368, 3.00461476223584 ], [ -76.080951052989889, 3.004310764430961 ], [ -76.080175384679038, 3.003823103812609 ], [ -76.079656500059542, 3.003526687294644 ], [ -76.079458205987123, 3.003405072663764 ], [ -76.079309148389271, 3.003300894762474 ], [ -76.079184344580895, 3.003198567676774 ], [ -76.079079879562272, 3.003094876090235 ], [ -76.078994343200279, 3.002988336419551 ], [ -76.078925575558628, 3.00287551598417 ], [ -76.078869791387319, 3.002748494111007 ], [ -76.078825000839842, 3.002602940197217 ], [ -76.078790146285726, 3.002435161764458 ], [ -76.078762980665886, 3.002232124816965 ], [ -76.078717104208863, 3.001698957281643 ], [ -76.078663915361844, 3.001248712374059 ], [ -76.078633759351717, 3.000839358850827 ], [ -76.078620508912735, 3.000382979061079 ], [ -76.078625009235168, 2.99987480239067 ], [ -76.078643136673293, 2.999368718233528 ], [ -76.078707285586759, 2.998042229821089 ], [ -76.07872068896728, 2.997300633594752 ], [ -76.078711059142563, 2.9968847139515 ], [ -76.078665504741821, 2.995990864195734 ], [ -76.078637702252252, 2.995604876005786 ], [ -76.078602074901156, 2.995276909661989 ], [ -76.078569062250978, 2.995058439198144 ], [ -76.078526517563702, 2.994854594098198 ], [ -76.078468710790276, 2.994637031425909 ], [ -76.078395498730288, 2.994406936402397 ], [ -76.078231115829325, 2.993971631412194 ], [ -76.077770486609083, 2.992870439581003 ], [ -76.077655789551159, 2.992549956799604 ], [ -76.077569866205209, 2.992258723433059 ], [ -76.077496986343377, 2.991913869168946 ], [ -76.077418580727809, 2.991313245919747 ], [ -76.07737165322736, 2.990851152820086 ], [ -76.077353766659598, 2.990467374625404 ], [ -76.077359391397707, 2.990184126975025 ], [ -76.077383528294817, 2.98992375015527 ], [ -76.07742653105133, 2.989682535044626 ], [ -76.077488756605561, 2.989458576418953 ], [ -76.077584202583125, 2.989209032665602 ], [ -76.07770967075129, 2.988944954981675 ], [ -76.077873181865996, 2.988652283551642 ], [ -76.078047590391265, 2.988378764712941 ], [ -76.078178663145579, 2.988208066992463 ], [ -76.078336991137107, 2.988027702671245 ], [ -76.078954124607392, 2.987406949440726 ], [ -76.079192116325828, 2.987144075144218 ], [ -76.079469362639983, 2.98678847744474 ], [ -76.079965897032793, 2.986098221348441 ], [ -76.080171082282462, 2.985824100346094 ], [ -76.08043628174849, 2.985497984204462 ], [ -76.080769269886801, 2.985109077352134 ], [ -76.081069315983555, 2.984776269405837 ], [ -76.081359849121824, 2.984472098658098 ], [ -76.082146072930101, 2.983712322214923 ], [ -76.082438204800354, 2.983445585436192 ], [ -76.082709190659713, 2.983210109637575 ], [ -76.082967860108369, 2.982998215091334 ], [ -76.083217754270507, 2.982807063043227 ], [ -76.08346319179303, 2.98263347273818 ], [ -76.083704111234923, 2.982477651298435 ], [ -76.083941822673751, 2.982338743682342 ], [ -76.084177182338394, 2.982216259437922 ], [ -76.084523168175195, 2.982064461872048 ], [ -76.084664275043323, 2.982016553709558 ], [ -76.084819028033422, 2.981974216690149 ], [ -76.085136960402977, 2.981909790105709 ], [ -76.085903070245394, 2.981790331920694 ], [ -76.08609795008914, 2.981749396359084 ], [ -76.086269367106382, 2.98170344693234 ], [ -76.086434377797147, 2.981646700329145 ], [ -76.086583903161554, 2.981580863141262 ], [ -76.08674217666038, 2.981494624336928 ], [ -76.086899661362651, 2.981392459095058 ], [ -76.087147595527213, 2.981198576187424 ], [ -76.087406202992014, 2.980956165084606 ], [ -76.087663165559974, 2.980682600875103 ], [ -76.088368262085737, 2.979886343694396 ], [ -76.088595706835093, 2.979656931782836 ], [ -76.088809999538128, 2.97946630900891 ], [ -76.089061348617989, 2.979271078374215 ], [ -76.089355600571494, 2.979067331833389 ], [ -76.090331504163274, 2.978460438832601 ], [ -76.090659398072248, 2.97824577692073 ], [ -76.090948843977145, 2.978035427735266 ], [ -76.091195844890848, 2.977829893290711 ], [ -76.091395621231655, 2.977636251684634 ], [ -76.091569364291004, 2.97743738304886 ], [ -76.091817433522422, 2.977104521811036 ], [ -76.092031574298417, 2.976782906825489 ], [ -76.092205317203323, 2.976484181250342 ], [ -76.092347663862157, 2.976195355388616 ], [ -76.092459199291241, 2.97591506200809 ], [ -76.092536633579257, 2.975651082611645 ], [ -76.092594233741409, 2.975367045327937 ], [ -76.092637075032997, 2.975043571204488 ], [ -76.092665309156558, 2.974706351587896 ], [ -76.092705525902986, 2.974029948266866 ], [ -76.092715120079347, 2.973549214342518 ], [ -76.092690353622331, 2.973023215351106 ], [ -76.09262792965886, 2.972406242558828 ], [ -76.092448518058546, 2.971090876123637 ], [ -76.092804494052089, 2.969757039132708 ], [ -76.093168077953464, 2.969440176368607 ], [ -76.093643691121628, 2.969025693604795 ] ] ] } },
{ "type": "Feature", "properties": { "TIPO_VIA": 6, "ESTADO_SUP": "3350", "NUMERO_CAR": "Sin Valor", "ACCESIBILI": "3601", "NOMBRE_GEO": null, "PROYECTO": null, "SYMBOL": "2", "FECHA": null, "RULEID": 6, "PK_CUE": 2055643.0, "GLOBALID": "{9A000FC8-F0A5-4407-85DE-2E90AD527ABD}", "EJE_VIAL": null, "SHAPE_Leng": 7902.3489231499998 }, "geometry": { "type": "MultiLineString", "coordinates": [ [ [ -76.133401669669766, 2.913676105075097 ], [ -76.133300564824822, 2.9135502962051 ], [ -76.13319529088426, 2.913434126240471 ], [ -76.133085848741018, 2.913327595179099 ], [ -76.132972239313119, 2.913230712056099 ], [ -76.132853562935125, 2.913142856728556 ], [ -76.132730663905619, 2.913064784149038 ], [ -76.132599590982082, 2.912994572320417 ], [ -76.132479557885048, 2.912942317145807 ], [ -76.132340013951065, 2.912901560253716 ], [ -76.132178226791211, 2.91287363954857 ], [ -76.131516851976599, 2.912829237200072 ], [ -76.130947688294214, 2.912749717624223 ], [ -76.130723746541534, 2.912701540916446 ], [ -76.130631580059813, 2.912670360854792 ], [ -76.13055260937702, 2.91263458103883 ], [ -76.130431740663767, 2.912551899667713 ], [ -76.130313424340542, 2.912433321797485 ], [ -76.130205258226056, 2.912293760126702 ], [ -76.129926581528551, 2.911890424876422 ], [ -76.129834486569933, 2.911781334022064 ], [ -76.129744169721633, 2.911695733037531 ], [ -76.129676616940046, 2.911645571933189 ], [ -76.12957555720476, 2.911584729350464 ], [ -76.129273426322527, 2.911416609244581 ], [ -76.129088570885372, 2.911335894583886 ], [ -76.128933485607263, 2.911292767374975 ], [ -76.128835281995379, 2.911284503171499 ], [ -76.128751550302241, 2.911296611765151 ], [ -76.128684526536503, 2.911327676216824 ], [ -76.128624168753731, 2.911382885701344 ], [ -76.128543849712656, 2.911504607699014 ], [ -76.128402114251728, 2.911800431852297 ], [ -76.128335925614735, 2.911916503252134 ], [ -76.128017356699246, 2.912384875796274 ], [ -76.127921479943154, 2.912497660164084 ], [ -76.127829537172971, 2.912579109732407 ], [ -76.127768370629482, 2.912617826851783 ], [ -76.127706826980031, 2.912644326733163 ], [ -76.127641753331588, 2.912659680047034 ], [ -76.127568737710135, 2.912665356807601 ], [ -76.127485437207227, 2.912661171059344 ], [ -76.127392793864956, 2.912646815614162 ], [ -76.127172760889223, 2.912586368130815 ], [ -76.126868753341014, 2.912474895912569 ], [ -76.126700741025019, 2.91239553010247 ], [ -76.126501952547173, 2.912272012077292 ], [ -76.126301323171404, 2.912115246690156 ], [ -76.126099517281119, 2.9119265740926 ], [ -76.125886498822851, 2.911697359183808 ], [ -76.125660860065679, 2.911428512283418 ], [ -76.125306520061201, 2.910981761304826 ], [ -76.125112376357961, 2.910723020173412 ], [ -76.124954991342165, 2.910494999713173 ], [ -76.124825741103209, 2.910285190286722 ], [ -76.124723252650341, 2.910091153895616 ], [ -76.124645745944903, 2.909908867635539 ], [ -76.124594298725185, 2.909739975107167 ], [ -76.124568625617712, 2.909582366027879 ], [ -76.124569856074174, 2.90944372884824 ], [ -76.124594514704341, 2.90933923682092 ], [ -76.124641568554964, 2.90923458300196 ], [ -76.124711413182908, 2.909128815577357 ], [ -76.12480508860331, 2.909020325738194 ], [ -76.124919336631862, 2.908911449647587 ], [ -76.125061801269069, 2.908793789411541 ], [ -76.125727812179917, 2.908311617663574 ], [ -76.126000584707484, 2.908086939993141 ], [ -76.12612702301216, 2.907959289577668 ], [ -76.126226780823004, 2.907834872914139 ], [ -76.126301672978869, 2.907711427448378 ], [ -76.12635238293467, 2.907587764686762 ], [ -76.126374517711795, 2.907498336765522 ], [ -76.126390363717007, 2.907394061058189 ], [ -76.126399338329037, 2.907164612926201 ], [ -76.126383141611925, 2.906920748253647 ], [ -76.126312282995272, 2.906359166360787 ], [ -76.126291746858072, 2.906111050881175 ], [ -76.126295673175377, 2.905526561935698 ], [ -76.126287039993699, 2.90523153819125 ], [ -76.126289286127516, 2.904693473551502 ], [ -76.126275811129616, 2.904562697415026 ], [ -76.126251537604048, 2.904460378775426 ], [ -76.126215660126022, 2.904383232134272 ], [ -76.126167671885639, 2.904330329875286 ], [ -76.126115326970066, 2.904303228321476 ], [ -76.126042105295497, 2.904287785917559 ], [ -76.125949820934181, 2.904284407903473 ], [ -76.125843262624869, 2.904293318633639 ], [ -76.125723635139551, 2.904315291957057 ], [ -76.125608703691441, 2.904347900761808 ], [ -76.125508749250315, 2.904388864377465 ], [ -76.125453312820198, 2.904425972682866 ], [ -76.125416266663692, 2.904464376376235 ], [ -76.125383567803311, 2.904511779892412 ], [ -76.125329822024426, 2.904635748350248 ], [ -76.125291355890013, 2.904789845068461 ], [ -76.125234924272817, 2.905128995428103 ], [ -76.125205431852166, 2.905267281892165 ], [ -76.125162384897763, 2.905397734659444 ], [ -76.12510805477919, 2.905496190015712 ], [ -76.125067074392717, 2.905543746748368 ], [ -76.125017701968602, 2.905583309011182 ], [ -76.124832262533147, 2.905691743904022 ], [ -76.124635441942559, 2.905772117352624 ], [ -76.124447370623059, 2.905818847065159 ], [ -76.124336922696145, 2.905828729299742 ], [ -76.124241449690757, 2.905821371113471 ], [ -76.124165533871803, 2.905798060215211 ], [ -76.124105076805165, 2.905756288428573 ], [ -76.124056496303538, 2.90570149980631 ], [ -76.124008444836861, 2.905626644341525 ], [ -76.123847359395683, 2.905291158616609 ], [ -76.123769941668783, 2.905163310917799 ], [ -76.123724631047708, 2.905110093754295 ], [ -76.123667201990472, 2.905059735323316 ], [ -76.123511722351395, 2.904957030232587 ], [ -76.123304021574782, 2.904864745621784 ], [ -76.12305686912164, 2.90479385060073 ], [ -76.122768357255126, 2.904743564213423 ], [ -76.122423951724841, 2.90471131416842 ], [ -76.122189411190476, 2.904699716945891 ], [ -76.122050934857469, 2.904706490220875 ], [ -76.121881925557858, 2.904736125813199 ], [ -76.121702299251069, 2.904789700746888 ], [ -76.121538895773767, 2.904854577764799 ], [ -76.121357507929929, 2.904940303991242 ], [ -76.120750956373413, 2.905269878170038 ], [ -76.12052203867195, 2.905384566225339 ], [ -76.120293183967206, 2.905478708795135 ], [ -76.120085762903898, 2.905538437555389 ], [ -76.119915658103693, 2.905564389782193 ], [ -76.119753044874514, 2.905566357962318 ], [ -76.119218205702992, 2.905524369740275 ], [ -76.119069310142976, 2.905499999444246 ], [ -76.118953031966669, 2.905467443855136 ], [ -76.118872273603117, 2.90542966095728 ], [ -76.118815302825666, 2.90538386461336 ], [ -76.11878253180241, 2.905331870176751 ], [ -76.118767978986526, 2.90526331133506 ], [ -76.118771140717087, 2.905160732184203 ], [ -76.118795188873364, 2.905037491861173 ], [ -76.118838488409594, 2.904902412582507 ], [ -76.118895710812382, 2.904772463076378 ], [ -76.118959454606042, 2.9046687876188 ], [ -76.119050940065804, 2.904595090413154 ], [ -76.119177386286552, 2.904531903197232 ], [ -76.11948716186798, 2.90440933729081 ], [ -76.119595858251898, 2.904345088677069 ], [ -76.119630738737271, 2.904306083676214 ], [ -76.119645391302214, 2.904264690259005 ], [ -76.119640737376713, 2.904221929788152 ], [ -76.119615477344766, 2.904165407640142 ], [ -76.119565107716085, 2.904089788056204 ], [ -76.119478393682442, 2.903981604147205 ], [ -76.119374781979047, 2.903882160070789 ], [ -76.119226363310702, 2.903788475074995 ], [ -76.119041049388187, 2.903713015782796 ], [ -76.118812157816464, 2.903652056579151 ], [ -76.118343444076046, 2.903561703868303 ], [ -76.118058166081099, 2.903496872969767 ], [ -76.117889346129942, 2.903481088674382 ], [ -76.117495218531374, 2.903469348143108 ], [ -76.117336658136267, 2.903450681317417 ], [ -76.117201551382337, 2.903409413124794 ], [ -76.117149439537826, 2.903379849372792 ], [ -76.11710679669207, 2.903343926021095 ], [ -76.117057380065134, 2.903272267216222 ], [ -76.117023980826744, 2.90316944587855 ], [ -76.116978417647886, 2.902850409429162 ], [ -76.116970234618378, 2.902726566997563 ], [ -76.116973810173178, 2.902591523677405 ], [ -76.116988929262163, 2.902437003717658 ], [ -76.1170783023924, 2.901886616272119 ], [ -76.117102341343653, 2.90168082113474 ], [ -76.11710339235745, 2.901481269418571 ], [ -76.117092333691872, 2.901396629690255 ], [ -76.117073387631521, 2.901320505969046 ], [ -76.117037662217299, 2.901234986583632 ], [ -76.116988560077814, 2.901161234665338 ], [ -76.116903382123866, 2.901072175929788 ], [ -76.116796321132142, 2.90098321576468 ], [ -76.116672631559766, 2.900898872706866 ], [ -76.116539590943759, 2.900824240791985 ], [ -76.116404089563858, 2.900763156241274 ], [ -76.116271579316845, 2.900718060293839 ], [ -76.116152391052282, 2.900691397849606 ], [ -76.116042571518165, 2.900681157322484 ], [ -76.115949002999074, 2.900686942802597 ], [ -76.115865180864688, 2.900710513802297 ], [ -76.115790486391305, 2.900746177636968 ], [ -76.11570842503933, 2.900797947371093 ], [ -76.11542711782063, 2.901016678261387 ], [ -76.115313965851996, 2.901093924428893 ], [ -76.115202638065284, 2.90114935039343 ], [ -76.115073693761872, 2.901186415247411 ], [ -76.114966955632596, 2.901203519345868 ], [ -76.114846913805764, 2.901212484225553 ], [ -76.114290712794372, 2.901205387430819 ], [ -76.114159532143219, 2.901211980965671 ], [ -76.114044179069694, 2.901227019418307 ], [ -76.113915342730309, 2.901256312700301 ], [ -76.11377160376351, 2.901299835823368 ], [ -76.113170828184465, 2.901518917032022 ], [ -76.112852860687283, 2.901598005289184 ], [ -76.112495349266453, 2.9016588029446 ], [ -76.111695229027433, 2.901764328345792 ], [ -76.109763742857027, 2.902067446588677 ], [ -76.109386280006277, 2.902137433727737 ], [ -76.109043635345699, 2.902209847745028 ], [ -76.108724716338187, 2.902287058206927 ], [ -76.108424903315637, 2.902370205768106 ], [ -76.108006477204484, 2.902503309005449 ], [ -76.107595613797741, 2.902646923440556 ], [ -76.107214548700554, 2.902793375449573 ], [ -76.106855339133716, 2.902945432561887 ], [ -76.106611132314242, 2.903058207158547 ], [ -76.106416997601045, 2.903159968689643 ], [ -76.105713526797345, 2.903582312055769 ], [ -76.105433512538397, 2.903735509552968 ], [ -76.105103264733614, 2.903880893864397 ], [ -76.104692744015708, 2.904029529297742 ], [ -76.104432474950613, 2.904110188695048 ], [ -76.104165074018198, 2.90418320405776 ], [ -76.103884466654904, 2.904249868238523 ], [ -76.103625932142577, 2.904301924804181 ], [ -76.103340788850048, 2.90432842474001 ], [ -76.102782700587198, 2.904333438234299 ], [ -76.102559524394906, 2.904345071131551 ], [ -76.102334998592099, 2.904378946991977 ], [ -76.102143793377252, 2.904437444548142 ], [ -76.102004069357136, 2.904506076404686 ], [ -76.101859286839797, 2.904602474341369 ], [ -76.101710534694931, 2.904723476783467 ], [ -76.101281338214307, 2.90510548618037 ], [ -76.101145782288086, 2.905205153743236 ], [ -76.100982692807037, 2.905304005337415 ], [ -76.100658733787313, 2.905475663769426 ], [ -76.100248418808178, 2.905666384676793 ], [ -76.099837260109169, 2.905841187558647 ], [ -76.09942416955478, 2.905996920428389 ], [ -76.099068644101237, 2.906115515877919 ], [ -76.098710342141018, 2.906221040865292 ], [ -76.098350592898825, 2.906313091348323 ], [ -76.097990664697235, 2.906391342983129 ], [ -76.097538327577979, 2.906473297294768 ], [ -76.097171509950982, 2.90652646804698 ], [ -76.096841028283421, 2.906557666921736 ], [ -76.096551060792919, 2.906566316658187 ], [ -76.096372421530475, 2.906556785892277 ], [ -76.096187117942122, 2.906534373389093 ], [ -76.095993377844678, 2.906498889719331 ], [ -76.095787942126364, 2.906449742864976 ], [ -76.09538133834323, 2.906326026547711 ], [ -76.094593569021384, 2.90604510608077 ], [ -76.094266321982545, 2.905937604137272 ], [ -76.093923353544383, 2.905845554263465 ], [ -76.093613003820735, 2.905788673240084 ], [ -76.093320423202726, 2.905761588574279 ], [ -76.092984102878503, 2.905751114099472 ], [ -76.091737267771819, 2.905782177740346 ], [ -76.091186303806026, 2.905771173871615 ], [ -76.090771354946881, 2.905770975701537 ], [ -76.090544475741282, 2.905759046076374 ], [ -76.090357716085606, 2.905730677009918 ], [ -76.090200457194257, 2.905685051823485 ], [ -76.090072572562931, 2.905616636295308 ], [ -76.089920524299274, 2.905496981196476 ], [ -76.089622508176831, 2.905209240986283 ], [ -76.089497165756626, 2.905102557031003 ], [ -76.089427249549459, 2.905054965208827 ], [ -76.089361214912856, 2.90502034420607 ], [ -76.089297624340034, 2.904997957806046 ], [ -76.089235730206426, 2.904987564054241 ], [ -76.089145620013866, 2.904991885075279 ], [ -76.089047910363675, 2.905015564592087 ], [ -76.088942968596044, 2.905058494955514 ], [ -76.088828469043492, 2.905121566435982 ], [ -76.088640244794419, 2.905251084865287 ], [ -76.088241374878237, 2.905561119883239 ], [ -76.087963949166934, 2.905817346833766 ], [ -76.087878671695265, 2.905887298715453 ], [ -76.087827054089132, 2.905919135304192 ], [ -76.087782732257764, 2.90593529609966 ], [ -76.087741857728162, 2.905937290106734 ], [ -76.087705386634582, 2.905924687219447 ], [ -76.087666085125264, 2.905888673128961 ], [ -76.087633081176193, 2.905829868919558 ], [ -76.087606104661958, 2.905747771942188 ], [ -76.087584760526141, 2.905641222862406 ], [ -76.087558126091864, 2.905363625701199 ], [ -76.08753451827225, 2.904619874551558 ], [ -76.087510864535346, 2.904316054856334 ], [ -76.08737172480717, 2.903497385265038 ], [ -76.087323359662335, 2.903293818172773 ], [ -76.087266505574846, 2.903118359452728 ], [ -76.087200020953176, 2.902964720299299 ], [ -76.087112264925693, 2.902801962810985 ], [ -76.087008456143607, 2.902635963314918 ], [ -76.086746058299795, 2.902251197016418 ], [ -76.086633588737996, 2.902074498093122 ], [ -76.086077172372583, 2.901127044849711 ], [ -76.085536403894125, 2.900170214325075 ] ] ] } },
{ "type": "Feature", "properties": { "TIPO_VIA": 6, "ESTADO_SUP": "3350", "NUMERO_CAR": "Sin Valor", "ACCESIBILI": "3601", "NOMBRE_GEO": null, "PROYECTO": null, "SYMBOL": "2", "FECHA": null, "RULEID": 6, "PK_CUE": 2055644.0, "GLOBALID": "{01571FD3-3426-42A5-A29D-47A2F65804C3}", "EJE_VIAL": null, "SHAPE_Leng": 6468.9694357899998 }, "geometry": { "type": "MultiLineString", "coordinates": [ [ [ -76.072176704093096, 2.840715235418538 ], [ -76.072218691873445, 2.840576758933845 ], [ -76.072246953363475, 2.840446378067358 ], [ -76.07226148680958, 2.840324108183172 ], [ -76.072262295787965, 2.840209941133346 ], [ -76.072249036808529, 2.840102126329451 ], [ -76.072221583980863, 2.84000268221779 ], [ -76.072176857194478, 2.839906247743119 ], [ -76.072128706839052, 2.8398417941154 ], [ -76.072028896074542, 2.839759408654559 ], [ -76.071885210175665, 2.839681354734948 ], [ -76.071514898295803, 2.839530033404313 ], [ -76.071081559344691, 2.839333257113227 ], [ -76.07078523159889, 2.839220690068956 ], [ -76.070544806723717, 2.839150863726111 ], [ -76.070290772371621, 2.839105130200654 ], [ -76.070035416701771, 2.839079133039937 ], [ -76.069366028962591, 2.839034683981582 ], [ -76.068947547756352, 2.838974451695373 ], [ -76.068462996599848, 2.838873796378232 ], [ -76.067295977645387, 2.838593872359525 ], [ -76.066978593685178, 2.838530514287739 ], [ -76.066691115289231, 2.83848498728212 ], [ -76.06645334886619, 2.838458145939216 ], [ -76.066238086076126, 2.838444366395656 ], [ -76.066025482349986, 2.838445704361625 ], [ -76.065366845889812, 2.83847434174693 ], [ -76.065159469626082, 2.838464425381297 ], [ -76.064972458231011, 2.838436388230954 ], [ -76.064787145100723, 2.838394177137295 ], [ -76.064597465544196, 2.838339415171968 ], [ -76.064404256111573, 2.838272337788349 ], [ -76.06420865673077, 2.838193357675565 ], [ -76.064004208678114, 2.838099196873691 ], [ -76.063800588100747, 2.837993645322076 ], [ -76.063628696296462, 2.837894093370518 ], [ -76.063460450234331, 2.83778363663366 ], [ -76.063282063008771, 2.83765220400912 ], [ -76.063103208318324, 2.837505724689823 ], [ -76.06292370692907, 2.837344055444675 ], [ -76.062743261522385, 2.837166925020516 ], [ -76.062538671183546, 2.836948733359149 ], [ -76.062331232209203, 2.836709269742723 ], [ -76.062203797243995, 2.836549252812276 ], [ -76.062082083650353, 2.836375312380432 ], [ -76.061873801296471, 2.836028435920601 ], [ -76.061468616101294, 2.835259711898923 ], [ -76.061280858836099, 2.834933111694562 ], [ -76.061050260802659, 2.834584510729041 ], [ -76.060457634148136, 2.833747183311221 ], [ -76.060304525010125, 2.833511077791509 ], [ -76.060178490719778, 2.833297144939063 ], [ -76.060075930155264, 2.83309567964013 ], [ -76.059973315537917, 2.832863699257366 ], [ -76.059581865608337, 2.831863200259467 ], [ -76.059481120401912, 2.831646050172369 ], [ -76.059378685064473, 2.831455454839609 ], [ -76.059264725403892, 2.831275683886332 ], [ -76.059007456133742, 2.830919466097874 ], [ -76.058833120141557, 2.830696368946608 ], [ -76.058672268138096, 2.830511783026952 ], [ -76.058488347203649, 2.830330529911911 ], [ -76.058307336216842, 2.830185722048001 ], [ -76.058144525832176, 2.830085774666865 ], [ -76.057974726100511, 2.830019416687217 ], [ -76.057809597900601, 2.829981255970647 ], [ -76.057616091733934, 2.829957244142553 ], [ -76.056949982075551, 2.82993433711947 ], [ -76.056710176699553, 2.829914539275823 ], [ -76.056488346619417, 2.829872228427489 ], [ -76.056301165073378, 2.829805572700073 ], [ -76.055807566973215, 2.829552939806182 ], [ -76.055643786875507, 2.829452022743581 ], [ -76.055509120395087, 2.829352857748567 ], [ -76.055395967719974, 2.829248545615276 ], [ -76.05530947021596, 2.829142167286411 ], [ -76.05525036868498, 2.829036183620692 ], [ -76.055209685285746, 2.8289137068303 ], [ -76.055175612245151, 2.828753240996533 ], [ -76.055168280735131, 2.828718718745113 ], [ -76.055153199413652, 2.828541112974018 ], [ -76.055165748345459, 2.828397409929144 ], [ -76.055182196156323, 2.828339378773008 ], [ -76.055205309952456, 2.828291022130794 ], [ -76.055245519328679, 2.828243545692082 ], [ -76.055305625054501, 2.828213757818434 ], [ -76.055380706134883, 2.828196231670591 ], [ -76.055572792980485, 2.828168401626591 ], [ -76.055651691919692, 2.828145234794087 ], [ -76.055701880683202, 2.828110982286499 ], [ -76.055728910646351, 2.828059858754825 ], [ -76.055739214813983, 2.827999753448411 ], [ -76.055738406384563, 2.827921375079444 ], [ -76.055680922817146, 2.827371596606219 ], [ -76.055647963816241, 2.827182699384164 ], [ -76.055604898576192, 2.826990476774765 ], [ -76.055550173229122, 2.826790207006227 ], [ -76.055507071948526, 2.826671386949056 ], [ -76.055390595601523, 2.826440268181008 ], [ -76.055135851864947, 2.826031337184768 ], [ -76.055043971831466, 2.825869684779098 ], [ -76.054966789312701, 2.825699994073174 ], [ -76.054918773857622, 2.825541854251892 ], [ -76.054898732791784, 2.825414886000409 ], [ -76.054891213537744, 2.825270760647297 ], [ -76.054916546280751, 2.824719572243754 ], [ -76.054908793897596, 2.824485247256489 ], [ -76.054851113100241, 2.824009731573373 ], [ -76.054749755823778, 2.82347322289686 ], [ -76.054692712923753, 2.823243585913467 ], [ -76.054520487527384, 2.822630827760542 ], [ -76.054391974838552, 2.82203077136567 ], [ -76.054331437664942, 2.821798717681844 ], [ -76.054222211671828, 2.821498968122204 ], [ -76.053971922546381, 2.820934305134686 ], [ -76.053878048655434, 2.820700491945527 ], [ -76.053802824286791, 2.820462689885193 ], [ -76.053745951891756, 2.820196097211212 ], [ -76.053688899885401, 2.819771812746311 ], [ -76.053607351045244, 2.818845586900754 ], [ -76.053566279742213, 2.818266811573107 ], [ -76.053539886554347, 2.817702085679427 ], [ -76.053527481760483, 2.816965845193863 ], [ -76.0535413960461, 2.816252977675587 ], [ -76.053581748771393, 2.81556172409741 ], [ -76.05364822429371, 2.814896889853554 ], [ -76.053701278746303, 2.814520486714577 ], [ -76.053772137566128, 2.81410241113764 ], [ -76.05410576264417, 2.812373773599675 ], [ -76.054397544909932, 2.810430474691788 ], [ -76.054472590058836, 2.809990075975244 ], [ -76.054549414017416, 2.809598707402599 ], [ -76.054651390662954, 2.809159233033007 ], [ -76.054764065662454, 2.808755862953678 ], [ -76.054889651351758, 2.808380788986097 ], [ -76.055029456256008, 2.808030159381842 ], [ -76.055207708303698, 2.807655274276056 ], [ -76.0554819368393, 2.807138617260872 ], [ -76.055696633622745, 2.806778303175566 ], [ -76.055908456749805, 2.80646706308623 ], [ -76.056180323014047, 2.806128146911877 ], [ -76.056493216036017, 2.805788916049725 ], [ -76.056799739219414, 2.805500277656034 ], [ -76.056806637882858, 2.805493783929835 ], [ -76.057125028144583, 2.805236990796592 ], [ -76.05738967095958, 2.805055415180167 ], [ -76.057613701963589, 2.804928034005689 ], [ -76.057810989936144, 2.804846169746905 ], [ -76.058288966317988, 2.804679290117111 ], [ -76.058508872620706, 2.80457795137538 ], [ -76.058607418632917, 2.80451718875276 ], [ -76.058702209076969, 2.804444911004176 ], [ -76.058797987195248, 2.80435807077044 ], [ -76.058894483774154, 2.804256488910958 ], [ -76.059047979277068, 2.804068588152518 ], [ -76.059456559837983, 2.803519134131827 ], [ -76.059601611404645, 2.803354283991797 ], [ -76.06006865396985, 2.802860695580732 ], [ -76.060200220784381, 2.802696331073796 ], [ -76.060315887675159, 2.802523396279015 ], [ -76.060415377084837, 2.802352672195902 ], [ -76.060525977376557, 2.8021431133978 ], [ -76.060699927301059, 2.801793909837571 ], [ -76.060829481563644, 2.801514750158677 ], [ -76.061036435987006, 2.801014073589241 ], [ -76.061216934709762, 2.800500605924679 ], [ -76.062467957642809, 2.796941804263351 ] ] ] } },
{ "type": "Feature", "properties": { "TIPO_VIA": 6, "ESTADO_SUP": "3350", "NUMERO_CAR": "Sin Valor", "ACCESIBILI": "3601", "NOMBRE_GEO": null, "PROYECTO": null, "SYMBOL": "2", "FECHA": null, "RULEID": 6, "PK_CUE": 2055645.0, "GLOBALID": "{F08CE0ED-6902-41C0-A175-EFF1B7B021DF}", "EJE_VIAL": null, "SHAPE_Leng": 988.31986889899997 }, "geometry": { "type": "MultiLineString", "coordinates": [ [ [ -76.050174186562813, 2.821626251105453 ], [ -76.050379694962871, 2.821866073845778 ], [ -76.050576407742895, 2.82211153760053 ], [ -76.050764299793357, 2.822362662326649 ], [ -76.050943397134219, 2.82261942807963 ], [ -76.051112639316969, 2.82288018192995 ], [ -76.05126959310725, 2.823140764761088 ], [ -76.051422009948652, 2.82341419413591 ], [ -76.051568561106308, 2.823698305380879 ], [ -76.051730320869027, 2.824041972887634 ], [ -76.051829549310895, 2.824317873315159 ], [ -76.051910136697401, 2.82461541255597 ], [ -76.052070720016616, 2.82531523574058 ], [ -76.052166390200455, 2.825639186940844 ], [ -76.052221591566592, 2.825784911063246 ], [ -76.052281779103723, 2.825918015088567 ], [ -76.052347831548659, 2.82604043711985 ], [ -76.052420325987498, 2.826153221309684 ], [ -76.052533809783839, 2.826305997138986 ], [ -76.052661343892908, 2.826460668967813 ], [ -76.052805433840533, 2.826619814079247 ], [ -76.052951283566799, 2.826767200757237 ], [ -76.053157734951469, 2.826944079342241 ], [ -76.053657073369465, 2.827326383980711 ], [ -76.054063505654383, 2.827678731294987 ], [ -76.054629489964455, 2.828204469569195 ], [ -76.055175612245151, 2.828753240996533 ] ] ] } },
{ "type": "Feature", "properties": { "TIPO_VIA": 6, "ESTADO_SUP": "3350", "NUMERO_CAR": "Sin Valor", "ACCESIBILI": "3601", "NOMBRE_GEO": null, "PROYECTO": null, "SYMBOL": "2", "FECHA": null, "RULEID": 6, "PK_CUE": 2055646.0, "GLOBALID": "{D022806F-9DCB-4793-B782-977C1B8CA881}", "EJE_VIAL": null, "SHAPE_Leng": 2626.86032613 }, "geometry": { "type": "MultiLineString", "coordinates": [ [ [ -76.038125317612383, 2.815716880558238 ], [ -76.038396195571252, 2.815673833819316 ], [ -76.038655170536941, 2.815610188185161 ], [ -76.038902244331069, 2.815525952709698 ], [ -76.039137423252697, 2.815421129202928 ], [ -76.039359334208868, 2.815296541025879 ], [ -76.03956985440648, 2.815150960435079 ], [ -76.039774311154659, 2.814980864035062 ], [ -76.039962472012803, 2.814794221229179 ], [ -76.040155376118392, 2.814559796814274 ], [ -76.040214358983391, 2.814465124120946 ], [ -76.040267503941763, 2.814358008828195 ], [ -76.040355161165095, 2.814116874141045 ], [ -76.040482408127119, 2.813644620211668 ], [ -76.040539891312932, 2.813460708068084 ], [ -76.040613767780357, 2.813281719319272 ], [ -76.040699125836596, 2.813133497306381 ], [ -76.040789217627633, 2.813015952162024 ], [ -76.040902001700289, 2.812894643792722 ], [ -76.041369807737439, 2.812474259201573 ], [ -76.041549858362259, 2.812287122038421 ], [ -76.041710351171517, 2.812070214585883 ], [ -76.042031031058983, 2.811569484610679 ], [ -76.042380349751056, 2.811078511246412 ], [ -76.042487311525377, 2.810944984612268 ], [ -76.042589432994731, 2.810832247084503 ], [ -76.042686047095771, 2.810740249792976 ], [ -76.042792596287384, 2.81065458736723 ], [ -76.042938185981257, 2.810556239110727 ], [ -76.043108263627943, 2.810459292630156 ], [ -76.043861671788378, 2.81010274272242 ], [ -76.044024509998252, 2.810015867215544 ], [ -76.044194920403143, 2.80991286628596 ], [ -76.044676694920852, 2.809587667093192 ], [ -76.045523618099452, 2.808961549608669 ], [ -76.045855158571442, 2.808725786938466 ], [ -76.046199492615216, 2.808501019729131 ], [ -76.046519796067301, 2.808316774639581 ], [ -76.04675914288454, 2.808197900584644 ], [ -76.047329132653402, 2.807946696056342 ], [ -76.047581568678751, 2.80782428278435 ], [ -76.047765435988737, 2.807718039177231 ], [ -76.048185029885659, 2.807443351894423 ], [ -76.048404272982424, 2.807328699776049 ], [ -76.048482021696614, 2.807299863838891 ], [ -76.048522625995972, 2.807284808680679 ], [ -76.04865844165495, 2.807248607305524 ], [ -76.04918049838713, 2.807158711869615 ], [ -76.049391485301726, 2.807106375860772 ], [ -76.049512937268346, 2.807061424590402 ], [ -76.04965712637761, 2.806997212699957 ], [ -76.049965527321476, 2.806831914282742 ], [ -76.050392800830664, 2.806568536831976 ], [ -76.050628150773221, 2.806402151268569 ], [ -76.050881880130305, 2.806197075208815 ], [ -76.051465829821282, 2.805692436836789 ], [ -76.051766037721535, 2.80546090535851 ], [ -76.052490978006972, 2.804989783917471 ], [ -76.052999711946228, 2.804689647671033 ], [ -76.05331419537228, 2.804528167428236 ], [ -76.053610269791079, 2.804398189007406 ], [ -76.053893948809602, 2.804297110880434 ], [ -76.054168007321621, 2.804223970447124 ], [ -76.054427818001315, 2.804179035608403 ], [ -76.05492550279186, 2.804129458029911 ], [ -76.055190469914223, 2.804128874432935 ], [ -76.05541569499708, 2.804158203692193 ], [ -76.055525407239813, 2.80418696769549 ], [ -76.055648250935619, 2.804229441019286 ], [ -76.055885540659034, 2.804338971746099 ], [ -76.056096582175215, 2.804471725316096 ], [ -76.05628137531933, 2.804627627629868 ], [ -76.056443862086539, 2.804808305995199 ], [ -76.056584422382571, 2.805013983560951 ], [ -76.056703043580924, 2.805244635968795 ], [ -76.056799739219414, 2.805500277656034 ] ] ] } },
{ "type": "Feature", "properties": { "TIPO_VIA": 6, "ESTADO_SUP": "3350", "NUMERO_CAR": "Sin Valor", "ACCESIBILI": "3601", "NOMBRE_GEO": null, "PROYECTO": null, "SYMBOL": "2", "FECHA": null, "RULEID": 6, "PK_CUE": 2055647.0, "GLOBALID": "{050DB681-660F-46CB-9219-6235CD436FE7}", "EJE_VIAL": null, "SHAPE_Leng": 1507.1914380200001 }, "geometry": { "type": "MultiLineString", "coordinates": [ [ [ -76.043024721022661, 2.818630171215058 ], [ -76.042974324795154, 2.818244731115276 ], [ -76.042934952335713, 2.817860396267424 ], [ -76.042906618934765, 2.817477174778497 ], [ -76.042889318265694, 2.817095057639935 ], [ -76.042883046749836, 2.816714055718957 ], [ -76.042887807942577, 2.816334158172645 ], [ -76.042903609923741, 2.81595536589514 ], [ -76.042930432904271, 2.815577678045787 ], [ -76.042968459201461, 2.81519965802949 ], [ -76.043017606269871, 2.814822752142536 ], [ -76.043094825359745, 2.81433236194933 ], [ -76.043165171702313, 2.813962686880779 ], [ -76.043239741181182, 2.813649579109976 ], [ -76.043371309263776, 2.813189776337688 ], [ -76.04344807920134, 2.812960489663942 ], [ -76.04352693289114, 2.812774243386011 ], [ -76.043592519364381, 2.812651254034545 ], [ -76.043669756386606, 2.812533035978853 ], [ -76.04376232713328, 2.812413946218446 ], [ -76.043871041011741, 2.812293123125026 ], [ -76.044133098407642, 2.812047190704729 ], [ -76.044554480190698, 2.811702902767079 ], [ -76.044735552840606, 2.811577839132074 ], [ -76.044946351967241, 2.811452497783097 ], [ -76.045748951750198, 2.811042893338658 ], [ -76.046067261150782, 2.810860031961571 ], [ -76.046601318073868, 2.810506859107165 ], [ -76.046799243775538, 2.810367791424735 ], [ -76.04699635237759, 2.810208987135594 ], [ -76.047155829901442, 2.81005210456607 ], [ -76.047239760187935, 2.809951952304092 ], [ -76.047325350831144, 2.809833877164407 ], [ -76.0475595599288, 2.80945981862231 ], [ -76.047756893024712, 2.809116086888805 ], [ -76.047937499290327, 2.808763193137862 ], [ -76.048097453359986, 2.808410416017967 ], [ -76.048241524922247, 2.80804892473857 ], [ -76.048369714975266, 2.807678747307766 ], [ -76.048482021696614, 2.807299863838891 ] ] ] } },
{ "type": "Feature", "properties": { "TIPO_VIA": 6, "ESTADO_SUP": "3350", "NUMERO_CAR": "Sin Valor", "ACCESIBILI": "3601", "NOMBRE_GEO": null, "PROYECTO": null, "SYMBOL": "2", "FECHA": null, "RULEID": 6, "PK_CUE": 2055648.0, "GLOBALID": "{BFF8C621-E50A-444C-8498-6933D34EE78B}", "EJE_VIAL": null, "SHAPE_Leng": 2898.40266883 }, "geometry": { "type": "MultiLineString", "coordinates": [ [ [ -76.038932275381214, 2.811919873315526 ], [ -76.038698370776842, 2.811609406253823 ], [ -76.038448244070224, 2.811321523074528 ], [ -76.038181903342547, 2.811056232786858 ], [ -76.037899328762961, 2.810813526398583 ], [ -76.037639715840072, 2.810620379127278 ], [ -76.037474767123939, 2.810521986748573 ], [ -76.0372729611083, 2.810428013601039 ], [ -76.036755495048638, 2.810218427879203 ], [ -76.036617756293438, 2.810151017684897 ], [ -76.036500436123802, 2.810082045622176 ], [ -76.036381913160923, 2.809994944668802 ], [ -76.036234526351095, 2.809859802712888 ], [ -76.036090742157938, 2.809709721428324 ], [ -76.035960351277282, 2.809553925601511 ], [ -76.035858590264965, 2.809414418171451 ], [ -76.0357700158048, 2.809274055591309 ], [ -76.035695321048394, 2.809133936885017 ], [ -76.035635296260494, 2.808995524150427 ], [ -76.035582312756418, 2.808806573325489 ], [ -76.035508902947612, 2.808328516073047 ], [ -76.035453386594838, 2.808110315813845 ], [ -76.035346775372005, 2.807839842172581 ], [ -76.035108111058264, 2.807349532344378 ], [ -76.035020991784009, 2.807152594996994 ], [ -76.034948901609596, 2.806946413171135 ], [ -76.034904840231349, 2.80675142491252 ], [ -76.034872113837963, 2.8064584658603 ], [ -76.034840862294189, 2.805792814682585 ], [ -76.034780270111128, 2.805232624903031 ], [ -76.034686109200791, 2.804587051140265 ], [ -76.034436736961354, 2.80308257119121 ], [ -76.034338828911558, 2.802349239596601 ], [ -76.034292593302382, 2.801817284595344 ], [ -76.034238622344958, 2.800858180108436 ], [ -76.034229827821108, 2.800592171123772 ], [ -76.034234067875744, 2.80035181781895 ], [ -76.034252482966835, 2.80013671594541 ], [ -76.03428543294298, 2.799940713306524 ], [ -76.034334059213506, 2.799759234608881 ], [ -76.034452690675209, 2.799450052854185 ], [ -76.034719517169151, 2.798885767356631 ], [ -76.034817461113434, 2.798658314221119 ], [ -76.035035733407682, 2.798059820032142 ], [ -76.035148767724763, 2.797691214757427 ], [ -76.035244646261063, 2.797271709707704 ], [ -76.035316591688598, 2.796878428376534 ], [ -76.035363420766771, 2.796517161748535 ], [ -76.03538633658917, 2.796180400612185 ], [ -76.035387522905921, 2.795924937650995 ], [ -76.035373265782312, 2.795683201995395 ], [ -76.035343540616097, 2.795454714685255 ], [ -76.035298310836595, 2.795239236298879 ], [ -76.035240809962673, 2.795046017848653 ], [ -76.035169195613577, 2.794864315228041 ], [ -76.035101471601806, 2.794733009193794 ], [ -76.034931528953052, 2.794455284805279 ], [ -76.034863445246643, 2.794330526764736 ], [ -76.034783782971544, 2.794143938191769 ], [ -76.034711674651732, 2.793931513806087 ], [ -76.034617577192677, 2.79357246605411 ], [ -76.034475911971739, 2.79291220387994 ], [ -76.03441997359144, 2.792575748558451 ], [ -76.034384203369115, 2.792227410079345 ], [ -76.03436856405834, 2.791941942806805 ], [ -76.034361780760264, 2.791622420827436 ], [ -76.034371627033792, 2.790511627091086 ], [ -76.034363865137522, 2.789508263198164 ], [ -76.034369731071081, 2.789119435683483 ], [ -76.034396635541327, 2.788378218708752 ], [ -76.034430035382954, 2.787998393071695 ], [ -76.034451200164654, 2.787869780705521 ] ] ] } },
{ "type": "Feature", "properties": { "TIPO_VIA": 6, "ESTADO_SUP": "3350", "NUMERO_CAR": "Sin Valor", "ACCESIBILI": "3601", "NOMBRE_GEO": null, "PROYECTO": null, "SYMBOL": "2", "FECHA": null, "RULEID": 6, "PK_CUE": 2055649.0, "GLOBALID": "{A81CD932-09E8-4E04-9C2E-E8EC9EBA9B20}", "EJE_VIAL": null, "SHAPE_Leng": 2891.5142212400001 }, "geometry": { "type": "MultiLineString", "coordinates": [ [ [ -76.040059174586986, 2.809820007438001 ], [ -76.039899669781676, 2.808446214436844 ], [ -76.039820303714421, 2.807314902282153 ], [ -76.039821300647915, 2.806183662739885 ], [ -76.040223952744441, 2.805214390191136 ], [ -76.04126969138774, 2.804003272202207 ], [ -76.042475868034984, 2.803115512259131 ], [ -76.04392382575034, 2.801419942199188 ], [ -76.044728060858475, 2.800693420332859 ], [ -76.044809125231595, 2.799885467243315 ], [ -76.044488957194389, 2.798430725937297 ], [ -76.04416858065305, 2.797218394838461 ], [ -76.044329936547626, 2.796491316727958 ], [ -76.044812592993765, 2.795926123801459 ], [ -76.045054725293511, 2.794714287556583 ], [ -76.045216215127297, 2.793825593040217 ], [ -76.045939942164395, 2.793260616056352 ], [ -76.047467185740345, 2.792777142569381 ], [ -76.048914416725964, 2.791889580159593 ], [ -76.049718427274456, 2.791405468929741 ], [ -76.052236638305729, 2.792157386398102 ] ] ] } },
{ "type": "Feature", "properties": { "TIPO_VIA": 6, "ESTADO_SUP": "3350", "NUMERO_CAR": "Sin Valor", "ACCESIBILI": "3601", "NOMBRE_GEO": null, "PROYECTO": null, "SYMBOL": "2", "FECHA": null, "RULEID": 6, "PK_CUE": 2055650.0, "GLOBALID": "{73BA506E-F4A1-46BB-A2FD-7D23CA57E1B5}", "EJE_VIAL": null, "SHAPE_Leng": 2272.0097471399999 }, "geometry": { "type": "MultiLineString", "coordinates": [ [ [ -76.054243969396325, 2.79137721669352 ], [ -76.052236638305729, 2.792157386398102 ], [ -76.051110273883538, 2.792595162968614 ], [ -76.051310998897392, 2.792902473831101 ], [ -76.052120016143519, 2.794187382920073 ], [ -76.050692339340813, 2.79423497160309 ], [ -76.050620955503376, 2.793473544120369 ], [ -76.050192965789122, 2.793437731281312 ], [ -76.050168857971002, 2.794187382733392 ], [ -76.049573993096388, 2.794020820101563 ], [ -76.049368616853073, 2.794770277544228 ], [ -76.049383636056305, 2.795995772903575 ], [ -76.048170110835244, 2.795567469887722 ], [ -76.048307526869493, 2.796898299720781 ], [ -76.048105897134988, 2.797545086265348 ], [ -76.047381540770701, 2.798837303128384 ], [ -76.046818386908598, 2.799564031287709 ], [ -76.045772658401461, 2.800775149181506 ], [ -76.045771742017322, 2.801825594271973 ], [ -76.045851315024947, 2.802714494875329 ] ] ] } },
{ "type": "Feature", "properties": { "TIPO_VIA": 6, "ESTADO_SUP": "3350", "NUMERO_CAR": "Sin Valor", "ACCESIBILI": "3601", "NOMBRE_GEO": null, "PROYECTO": null, "SYMBOL": "2", "FECHA": null, "RULEID": 6, "PK_CUE": 2055651.0, "GLOBALID": "{612E8E28-5B35-4FFA-B3EF-E41520284FDB}", "EJE_VIAL": null, "SHAPE_Leng": 1301.66745234 }, "geometry": { "type": "MultiLineString", "coordinates": [ [ [ -76.048989220174846, 2.79827309800729 ], [ -76.048907445927199, 2.7998890873107 ], [ -76.048664892037095, 2.80158573511341 ], [ -76.048021096332704, 2.802635613805464 ], [ -76.046653994599595, 2.803765640866851 ], [ -76.04126969138774, 2.804003272202207 ] ] ] } },
{ "type": "Feature", "properties": { "TIPO_VIA": 6, "ESTADO_SUP": "3350", "NUMERO_CAR": "Sin Valor", "ACCESIBILI": "3601", "NOMBRE_GEO": null, "PROYECTO": null, "SYMBOL": "2", "FECHA": null, "RULEID": 6, "PK_CUE": 2055652.0, "GLOBALID": "{8698E45B-BB70-4052-A2D9-7E7B52533DC8}", "EJE_VIAL": null, "SHAPE_Leng": 1586.57497631 }, "geometry": { "type": "MultiLineString", "coordinates": [ [ [ -76.063529386626072, 2.786535979869698 ], [ -76.063101078884429, 2.786083876382537 ], [ -76.062696576601624, 2.785441428061625 ], [ -76.062387241819664, 2.78467999756714 ], [ -76.062149296027727, 2.784085134162394 ], [ -76.061649607879914, 2.783609242332592 ], [ -76.061245106358513, 2.78341888042782 ], [ -76.060721621787437, 2.783585446314528 ], [ -76.060174350230255, 2.7839661613855 ], [ -76.059912607935601, 2.784370663238524 ], [ -76.059817422295993, 2.784846563556061 ], [ -76.05984121882004, 2.785203482443154 ], [ -76.060031580939736, 2.785607984871069 ], [ -76.060031581199198, 2.785917320414153 ], [ -76.05981742221438, 2.786226646159657 ], [ -76.059436716197368, 2.786535979668055 ], [ -76.059151177522835, 2.786797713787583 ], [ -76.059070283667936, 2.787095649199001 ], [ -76.058884007290388, 2.787591075668841 ], [ -76.058479912136434, 2.788665822639703 ], [ -76.058318286962191, 2.789716124368787 ], [ -76.057995810194981, 2.790927889071953 ], [ -76.057271462194009, 2.792220114773719 ] ] ] } },
{ "type": "Feature", "properties": { "TIPO_VIA": 6, "ESTADO_SUP": "3350", "NUMERO_CAR": "Sin Valor", "ACCESIBILI": "3601", "NOMBRE_GEO": null, "PROYECTO": null, "SYMBOL": "2", "FECHA": null, "RULEID": 6, "PK_CUE": 2085770.0, "GLOBALID": "{BD12BC59-3DB3-4BE4-BE01-38233886FE6E}", "EJE_VIAL": null, "SHAPE_Leng": 3347.7550178199999 }, "geometry": { "type": "MultiLineString", "coordinates": [ [ [ -76.059760694212329, 2.815246227269079 ], [ -76.061191144083551, 2.812990009150084 ], [ -76.061298035400185, 2.812821412925616 ], [ -76.061413342015271, 2.812664379138087 ], [ -76.061537066659909, 2.812518924045821 ], [ -76.061669209303446, 2.812385038607899 ], [ -76.061808726812913, 2.812263567893468 ], [ -76.061955537751942, 2.812154306051268 ], [ -76.062107785237203, 2.81205935383488 ], [ -76.062274448734058, 2.811972253553075 ], [ -76.062560274723182, 2.811853882631015 ], [ -76.062850098846283, 2.811767644858997 ], [ -76.062948249049199, 2.811754089446821 ], [ -76.063060321637622, 2.811749346153418 ], [ -76.063516559367457, 2.811771382418228 ], [ -76.063703076285648, 2.811764365657949 ], [ -76.063795242789951, 2.811747998068488 ], [ -76.063876666327687, 2.811721901677813 ], [ -76.063952951414109, 2.811683804965297 ], [ -76.064044059408104, 2.81162591710676 ], [ -76.06420541436033, 2.811495589661478 ], [ -76.064351579326285, 2.811341564685567 ], [ -76.064470075558162, 2.811177100977177 ], [ -76.064553313395237, 2.811012853292443 ], [ -76.064582949012902, 2.810914982087873 ], [ -76.064592291274877, 2.810802045211285 ], [ -76.0645856263734, 2.810682192429708 ], [ -76.064550574103706, 2.810379550182764 ], [ -76.064553456714535, 2.810231193341434 ], [ -76.064569816122585, 2.810161636314767 ], [ -76.064602011373609, 2.81008983409162 ], [ -76.064645481016086, 2.810026484946792 ], [ -76.064701239235603, 2.809968957122387 ], [ -76.064768279857404, 2.809917789211697 ], [ -76.064848105266819, 2.809871436312102 ], [ -76.065050342360124, 2.809790875106794 ], [ -76.065278280979157, 2.809730571038263 ], [ -76.065938039569474, 2.809589597629306 ], [ -76.066123039152657, 2.809533948303776 ], [ -76.066275267145727, 2.809471515004216 ], [ -76.06677997695239, 2.809195920704332 ], [ -76.067035008011601, 2.809034062136765 ], [ -76.067146768167646, 2.80894746487717 ], [ -76.067241781521005, 2.808859824604734 ], [ -76.067320977779488, 2.808770576718413 ], [ -76.067393714633795, 2.80866943598041 ], [ -76.067463064200254, 2.80855053512413 ], [ -76.067525577893036, 2.808418068627626 ], [ -76.067581533754506, 2.808271463669811 ], [ -76.06763138176899, 2.808109561330721 ], [ -76.067661151607453, 2.807976062443221 ], [ -76.067713335265609, 2.807742060045016 ], [ -76.06778772481897, 2.80724250692239 ], [ -76.06780117191829, 2.807093045347056 ], [ -76.067806283614274, 2.806927127294167 ], [ -76.067784805020352, 2.806189582917491 ], [ -76.067798594092679, 2.8054528736535 ], [ -76.06782238224956, 2.805107697350707 ], [ -76.067870424376622, 2.804824664644667 ], [ -76.067930341043606, 2.80463133799171 ], [ -76.068022050375617, 2.804425202411589 ], [ -76.068138803613977, 2.804213665857009 ], [ -76.06849687324366, 2.803622225246557 ], [ -76.068591455874426, 2.80343360456349 ], [ -76.068660150170018, 2.803259511597872 ], [ -76.068710474181358, 2.80307837608804 ], [ -76.068748365321326, 2.802871871062716 ], [ -76.06877379598221, 2.802655601108964 ], [ -76.068826168125099, 2.802055410362729 ], [ -76.068852004245898, 2.80187499198279 ], [ -76.068884756378495, 2.801715820222597 ], [ -76.068924183148127, 2.801576330386899 ], [ -76.068974605867055, 2.801443701938599 ], [ -76.069194567050559, 2.800990179367958 ], [ -76.069267834363458, 2.800814612267548 ], [ -76.069315048893813, 2.800649771089915 ], [ -76.069350873745833, 2.800414906833141 ], [ -76.069365848589669, 2.80018713879115 ], [ -76.069361204892957, 2.799965812088702 ], [ -76.069336473710678, 2.799753773923437 ], [ -76.069294621736574, 2.799574729614622 ], [ -76.069242662578958, 2.799440153943946 ], [ -76.069168777226366, 2.799294609080085 ], [ -76.068867265817062, 2.798814100392373 ], [ -76.068763590548642, 2.798626442152628 ], [ -76.068569375825547, 2.798190183986291 ], [ -76.068384816792232, 2.797709872977764 ], [ -76.068227772835343, 2.79724494118616 ], [ -76.068064487221278, 2.796707882943137 ], [ -76.067694435272884, 2.795384682092116 ], [ -76.067490606932139, 2.794543302062303 ], [ -76.067418157849545, 2.794312237755637 ], [ -76.067335458886859, 2.79410401698222 ], [ -76.067180859012581, 2.793795392373843 ], [ -76.066974965028592, 2.793457563156898 ], [ -76.066386909756716, 2.792611700069537 ], [ -76.065981885826886, 2.791982088732916 ], [ -76.065410037414381, 2.791160579324843 ], [ -76.065191360039506, 2.790828893553749 ] ] ] } },
{ "type": "Feature", "properties": { "TIPO_VIA": 6, "ESTADO_SUP": "3350", "NUMERO_CAR": "Sin Valor", "ACCESIBILI": "3601", "NOMBRE_GEO": null, "PROYECTO": null, "SYMBOL": "2", "FECHA": null, "RULEID": 6, "PK_CUE": 2055706.0, "GLOBALID": "{830F7820-2CCA-4CC1-87C7-6DADEBB5A506}", "EJE_VIAL": null, "SHAPE_Leng": 4075.48994236 }, "geometry": { "type": "MultiLineString", "coordinates": [ [ [ -76.092939402946101, 2.806229817896913 ], [ -76.092728945096283, 2.806287535447386 ], [ -76.092521577689126, 2.806332099701146 ], [ -76.09231731869599, 2.806363506085205 ], [ -76.092116160023679, 2.806381750096123 ], [ -76.091918108005004, 2.806386844363485 ], [ -76.091723147314127, 2.806378768135979 ], [ -76.091531284327189, 2.806357550311054 ], [ -76.091342529786075, 2.806323170972157 ], [ -76.091060279641937, 2.806245277748934 ], [ -76.090819091268145, 2.80614803617905 ], [ -76.090302632261555, 2.805869800348156 ], [ -76.089816678751262, 2.805643334922704 ], [ -76.088691421451969, 2.806290578039181 ], [ -76.087998219852807, 2.804690881269934 ], [ -76.0872516945021, 2.80327781609728 ], [ -76.086771785345064, 2.80298453761002 ], [ -76.085065442456155, 2.804184310327917 ], [ -76.083465745542497, 2.804024341233701 ], [ -76.081759402763666, 2.804344280231106 ], [ -76.080772922886496, 2.804984159126884 ], [ -76.079786443212953, 2.806343901113346 ], [ -76.079493166015737, 2.804504250019776 ], [ -76.07914656463177, 2.803944356461344 ], [ -76.077413559799055, 2.8041309868937 ], [ -76.076613712132158, 2.802717922030793 ], [ -76.076000494776849, 2.801331517957945 ], [ -76.073014394289402, 2.801251533057957 ], [ -76.072107899252657, 2.802957876064947 ], [ -76.070054955097802, 2.805757345106251 ], [ -76.069415076382967, 2.806717163223415 ], [ -76.06986832422271, 2.807037103199816 ], [ -76.067876199595418, 2.807737190781503 ], [ -76.067661151607453, 2.807976062443221 ] ] ] } },
{ "type": "Feature", "properties": { "TIPO_VIA": 6, "ESTADO_SUP": "3350", "NUMERO_CAR": "Sin Valor", "ACCESIBILI": "3601", "NOMBRE_GEO": null, "PROYECTO": null, "SYMBOL": "2", "FECHA": null, "RULEID": 6, "PK_CUE": 2055707.0, "GLOBALID": "{43608A9C-A2A2-4A04-BDDE-B26BB62A1D9B}", "EJE_VIAL": null, "SHAPE_Leng": 828.29313694799998 }, "geometry": { "type": "MultiLineString", "coordinates": [ [ [ -76.089013036815231, 2.792732200299162 ], [ -76.089033230943713, 2.792899314344824 ], [ -76.08903703074931, 2.79305936641855 ], [ -76.089024437080894, 2.79321234116199 ], [ -76.088995439183506, 2.793358253973736 ], [ -76.08895150320015, 2.793493413663504 ], [ -76.088895232200969, 2.793613770856056 ], [ -76.088818704625425, 2.793732518723824 ], [ -76.088720230806814, 2.793853117695571 ], [ -76.088527067132105, 2.794040758203974 ], [ -76.088430264201577, 2.794120159648073 ], [ -76.08835197594297, 2.794171256234617 ], [ -76.088185446044989, 2.794248986687995 ], [ -76.087741201989132, 2.794408753393084 ], [ -76.087626245177987, 2.794467871082916 ], [ -76.08753026928666, 2.79453570320318 ], [ -76.087449051517623, 2.794608700126755 ], [ -76.087365697675025, 2.794697642244206 ], [ -76.08705581501053, 2.795089423789618 ], [ -76.086909936644204, 2.795246341923574 ], [ -76.086751132559002, 2.795372949745014 ], [ -76.08636800202342, 2.795628412828022 ], [ -76.086221090540874, 2.795752596099992 ], [ -76.08612251009869, 2.795873150425877 ], [ -76.086038742151302, 2.796033732750323 ], [ -76.085987062272991, 2.796176916058582 ], [ -76.085943970151263, 2.796342357889353 ], [ -76.08590843328993, 2.79653254088204 ], [ -76.085874404554644, 2.79677972979093 ], [ -76.085865628371977, 2.796969911608267 ], [ -76.08588189597252, 2.797341733841045 ], [ -76.085881347978599, 2.797493999360762 ], [ -76.085862646023671, 2.797672988204991 ], [ -76.085823937039947, 2.797883256606917 ], [ -76.085748181878628, 2.798179125704266 ], [ -76.08562793364672, 2.798562499580544 ], [ -76.085569166383067, 2.798710964380866 ] ] ] } },
{ "type": "Feature", "properties": { "TIPO_VIA": 6, "ESTADO_SUP": "3350", "NUMERO_CAR": "Sin Valor", "ACCESIBILI": "3601", "NOMBRE_GEO": null, "PROYECTO": null, "SYMBOL": "2", "FECHA": null, "RULEID": 6, "PK_CUE": 2055708.0, "GLOBALID": "{44F0F053-C2D5-4ABD-81D2-0FEE9EFEE263}", "EJE_VIAL": null, "SHAPE_Leng": 1627.4941008000001 }, "geometry": { "type": "MultiLineString", "coordinates": [ [ [ -76.081686656350357, 2.787688608757442 ], [ -76.081698324938799, 2.787902102329506 ], [ -76.081697993020256, 2.788122180666056 ], [ -76.081685425988951, 2.788337794111038 ], [ -76.081660694786422, 2.788551682686829 ], [ -76.081625875965173, 2.788753632953571 ], [ -76.081571653974734, 2.788995899592356 ], [ -76.081523486169715, 2.789165339722016 ], [ -76.081470062647611, 2.789312853108615 ], [ -76.081399913759284, 2.789466312126499 ], [ -76.081316819758541, 2.789618108903953 ], [ -76.081220592382962, 2.789767742351994 ], [ -76.081115030556205, 2.789908560723565 ], [ -76.081002283867832, 2.790037685297174 ], [ -76.080885080978092, 2.790151987289319 ], [ -76.080783049928371, 2.790232933967402 ], [ -76.080666079829129, 2.790308276018973 ], [ -76.080532293652226, 2.790379261058091 ], [ -76.080376346572237, 2.790448762663226 ], [ -76.079461610019962, 2.790792413837719 ], [ -76.078779510146774, 2.791015815672968 ], [ -76.078533470780499, 2.791103104684935 ], [ -76.077953500964497, 2.791344815217749 ], [ -76.077725957232389, 2.791455433161251 ], [ -76.0775711242471, 2.791553673303208 ], [ -76.077450623768584, 2.791656889557061 ], [ -76.077352976947921, 2.791767705953184 ], [ -76.07710345182241, 2.792089114382276 ], [ -76.076843945564121, 2.792347748387804 ], [ -76.076674569184831, 2.79248854091956 ], [ -76.076590675348712, 2.792537131320595 ], [ -76.076519789028438, 2.792578184416152 ], [ -76.076408928251425, 2.79262319823001 ], [ -76.076293773126224, 2.792657558920602 ], [ -76.076174323648445, 2.792681264676089 ], [ -76.076050580701235, 2.792694309163202 ], [ -76.07592255326675, 2.792696689642038 ], [ -76.075790222521647, 2.792688425136014 ], [ -76.075653598286692, 2.792669489404522 ], [ -76.074227262211778, 2.792234785281521 ], [ -76.07438887763071, 2.791184474981979 ], [ -76.074711139360772, 2.790215103275543 ], [ -76.074953306967501, 2.788922453890493 ], [ -76.075180707142096, 2.787821990836642 ] ] ] } },
{ "type": "Feature", "properties": { "TIPO_VIA": 6, "ESTADO_SUP": "3350", "NUMERO_CAR": "Sin Valor", "ACCESIBILI": "3601", "NOMBRE_GEO": null, "PROYECTO": null, "SYMBOL": "2", "FECHA": null, "RULEID": 6, "PK_CUE": 2055709.0, "GLOBALID": "{6A7ED07A-484F-42D1-93E7-B91F329227DF}", "EJE_VIAL": null, "SHAPE_Leng": 465.98262848100001 }, "geometry": { "type": "MultiLineString", "coordinates": [ [ [ -76.08009167114615, 2.794421509292402 ], [ -76.079046992737815, 2.794420609768089 ], [ -76.078484682932782, 2.794177723889113 ], [ -76.077762195108789, 2.793288256851504 ], [ -76.076590675348712, 2.792537131320595 ] ] ] } },
{ "type": "Feature", "properties": { "TIPO_VIA": 6, "ESTADO_SUP": "3350", "NUMERO_CAR": "Sin Valor", "ACCESIBILI": "3601", "NOMBRE_GEO": null, "PROYECTO": null, "SYMBOL": "2", "FECHA": null, "RULEID": 6, "PK_CUE": 2055710.0, "GLOBALID": "{6DE13453-CC2E-4626-AF17-286BF63BEE08}", "EJE_VIAL": null, "SHAPE_Leng": 1231.0797877299999 }, "geometry": { "type": "MultiLineString", "coordinates": [ [ [ -76.086017389067479, 2.781568557419177 ], [ -76.086336515995598, 2.786083876015581 ], [ -76.086431701113241, 2.786750130302477 ], [ -76.086555839967701, 2.787119211716661 ], [ -76.086633192937256, 2.787450088093474 ], [ -76.086847108862216, 2.788205338051695 ], [ -76.086846497869587, 2.788932568812518 ], [ -76.086926116197191, 2.789821487605444 ], [ -76.086604070027988, 2.790548448933567 ], [ -76.086281951746301, 2.791356214780174 ], [ -76.085879272690008, 2.792406327441412 ] ] ] } },
{ "type": "Feature", "properties": { "TIPO_VIA": 6, "ESTADO_SUP": "3350", "NUMERO_CAR": "Sin Valor", "ACCESIBILI": "3601", "NOMBRE_GEO": null, "PROYECTO": null, "SYMBOL": "2", "FECHA": null, "RULEID": 6, "PK_CUE": 2055711.0, "GLOBALID": "{9701EAD2-226F-4998-9451-7708ED285657}", "EJE_VIAL": null, "SHAPE_Leng": 1538.9433423 }, "geometry": { "type": "MultiLineString", "coordinates": [ [ [ -76.083595962538823, 2.779550070294198 ], [ -76.083341289873559, 2.784338899410617 ], [ -76.084175438879157, 2.786019979013554 ], [ -76.084443845866844, 2.787117424338554 ], [ -76.084516682400348, 2.78739258677919 ], [ -76.084677533634689, 2.78804188906962 ], [ -76.08459677600456, 2.788526647348765 ], [ -76.084435375368926, 2.789334547417918 ], [ -76.084033100746069, 2.789899839051376 ], [ -76.084032426733543, 2.790707873334835 ], [ -76.083629604382537, 2.791919593239748 ], [ -76.083709086925921, 2.792970109846893 ] ] ] } },
{ "type": "Feature", "properties": { "TIPO_VIA": 4, "ESTADO_SUP": "3306", "NUMERO_CAR": "3502", "ACCESIBILI": "3600", "NOMBRE_GEO": null, "PROYECTO": null, "SYMBOL": "2", "FECHA": null, "RULEID": 4, "PK_CUE": 2055665.0, "GLOBALID": "{6E5BB31E-7D13-4ED9-B60F-47EB9407291E}", "EJE_VIAL": null, "SHAPE_Leng": 3422.4554284199999 }, "geometry": { "type": "MultiLineString", "coordinates": [ [ [ -76.054815755011489, 2.778924141780924 ], [ -76.055093775014811, 2.778449830551607 ], [ -76.055344423287295, 2.777528851633652 ], [ -76.055456021260596, 2.776886898049329 ], [ -76.055650731015319, 2.776440426402213 ], [ -76.05603948466387, 2.776329098022997 ], [ -76.056955649977297, 2.776274067299235 ], [ -76.057649661847051, 2.776302588275797 ], [ -76.058454758952124, 2.776275369170549 ], [ -76.059370357809144, 2.776890292909347 ], [ -76.060424664695248, 2.777617003428288 ], [ -76.061201888026673, 2.777729328787992 ], [ -76.061978868106124, 2.778120813789206 ], [ -76.061977986944086, 2.779153679177218 ], [ -76.062726356376658, 2.78055008406029 ], [ -76.063058300647086, 2.781890109277801 ], [ -76.063999529017977, 2.782161940429408 ], [ -76.064391958182597, 2.782123365940738 ], [ -76.064827345328169, 2.783296843816957 ], [ -76.065304880406231, 2.784709113172259 ], [ -76.065670647116292, 2.786022826938062 ], [ -76.065911898730135, 2.787101569125035 ], [ -76.0662776657297, 2.787559144384173 ], [ -76.066991503176112, 2.788249184806225 ], [ -76.067562571177731, 2.788748872366172 ], [ -76.06814201093286, 2.789262384747296 ], [ -76.068329767999003, 2.789428780100792 ], [ -76.068429517301212, 2.789632967004698 ], [ -76.068503332313384, 2.789822126203811 ], [ -76.068552891892352, 2.789998995358559 ], [ -76.068587495090981, 2.790197540939974 ], [ -76.068608487542534, 2.79040949804688 ], [ -76.068647305063806, 2.791013390408635 ], [ -76.068670426855547, 2.791189649240581 ], [ -76.068707330176196, 2.791376354731011 ], [ -76.068790594964582, 2.79172516186301 ], [ -76.068890522829804, 2.792075361267357 ], [ -76.069006640221701, 2.792425264114288 ], [ -76.069138332974674, 2.792773028303148 ], [ -76.069268354688134, 2.793079847814079 ], [ -76.069409578837224, 2.793382023142422 ], [ -76.069570144172019, 2.793694456854756 ], [ -76.069697812009935, 2.793915406871182 ], [ -76.069914702122063, 2.794245511041711 ], [ -76.07045552287849, 2.79499647590351 ], [ -76.071020285064179, 2.795820293782808 ], [ -76.071192905291255, 2.79609259986859 ], [ -76.071210817561266, 2.796126097937033 ] ] ] } },
{ "type": "Feature", "properties": { "TIPO_VIA": 6, "ESTADO_SUP": "3350", "NUMERO_CAR": "Sin Valor", "ACCESIBILI": "3601", "NOMBRE_GEO": null, "PROYECTO": null, "SYMBOL": "2", "FECHA": null, "RULEID": 6, "PK_CUE": 2055251.0, "GLOBALID": "{9A62F0E7-E8BC-43CE-9FDE-AE98B5EF0133}", "EJE_VIAL": null, "SHAPE_Leng": 2083.3845188700002 }, "geometry": { "type": "MultiLineString", "coordinates": [ [ [ -75.872802760078642, 2.817906578154155 ], [ -75.87278680620004, 2.817798268821701 ], [ -75.872627237588162, 2.816714820138449 ], [ -75.872607565239861, 2.816642263274387 ], [ -75.872564544735425, 2.816483628593206 ], [ -75.872458166197234, 2.816113936332303 ], [ -75.872358013132043, 2.815574380568942 ], [ -75.872355353844796, 2.815560035424615 ], [ -75.872179186321119, 2.815280685889965 ], [ -75.871867146722892, 2.814883092230662 ], [ -75.871732561363373, 2.814731609183872 ], [ -75.871555053655243, 2.81453182406431 ], [ -75.870608167337551, 2.813936887273409 ], [ -75.869790169704217, 2.813689616585514 ], [ -75.86944619562216, 2.813627382046922 ], [ -75.868925981693152, 2.813533273958739 ], [ -75.868242714234157, 2.81342685129073 ], [ -75.86774272057022, 2.813255084143661 ], [ -75.867706402115999, 2.813226957564491 ], [ -75.867315967367702, 2.812924603234304 ], [ -75.867184732194076, 2.812669050269646 ], [ -75.867190652236957, 2.812393285283509 ], [ -75.867207208060137, 2.811635510549381 ], [ -75.86725808032034, 2.8113609316819 ], [ -75.867289970348494, 2.81097105381208 ], [ -75.867317198410831, 2.810741660599362 ], [ -75.867218912967743, 2.810323594043311 ], [ -75.867170628758046, 2.810118203286937 ], [ -75.86681477941562, 2.809696830312814 ], [ -75.866319484106782, 2.809341403397875 ], [ -75.865553490860421, 2.80881955258679 ], [ -75.864947073939263, 2.80832443795251 ], [ -75.864789869411581, 2.808182989445388 ], [ -75.864500251870197, 2.807832323424469 ], [ -75.864502577574342, 2.807763376999056 ], [ -75.864215369261032, 2.807274262909182 ], [ -75.864021494698875, 2.806741731995699 ], [ -75.863874952646299, 2.806095115643066 ], [ -75.86388086292051, 2.805819916679688 ], [ -75.863910408644358, 2.805521587379985 ], [ -75.863990807920686, 2.804971836006641 ], [ -75.864330111346518, 2.804060152998749 ], [ -75.864423473089644, 2.803993003716734 ] ] ] } },
{ "type": "Feature", "properties": { "TIPO_VIA": 7, "ESTADO_SUP": "Sin Valor", "NUMERO_CAR": "Sin Valor", "ACCESIBILI": "Sin Valor", "NOMBRE_GEO": null, "PROYECTO": null, "SYMBOL": "2", "FECHA": null, "RULEID": 7, "PK_CUE": 2056172.0, "GLOBALID": "{A4457D1B-E75D-45CA-8686-B94327D15512}", "EJE_VIAL": null, "SHAPE_Leng": 2621.8956356899998 }, "geometry": { "type": "MultiLineString", "coordinates": [ [ [ -76.011409206107615, 2.582404594157012 ], [ -76.011399889978179, 2.582436520376955 ], [ -76.011000139977028, 2.583749983216164 ], [ -76.010543283543853, 2.585120551956136 ], [ -76.009972215553745, 2.585748726388829 ], [ -76.009172714645629, 2.586776658854844 ], [ -76.009286927002805, 2.58774747708006 ], [ -76.009515360233536, 2.588946727605733 ], [ -76.009915110196644, 2.590431508882859 ], [ -76.00997221589536, 2.591687865415437 ], [ -76.009743782594057, 2.592658683967793 ], [ -76.009001397749131, 2.593629502388409 ], [ -76.008144791172811, 2.594657434680761 ], [ -76.007459502041144, 2.59522850287468 ], [ -76.006945539784695, 2.595685359018672 ], [ -76.006660001663349, 2.596541966048457 ], [ -76.006431577951517, 2.59728436125372 ], [ -76.006431577751343, 2.597969640275388 ], [ -76.006602896386156, 2.598483601868368 ], [ -76.006488683785562, 2.598997564822327 ], [ -76.006088934292009, 2.599054678770123 ], [ -76.005689182888915, 2.598997565230304 ], [ -76.005460760015353, 2.599168891147896 ], [ -76.005460759750719, 2.59951153638102 ], [ -76.005860510017769, 2.599968392349209 ], [ -76.005860510284663, 2.60065367170827 ], [ -76.005632077185481, 2.601396066355662 ], [ -76.005746289298528, 2.602138461401211 ], [ -76.005959900346326, 2.602958335194932 ] ] ] } },
{ "type": "Feature", "properties": { "TIPO_VIA": 7, "ESTADO_SUP": "Sin Valor", "NUMERO_CAR": "Sin Valor", "ACCESIBILI": "Sin Valor", "NOMBRE_GEO": null, "PROYECTO": null, "SYMBOL": "2", "FECHA": null, "RULEID": 7, "PK_CUE": 2056173.0, "GLOBALID": "{67462B05-2D7D-4F6E-A5AC-2056DFDFB39A}", "EJE_VIAL": null, "SHAPE_Leng": 5477.0567285400002 }, "geometry": { "type": "MultiLineString", "coordinates": [ [ [ -76.011409206107615, 2.582404594157012 ], [ -76.011305836706569, 2.582365508946511 ], [ -76.010564582608708, 2.58265151435448 ], [ -76.010079680877055, 2.583109717939923 ], [ -76.00922425185307, 2.583596272041716 ], [ -76.008482755032546, 2.584168913431743 ], [ -76.007627523294602, 2.584426154441446 ], [ -76.007228321336385, 2.58465512625389 ], [ -76.006886045156193, 2.584970128702555 ], [ -76.006572416075684, 2.585113176994397 ], [ -76.005745893860308, 2.585112476016714 ], [ -76.005403887247084, 2.585112187910775 ], [ -76.004890922350356, 2.58505442660467 ], [ -76.003523425887792, 2.584417898906965 ], [ -76.00272592007633, 2.583805732943031 ], [ -76.002118191665247, 2.583461265343831 ], [ -76.001890575964552, 2.583002459346971 ], [ -76.001624891206319, 2.582620054854047 ], [ -76.001511271572241, 2.582161349029605 ], [ -76.001017423157762, 2.5819698372763 ], [ -76.000409767005991, 2.581548931015968 ], [ -75.999915917703959, 2.581357419263808 ], [ -75.999307838610704, 2.58143333561065 ], [ -75.998826036993265, 2.581234503376816 ], [ -75.998500856164767, 2.581100302877926 ], [ -75.998500856164767, 2.581100302877926 ], [ -75.99916374379066, 2.579637933033985 ], [ -75.997747051530609, 2.581036936364191 ], [ -75.997535264866897, 2.581436991806968 ], [ -75.997558791653418, 2.582142969128612 ], [ -75.997935321247354, 2.582990152288962 ], [ -75.99805298206438, 2.58463743769248 ], [ -75.998496876133444, 2.585774076253505 ], [ -75.998875569715295, 2.586010010051733 ], [ -75.999039179525525, 2.586670550202317 ], [ -75.998983852924397, 2.587385941150618 ], [ -75.998928596774149, 2.588018785898608 ], [ -75.998872893225439, 2.589174450852361 ], [ -75.998493354558562, 2.589903424752333 ], [ -75.998123580781069, 2.590308817166396 ], [ -75.997935321379074, 2.591061856375412 ], [ -75.997676462938685, 2.592803276369503 ], [ -75.997417594676691, 2.593673987358873 ], [ -75.997088138293549, 2.594427035057681 ], [ -75.996994012195927, 2.595415407337361 ], [ -75.996852815126132, 2.596450849827075 ], [ -75.996664554612167, 2.597086227807011 ], [ -75.99657042108646, 2.59821579671659 ], [ -75.996076240415036, 2.599298302844018 ], [ -75.99548791452456, 2.600192539748762 ], [ -75.994899598758892, 2.60099265097711 ], [ -75.995252591988319, 2.601698636988119 ], [ -75.995676183684822, 2.602169291277892 ], [ -75.996240964396492, 2.602216353699077 ], [ -75.99697047689591, 2.602310487752052 ], [ -75.997464667035146, 2.602851740891064 ], [ -75.998482107691089, 2.603108317606832 ], [ -75.99883358277927, 2.603263080374541 ], [ -75.999243628211531, 2.603703704075905 ], [ -75.999571620079266, 2.604116739998455 ], [ -75.999927056524712, 2.604419732569015 ], [ -76.000145734360288, 2.604667568958747 ], [ -75.999899226812204, 2.604970049899747 ], [ -75.998941300177833, 2.605299425634344 ], [ -75.998667520284442, 2.605491809433697 ], [ -75.998612660320944, 2.605656865816876 ], [ -75.998484937181203, 2.606089818226068 ] ] ] } },
{ "type": "Feature", "properties": { "TIPO_VIA": 7, "ESTADO_SUP": "Sin Valor", "NUMERO_CAR": "Sin Valor", "ACCESIBILI": "Sin Valor", "NOMBRE_GEO": null, "PROYECTO": null, "SYMBOL": "2", "FECHA": null, "RULEID": 7, "PK_CUE": 2056177.0, "GLOBALID": "{FA927E25-B200-41E2-A374-CBBFFA435F1D}", "EJE_VIAL": null, "SHAPE_Leng": 6207.9225051000003 }, "geometry": { "type": "MultiLineString", "coordinates": [ [ [ -76.066776993840534, 2.723563154185634 ], [ -76.066823159110811, 2.723882252573556 ], [ -76.067094682727884, 2.725483041638021 ], [ -76.067230428136668, 2.726306302699451 ], [ -76.067684310921607, 2.727358482432761 ], [ -76.068780309252119, 2.728388850235591 ], [ -76.069020913795967, 2.728990379910638 ], [ -76.06982041400056, 2.730418053797675 ], [ -76.070448597195963, 2.732017045899792 ], [ -76.071533626941658, 2.733901585654751 ], [ -76.072276022376073, 2.736071655318209 ], [ -76.072732877969301, 2.738184610305137 ], [ -76.072904195554173, 2.739783611234504 ], [ -76.072732877546059, 2.741782361944669 ], [ -76.072504446343657, 2.742953055992037 ], [ -76.072504445762021, 2.743695440711141 ], [ -76.073018408060847, 2.74432362444145 ], [ -76.074160552727676, 2.745237336853902 ], [ -76.075074265287142, 2.745751298621871 ], [ -76.075987978327532, 2.746036837378304 ], [ -76.077015901815287, 2.746151048824086 ], [ -76.077929623041285, 2.746151048999963 ], [ -76.078729114964418, 2.746436587639743 ], [ -76.079414404271674, 2.747293184778034 ], [ -76.07969994172592, 2.748206906765283 ], [ -76.080385222309118, 2.748720868913817 ], [ -76.081298933835114, 2.748835079858316 ], [ -76.083126359147727, 2.749177725236757 ], [ -76.085353534041872, 2.749805898988166 ], [ -76.086838324170017, 2.75031986071857 ], [ -76.087951911264469, 2.750633956655126 ], [ -76.08863719088184, 2.751661881202756 ], [ -76.089265374293703, 2.752689804610642 ], [ -76.089836442277843, 2.753889056363273 ], [ -76.090236191970149, 2.754403017807002 ], [ -76.090635943001928, 2.755088306862336 ], [ -76.09069304925309, 2.755716480570877 ], [ -76.090978587074218, 2.7559449142801 ], [ -76.091321222198175, 2.755602269143095 ], [ -76.091492548645149, 2.754745662600976 ], [ -76.092063617074629, 2.754060373991272 ], [ -76.09292022415427, 2.753260872781373 ], [ -76.093605511851607, 2.752804017398549 ], [ -76.094176580158731, 2.752404276424509 ], [ -76.094633437334139, 2.751833198956005 ], [ -76.095090293305887, 2.751262130840766 ], [ -76.09543293686778, 2.75074816897986 ], [ -76.09543293712052, 2.750062880267733 ], [ -76.095432936642652, 2.749606024137389 ], [ -76.095832688199124, 2.749320493714329 ], [ -76.096460861002569, 2.749606023584824 ], [ -76.096974823709033, 2.749606024327209 ], [ -76.097317467963592, 2.749263378683334 ] ] ] } },
{ "type": "Feature", "properties": { "TIPO_VIA": 7, "ESTADO_SUP": "Sin Valor", "NUMERO_CAR": "Sin Valor", "ACCESIBILI": "Sin Valor", "NOMBRE_GEO": null, "PROYECTO": null, "SYMBOL": "2", "FECHA": null, "RULEID": 7, "PK_CUE": 2056179.0, "GLOBALID": "{C121927D-B7E6-4982-A9E0-E4554D2C9763}", "EJE_VIAL": null, "SHAPE_Leng": 12733.6880262 }, "geometry": { "type": "MultiLineString", "coordinates": [ [ [ -76.054023767174527, 2.66823872605166 ], [ -76.054033277940505, 2.668273599865092 ], [ -76.054201630934244, 2.668890903874984 ], [ -76.054658487196164, 2.670432791416075 ], [ -76.05482981380861, 2.6716891469862 ], [ -76.054829814179428, 2.672831292171214 ], [ -76.054829814346405, 2.673687899242687 ], [ -76.05420163098627, 2.674830035058017 ], [ -76.053230813020093, 2.676566091624029 ], [ -76.052374205782058, 2.677594015920787 ], [ -76.051746033035329, 2.678679054923099 ], [ -76.051232069883525, 2.679250122869254 ], [ -76.050489676155664, 2.679706979721956 ], [ -76.049690175169019, 2.680449373760684 ], [ -76.048947779825397, 2.681077548068845 ], [ -76.048262500526135, 2.681762836586284 ], [ -76.048205412544604, 2.681919817943094 ], [ -76.047765903112989, 2.682542690872727 ], [ -76.047455983863912, 2.683406133938785 ], [ -76.046939758366634, 2.684476692244296 ], [ -76.046560983592713, 2.685512818353905 ], [ -76.046285245899725, 2.686583582901173 ], [ -76.04614709373719, 2.687447169920138 ], [ -76.045871786621404, 2.687999705256434 ], [ -76.045321730743595, 2.688448368778869 ], [ -76.044651201131131, 2.6888781951962 ], [ -76.044393150863954, 2.689622215356594 ], [ -76.044254882998871, 2.690623989814958 ], [ -76.044082351546422, 2.691522097772122 ], [ -76.043944290398244, 2.692282045942483 ], [ -76.043565856780646, 2.692903590170999 ], [ -76.043565506258133, 2.693318163123963 ], [ -76.043565074628773, 2.693836383363363 ], [ -76.043657098719052, 2.694238944989125 ], [ -76.04377044775039, 2.694734814818596 ], [ -76.044216164613061, 2.695806191400696 ], [ -76.044559132931369, 2.696497444323355 ], [ -76.044848714376926, 2.696762626812709 ], [ -76.045635574949756, 2.697832763258956 ], [ -76.04592111371872, 2.699203332262171 ], [ -76.046092431324709, 2.701202083269275 ], [ -76.046406553653853, 2.702455771594185 ], [ -76.046558683898681, 2.702829211140648 ], [ -76.047149120365432, 2.703698591016148 ], [ -76.048467128143315, 2.704614306834853 ], [ -76.049603667073015, 2.705026848860533 ], [ -76.050558531774527, 2.705164847550915 ], [ -76.051922399199924, 2.705623313424683 ], [ -76.053240334655911, 2.706630495290693 ], [ -76.053576018298287, 2.706887026764352 ] ] ] } },
{ "type": "Feature", "properties": { "TIPO_VIA": 7, "ESTADO_SUP": "Sin Valor", "NUMERO_CAR": "Sin Valor", "ACCESIBILI": "Sin Valor", "NOMBRE_GEO": null, "PROYECTO": null, "SYMBOL": "2", "FECHA": null, "RULEID": 7, "PK_CUE": 2056244.0, "GLOBALID": "{3B7A8218-E8E7-4649-A25E-4D3E6BF5C0D0}", "EJE_VIAL": null, "SHAPE_Leng": 1282.9830203 }, "geometry": { "type": "MultiLineString", "coordinates": [ [ [ -76.223826651932498, 2.698038945145891 ], [ -76.223858227832608, 2.697983077585014 ], [ -76.224295024987924, 2.697210294173293 ], [ -76.225037410674702, 2.696182369014442 ], [ -76.226236660677401, 2.695611300949557 ], [ -76.22760722952205, 2.695611300650467 ], [ -76.229149124598919, 2.695268656569223 ], [ -76.230234154849711, 2.695497081124983 ], [ -76.23091944354212, 2.695611300698209 ], [ -76.231833157180958, 2.69561130072933 ], [ -76.232518437152549, 2.695611301215192 ], [ -76.233427045620942, 2.695649146824512 ], [ -76.234155849640885, 2.69567950132129 ] ] ] } },
{ "type": "Feature", "properties": { "TIPO_VIA": 7, "ESTADO_SUP": "Sin Valor", "NUMERO_CAR": "Sin Valor", "ACCESIBILI": "Sin Valor", "NOMBRE_GEO": null, "PROYECTO": null, "SYMBOL": "2", "FECHA": null, "RULEID": 7, "PK_CUE": 2056261.0, "GLOBALID": "{6E0E98ED-B7ED-499A-91F6-8634571790C5}", "EJE_VIAL": null, "SHAPE_Leng": 3448.9548197300001 }, "geometry": { "type": "MultiLineString", "coordinates": [ [ [ -76.160220900005129, 2.76415690757039 ], [ -76.160278005656707, 2.763528724967768 ], [ -76.160335111152108, 2.762729232934754 ], [ -76.160335110515419, 2.761701300062932 ], [ -76.16079196774254, 2.760559163894491 ], [ -76.161705679941562, 2.759930980949081 ], [ -76.162790719391452, 2.759816768948035 ], [ -76.163580230986994, 2.759491678376821 ], [ -76.163761537777219, 2.759417019238115 ], [ -76.164503922781535, 2.758389095438476 ], [ -76.164732356286379, 2.757189844246343 ], [ -76.16513210577196, 2.75599059275134 ], [ -76.164846568115962, 2.754848456726445 ], [ -76.164332605571602, 2.753306562101029 ], [ -76.163647317016753, 2.751821780636716 ], [ -76.163304680977987, 2.750736741565858 ], [ -76.163190461015191, 2.749194856314962 ], [ -76.163019143329748, 2.747881393313757 ], [ -76.163076249135827, 2.74628239236572 ], [ -76.161250082113398, 2.746274629625778 ], [ -76.161036147851647, 2.74592983917543 ], [ -76.160436765164661, 2.745455519930973 ], [ -76.159837337027483, 2.745024282647888 ], [ -76.159302272537971, 2.744463860301428 ], [ -76.158767183345432, 2.743946511803859 ], [ -76.158488939139502, 2.743666291321969 ], [ -76.157911168795138, 2.742933517269555 ], [ -76.157461491276223, 2.742760860784541 ], [ -76.15692600505696, 2.742760447587952 ], [ -76.156476424972396, 2.742458550756089 ], [ -76.156348101111035, 2.742199989324406 ], [ -76.156134166625293, 2.741855198210037 ], [ -76.155984480584834, 2.741532002073432 ], [ -76.15564189856704, 2.741359425955233 ], [ -76.155299272990035, 2.74125146683947 ], [ -76.155020930227863, 2.741100478369814 ], [ -76.15491814463816, 2.741044719741073 ] ] ] } },
{ "type": "Feature", "properties": { "TIPO_VIA": 7, "ESTADO_SUP": "Sin Valor", "NUMERO_CAR": "Sin Valor", "ACCESIBILI": "Sin Valor", "NOMBRE_GEO": null, "PROYECTO": null, "SYMBOL": "2", "FECHA": null, "RULEID": 7, "PK_CUE": 2056262.0, "GLOBALID": "{9122A6F6-D090-4571-92D4-CA30F08D5863}", "EJE_VIAL": null, "SHAPE_Leng": 12941.4358447 }, "geometry": { "type": "MultiLineString", "coordinates": [ [ [ -76.088009017098543, 2.688981168621502 ], [ -76.087323728307311, 2.687953244312428 ], [ -76.086010266324791, 2.686696887804042 ], [ -76.084925236057259, 2.686011598652412 ], [ -76.083897310812617, 2.685269203605684 ], [ -76.083269127808819, 2.684355492030239 ], [ -76.082526733628626, 2.683613106302049 ], [ -76.081213271019848, 2.682813605127548 ], [ -76.07989981655129, 2.682185422410815 ], [ -76.078986095589102, 2.681728565722815 ], [ -76.078186603845978, 2.68104328576032 ], [ -76.077672632901496, 2.679786929642491 ], [ -76.076930247919591, 2.678759004761985 ], [ -76.07595942909289, 2.677331331266236 ], [ -76.074988602259992, 2.676531829756088 ], [ -76.073618033097731, 2.676132080135047 ], [ -76.072190359321851, 2.676132080015017 ], [ -76.070705577536103, 2.676132080171273 ], [ -76.06904947063876, 2.676132079637404 ], [ -76.067279151866259, 2.676474723769985 ], [ -76.066063910807074, 2.677082336198691 ], [ -76.065908584319729, 2.67716000428064 ], [ -76.064366687738797, 2.67841636134271 ], [ -76.063053225634761, 2.679672718355421 ], [ -76.062653474753702, 2.681043285615951 ], [ -76.06185398411391, 2.682528066547603 ], [ -76.060826051318671, 2.683670212356476 ], [ -76.060083665270227, 2.684698135594285 ], [ -76.059912337624908, 2.685383425445047 ], [ -76.060197877109189, 2.686240031009938 ], [ -76.060483414702162, 2.68721085030286 ], [ -76.060483415060872, 2.687953243871248 ], [ -76.060140770531447, 2.689038275043836 ], [ -76.059912337817423, 2.68995198728402 ], [ -76.059912338348511, 2.691037025970725 ], [ -76.060312089136602, 2.69195073792827 ], [ -76.0601978765242, 2.692578912040377 ], [ -76.059683914520832, 2.693207085584943 ], [ -76.059341270249234, 2.693835268709717 ], [ -76.05916995265693, 2.694577663874274 ], [ -76.059455481637741, 2.695377155088323 ], [ -76.060540520791847, 2.697261695377523 ], [ -76.061968196005807, 2.699717293705758 ], [ -76.062482157671653, 2.700648137006808 ], [ -76.062482157741087, 2.701219214360606 ], [ -76.062139512590718, 2.702132927068396 ], [ -76.061625551407431, 2.703217956757102 ], [ -76.06088315739062, 2.704417208037912 ], [ -76.060369194177142, 2.705273813760736 ], [ -76.059941650086287, 2.705606351799607 ], [ -76.059855231851571, 2.705673563784892 ], [ -76.058998626059335, 2.705844881552208 ], [ -76.058199124733221, 2.705844882451825 ], [ -76.057114095319349, 2.705673563688739 ], [ -76.056200383380968, 2.705673564373551 ], [ -76.055457988268842, 2.705901988202984 ], [ -76.054658487221573, 2.706530171187605 ], [ -76.053801880903606, 2.706815699897396 ], [ -76.053576018298287, 2.706887026764352 ], [ -76.052716851411148, 2.707158345205059 ], [ -76.05168892675745, 2.708757346202141 ], [ -76.050089924591475, 2.711098732929293 ], [ -76.048376711773969, 2.712869051738979 ], [ -76.046834826378117, 2.714068302970173 ], [ -76.045235825137652, 2.714525159125813 ], [ -76.04380815027649, 2.714525159437029 ], [ -76.042922985964381, 2.714268178116617 ], [ -76.041831336224206, 2.713937974856649 ], [ -76.040353175858655, 2.713411570635054 ], [ -76.037897568320602, 2.712440753052622 ], [ -76.036013037211958, 2.711355713578941 ], [ -76.034585353805696, 2.710270684397585 ], [ -76.033271899927286, 2.709699606584625 ], [ -76.031216043344884, 2.709299857136614 ], [ -76.029674147678151, 2.70890011498692 ], [ -76.028075154882245, 2.708157721039487 ], [ -76.027104337231734, 2.707301114277451 ], [ -76.026133509809071, 2.705702113388822 ], [ -76.025334017610248, 2.703988899594491 ], [ -76.024705834569161, 2.702903870301562 ], [ -76.023735016816318, 2.702104368772312 ], [ -76.023049728319521, 2.70147619532969 ], [ -76.022592871810403, 2.700905117737159 ], [ -76.022364447741836, 2.700276943710065 ], [ -76.022307342410741, 2.699477443722603 ], [ -76.022250236023766, 2.698735058216047 ], [ -76.022021803552505, 2.697901287052392 ], [ -76.021736265370464, 2.696873362020632 ], [ -76.021736265258681, 2.695731226347676 ], [ -76.021736264699214, 2.69453197605756 ], [ -76.021793380112015, 2.693618262925897 ], [ -76.021679158792637, 2.692704550582417 ], [ -76.021564947885082, 2.692019262109228 ], [ -76.021393629722539, 2.691219760932667 ] ] ] } },
{ "type": "Feature", "properties": { "TIPO_VIA": 7, "ESTADO_SUP": "Sin Valor", "NUMERO_CAR": "Sin Valor", "ACCESIBILI": "Sin Valor", "NOMBRE_GEO": null, "PROYECTO": null, "SYMBOL": "2", "FECHA": null, "RULEID": 7, "PK_CUE": 2086453.0, "GLOBALID": "{E38E76C5-A0C9-41C6-AD57-979248AF1FB8}", "EJE_VIAL": null, "SHAPE_Leng": 1961.48498382 }, "geometry": { "type": "MultiLineString", "coordinates": [ [ [ -76.108558348246873, 2.732090007105431 ], [ -76.108367535529339, 2.732891413069593 ], [ -76.108082150616667, 2.734090034596173 ], [ -76.107568188591017, 2.735289285667584 ], [ -76.106882900106285, 2.736774066108431 ], [ -76.105969186746009, 2.737687778010897 ], [ -76.104884156907744, 2.738544385228545 ], [ -76.103684905563, 2.73951520307996 ], [ -76.102485655052803, 2.740828666279163 ], [ -76.102085904909487, 2.742199243138868 ], [ -76.102028798646927, 2.743341378914594 ], [ -76.102028798612878, 2.744197986103168 ], [ -76.101686155042074, 2.745054591902234 ], [ -76.101172192866215, 2.74608251717765 ], [ -76.10077244184923, 2.747224662155654 ] ] ] } },
{ "type": "Feature", "properties": { "TIPO_VIA": 7, "ESTADO_SUP": "Sin Valor", "NUMERO_CAR": "Sin Valor", "ACCESIBILI": "Sin Valor", "NOMBRE_GEO": null, "PROYECTO": null, "SYMBOL": "2", "FECHA": null, "RULEID": 7, "PK_CUE": 2056263.0, "GLOBALID": "{405975F1-396D-49B1-A2C6-4B43D0248CCE}", "EJE_VIAL": null, "SHAPE_Leng": 3348.9701182399999 }, "geometry": { "type": "MultiLineString", "coordinates": [ [ [ -76.135045515027286, 2.711600927193513 ], [ -76.134744499151893, 2.712002276370415 ], [ -76.134351395692789, 2.712526406889474 ], [ -76.134132306189031, 2.712839398018454 ], [ -76.133951645884437, 2.713097484091384 ], [ -76.13326636603766, 2.713497226284041 ], [ -76.13263818327006, 2.714011197043082 ], [ -76.131952903324546, 2.714525158730329 ], [ -76.131039190752503, 2.71498201528372 ], [ -76.130296795950827, 2.715553083221476 ], [ -76.12932597788695, 2.715838622381032 ], [ -76.128240938618163, 2.716352584275308 ], [ -76.12761276470313, 2.717094977705538 ], [ -76.12698459076573, 2.717894469785711 ], [ -76.126641945986492, 2.71852265263517 ], [ -76.12658483964222, 2.719265038970292 ], [ -76.126413513862872, 2.720521394754604 ], [ -76.125956656566558, 2.721834858090517 ], [ -76.125042944971312, 2.723319648345164 ], [ -76.12452898335323, 2.725032861165765 ], [ -76.123786588186064, 2.725661034840029 ], [ -76.123215519773069, 2.726403429236358 ], [ -76.122758663986829, 2.727088708774202 ], [ -76.122358913927386, 2.728059526558466 ], [ -76.122244701789299, 2.728916133656874 ], [ -76.121902058206373, 2.729544316989857 ], [ -76.121388094772698, 2.73005827870786 ], [ -76.121159663285482, 2.730914885079564 ], [ -76.120988345117297, 2.731714385994211 ], [ -76.120531489212723, 2.732342560026841 ], [ -76.119846199876278, 2.732799416065464 ], [ -76.119218026202034, 2.733370483641892 ], [ -76.118863334855277, 2.733670341594484 ], [ -76.11781983386966, 2.734552523294653 ] ] ] } },
{ "type": "Feature", "properties": { "TIPO_VIA": 7, "ESTADO_SUP": "Sin Valor", "NUMERO_CAR": "Sin Valor", "ACCESIBILI": "Sin Valor", "NOMBRE_GEO": null, "PROYECTO": null, "SYMBOL": "2", "FECHA": null, "RULEID": 7, "PK_CUE": 2056311.0, "GLOBALID": "{50A0814E-8347-42A1-B843-7390EFA24FE8}", "EJE_VIAL": null, "SHAPE_Leng": 4934.8189589100002 }, "geometry": { "type": "MultiLineString", "coordinates": [ [ [ -76.091066163539352, 2.697948394104579 ], [ -76.092655166945889, 2.695452659128141 ], [ -76.092663243056933, 2.695439975115469 ], [ -76.093634061310482, 2.695439974932506 ], [ -76.095575698373167, 2.695725512865935 ], [ -76.096774948331358, 2.695725513013685 ], [ -76.097403130865345, 2.695611301121601 ], [ -76.097974198839324, 2.695325762653147 ], [ -76.099230555840776, 2.695211550972489 ], [ -76.100772441558263, 2.695097329888801 ], [ -76.102714087689634, 2.694983118318574 ], [ -76.10442729233921, 2.694926012614527 ], [ -76.105455225143544, 2.694926013257811 ], [ -76.106311831980392, 2.69469758938388 ], [ -76.107282649902658, 2.693840981795765 ], [ -76.108881650791204, 2.693155694334839 ], [ -76.110080892703081, 2.692927260943748 ], [ -76.110937499684582, 2.692927261266223 ], [ -76.11167989397164, 2.693212799633726 ], [ -76.112308067922896, 2.69384098190221 ], [ -76.112622164359948, 2.695068781859786 ], [ -76.112736375606246, 2.696096706432119 ], [ -76.112736375846296, 2.697295957434157 ], [ -76.111308701934249, 2.699266150950788 ], [ -76.109938124142943, 2.700408287205481 ], [ -76.108853094176354, 2.701664644401776 ], [ -76.107825169531992, 2.702635461638065 ], [ -76.107311208147564, 2.703606288627354 ], [ -76.107082775227497, 2.70480553137646 ], [ -76.106683024800986, 2.705947675815036 ], [ -76.10639748603586, 2.706918494621147 ], [ -76.105883524008206, 2.708289063385336 ], [ -76.105483773595026, 2.709316996096512 ], [ -76.104969812302073, 2.710173602621834 ], [ -76.104230902127298, 2.710798991906175 ], [ -76.103446134383148, 2.711463197251827 ] ] ] } },
{ "type": "Feature", "properties": { "TIPO_VIA": 7, "ESTADO_SUP": "Sin Valor", "NUMERO_CAR": "Sin Valor", "ACCESIBILI": "Sin Valor", "NOMBRE_GEO": null, "PROYECTO": null, "SYMBOL": "2", "FECHA": null, "RULEID": 7, "PK_CUE": 2056312.0, "GLOBALID": "{2EBA8113-AA60-473F-AECF-D32A7A09000A}", "EJE_VIAL": null, "SHAPE_Leng": 6404.7561782700004 }, "geometry": { "type": "MultiLineString", "coordinates": [ [ [ -76.155416691702143, 2.72843426021987 ], [ -76.155452454358539, 2.728076666626898 ], [ -76.155509568157797, 2.727505590436351 ], [ -76.155623780040116, 2.726877416289414 ], [ -76.155795098285751, 2.726135021551535 ], [ -76.156080635513447, 2.725506847825808 ], [ -76.15625195415636, 2.724935771036011 ], [ -76.157051455170119, 2.7244789140194 ], [ -76.158536235321705, 2.724193385424053 ], [ -76.159392842014981, 2.723850741248801 ], [ -76.159963918833895, 2.723450990375243 ], [ -76.160420774532554, 2.722879922357586 ], [ -76.160534986725708, 2.722423066154968 ], [ -76.160763410071198, 2.721794883108688 ], [ -76.161163161363007, 2.721566459781432 ], [ -76.162076873269399, 2.72156646002502 ], [ -76.163161912392908, 2.721737776572136 ], [ -76.164361163033433, 2.722137527752929 ], [ -76.164932231161629, 2.722480171897106 ], [ -76.165560405290861, 2.722937028164365 ], [ -76.166188587976464, 2.723508096183116 ], [ -76.166873868292114, 2.72447891393463 ], [ -76.167559155751107, 2.725678164932105 ], [ -76.16773047367947, 2.726877415749408 ], [ -76.168301550554361, 2.728247985289826 ], [ -76.169215262772028, 2.729390120858401 ], [ -76.170071870188977, 2.730360948150569 ], [ -76.171042688022851, 2.731103334043588 ], [ -76.171899295392592, 2.732188373396941 ], [ -76.172870112631401, 2.732645229036687 ], [ -76.174012249243646, 2.733102084751214 ], [ -76.17469753794623, 2.733444730136913 ], [ -76.175439932607901, 2.734072904051272 ], [ -76.175782568158908, 2.735215048781475 ], [ -76.176467856597114, 2.735900329285076 ], [ -76.177096030767743, 2.736185866575636 ], [ -76.177724214382295, 2.736185867056041 ], [ -76.178894907111925, 2.735928886326624 ], [ -76.18043679281304, 2.736328635701937 ], [ -76.181464727076843, 2.736728387270727 ], [ -76.182207111836291, 2.737356560397218 ], [ -76.182949506570495, 2.737813417296206 ], [ -76.183977430577116, 2.737870523192668 ], [ -76.18483403806178, 2.738213167377834 ], [ -76.185690643972336, 2.738898447240285 ], [ -76.187175434256957, 2.739983486006602 ], [ -76.188374675709397, 2.740897198187968 ], [ -76.189402609182537, 2.741525371588101 ], [ -76.190144993772577, 2.742039343092007 ], [ -76.190830282971902, 2.742324873223406 ], [ -76.191572678322899, 2.74232487255393 ], [ -76.192429283754521, 2.742153555339667 ], [ -76.194485132622972, 2.741982228372003 ], [ -76.19522752822148, 2.741639592894371 ], [ -76.19608413356444, 2.740897197796037 ], [ -76.197397596707972, 2.740383235559177 ], [ -76.198653954162182, 2.740269024017043 ], [ -76.199225021750109, 2.739926379906919 ] ] ] } },
{ "type": "Feature", "properties": { "TIPO_VIA": 7, "ESTADO_SUP": "Sin Valor", "NUMERO_CAR": "Sin Valor", "ACCESIBILI": "Sin Valor", "NOMBRE_GEO": null, "PROYECTO": null, "SYMBOL": "2", "FECHA": null, "RULEID": 7, "PK_CUE": 2056313.0, "GLOBALID": "{3503A088-E978-44E2-982C-72D38892767D}", "EJE_VIAL": null, "SHAPE_Leng": 1833.3105874 }, "geometry": { "type": "MultiLineString", "coordinates": [ [ [ -76.211360273060961, 2.707403907774934 ], [ -76.211988447166604, 2.706661513839497 ], [ -76.212502408946847, 2.706204656743424 ], [ -76.213130591640862, 2.705804906912249 ], [ -76.214101409709087, 2.705804907263825 ], [ -76.215529084757748, 2.705747800707654 ], [ -76.216499911904549, 2.705633589355263 ], [ -76.217242297980164, 2.705176733438415 ], [ -76.218156009623598, 2.704605655595202 ], [ -76.219298154918036, 2.703806164953818 ], [ -76.220097655526786, 2.702664020410985 ], [ -76.220954262254779, 2.701864518959137 ], [ -76.221696647575612, 2.70072238262747 ], [ -76.222324830655239, 2.6997515557982 ], [ -76.223181436604804, 2.699009169602018 ], [ -76.223552630314188, 2.698523755564531 ], [ -76.223826651932498, 2.698038945145891 ] ] ] } },
{ "type": "Feature", "properties": { "TIPO_VIA": 7, "ESTADO_SUP": "Sin Valor", "NUMERO_CAR": "Sin Valor", "ACCESIBILI": "Sin Valor", "NOMBRE_GEO": null, "PROYECTO": null, "SYMBOL": "2", "FECHA": null, "RULEID": 7, "PK_CUE": 2056314.0, "GLOBALID": "{EDFB43EF-A6E3-47E7-AB9A-28FC043F2A79}", "EJE_VIAL": null, "SHAPE_Leng": 2699.82453201 }, "geometry": { "type": "MultiLineString", "coordinates": [ [ [ -76.207334221325894, 2.724381833596255 ], [ -76.207733972347313, 2.723867870797698 ], [ -76.208019509867711, 2.723353908703202 ], [ -76.208647683962482, 2.722611515239416 ], [ -76.208990328987227, 2.721869128695575 ], [ -76.209561397078645, 2.721355157595417 ], [ -76.210760646948657, 2.720841196410068 ], [ -76.211788572121065, 2.720213022015029 ], [ -76.212588071920365, 2.720155916243101 ], [ -76.214187073345769, 2.72061277159528 ], [ -76.215557642200935, 2.721183839597987 ], [ -76.216528459632528, 2.721469379362632 ], [ -76.21656132065425, 2.721480976207683 ], [ -76.217499279072229, 2.72181201357897 ], [ -76.218070356281928, 2.721812013899771 ], [ -76.218641424180248, 2.721355157772767 ], [ -76.219440924277805, 2.720841195569972 ], [ -76.220354637163808, 2.72021302212476 ], [ -76.221839416581858, 2.719813271768754 ], [ -76.223381311650982, 2.719870376767084 ], [ -76.224694775103558, 2.720555665952421 ], [ -76.225665592608692, 2.720955416802936 ], [ -76.226807728875954, 2.721069628011268 ], [ -76.227550123777007, 2.720841196046118 ], [ -76.228595672822308, 2.720519481646284 ] ] ] } },
{ "type": "Feature", "properties": { "TIPO_VIA": 7, "ESTADO_SUP": "Sin Valor", "NUMERO_CAR": "Sin Valor", "ACCESIBILI": "Sin Valor", "NOMBRE_GEO": null, "PROYECTO": null, "SYMBOL": "2", "FECHA": null, "RULEID": 7, "PK_CUE": 2056315.0, "GLOBALID": "{F5BE82BA-4B5E-4C3F-8358-92096B20136D}", "EJE_VIAL": null, "SHAPE_Leng": 11862.379525599999 }, "geometry": { "type": "MultiLineString", "coordinates": [ [ [ -76.21656132065425, 2.721480976207683 ], [ -76.216985317143283, 2.722554408997766 ], [ -76.217270854529446, 2.724096304445228 ], [ -76.217385067188047, 2.726437690692538 ], [ -76.21772771108067, 2.728379327873927 ], [ -76.217727710520251, 2.729578577730868 ], [ -76.217727711074176, 2.730492290861209 ], [ -76.216871105280205, 2.733290534331622 ], [ -76.216471354793171, 2.73506085266312 ], [ -76.216471355101262, 2.736431431192818 ], [ -76.216471355033761, 2.738030422884699 ], [ -76.216414249215816, 2.739857848245575 ], [ -76.216242922397953, 2.742256349442186 ], [ -76.216471355321445, 2.744197986132492 ], [ -76.216699777726291, 2.745054591614396 ], [ -76.217327961280276, 2.746025410905589 ], [ -76.217956134799365, 2.747395979362536 ], [ -76.217956134508839, 2.748024161843519 ], [ -76.217841922984618, 2.749526074274951 ], [ -76.217385066957618, 2.75066821943036 ], [ -76.216528460377077, 2.751753249073729 ], [ -76.215786066031328, 2.752724067426544 ], [ -76.214415496672544, 2.754151750313476 ], [ -76.213730217003018, 2.75540810743334 ], [ -76.213044928155426, 2.757806600418941 ], [ -76.212816505101245, 2.759291380581168 ], [ -76.212188321742858, 2.761004594027964 ], [ -76.211674359704702, 2.761861199945677 ], [ -76.211046185809451, 2.762889124413864 ], [ -76.210589329811711, 2.764202586908283 ], [ -76.210246685031962, 2.76483076987452 ], [ -76.209561397026178, 2.765230520108881 ], [ -76.209047433544697, 2.765744482166251 ], [ -76.2089903293286, 2.766287002107809 ], [ -76.208990328612117, 2.766858070247964 ], [ -76.208990328513707, 2.767657570334373 ], [ -76.208819011008472, 2.768285743924654 ], [ -76.208019509878739, 2.768856812273 ], [ -76.207105797679475, 2.769199456810751 ], [ -76.20596365284807, 2.769370783107591 ], [ -76.205164151528791, 2.769770533673364 ], [ -76.203964910212818, 2.770741352080972 ], [ -76.203222515887546, 2.771369525574328 ], [ -76.202879870527184, 2.771655064219806 ], [ -76.202137485645395, 2.771883487879065 ], [ -76.201280878962649, 2.771769276104775 ], [ -76.200138733921207, 2.771826381800226 ], [ -76.199510560217931, 2.772340343795849 ], [ -76.198996588591044, 2.772911421315147 ], [ -76.198723278187046, 2.77318473163485 ] ], [ [ -76.188392217097501, 2.771325791296986 ], [ -76.187623225687531, 2.771079110146272 ], [ -76.186817033250719, 2.770584829942055 ], [ -76.186642148767618, 2.769985240128075 ], [ -76.186887990803399, 2.769491751413091 ], [ -76.186713125114736, 2.768856902012222 ], [ -76.186678423128839, 2.768363206182828 ], [ -76.186012484024928, 2.767904292844099 ], [ -76.185977942548632, 2.767199016169124 ], [ -76.184890999773799, 2.766986618794987 ], [ -76.184610303272635, 2.767197983104209 ], [ -76.18383908219451, 2.766844775414827 ], [ -76.182892679745919, 2.766279868755696 ], [ -76.182191508841811, 2.766032500450785 ], [ -76.181455042737227, 2.766102460650445 ], [ -76.180753719316314, 2.766066671621978 ], [ -76.179912221979549, 2.765889721792852 ], [ -76.179316369804937, 2.765501379816232 ], [ -76.17889579563591, 2.765183699591332 ], [ -76.178299700947662, 2.765112723937632 ], [ -76.177142500789259, 2.765076575721413 ], [ -76.176020288524271, 2.765146248752522 ], [ -76.175459102640602, 2.765286870807591 ], [ -76.174757626202052, 2.765462644809426 ], [ -76.174091156686927, 2.765708972418666 ], [ -76.173424840730306, 2.765743718760608 ], [ -76.172407992835332, 2.765601892648459 ], [ -76.171671822638217, 2.765283970079475 ], [ -76.171040846601002, 2.764966128082723 ], [ -76.169989197712084, 2.7644716498299 ], [ -76.169147853662793, 2.764118378789891 ], [ -76.167745475583331, 2.76369415823297 ], [ -76.167114507595272, 2.763376308303995 ], [ -76.166588796042518, 2.762988020294664 ], [ -76.166238498015218, 2.762494081130102 ], [ -76.165327687080961, 2.761259211813008 ], [ -76.164311413576613, 2.760376869313411 ], [ -76.164066344667631, 2.759847751654689 ], [ -76.163680823874273, 2.759565358180192 ], [ -76.163580230986994, 2.759491678376821 ] ] ] } },
{ "type": "Feature", "properties": { "TIPO_VIA": 7, "ESTADO_SUP": "Sin Valor", "NUMERO_CAR": "Sin Valor", "ACCESIBILI": "Sin Valor", "NOMBRE_GEO": null, "PROYECTO": null, "SYMBOL": "2", "FECHA": null, "RULEID": 7, "PK_CUE": 2056316.0, "GLOBALID": "{561C4D48-2819-4BC6-BD78-3248C11CBB33}", "EJE_VIAL": null, "SHAPE_Leng": 4570.2470802600001 }, "geometry": { "type": "MultiLineString", "coordinates": [ [ [ -76.229267809205254, 2.701739971388325 ], [ -76.229234922616072, 2.702492882300358 ], [ -76.229149125352293, 2.704457182630124 ], [ -76.2290920185077, 2.705313788996369 ], [ -76.228806480519282, 2.706227501565926 ], [ -76.228749374603296, 2.707198320313157 ], [ -76.22874937471434, 2.708169137901886 ], [ -76.228977798917043, 2.708854427446412 ], [ -76.22960598209697, 2.709653928000604 ], [ -76.230291261093143, 2.710567640357332 ], [ -76.23086233772807, 2.711367140551337 ], [ -76.230691012163177, 2.712109526405355 ], [ -76.230119944366322, 2.71279481499989 ], [ -76.229377549192307, 2.713422989353332 ], [ -76.228806480750563, 2.714222490049469 ], [ -76.228406730583899, 2.71530752025499 ], [ -76.228349625390678, 2.716221231938732 ], [ -76.228349624770388, 2.717534695027781 ], [ -76.228349624600384, 2.719190802400342 ], [ -76.228595672822308, 2.720519481646284 ], [ -76.228635153982921, 2.720732696966826 ], [ -76.228692269256399, 2.721931939218256 ], [ -76.228692268957246, 2.722902765737586 ], [ -76.228578047626044, 2.723987796819138 ], [ -76.228692268755808, 2.724581709068717 ], [ -76.228977798939411, 2.725723854073813 ], [ -76.229092018631945, 2.726923104977988 ], [ -76.228863586550219, 2.728407884597298 ], [ -76.228977798760596, 2.729892665259997 ], [ -76.22943465475872, 2.731263234347193 ], [ -76.229720192696703, 2.732462485000549 ], [ -76.229720192643654, 2.733604630051547 ], [ -76.229263337370995, 2.735260727627442 ], [ -76.228806481399275, 2.736631297438353 ], [ -76.228645656360456, 2.737596222247412 ], [ -76.228635154034507, 2.737659230317628 ], [ -76.228121192354308, 2.738230297751653 ], [ -76.227378805970361, 2.738572942100039 ], [ -76.226179555623688, 2.738972693078479 ], [ -76.225665593363473, 2.739258221620141 ] ] ] } },
{ "type": "Feature", "properties": { "TIPO_VIA": 7, "ESTADO_SUP": "Sin Valor", "NUMERO_CAR": "Sin Valor", "ACCESIBILI": "Sin Valor", "NOMBRE_GEO": null, "PROYECTO": null, "SYMBOL": "2", "FECHA": null, "RULEID": 7, "PK_CUE": 2056317.0, "GLOBALID": "{42847925-C60E-45B7-B5F8-6458824CEC9F}", "EJE_VIAL": null, "SHAPE_Leng": 3555.2125473400001 }, "geometry": { "type": "MultiLineString", "coordinates": [ [ [ -76.229654371810483, 2.737556777033603 ], [ -76.228914018183858, 2.737585729573673 ], [ -76.228645656360456, 2.737596222247412 ] ] ] } },
{ "type": "Feature", "properties": { "TIPO_VIA": 7, "ESTADO_SUP": "Sin Valor", "NUMERO_CAR": "Sin Valor", "ACCESIBILI": "Sin Valor", "NOMBRE_GEO": null, "PROYECTO": null, "SYMBOL": "2", "FECHA": null, "RULEID": 7, "PK_CUE": 2056385.0, "GLOBALID": "{2DBADCF8-2995-41D5-9EF9-DE1D26D245E0}", "EJE_VIAL": null, "SHAPE_Leng": 3839.9979767300001 }, "geometry": { "type": "MultiLineString", "coordinates": [ [ [ -76.243254570889661, 2.659194121389129 ], [ -76.243882744642164, 2.660164939281872 ], [ -76.244682244504872, 2.661021546377883 ], [ -76.245481745689503, 2.66176393957802 ], [ -76.246680987790484, 2.66244922944993 ], [ -76.247537594038846, 2.66324872139319 ], [ -76.24833709454154, 2.664105326833191 ], [ -76.248736844606995, 2.664847721666669 ], [ -76.248851056929325, 2.66576143405377 ], [ -76.248508412555722, 2.666789359444475 ], [ -76.247594699665754, 2.667703079724805 ], [ -76.246738093943321, 2.668673897982546 ], [ -76.245938601849602, 2.669073648628178 ], [ -76.245196206904808, 2.669359177593246 ], [ -76.245253313167964, 2.669816033952729 ], [ -76.246052813825287, 2.670729747139728 ], [ -76.246680988087448, 2.671814786217515 ], [ -76.247023632173111, 2.67238585395068 ], [ -76.24679520924721, 2.673699316669401 ], [ -76.246738093649327, 2.674841462398927 ], [ -76.245881496153743, 2.675755173649398 ], [ -76.245139100687155, 2.676554675150467 ], [ -76.244510919305043, 2.67706863667308 ], [ -76.244225389324598, 2.677982349318601 ], [ -76.244054061754838, 2.678724735435056 ], [ -76.243482994039653, 2.679524234787827 ], [ -76.243140349662397, 2.680038197300126 ], [ -76.243254571262582, 2.680780592332383 ], [ -76.243711427392725, 2.681808515815717 ], [ -76.244453813334431, 2.682322487281359 ], [ -76.244967774987018, 2.683179094221937 ], [ -76.245424631081136, 2.684749537816753 ], [ -76.245710168655421, 2.685834568412466 ], [ -76.246052813515874, 2.686564674319444 ], [ -76.246055635624515, 2.686570687687018 ] ] ] } },
{ "type": "Feature", "properties": { "TIPO_VIA": 7, "ESTADO_SUP": "Sin Valor", "NUMERO_CAR": "Sin Valor", "ACCESIBILI": "Sin Valor", "NOMBRE_GEO": null, "PROYECTO": null, "SYMBOL": "2", "FECHA": null, "RULEID": 7, "PK_CUE": 2056386.0, "GLOBALID": "{DBC487EB-F72E-4A03-A17B-13A68CD8AC84}", "EJE_VIAL": null, "SHAPE_Leng": 2108.0068471200002 }, "geometry": { "type": "MultiLineString", "coordinates": [ [ [ -76.230633906343513, 2.674812903698617 ], [ -76.231090762062905, 2.67429894209991 ], [ -76.231319195207064, 2.67372787357763 ], [ -76.231661829796806, 2.673156797423843 ], [ -76.231947367953055, 2.67269994077684 ], [ -76.232689762516557, 2.672814161643388 ], [ -76.233660581958119, 2.673099691239328 ], [ -76.234745612030579, 2.673099690974105 ], [ -76.23560221839027, 2.673099690878379 ], [ -76.236515930742925, 2.673099691438179 ], [ -76.237087008025199, 2.673613653024553 ], [ -76.237543864256267, 2.674127624134099 ], [ -76.238172038241473, 2.674298942290227 ], [ -76.239428393649334, 2.674127623562465 ], [ -76.239999462170573, 2.674127624100996 ], [ -76.240798962658673, 2.674298941719544 ], [ -76.240798962595761, 2.675155548235957 ], [ -76.240056568341473, 2.676354798823564 ], [ -76.239885250537924, 2.677382724089338 ], [ -76.239885251079485, 2.678068003392188 ], [ -76.240342107345015, 2.678524869124155 ], [ -76.240741857213507, 2.679210147732503 ], [ -76.240456318835911, 2.680009649154754 ], [ -76.240113674359307, 2.680752044010382 ] ] ] } },
{ "type": "Feature", "properties": { "TIPO_VIA": 7, "ESTADO_SUP": "Sin Valor", "NUMERO_CAR": "Sin Valor", "ACCESIBILI": "Sin Valor", "NOMBRE_GEO": null, "PROYECTO": null, "SYMBOL": "2", "FECHA": null, "RULEID": 7, "PK_CUE": 2086460.0, "GLOBALID": "{6CF75677-7881-4F49-BA54-F0C287314F59}", "EJE_VIAL": null, "SHAPE_Leng": 4342.52322938 }, "geometry": { "type": "MultiLineString", "coordinates": [ [ [ -76.211046186246335, 2.692521805583548 ], [ -76.210360897093196, 2.692064949730113 ], [ -76.209447185171712, 2.692122056301521 ], [ -76.208247934030936, 2.692807345410235 ], [ -76.206534720579668, 2.693149980402874 ], [ -76.205506796588537, 2.693264201154774 ], [ -76.203907804218332, 2.693321307352781 ], [ -76.201737734963515, 2.693892374666889 ], [ -76.200024522315161, 2.694463443067452 ], [ -76.198254202904863, 2.695148731803195 ], [ -76.196997845542271, 2.695548481760279 ], [ -76.195570171805812, 2.696119550208791 ], [ -76.194770671069136, 2.696690617988828 ], [ -76.193342997118322, 2.697147474228733 ], [ -76.191972427705096, 2.69731880067302 ], [ -76.190373427236779, 2.697946974992433 ], [ -76.189402609244482, 2.698403830952572 ], [ -76.188717320147617, 2.699203331599327 ], [ -76.187860713243779, 2.700402583122873 ], [ -76.187004106519026, 2.700802332608439 ], [ -76.186877068055608, 2.700811407188408 ], [ -76.186060170610176, 2.70061513949637 ], [ -76.18537213381191, 2.700757492152632 ], [ -76.184636647083565, 2.700911706611878 ], [ -76.183687631884482, 2.700852393568542 ], [ -76.181931952429679, 2.701137098544575 ], [ -76.180888035983727, 2.701208274728752 ], [ -76.180608119835355, 2.701830256675339 ], [ -76.179465975316361, 2.702172901815675 ], [ -76.179320084327955, 2.70246468213813 ], [ -76.179320084327955, 2.70246468213813 ], [ -76.178883240531917, 2.702833463966313 ], [ -76.178740887600341, 2.703296108850945 ], [ -76.178609368684818, 2.704057432370371 ], [ -76.178380945111726, 2.704514289422227 ], [ -76.177924088922225, 2.704856932624191 ], [ -76.177243938297408, 2.705018871825627 ], [ -76.176635742762159, 2.705163680942497 ] ] ] } },
{ "type": "Feature", "properties": { "TIPO_VIA": 7, "ESTADO_SUP": "Sin Valor", "NUMERO_CAR": "Sin Valor", "ACCESIBILI": "Sin Valor", "NOMBRE_GEO": null, "PROYECTO": null, "SYMBOL": "2", "FECHA": null, "RULEID": 7, "PK_CUE": 2056387.0, "GLOBALID": "{F86C60AD-0EAD-4F23-B2FC-2928A7F4006A}", "EJE_VIAL": null, "SHAPE_Leng": 6284.5975769300003 }, "geometry": { "type": "MultiLineString", "coordinates": [ [ [ -76.210929692043266, 2.659295594622771 ], [ -76.210724004675285, 2.659295450757173 ], [ -76.210610421987681, 2.659392576852355 ], [ -76.210536184545802, 2.659467128005051 ], [ -76.210433848896159, 2.659552961585815 ], [ -76.210382106142958, 2.659610005291912 ], [ -76.210342714843406, 2.65968458272825 ], [ -76.210307762018175, 2.659845057675406 ], [ -76.210228943861352, 2.660051292644539 ], [ -76.210171531589083, 2.660177281668915 ], [ -76.209983694591841, 2.660377219896104 ], [ -76.209777961570396, 2.660446022046145 ], [ -76.20956212415895, 2.660491655728235 ], [ -76.209424977693004, 2.660520384846387 ], [ -76.209174304055949, 2.66057163279513 ], [ -76.208923557059904, 2.660708797378862 ], [ -76.20887182266604, 2.660754539172189 ], [ -76.208695358049738, 2.660765722856048 ], [ -76.208359316136097, 2.660725362340325 ], [ -76.208079580876557, 2.660525101314403 ], [ -76.207943673987785, 2.660381459906184 ], [ -76.207869607506154, 2.660209602781348 ], [ -76.207755108654098, 2.660003808087247 ], [ -76.207503787297298, 2.659344659793048 ], [ -76.207459105242776, 2.658943930719854 ], [ -76.207407632047534, 2.65860028142099 ], [ -76.207344947313146, 2.658234010424049 ], [ -76.20730457697573, 2.658096091990417 ], [ -76.207264206980028, 2.657953079651739 ], [ -76.207241802759171, 2.657850204897463 ], [ -76.207212786867274, 2.657546691265913 ], [ -76.207242089839696, 2.657431986321256 ], [ -76.207287113982119, 2.657328589285239 ], [ -76.2073951627345, 2.657117296813772 ], [ -76.207549305015718, 2.656882296815708 ], [ -76.207571844018531, 2.656790759363768 ], [ -76.207668789557232, 2.656378261587099 ], [ -76.207646610987752, 2.655943081554669 ], [ -76.207697436944557, 2.655571242165747 ], [ -76.207674071716141, 2.655227609751164 ], [ -76.207628357190259, 2.654694630066055 ], [ -76.207526245025846, 2.654442500074831 ], [ -76.20749709514908, 2.654328323721657 ], [ -76.207428742209018, 2.654024782587587 ], [ -76.207372623803835, 2.653915673781611 ], [ -76.207063990169956, 2.65323952991402 ], [ -76.206853955246885, 2.653021796688635 ], [ -76.206785459291225, 2.652930194868556 ], [ -76.206665290987317, 2.652792779712581 ], [ -76.206368801889397, 2.652437657831922 ], [ -76.206255389705845, 2.65227707510176 ], [ -76.206009421679965, 2.652019196209817 ], [ -76.205866778935444, 2.651864245189226 ], [ -76.205838741789478, 2.651772671449397 ], [ -76.205787178886652, 2.651566346114223 ], [ -76.205759186827166, 2.651412042361747 ], [ -76.205730045695205, 2.651291641284134 ], [ -76.205690816928083, 2.651137328835576 ], [ -76.20579894671468, 2.650793785891072 ], [ -76.205810257087151, 2.650701673148549 ], [ -76.205793494194779, 2.650558679179384 ], [ -76.205621727055245, 2.650255074873666 ], [ -76.205405052991495, 2.649894357117848 ], [ -76.205302887899819, 2.649728123843587 ], [ -76.205143391646715, 2.649561862664533 ], [ -76.20504680459473, 2.649464585336116 ], [ -76.204960297956475, 2.649401226641692 ], [ -76.20465915484138, 2.649286862207179 ], [ -76.204499597338938, 2.649229100132592 ], [ -76.204316420629993, 2.649183195804042 ], [ -76.204174810793901, 2.649160495781513 ], [ -76.204060186390848, 2.649131587888724 ], [ -76.203837699687597, 2.649051189261983 ], [ -76.203621906668516, 2.649034085111379 ], [ -76.203410641089732, 2.648988154244539 ], [ -76.203245512590271, 2.648850146312632 ], [ -76.20305119825106, 2.648649947750448 ], [ -76.202823152135181, 2.648483632663396 ], [ -76.202737766793049, 2.648426492353328 ], [ -76.202583849073775, 2.648334262286812 ], [ -76.202355757864893, 2.648219941722072 ], [ -76.202236694829381, 2.648110787603213 ], [ -76.202116491752847, 2.648024800769738 ], [ -76.201832175327169, 2.647956223800273 ], [ -76.201119765718047, 2.647686145379873 ], [ -76.200982656070352, 2.647674745015577 ], [ -76.200817437840385, 2.64766332819589 ], [ -76.200544287182765, 2.647703267444216 ], [ -76.200453215774047, 2.647754633054769 ], [ -76.200378969921005, 2.647840484679036 ], [ -76.200321594824089, 2.647920695219188 ], [ -76.200252901148914, 2.648115630313171 ], [ -76.200253835141993, 2.648395949312765 ], [ -76.200304311142872, 2.648538970433734 ], [ -76.200572763963891, 2.648796866618509 ], [ -76.200869343376226, 2.64900335355021 ], [ -76.200994065075491, 2.649066739091366 ], [ -76.201153624295245, 2.649129575884028 ], [ -76.201245719320511, 2.649226845720361 ], [ -76.20131978454107, 2.64939306093306 ], [ -76.201353373333632, 2.649582408386324 ], [ -76.201234121882933, 2.649754129808835 ], [ -76.201011474385254, 2.649896961776658 ], [ -76.200857476299561, 2.64992568106492 ], [ -76.200652911691407, 2.649925537020848 ], [ -76.200452865767886, 2.649902225834761 ], [ -76.200311246073454, 2.649902126825051 ], [ -76.200133640982997, 2.649925178214944 ], [ -76.199780675377383, 2.649993315365944 ], [ -76.199558044606704, 2.650107886222695 ], [ -76.199227447296209, 2.650336542867358 ], [ -76.199119488009586, 2.65041671788761 ], [ -76.198892339758117, 2.650577067318029 ], [ -76.198755068191829, 2.65078890779171 ], [ -76.19856154372701, 2.651080958870555 ], [ -76.198373625187457, 2.651395612279829 ], [ -76.19797986737197, 2.651939587131614 ], [ -76.197735758748138, 2.652242903147763 ], [ -76.19750176531241, 2.652540577605695 ], [ -76.197291406681813, 2.652798143119177 ], [ -76.197034857400197, 2.653215608002991 ], [ -76.19686946813485, 2.653456248635189 ], [ -76.196629887734801, 2.653702495192335 ], [ -76.196521838258832, 2.653925653675558 ], [ -76.196248390558054, 2.654395104568353 ], [ -76.196116733992895, 2.654612596254285 ], [ -76.196049189878892, 2.654761185910105 ], [ -76.195848927850108, 2.65504757788182 ], [ -76.195712788587898, 2.655248117786977 ], [ -76.195661019221674, 2.655350939317747 ], [ -76.19556986721625, 2.655511378762496 ], [ -76.195359435635254, 2.655871801104932 ], [ -76.195120807910115, 2.656375755336632 ], [ -76.19513199159843, 2.656456011335838 ], [ -76.195154395650675, 2.656553236051309 ], [ -76.195189088775948, 2.656776494380361 ], [ -76.195217062012134, 2.656960189715099 ], [ -76.195228237121825, 2.65705175597498 ], [ -76.195240472020373, 2.657240519337637 ], [ -76.195246032580272, 2.65732643423515 ], [ -76.195234669022994, 2.657498226767005 ], [ -76.195165884897889, 2.657824837136778 ], [ -76.195102859255073, 2.657938958624255 ], [ -76.194989160203434, 2.658196587343984 ], [ -76.194897935773639, 2.658460448900994 ], [ -76.194819134864076, 2.658643506857047 ], [ -76.194767356759826, 2.658751979241153 ], [ -76.194687424888613, 2.658929944417315 ], [ -76.194664885698316, 2.659021482830907 ], [ -76.194664850282123, 2.659078570997806 ], [ -76.194722081873635, 2.659198989718161 ], [ -76.194772630081999, 2.659250453675033 ], [ -76.194875990069136, 2.659313254802127 ], [ -76.195302905150797, 2.659588786760109 ], [ -76.195400615010243, 2.659697365818648 ], [ -76.195474699207807, 2.659835311303802 ], [ -76.19553080807556, 2.659967031275387 ], [ -76.195565555189702, 2.66011569274709 ], [ -76.195559769289829, 2.660350792211742 ], [ -76.195502286402146, 2.660579636611757 ], [ -76.195462886139893, 2.660671167438639 ], [ -76.195388639877066, 2.660757019201148 ], [ -76.195303175111917, 2.660819694132173 ], [ -76.195206452949378, 2.660911744882803 ], [ -76.195167080261015, 2.660957496068239 ], [ -76.194938800043133, 2.661123485902097 ], [ -76.19481281076753, 2.661277691061652 ], [ -76.194613619303411, 2.661632462805931 ], [ -76.194551581278276, 2.661942130385973 ], [ -76.194357859783736, 2.662514492219674 ], [ -76.194255334510373, 2.662874986358148 ], [ -76.194238347565104, 2.663052438953224 ], [ -76.194369537871097, 2.663505216721286 ], [ -76.194380587241696, 2.663786110922604 ], [ -76.194415378806298, 2.663860167628828 ], [ -76.194471434330595, 2.664060833662042 ], [ -76.19452285269125, 2.664473439085956 ], [ -76.194551905058404, 2.664713647571443 ], [ -76.194609002236703, 2.665040348447109 ], [ -76.194655004002911, 2.665148891275793 ], [ -76.194683031822706, 2.665263633152182 ], [ -76.194688573899896, 2.665366499025212 ], [ -76.194693954961721, 2.665715763762617 ], [ -76.194695006215213, 2.665813536557912 ], [ -76.194682583073572, 2.66590508394758 ], [ -76.19464312917512, 2.66606555930422 ], [ -76.194598041907383, 2.666248635560253 ], [ -76.194603485878204, 2.66650070295398 ], [ -76.194637073542992, 2.666695143387084 ], [ -76.194688690994838, 2.666815552843131 ], [ -76.19471786798654, 2.666878310204129 ], [ -76.194786275187383, 2.667102151625583 ], [ -76.194894064221245, 2.667274036098656 ], [ -76.194979350269151, 2.667462860657488 ], [ -76.195036599877639, 2.667571980292299 ], [ -76.195071238604058, 2.667869834017309 ], [ -76.19510468269597, 2.668253038254583 ], [ -76.195133734221187, 2.668499462776206 ], [ -76.195150406585952, 2.668774706747102 ], [ -76.195190625116226, 2.669123998597101 ], [ -76.195105087051289, 2.669290097804668 ], [ -76.195019450686985, 2.669604821949557 ], [ -76.195042699246713, 2.67011460728315 ], [ -76.195059443871358, 2.670268911046377 ], [ -76.195088603036325, 2.670366701551719 ], [ -76.195110862657714, 2.670687158342313 ], [ -76.195162408985013, 2.670910434431762 ], [ -76.195310576695874, 2.671185767158367 ], [ -76.19553853339518, 2.671500717232353 ], [ -76.195658691971559, 2.671643790612903 ], [ -76.195806787967996, 2.672033282964381 ], [ -76.195921279008132, 2.672257170260138 ], [ -76.196023408317828, 2.672480472659644 ], [ -76.196023299825185, 2.672629109199415 ], [ -76.196102935810629, 2.672869920160419 ], [ -76.196262350740554, 2.673144696840017 ], [ -76.196376832147109, 2.673385534791087 ], [ -76.196496874229538, 2.673711712629354 ], [ -76.196565280895342, 2.673929347640661 ], [ -76.19664488012701, 2.674227238251832 ], [ -76.19675360376857, 2.674651189246438 ], [ -76.19679283326785, 2.674811717774709 ], [ -76.196576689294176, 2.675298165423454 ], [ -76.196513546531335, 2.675584656345705 ], [ -76.196468460061652, 2.675767731830572 ], [ -76.196423445710124, 2.675847952290795 ], [ -76.196217488898156, 2.676237200909597 ], [ -76.196131898017043, 2.67647789628362 ], [ -76.196064298853415, 2.676706731830103 ], [ -76.195870658080011, 2.677159286120471 ], [ -76.195722005217291, 2.677559871266341 ], [ -76.195665699238731, 2.677714687206293 ], [ -76.195642045780843, 2.677788707745261 ], [ -76.195602636849671, 2.677892104327544 ], [ -76.195409031997386, 2.678292662993626 ] ] ] } },
{ "type": "Feature", "properties": { "TIPO_VIA": 7, "ESTADO_SUP": "Sin Valor", "NUMERO_CAR": "Sin Valor", "ACCESIBILI": "Sin Valor", "NOMBRE_GEO": null, "PROYECTO": null, "SYMBOL": "2", "FECHA": null, "RULEID": 7, "PK_CUE": 2056388.0, "GLOBALID": "{0BA61CA6-CE64-4E01-9DEC-89D01A68083E}", "EJE_VIAL": null, "SHAPE_Leng": 3175.8385546 }, "geometry": { "type": "MultiLineString", "coordinates": [ [ [ -76.188060589208277, 2.660770277920089 ], [ -76.188974300994047, 2.662369279110627 ], [ -76.18977380234935, 2.664824877715763 ], [ -76.190744620249674, 2.66733759129273 ], [ -76.191030157689113, 2.669107910203257 ], [ -76.191601225544119, 2.670821122958105 ], [ -76.192172302911985, 2.672191692192976 ], [ -76.192743370872194, 2.672934087315026 ], [ -76.193771296357667, 2.673505155294623 ], [ -76.194056833704252, 2.67424754900664 ], [ -76.194056833673656, 2.675332578921786 ], [ -76.194570796382791, 2.676817360349442 ], [ -76.194913440517027, 2.678016610611508 ], [ -76.195409031997386, 2.678292662993626 ], [ -76.195256075818179, 2.679215861788492 ], [ -76.195541615391903, 2.680472218042142 ], [ -76.195884258798699, 2.681443036841693 ], [ -76.196512432746061, 2.682470961399699 ], [ -76.197483259788072, 2.683384673040421 ], [ -76.198339857713094, 2.68458392415266 ], [ -76.199025145977799, 2.6852120977671 ], [ -76.199653320126188, 2.685840281442935 ] ] ] } },
{ "type": "Feature", "properties": { "TIPO_VIA": 7, "ESTADO_SUP": "Sin Valor", "NUMERO_CAR": "Sin Valor", "ACCESIBILI": "Sin Valor", "NOMBRE_GEO": null, "PROYECTO": null, "SYMBOL": "2", "FECHA": null, "RULEID": 7, "PK_CUE": 2056391.0, "GLOBALID": "{97AA52A2-F125-4BA8-9E9A-977AF06F5080}", "EJE_VIAL": null, "SHAPE_Leng": 16173.0150858 }, "geometry": { "type": "MultiLineString", "coordinates": [ [ [ -76.085683406471944, 2.663731089587481 ], [ -76.085700607365283, 2.66373739542642 ], [ -76.086095605684648, 2.663969538153371 ], [ -76.086457672314253, 2.664201654230454 ], [ -76.086985171273582, 2.664666693194482 ], [ -76.088066123147428, 2.665121833731785 ], [ -76.088808517809355, 2.66575001676386 ], [ -76.089550904372359, 2.666321084762754 ], [ -76.089606321030985, 2.666443004198159 ], [ -76.089090203116655, 2.666753848234886 ], [ -76.088694673710023, 2.6671840596135 ], [ -76.088364902532462, 2.667746791902252 ], [ -76.088331547971478, 2.668276654442178 ], [ -76.088627534056144, 2.668773655806663 ], [ -76.089379585538495, 2.669049358327517 ], [ -76.089713983823458, 2.669171950662023 ], [ -76.090010130836021, 2.669470246327437 ], [ -76.08954887293342, 2.669734818281728 ], [ -76.089379585920526, 2.66992602361069 ], [ -76.089285173327369, 2.670032663248771 ], [ -76.088823591906703, 2.67069465013726 ], [ -76.089152679669553, 2.670992970977671 ], [ -76.08997603973863, 2.670927403121931 ], [ -76.090535888411139, 2.670889026760366 ], [ -76.090931128895889, 2.670861934374647 ], [ -76.091391991835636, 2.671094129908649 ], [ -76.091852808546733, 2.671392569389364 ], [ -76.091915898370743, 2.671505558651833 ], [ -76.092148776859901, 2.671922690849549 ], [ -76.092741242761718, 2.672320581989244 ], [ -76.093301199136803, 2.672188556665206 ], [ -76.094016995189889, 2.672189132359718 ], [ -76.094124504985643, 2.67218922229817 ], [ -76.09416577423039, 2.672234936989423 ], [ -76.094453539969265, 2.672553784819901 ], [ -76.094848358783167, 2.673017747332397 ], [ -76.095078308559749, 2.673746523356284 ], [ -76.095110657816278, 2.674475146096085 ], [ -76.095208798752537, 2.67530316887444 ], [ -76.095537698640257, 2.675833317880016 ], [ -76.09587095569394, 2.676220626789012 ], [ -76.095889793401909, 2.676314823776291 ], [ -76.096289543766304, 2.677399854012221 ], [ -76.096460860750753, 2.677970921656522 ], [ -76.096754017644159, 2.678583070108185 ], [ -76.096753514917552, 2.679212312920865 ], [ -76.096654349620522, 2.67967588018721 ], [ -76.0962257269573, 2.680304773402841 ], [ -76.095698300248628, 2.680933583940944 ], [ -76.095434419223579, 2.681463258076488 ], [ -76.095236295939728, 2.682125460025734 ], [ -76.095005402180604, 2.682588918693965 ], [ -76.094807297289691, 2.683218000346287 ], [ -76.094708050979165, 2.683780919983992 ], [ -76.094740775567487, 2.684045886847249 ], [ -76.095333566088001, 2.684046362938385 ], [ -76.095695874098524, 2.683980427185487 ], [ -76.096061111209039, 2.683738735359686 ], [ -76.096276976172746, 2.684141684315497 ], [ -76.096485942220582, 2.684378471063503 ], [ -76.097012175806839, 2.685239964343797 ], [ -76.097242386729889, 2.685637558220044 ], [ -76.097702998414888, 2.686200937068316 ], [ -76.098229024141759, 2.687327361136789 ], [ -76.097767523953465, 2.687889994084088 ], [ -76.09765111071026, 2.687861805052488 ], [ -76.096944362390147, 2.687690622008942 ], [ -76.096253216056539, 2.687127063788685 ], [ -76.095825492323769, 2.686629954385494 ], [ -76.095462914133293, 2.687027071845359 ], [ -76.095791678945233, 2.687722808622192 ], [ -76.095988779097155, 2.688352212996107 ], [ -76.095823479973888, 2.689146898686708 ], [ -76.095921639280149, 2.689941808626839 ], [ -76.096382277243649, 2.690472067016341 ], [ -76.09677741892952, 2.690538623109359 ], [ -76.097007710782449, 2.690836872070806 ], [ -76.097073044741634, 2.69149928120025 ], [ -76.09671041312555, 2.691962631585409 ], [ -76.096452597377336, 2.692456634297797 ], [ -76.096347593360491, 2.692657810584067 ], [ -76.095622723832079, 2.693087753728226 ], [ -76.094831937019919, 2.693583885326816 ], [ -76.094238932887535, 2.693848348568829 ], [ -76.093437805799624, 2.694126484944094 ], [ -76.093382442709071, 2.69414570908751 ], [ -76.092822342771839, 2.694443311981317 ], [ -76.092492931278429, 2.694542404812758 ], [ -76.092130451835331, 2.694807049255434 ], [ -76.092097177947224, 2.695237548301335 ], [ -76.092170579681536, 2.695265845272227 ], [ -76.092096854522225, 2.695634962654556 ], [ -76.091832939292971, 2.69619774865455 ], [ -76.091404513918135, 2.696561701154465 ], [ -76.090821948348577, 2.696601621702195 ], [ -76.090449406678118, 2.696627151885685 ], [ -76.089823838923337, 2.69642794173657 ], [ -76.089560667793265, 2.696063431721793 ], [ -76.089506175655927, 2.695953603751983 ], [ -76.08916611907766, 2.695268280333631 ], [ -76.088342794727041, 2.695267614861695 ], [ -76.087848803214371, 2.695267211323482 ], [ -76.087091315907131, 2.69529970308241 ], [ -76.086923583381449, 2.695291133051182 ], [ -76.086483704687865, 2.69526865676459 ], [ -76.086432688856689, 2.695266052077201 ], [ -76.086422277520924, 2.695268657044769 ], [ -76.085510379614405, 2.695497115786728 ], [ -76.08546701916724, 2.695536292185437 ], [ -76.085125110591221, 2.696068158149164 ], [ -76.084945528850128, 2.696531139877797 ], [ -76.085090580290384, 2.696529118850427 ], [ -76.085476613253107, 2.696523737653631 ], [ -76.085805998168112, 2.696457774599878 ], [ -76.086300179261116, 2.696226351436859 ], [ -76.086629536815835, 2.696193508369033 ], [ -76.086991656784988, 2.696359391042574 ], [ -76.087617306621425, 2.696459256682171 ], [ -76.088144178273907, 2.696525920574527 ], [ -76.088473482285764, 2.69655931065741 ], [ -76.089263577049977, 2.696924252429548 ], [ -76.089757202031521, 2.697388304324957 ], [ -76.090547350723753, 2.697687003398679 ], [ -76.091066163539352, 2.697948394104579 ], [ -76.091139906091698, 2.697985548698061 ], [ -76.091468779885261, 2.698548818993176 ], [ -76.091895488030062, 2.698947914082093 ], [ -76.091929499400109, 2.698979723236017 ], [ -76.091972483166657, 2.698953833737953 ], [ -76.092917969276172, 2.698384409923618 ], [ -76.093148817648654, 2.697987184368101 ], [ -76.09347831071139, 2.697788746155553 ], [ -76.094531819264361, 2.698220134859227 ], [ -76.094762056741956, 2.698584617385331 ], [ -76.094860485594396, 2.699048345430024 ], [ -76.094860037400778, 2.69961134690011 ], [ -76.095188891789334, 2.700207728940809 ], [ -76.09555080511592, 2.700638560968481 ], [ -76.096077362403804, 2.701102630710664 ], [ -76.096208614604933, 2.701698860902361 ], [ -76.096109233762462, 2.702427366807312 ], [ -76.09601008674413, 2.70285782203053 ], [ -76.096272996833207, 2.703553513452569 ], [ -76.096634783658118, 2.704149923304756 ], [ -76.096963791919336, 2.704547606585018 ], [ -76.096996274729534, 2.70511063530738 ], [ -76.097028811621428, 2.705607429936224 ], [ -76.097358062996705, 2.705707044889373 ], [ -76.098049926833085, 2.705376428966325 ], [ -76.098346246323899, 2.70547602520248 ], [ -76.098708222407694, 2.705840614670345 ], [ -76.099234859317662, 2.706205339899193 ], [ -76.099662197179327, 2.70719921786313 ], [ -76.099693744644057, 2.707231001001208 ], [ -76.100155802755097, 2.707696391053436 ], [ -76.100452228571086, 2.707663511918969 ], [ -76.101110874161947, 2.707697163289501 ], [ -76.101170818290811, 2.707717313441884 ], [ -76.101703509852939, 2.707896346820344 ], [ -76.1022959403371, 2.708360479154044 ], [ -76.102723573612295, 2.708990064219214 ], [ -76.102854881299649, 2.709520051590296 ], [ -76.103086332148536, 2.709795564949496 ], [ -76.103216803038379, 2.709950874917556 ], [ -76.103446709092509, 2.710745893235537 ], [ -76.103446134383148, 2.711463197251827 ], [ -76.103446124538891, 2.711474488640769 ], [ -76.103379704204315, 2.712169911202144 ], [ -76.103379065808781, 2.712964731255076 ], [ -76.10344456217328, 2.713428441693251 ], [ -76.10357623672634, 2.713494781762826 ], [ -76.104268002720531, 2.713296631707179 ], [ -76.104893877124496, 2.713131548746222 ], [ -76.10522342412014, 2.712866868579208 ], [ -76.105388039933942, 2.712933245353254 ], [ -76.105453536098423, 2.713396982816292 ], [ -76.105551776097741, 2.714092503046882 ], [ -76.105946531751101, 2.714655818581015 ], [ -76.10594621741069, 2.715053233943984 ], [ -76.106308301016938, 2.715285358173165 ], [ -76.107131642940104, 2.715286022772736 ], [ -76.107724603058372, 2.715087792221857 ], [ -76.108416261149813, 2.715022107073833 ], [ -76.108976343075739, 2.714757616113225 ], [ -76.109470478737691, 2.71459242496582 ], [ -76.1097997653292, 2.714658926708354 ], [ -76.110721831930391, 2.714759025947407 ], [ -76.111610985003338, 2.714825978253085 ], [ -76.112368462334842, 2.714826579689935 ], [ -76.113257640742106, 2.714860409580779 ], [ -76.113837908232867, 2.714834349894455 ], [ -76.113982213945278, 2.714827873055081 ], [ -76.114179708365924, 2.71496050925969 ], [ -76.113915791557133, 2.715523294852809 ], [ -76.113619024798879, 2.715986708977836 ], [ -76.113256518845603, 2.716284481932397 ], [ -76.112603556867086, 2.717128677560985 ], [ -76.111671030124256, 2.71692074917987 ], [ -76.111444580554149, 2.717011623702135 ], [ -76.1111148453721, 2.717508132211282 ], [ -76.110653327140142, 2.718070763642233 ], [ -76.110554259669911, 2.718401856697121 ], [ -76.110704629721084, 2.719295932099472 ], [ -76.110907160579387, 2.719772476755769 ], [ -76.110717618969105, 2.720057892029993 ], [ -76.110717295633009, 2.720455305592984 ] ] ] } },
{ "type": "Feature", "properties": { "TIPO_VIA": 7, "ESTADO_SUP": "Sin Valor", "NUMERO_CAR": "Sin Valor", "ACCESIBILI": "Sin Valor", "NOMBRE_GEO": null, "PROYECTO": null, "SYMBOL": "2", "FECHA": null, "RULEID": 7, "PK_CUE": 2056392.0, "GLOBALID": "{7891E930-AF76-4E90-8C0A-A15B8A953E4B}", "EJE_VIAL": null, "SHAPE_Leng": 11243.279003600001 }, "geometry": { "type": "MultiLineString", "coordinates": [ [ [ -76.03521775901693, 2.613482099363814 ], [ -76.035188500975593, 2.613531811819096 ], [ -76.03510862337582, 2.613640812942774 ], [ -76.035028725639492, 2.613754898915849 ], [ -76.034926201536294, 2.614069031418271 ], [ -76.03485006048804, 2.614388961972561 ] ], [ [ -76.031753441332924, 2.644616065442349 ], [ -76.031514993091662, 2.644676959680694 ], [ -76.031202540653183, 2.644677264747042 ], [ -76.030859788705826, 2.644631774264237 ], [ -76.030768753565056, 2.644632259127772 ], [ -76.030489970927846, 2.644706631279244 ], [ -76.030045923650761, 2.644826627680438 ], [ -76.028985992928042, 2.644941602982179 ], [ -76.028679165059572, 2.644947558733028 ], [ -76.02820038914868, 2.644942078615404 ], [ -76.027573392217448, 2.644771453225984 ], [ -76.027072248981412, 2.644629187298826 ], [ -76.026769975081052, 2.644560556272566 ], [ -76.026610407123741, 2.644532159656791 ], [ -76.02644518867524, 2.644532591201339 ], [ -76.026205824008727, 2.644498482078125 ], [ -76.02612604503534, 2.644475242911106 ], [ -76.0260013136607, 2.644458758801301 ], [ -76.02584733257855, 2.644464273732524 ], [ -76.025687739370511, 2.644458489427848 ], [ -76.025568612869364, 2.644453306310409 ], [ -76.025409135101171, 2.64431019503887 ], [ -76.025254220953542, 2.64409362079797 ], [ -76.02504893840333, 2.64361931026514 ], [ -76.02495241405353, 2.643459868039619 ], [ -76.024872804822138, 2.643231488685295 ], [ -76.024821268777785, 2.643037040028005 ], [ -76.024764189641701, 2.642740299944419 ], [ -76.024701567680737, 2.642357661721672 ], [ -76.024627645696327, 2.642049037040927 ], [ -76.024604164117406, 2.641900393354829 ], [ -76.024581958193949, 2.641574860907786 ], [ -76.024552915137718, 2.641357827741075 ], [ -76.024524060836114, 2.640912479838752 ], [ -76.024489416792392, 2.640621448217693 ], [ -76.024486116056735, 2.640593721066721 ], [ -76.024404935893727, 2.640906730422927 ], [ -76.024325074959634, 2.64098691408 ], [ -76.024267610415862, 2.641158097312962 ], [ -76.024228011880481, 2.641472273891321 ], [ -76.02419400201299, 2.641832229276308 ], [ -76.024097146202891, 2.642077981236518 ], [ -76.024092466292217, 2.642294986816708 ], [ -76.024075235697211, 2.642746506904065 ], [ -76.024097459644665, 2.64305452087632 ], [ -76.024143175389739, 2.643500444881073 ], [ -76.024172209184911, 2.643723127820005 ], [ -76.024154961173238, 2.644197250430897 ], [ -76.024052419335575, 2.64452268294025 ], [ -76.023899103032704, 2.645076942995782 ], [ -76.02385406163468, 2.645179756170204 ], [ -76.023614282872046, 2.645654263716755 ], [ -76.023461254808126, 2.645865493577451 ], [ -76.023386983015541, 2.64598015514687 ], [ -76.023232849885659, 2.646168207726675 ], [ -76.023005656641871, 2.646374289776256 ], [ -76.022242170395458, 2.646803146145462 ], [ -76.021980256879957, 2.646860565813645 ], [ -76.021519348764485, 2.646986770819452 ], [ -76.021228178175974, 2.647083726230651 ], [ -76.020954964902955, 2.647209526192698 ], [ -76.020601854544722, 2.647461269584759 ], [ -76.020266586240638, 2.647878617604729 ], [ -76.02011233558126, 2.648210212824347 ], [ -76.019981703338686, 2.648518667703479 ], [ -76.019822781618316, 2.649061053038851 ], [ -76.019696641321715, 2.649381374078252 ], [ -76.019532429061385, 2.649529864954027 ], [ -76.019326570970705, 2.649747267196039 ], [ -76.019229812837068, 2.649866985164647 ], [ -76.019008225800476, 2.650084377246515 ], [ -76.018854120138016, 2.650244179093199 ], [ -76.018706714794178, 2.650455974577987 ], [ -76.018546895551452, 2.650724273638859 ], [ -76.018410620655303, 2.651061537585883 ], [ -76.01830815054025, 2.651295980164226 ], [ -76.018188711133675, 2.651661514049162 ], [ -76.01809743290184, 2.651947393423133 ], [ -76.018006092092094, 2.652318604042416 ], [ -76.017875413794556, 2.652678477973151 ], [ -76.017676230741188, 2.652986869713101 ], [ -76.017425411736411, 2.653209877293591 ], [ -76.017077962320883, 2.653410201259717 ], [ -76.016730582696766, 2.653518978385324 ], [ -76.016645144036644, 2.653542082603884 ], [ -76.01620668632755, 2.653707858228028 ], [ -76.015762594797152, 2.653879839703901 ], [ -76.015448975230498, 2.653937216049768 ], [ -76.015153383943641, 2.653948840239913 ], [ -76.014817342198697, 2.653937252286799 ], [ -76.014498180198842, 2.653903636549392 ], [ -76.014150944856397, 2.653846270297383 ], [ -76.013813870055188, 2.653726739622741 ], [ -76.013546558799931, 2.653515716770457 ], [ -76.013324225021577, 2.653281571379352 ], [ -76.013085003576364, 2.653076224969672 ], [ -76.012811000405335, 2.652802473052928 ], [ -76.012571778868832, 2.652602220270413 ], [ -76.01231571380454, 2.652385556358694 ], [ -76.012047486076, 2.651928709124995 ], [ -76.011893738751326, 2.651648846858408 ], [ -76.011762558172322, 2.651278013908616 ], [ -76.011625673401213, 2.650998161691006 ], [ -76.011579814396541, 2.650735333375578 ], [ -76.011591285072313, 2.65045560611976 ], [ -76.011585751622903, 2.650352749451535 ], [ -76.011585814912905, 2.650283803111334 ], [ -76.011602730186993, 2.650215441892021 ], [ -76.011670246973409, 2.650116033549875 ], [ -76.011967265746364, 2.649746700751388 ], [ -76.012023527720942, 2.649667064851321 ], [ -76.012194593716359, 2.649386906657513 ], [ -76.012508447261766, 2.649049796602696 ], [ -76.012793097222215, 2.648683832234793 ], [ -76.013185740865055, 2.648203808414927 ], [ -76.01352107286462, 2.647712439243645 ], [ -76.013772044746361, 2.647306318749092 ], [ -76.013943182636638, 2.646940831382233 ], [ -76.014107709175278, 2.646415405991181 ], [ -76.014261149601865, 2.645712518586212 ], [ -76.014403381121255, 2.644963845980546 ], [ -76.014522083620676, 2.644129822878163 ], [ -76.014556129945603, 2.643735964868317 ], [ -76.014612876857399, 2.643073115671878 ], [ -76.014539196875205, 2.642484765016659 ], [ -76.014128423914158, 2.641800051246137 ], [ -76.013855578782113, 2.641479954398014 ], [ -76.013524279639213, 2.641183555282359 ], [ -76.01324013367207, 2.640949354739625 ], [ -76.012880663760129, 2.640738260390719 ], [ -76.012613442921662, 2.640413088423545 ], [ -76.012157457545911, 2.640036326243942 ], [ -76.011786795103973, 2.639773792961983 ], [ -76.011273497250968, 2.639385684684926 ], [ -76.010846807176748, 2.638923619360222 ], [ -76.010448124977913, 2.638569521004686 ], [ -76.010213405348921, 2.638364174621484 ], [ -76.009803395985045, 2.638107265963976 ], [ -76.009536029876031, 2.63797028069374 ], [ -76.009142738713578, 2.637879524945477 ], [ -76.008823638904204, 2.637788273988985 ], [ -76.008619199934344, 2.637656984785028 ], [ -76.008391207868485, 2.6374629578096 ], [ -76.008213799647493, 2.637268975814165 ], [ -76.008059972136593, 2.637097613342509 ], [ -76.007974721916469, 2.636891827328687 ], [ -76.007877227770138, 2.636560582262782 ], [ -76.007849262758995, 2.636394978332551 ], [ -76.007871927805141, 2.636177990034241 ], [ -76.008076716692671, 2.635892218256 ], [ -76.008418624961848, 2.635595252954063 ], [ -76.008595187676917, 2.635451855175823 ], [ -76.008692026598951, 2.635240579698616 ], [ -76.00872596491439, 2.634966522060894 ], [ -76.008726144719589, 2.634760816785094 ], [ -76.008743257644994, 2.634446622376166 ], [ -76.008765921873419, 2.634223982668365 ], [ -76.00879975302567, 2.634086693729854 ] ] ] } },
{ "type": "Feature", "properties": { "TIPO_VIA": 7, "ESTADO_SUP": "Sin Valor", "NUMERO_CAR": "Sin Valor", "ACCESIBILI": "Sin Valor", "NOMBRE_GEO": null, "PROYECTO": null, "SYMBOL": "2", "FECHA": null, "RULEID": 7, "PK_CUE": 2056441.0, "GLOBALID": "{C4A6E146-4DA3-4C07-A0CC-BE7B82E18DA2}", "EJE_VIAL": null, "SHAPE_Leng": 2865.61973425 }, "geometry": { "type": "MultiLineString", "coordinates": [ [ [ -76.074131059632435, 2.66660970872666 ], [ -76.074087842626042, 2.666796733570084 ] ] ] } },
{ "type": "Feature", "properties": { "TIPO_VIA": 7, "ESTADO_SUP": "Sin Valor", "NUMERO_CAR": "Sin Valor", "ACCESIBILI": "Sin Valor", "NOMBRE_GEO": null, "PROYECTO": null, "SYMBOL": "2", "FECHA": null, "RULEID": 7, "PK_CUE": 2056446.0, "GLOBALID": "{2F9150D6-363A-4756-B0E7-1C75AEB4416E}", "EJE_VIAL": null, "SHAPE_Leng": 5347.9459415499996 }, "geometry": { "type": "MultiLineString", "coordinates": [ [ [ -76.043614330388266, 2.671623301107343 ], [ -76.043568273346537, 2.671595004226706 ], [ -76.043243676106101, 2.671326299889314 ], [ -76.043089785683961, 2.671218233425005 ], [ -76.042770847558842, 2.670909976316498 ], [ -76.042369672129112, 2.670445742019495 ] ], [ [ -76.040875123157235, 2.669207144963909 ], [ -76.040787413142141, 2.669169426935591 ], [ -76.040659242245681, 2.669139089355357 ] ], [ [ -76.040271138731072, 2.669069246770765 ], [ -76.040212050796526, 2.66906100889445 ], [ -76.039910854216245, 2.669038712980031 ], [ -76.039631011008964, 2.669027178719604 ], [ -76.039181351194102, 2.669136440746119 ], [ -76.038970021926758, 2.669165087863578 ], [ -76.038668780578263, 2.66919930535863 ], [ -76.038401263397034, 2.669233558265055 ], [ -76.038093257389079, 2.669297157796644 ], [ -76.037853838291525, 2.669320137288479 ], [ -76.03767740894456, 2.669286082304335 ], [ -76.037569538876255, 2.66925716491183 ], [ -76.037187476662851, 2.669166426620408 ], [ -76.0365379407381, 2.669046644732036 ], [ -76.035957018884659, 2.668869839273356 ], [ -76.035432340150976, 2.668636006655567 ], [ -76.035022276599491, 2.668431083663121 ], [ -76.034788588525402, 2.668322386909415 ], [ -76.0343448032243, 2.668128738015342 ], [ -76.033990921181896, 2.667934602738917 ], [ -76.033643757735689, 2.667780604703067 ], [ -76.033438204784602, 2.66763236494017 ], [ -76.033238374765133, 2.667358674807025 ], [ -76.033158677251677, 2.667232586779167 ], [ -76.032988382576448, 2.666581981634842 ], [ -76.032839200081213, 2.666210564777245 ], [ -76.032537267267827, 2.665725439204806 ], [ -76.032173359193024, 2.665439739264325 ], [ -76.031934110914648, 2.665257569208716 ], [ -76.031489264576436, 2.664983682180218 ], [ -76.031192650620369, 2.664857971676554 ], [ -76.030976901960642, 2.664806929315661 ], [ -76.030754426104266, 2.664732711010321 ], [ -76.030611719158031, 2.664698681715616 ], [ -76.030554415801291, 2.664676026881706 ], [ -76.030253237924555, 2.664636223107155 ], [ -76.029973403072475, 2.664607728158859 ], [ -76.029694718971541, 2.664556632426519 ], [ -76.029369950924846, 2.664505499686676 ], [ -76.029164318031462, 2.664442600092725 ], [ -76.028954228901867, 2.664345787991472 ], [ -76.028668806991803, 2.664283382069496 ], [ -76.028509302406704, 2.664174740407916 ], [ -76.028467755404634, 2.664130633444354 ], [ -76.028492781570407, 2.664102264322773 ], [ -76.028685992110255, 2.663883291223409 ], [ -76.028890790231685, 2.66359750092483 ], [ -76.02912482782321, 2.663271618755069 ], [ -76.029307141138702, 2.662985820040149 ], [ -76.029500674312899, 2.662723197063905 ], [ -76.029676204881639, 2.662477517120043 ], [ -76.029921418157414, 2.662236974802104 ], [ -76.030280177886922, 2.661962620620441 ], [ -76.030462338190333, 2.661859925439034 ], [ -76.030735534258369, 2.661762386419661 ], [ -76.030997455681913, 2.661704957203161 ], [ -76.031322260184027, 2.661710886403722 ], [ -76.031527830224988, 2.66184216621437 ], [ -76.031937829654694, 2.662116025952993 ], [ -76.032023197401642, 2.662178261273578 ], [ -76.032234453571078, 2.6622242193974 ], [ -76.032570657362413, 2.662046477878741 ], [ -76.032940681569073, 2.661732579698453 ], [ -76.033589651658218, 2.661160649814051 ], [ -76.033857331983739, 2.660931993320689 ], [ -76.034136258962292, 2.66070334430002 ], [ -76.034346582348093, 2.660520420327403 ], [ -76.034637852136868, 2.660303090803855 ], [ -76.034950572958607, 2.659971622287165 ], [ -76.035263338891056, 2.65959437442978 ], [ -76.035531127363285, 2.659228391804488 ], [ -76.035627920594109, 2.659068544679062 ], [ -76.035776484222694, 2.658817187994356 ], [ -76.035981488680619, 2.658262962796819 ], [ -76.036243006118042, 2.657331283906666 ], [ -76.03635697525921, 2.656777553579897 ], [ -76.036362697606734, 2.656651528875612 ], [ -76.036367315019803, 2.656502911895871 ], [ -76.036424914707496, 2.65615483258159 ], [ -76.036401442361893, 2.656006189246549 ], [ -76.036464594280304, 2.655737807810876 ], [ -76.036464746218144, 2.655554703828102 ], [ -76.036509940604191, 2.655269353674965 ], [ -76.036719688307045, 2.654417876801904 ], [ -76.036827747097973, 2.654217911588508 ], [ -76.037044940540397, 2.653875051743767 ], [ -76.03714174372405, 2.653692038974963 ], [ -76.037277991129073, 2.653383584436939 ], [ -76.037559246820507, 2.652996258008598 ] ] ] } },
{ "type": "Feature", "properties": { "TIPO_VIA": 7, "ESTADO_SUP": "Sin Valor", "NUMERO_CAR": "Sin Valor", "ACCESIBILI": "Sin Valor", "NOMBRE_GEO": null, "PROYECTO": null, "SYMBOL": "2", "FECHA": null, "RULEID": 7, "PK_CUE": 2086464.0, "GLOBALID": "{E62BCACD-46FC-49F3-BD5E-25D014A66FC1}", "EJE_VIAL": null, "SHAPE_Leng": 5088.9189245199996 }, "geometry": { "type": "MultiLineString", "coordinates": [ [ [ -76.014604549085647, 2.677106050633159 ], [ -76.014609095350195, 2.677037106069023 ], [ -76.014524014901355, 2.676643141441737 ], [ -76.014426439535868, 2.676391576222006 ], [ -76.0143583928526, 2.675786273748641 ], [ -76.014602986396341, 2.674958009148299 ], [ -76.014693185773012, 2.674620709893755 ], [ -76.014693330258268, 2.674455122800674 ], [ -76.014670952795811, 2.674329645876536 ], [ -76.01441399893406, 2.673827039199221 ], [ -76.014192222692003, 2.672930556058787 ], [ -76.014254413033086, 2.672484731313518 ], [ -76.014299651886958, 2.672142302832712 ], [ -76.014356452906469, 2.671433685432394 ], [ -76.014361681139604, 2.670565659629526 ], [ -76.014378811811326, 2.670240155909978 ], [ -76.01439590697747, 2.669954222367091 ], [ -76.014378336162196, 2.669474413969728 ], [ -76.014189968013923, 2.668937948763241 ], [ -76.013939777528506, 2.668412174265963 ], [ -76.013836571216331, 2.668183776918782 ], [ -76.0138143282485, 2.667904014784302 ], [ -76.013927229399229, 2.667292649158812 ], [ -76.014126591856098, 2.666784210825929 ], [ -76.014553202264253, 2.66601261197002 ], [ -76.01478744626327, 2.665458423623982 ], [ -76.014906903612214, 2.66507593902238 ], [ -76.014923325732738, 2.664258777353675 ], [ -76.014860748600356, 2.663824711835378 ], [ -76.01486664215011, 2.663499207075181 ], [ -76.01492868829898, 2.663225166718059 ], [ -76.015025545108472, 2.662990724662942 ], [ -76.015161710698862, 2.662785136101822 ], [ -76.01554304596462, 2.662390999862445 ], [ -76.015919000314355, 2.661716562580632 ], [ -76.01596528109566, 2.661470774882201 ], [ -76.015975567106651, 2.661276380042119 ], [ -76.015987262644913, 2.660722567931259 ], [ -76.015902085378329, 2.660442752210788 ], [ -76.01578224093906, 2.659951561830986 ], [ -76.01574879576431, 2.659626587895557 ], [ -76.015610411025136, 2.659791482569153 ], [ -76.015524962833666, 2.659831538350478 ], [ -76.015240583603216, 2.65986633037746 ], [ -76.014984275613514, 2.659935060417189 ], [ -76.014699887742594, 2.65998116186367 ], [ -76.014272793141984, 2.65999266874999 ], [ -76.013993002652825, 2.659918397202161 ], [ -76.013799694854725, 2.659913141087899 ], [ -76.013417632377084, 2.659833137357025 ], [ -76.01314458019344, 2.659759440059093 ], [ -76.012643472972044, 2.659577046298894 ], [ -76.012250281100009, 2.659371573860547 ], [ -76.011925602394825, 2.65920627499115 ], [ -76.011269625739416, 2.658755312080702 ], [ -76.011007893318066, 2.658583858602105 ], [ -76.010763173762726, 2.658241754246876 ], [ -76.010500703725683, 2.657619328563808 ], [ -76.010397577060459, 2.657293725606061 ], [ -76.010318175253275, 2.656825173755893 ], [ -76.010232142903419, 2.656219852730129 ], [ -76.010203218041539, 2.655865494265677 ], [ -76.010072207134499, 2.655288956134564 ], [ -76.009912926916883, 2.654911879354288 ], [ -76.009679455385893, 2.654557915914153 ], [ -76.009183009972858, 2.654181683280316 ], [ -76.008693186291481, 2.65394787014653 ], [ -76.008083086111768, 2.653736558760972 ], [ -76.007724667204599, 2.653611361241143 ], [ -76.007047131071445, 2.653394912085146 ], [ -76.00619200613643, 2.653207128352347 ], [ -76.005161288250505, 2.653327745370801 ], [ -76.004522892057835, 2.653350938574187 ], [ -76.004186831535705, 2.653368168691984 ], [ -76.003549557991448, 2.653385704342722 ], [ -76.003019102745967, 2.653363776152909 ], [ -76.002699948660734, 2.653318294037387 ], [ -76.001794250062801, 2.653124248880828 ], [ -76.000843589967374, 2.652936942038545 ], [ -76.00037723927511, 2.652862507052177 ], [ -75.999961516398002, 2.652720303828623 ], [ -75.99968622711414, 2.652646039577403 ], [ -75.999429983214071, 2.652635081019622 ], [ -75.99920290722396, 2.65269817810123 ], [ -75.999082577629537, 2.652777760147854 ], [ -75.998917224641019, 2.652943759774637 ], [ -75.998741648644724, 2.653229568275461 ], [ -75.99868422924699, 2.653354973062787 ], [ -75.998629134604698, 2.653380358679756 ], [ -75.998444208184665, 2.653477340722853 ], [ -75.998078170774207, 2.653454514961552 ], [ -75.997500257564127, 2.653446375916136 ], [ -75.996995611001552, 2.653527773389517 ], [ -75.996482816775298, 2.653755683938069 ], [ -75.996035142058219, 2.654064983292874 ], [ -75.995923454399232, 2.654199030174362 ], [ -75.99591306062176, 2.654211497687066 ], [ -75.995587465929333, 2.654431262263999 ], [ -75.995066533159246, 2.654569639015957 ], [ -75.994708393048043, 2.654512659062279 ], [ -75.994333974766874, 2.654309171660731 ], [ -75.993918863801184, 2.654252191849159 ], [ -75.993719814953124, 2.654267507706058 ], [ -75.993389792071042, 2.654292894900364 ], [ -75.992787463330728, 2.654431262150445 ] ] ] } },
{ "type": "Feature", "properties": { "TIPO_VIA": 7, "ESTADO_SUP": "Sin Valor", "NUMERO_CAR": "Sin Valor", "ACCESIBILI": "Sin Valor", "NOMBRE_GEO": null, "PROYECTO": null, "SYMBOL": "2", "FECHA": null, "RULEID": 7, "PK_CUE": 2056447.0, "GLOBALID": "{24CF6E21-31D6-410E-99BD-D4A05E2401DE}", "EJE_VIAL": null, "SHAPE_Leng": 8329.0230421399992 }, "geometry": { "type": "MultiLineString", "coordinates": [ [ [ -75.988533805178292, 2.670237425299204 ], [ -75.988666925855426, 2.669793683971038 ], [ -75.988857287690323, 2.669159158552862 ], [ -75.989682166119877, 2.667890117965221 ], [ -75.990380139006533, 2.667065239583633 ], [ -75.991585731588515, 2.666494163086246 ], [ -75.992093351670846, 2.665986551621643 ], [ -75.993552755241211, 2.665796190395656 ], [ -75.994625308419742, 2.665837441327224 ], [ -75.995391032040786, 2.666207896576634 ], [ -75.997177224320609, 2.666551672995514 ], [ -75.997857643871356, 2.666723377321828 ], [ -75.998432124635784, 2.667375671301999 ], [ -75.998617159655439, 2.667434358104938 ], [ -75.998753102354343, 2.66748533714052 ], [ -75.999073351565229, 2.667568117442374 ], [ -75.999173324665961, 2.667632067806889 ], [ -75.999445182852199, 2.667674270712292 ], [ -75.999781377260334, 2.667411782621727 ], [ -76.000059414863529, 2.666881651237838 ], [ -76.00036510169646, 2.666491118436763 ], [ -76.00075349773968, 2.666742690604874 ], [ -76.001141507060709, 2.667440898044931 ], [ -76.002056998339427, 2.668055820922925 ], [ -76.002667313697316, 2.668475083433892 ], [ -76.003333440540743, 2.668559407648143 ], [ -76.004804747395681, 2.668421130418749 ], [ -76.005331967550532, 2.668644909895902 ], [ -76.006108983665754, 2.668896823560343 ], [ -76.006913802768509, 2.669092926386505 ], [ -76.007857348225116, 2.669372904420316 ], [ -76.008384371972014, 2.669819995980902 ], [ -76.008522775164693, 2.670266755012023 ], [ -76.009133171058366, 2.670602266626952 ], [ -76.009826770067363, 2.671021590965488 ], [ -76.010159443188073, 2.671524351002412 ], [ -76.010436609304961, 2.671999137731435 ], [ -76.010797156800564, 2.672362345107743 ], [ -76.010840860202165, 2.672694110636204 ], [ -76.011018322198808, 2.672858331989191 ], [ -76.011166454243238, 2.67312689224425 ], [ -76.011383092248181, 2.673458245345149 ], [ -76.011686148416686, 2.673937729083067 ], [ -76.011913942419099, 2.674360071669344 ], [ -76.012027373061841, 2.674463018758798 ], [ -76.012483132976897, 2.675113866697007 ], [ -76.012842458865009, 2.675507499134726 ], [ -76.013229892876637, 2.675884208215822 ], [ -76.013463392243381, 2.676215568692921 ], [ -76.013754122611402, 2.676649267002364 ], [ -76.014256218881812, 2.677002898074735 ], [ -76.014540473381246, 2.677111081617145 ], [ -76.014604549085647, 2.677106050633159 ], [ -76.014757406928339, 2.677094309704577 ], [ -76.014899134404388, 2.676962760865811 ], [ -76.015019561943348, 2.676762805043482 ], [ -76.015133216665618, 2.676596760984146 ], [ -76.015241114034993, 2.676596850186974 ], [ -76.015400663053057, 2.676659714600579 ], [ -76.015771389242346, 2.676853300706321 ], [ -76.016049975047594, 2.677036081701706 ], [ -76.016461071035906, 2.677338769289718 ], [ -76.016830690631437, 2.67752670582409 ], [ -76.017019490144065, 2.677543817593651 ], [ -76.017218458150083, 2.677509521297928 ], [ -76.017361209067701, 2.677497770694024 ], [ -76.017469097141287, 2.67750916998428 ], [ -76.017520767825147, 2.677537467036325 ], [ -76.017606179642101, 2.677548839722769 ], [ -76.017685940526761, 2.677589031004029 ], [ -76.017827507092846, 2.677651886021713 ], [ -76.018072469350244, 2.677714256227902 ], [ -76.01831177093932, 2.677828619696305 ], [ -76.018471303006066, 2.677908436247325 ], [ -76.018888076170711, 2.678147837289625 ], [ -76.019366688946505, 2.678364690009323 ], [ -76.019845392923443, 2.678472469857444 ], [ -76.020192339946888, 2.678877959740844 ], [ -76.020272092099418, 2.678935101702694 ], [ -76.020409048736539, 2.67912905662764 ], [ -76.020488720803797, 2.679277755943064 ], [ -76.020620046166471, 2.679488662191255 ], [ -76.020808574895753, 2.679836938898028 ], [ -76.021042109886068, 2.680122521944291 ], [ -76.021207211703612, 2.680259425758223 ], [ -76.021417291723992, 2.680379405137756 ], [ -76.021743102114741, 2.680533403125621 ], [ -76.022209498354485, 2.68057844437255 ], [ -76.022602851630168, 2.680595728179414 ], [ -76.023167039347527, 2.680635199968004 ], [ -76.023645831549786, 2.68063448055956 ], [ -76.02448886528164, 2.680536861296921 ], [ -76.02512047135113, 2.680587688173482 ], [ -76.025293521721935, 2.680631354900424 ], [ -76.025462064138523, 2.680684615883936 ], [ -76.025604761313488, 2.680736160576346 ], [ -76.025708085924379, 2.680827232698025 ], [ -76.025849597234796, 2.680952816688049 ], [ -76.026043921242746, 2.681089737727682 ], [ -76.02614042708727, 2.681272922991133 ], [ -76.026214403041294, 2.681518253188411 ], [ -76.026226647060057, 2.681661237786003 ], [ -76.026260199029238, 2.681855102601048 ], [ -76.026419704151664, 2.681975046082426 ], [ -76.026568060640813, 2.681974605581344 ], [ -76.026744481150104, 2.682014876865779 ], [ -76.026813012550789, 2.682054492880993 ], [ -76.026875912846918, 2.68209467512616 ], [ -76.027152207757439, 2.6823322611328 ], [ -76.02719486906301, 2.68238598032307 ], [ -76.027326275045795, 2.68250533998763 ], [ -76.027719557283376, 2.682619820579274 ], [ -76.027975811226511, 2.682619479048114 ], [ -76.028271409953604, 2.682619165124606 ], [ -76.028675975934377, 2.682676019385322 ], [ -76.02915467919388, 2.682784355787434 ], [ -76.029531126894511, 2.682869444993666 ], [ -76.029940982602227, 2.683326418237664 ], [ -76.029957745729348, 2.683446234619817 ], [ -76.029929367597035, 2.683777371987841 ], [ -76.029839104882171, 2.684200011253411 ], [ -76.029753441552685, 2.684491551152584 ], [ -76.029821902190108, 2.684611413086394 ], [ -76.029924175745691, 2.684617153044342 ], [ -76.030083787644884, 2.684599770780236 ], [ -76.030220933732451, 2.684565409596698 ], [ -76.030477267805452, 2.684474078116831 ], [ -76.030619974537345, 2.684513757205902 ], [ -76.030824467197093, 2.684593608139803 ], [ -76.031069437542811, 2.684656543671659 ], [ -76.031274998969423, 2.684799133898142 ], [ -76.03141160599327, 2.684913202084046 ], [ -76.031910818268642, 2.684886494636747 ], [ -76.032299635722055, 2.684663515065959 ], [ -76.032382693917825, 2.684914819124223 ], [ -76.032180681080192, 2.68517844665323 ], [ -76.032104800172363, 2.685277477787782 ], [ -76.032129072985072, 2.685279373043037 ], [ -76.032465643718695, 2.685305703175001 ], [ -76.033132302403999, 2.684775884748789 ], [ -76.033798780031759, 2.684469398389024 ], [ -76.033965121333068, 2.684720774265278 ], [ -76.033937057682351, 2.685083647654641 ], [ -76.034158816189048, 2.6854467286634 ], [ -76.03457491623135, 2.685782060830703 ], [ -76.034408053168832, 2.686144818981799 ], [ -76.034463218755775, 2.686563586883317 ], [ -76.034851443588181, 2.687038471739384 ], [ -76.035211983255309, 2.687429597805297 ], [ -76.035294951162626, 2.68779256288008 ], [ -76.03529469129883, 2.688099625368279 ], [ -76.035208227759767, 2.688294811352022 ], [ -76.035223841209614, 2.688320376984406 ], [ -76.035738763580966, 2.688183752153592 ], [ -76.03640512494556, 2.688016836220382 ], [ -76.037071476731413, 2.687849911111667 ], [ -76.037516125785345, 2.687264083876913 ], [ -76.038071517878009, 2.687013319004174 ], [ -76.038515798355533, 2.68684620574873 ], [ -76.039376734212667, 2.686372388991595 ], [ -76.039848753644023, 2.686233222198399 ], [ -76.040431715692705, 2.686205796896058 ], [ -76.041153332219082, 2.686345988333306 ], [ -76.041958159753989, 2.686570001093086 ], [ -76.042596431121055, 2.686793860936895 ], [ -76.043151446069842, 2.686989737696404 ], [ -76.043872873844236, 2.687353250911921 ], [ -76.044316784811457, 2.687632779224672 ], [ -76.044594211924789, 2.687828415320178 ], [ -76.044760417811986, 2.688247289660676 ], [ -76.044732444775633, 2.688498494985871 ], [ -76.044651201131131, 2.6888781951962 ] ] ] } },
{ "type": "Feature", "properties": { "TIPO_VIA": 7, "ESTADO_SUP": "Sin Valor", "NUMERO_CAR": "Sin Valor", "ACCESIBILI": "Sin Valor", "NOMBRE_GEO": null, "PROYECTO": null, "SYMBOL": "2", "FECHA": null, "RULEID": 7, "PK_CUE": 2056448.0, "GLOBALID": "{025A89E9-852C-4B9A-B085-89145E75CEF9}", "EJE_VIAL": null, "SHAPE_Leng": 2149.6464658300001 }, "geometry": { "type": "MultiLineString", "coordinates": [ [ [ -76.02512047135113, 2.680587688173482 ], [ -76.02495549468216, 2.680296508437251 ], [ -76.024761332675283, 2.679965748257734 ], [ -76.024550390851374, 2.679537206640995 ], [ -76.024345035615767, 2.679155001040497 ], [ -76.023952095129147, 2.678629666323648 ], [ -76.023547026000017, 2.677830237176562 ], [ -76.023228348681911, 2.677219068328985 ], [ -76.023034483628663, 2.676528318010239 ], [ -76.022868610110848, 2.675974354039634 ], [ -76.022669229031493, 2.675157579440901 ], [ -76.022514683147364, 2.6745007657077 ], [ -76.022407207849596, 2.673998284860074 ], [ -76.022321023732587, 2.673564192326423 ], [ -76.022292079916895, 2.673233000668096 ], [ -76.022457845993415, 2.672581551916845 ], [ -76.022747310030439, 2.671838654051149 ], [ -76.022821932870798, 2.671307507171093 ], [ -76.022718105844632, 2.67047385332482 ], [ -76.022605008284842, 2.66997136167055 ], [ -76.022581786540485, 2.669519806080168 ], [ -76.022638390052194, 2.6690344095894 ], [ -76.022735514887955, 2.668474454245885 ], [ -76.023008019069451, 2.667857562781193 ], [ -76.023543657804865, 2.66707418720606 ], [ -76.024055732844289, 2.666245581357311 ], [ -76.024191954008685, 2.665971604338313 ], [ -76.024374366300961, 2.665565997082999 ], [ -76.024625372992617, 2.665125975087146 ], [ -76.024875419325141, 2.664474597867601 ], [ -76.025034232036788, 2.664063321864448 ], [ -76.025069266927431, 2.663834475659338 ], [ -76.025085274879345, 2.663508972436408 ], [ -76.025108010996945, 2.663200436095007 ], [ -76.025125070184913, 2.662954621001882 ], [ -76.02512522307812, 2.662772083605517 ], [ -76.025136594815507, 2.662617815887964 ], [ -76.025227701702903, 2.662526341428432 ] ] ] } },
{ "type": "Feature", "properties": { "TIPO_VIA": 7, "ESTADO_SUP": "Sin Valor", "NUMERO_CAR": "Sin Valor", "ACCESIBILI": "Sin Valor", "NOMBRE_GEO": null, "PROYECTO": null, "SYMBOL": "2", "FECHA": null, "RULEID": 7, "PK_CUE": 2056449.0, "GLOBALID": "{0CF69B82-91FD-465B-864C-4B92C8D7FF6A}", "EJE_VIAL": null, "SHAPE_Leng": 2100.8849118100002 }, "geometry": { "type": "MultiLineString", "coordinates": [ [ [ -76.027152207757439, 2.6823322611328 ], [ -76.027291591248996, 2.68231146467485 ], [ -76.027713232730889, 2.682111204298415 ], [ -76.02834510837522, 2.681842175950626 ], [ -76.028840959920672, 2.68160750007426 ], [ -76.029063617358176, 2.681470364359495 ], [ -76.029262664863737, 2.681338859404108 ], [ -76.029621362622876, 2.681138535269807 ], [ -76.030008168303354, 2.680932596331167 ], [ -76.030396132777966, 2.680687086847794 ], [ -76.030720010932185, 2.680469783862882 ], [ -76.031278853401574, 2.680166216069886 ], [ -76.031956891953286, 2.679794368266819 ], [ -76.032338137114209, 2.679520039893081 ], [ -76.032509086841316, 2.679388509329386 ], [ -76.03282161975379, 2.67929157170704 ], [ -76.03301611380671, 2.679222787792569 ], [ -76.033306179530882, 2.67911961562997 ], [ -76.033551203757696, 2.679113596922603 ], [ -76.033716450069676, 2.679079263759617 ], [ -76.034069540811132, 2.678867639150202 ], [ -76.03438228080617, 2.678524868626678 ], [ -76.034547661394853, 2.678330608337223 ], [ -76.034741167347207, 2.678096236903221 ], [ -76.035066329520689, 2.677684530796014 ], [ -76.035481361196176, 2.677318674045778 ], [ -76.035594953384049, 2.677232876164017 ], [ -76.035948052922038, 2.676998639770435 ], [ -76.036102141165017, 2.676867090983026 ], [ -76.036261826276643, 2.676763810891125 ], [ -76.036575615706766, 2.676512587999366 ], [ -76.036979345896412, 2.676226402667421 ], [ -76.037377712892109, 2.675620921199192 ], [ -76.037651339979746, 2.675003463586116 ], [ -76.037713538630712, 2.674535027804559 ], [ -76.037719549383951, 2.674072189109534 ], [ -76.037662343901275, 2.673924075052926 ], [ -76.037633471979902, 2.673501337064094 ], [ -76.03759362268859, 2.672764377218386 ], [ -76.037569611244848, 2.671890665631811 ], [ -76.037575593891233, 2.671451003971821 ], [ -76.037569530132288, 2.670633824626242 ], [ -76.03758104710208, 2.670297009688028 ], [ -76.03758690361893, 2.670005407823632 ], [ -76.037597234386453, 2.6697482829122 ], [ -76.037626636306257, 2.669520003254538 ], [ -76.037637946106031, 2.669440323325786 ], [ -76.037569538876255, 2.66925716491183 ] ] ] } },
{ "type": "Feature", "properties": { "TIPO_VIA": 7, "ESTADO_SUP": "Sin Valor", "NUMERO_CAR": "Sin Valor", "ACCESIBILI": "Sin Valor", "NOMBRE_GEO": null, "PROYECTO": null, "SYMBOL": "2", "FECHA": null, "RULEID": 7, "PK_CUE": 2056450.0, "GLOBALID": "{03569CBB-86FA-4EC8-85E1-1E826173104F}", "EJE_VIAL": null, "SHAPE_Leng": 2399.5144228200002 }, "geometry": { "type": "MultiLineString", "coordinates": [ [ [ -76.011670246973409, 2.650116033549875 ], [ -76.011380450686104, 2.64991291631262 ], [ -76.011283801076672, 2.649907175740475 ], [ -76.01112983870199, 2.649896315093163 ], [ -76.010981490991583, 2.649879228726128 ], [ -76.010901720610747, 2.649855990426686 ], [ -76.010753364027323, 2.649856430053213 ], [ -76.010673566807327, 2.649850716904039 ], [ -76.010593787174386, 2.649833694181936 ], [ -76.010520780548063, 2.649776552308956 ], [ -76.010365831324307, 2.649599538908055 ], [ -76.010321022873896, 2.649428265698565 ], [ -76.010303415862552, 2.648982934995896 ], [ -76.010183391652504, 2.648703092255574 ], [ -76.010058742421151, 2.648577534186618 ], [ -76.009847610996729, 2.648382950060015 ], [ -76.009625223541207, 2.648212090647992 ], [ -76.00947135974242, 2.648086506151846 ], [ -76.009089513195548, 2.647749934086476 ], [ -76.008952600861349, 2.647504551411231 ], [ -76.008821294029488, 2.647287437415623 ], [ -76.008713531825038, 2.647121761221794 ], [ -76.008611385079362, 2.646973609975244 ], [ -76.008468741955312, 2.64686498594143 ], [ -76.008326070606159, 2.646790839195974 ], [ -76.008246291822431, 2.646768166253855 ], [ -76.008166538585655, 2.646711015067266 ], [ -76.008077866710963, 2.646573617920156 ], [ -76.007921873990554, 2.646311265007856 ], [ -76.007772628260497, 2.646031402924615 ], [ -76.007664937692041, 2.645791696631193 ], [ -76.007459466140503, 2.645546258988376 ], [ -76.00731689476838, 2.645351737553092 ], [ -76.007214701676247, 2.645255016285937 ], [ -76.007038363228645, 2.645118103713346 ], [ -76.006747453149629, 2.644912721805312 ], [ -76.006541882401905, 2.644787084118585 ], [ -76.006137415624181, 2.64463303212918 ], [ -76.005756493737906, 2.644536633625587 ], [ -76.00546549401578, 2.644433533635378 ], [ -76.005168852343459, 2.644348509332358 ], [ -76.004895853992508, 2.644222824719897 ], [ -76.004701485972802, 2.644148623904397 ], [ -76.004422854971025, 2.644034799260758 ], [ -76.004280184725914, 2.643960643258809 ], [ -76.004206073694789, 2.643886549880482 ], [ -76.004109639874329, 2.643618035196591 ], [ -76.004023348049259, 2.643326926296013 ], [ -76.003995598573013, 2.642909838586084 ], [ -76.00404093706635, 2.642463995801169 ], [ -76.004228101021042, 2.641744194176662 ], [ -76.004387982663317, 2.641406947936733 ], [ -76.004576072379052, 2.640932969997325 ], [ -76.004768562990066, 2.640561282940049 ], [ -76.00483731092865, 2.640338681251662 ], [ -76.005047731889334, 2.640035957005013 ], [ -76.005150167215163, 2.639847292603272 ], [ -76.005281833290752, 2.639635478846472 ], [ -76.005315681713981, 2.639487445577654 ], [ -76.005224781031274, 2.639321788220872 ], [ -76.005132703934279, 2.639230159798089 ], [ -76.005069857763743, 2.63912217333846 ], [ -76.004984608204609, 2.638916395752235 ], [ -76.004910586665389, 2.638733795687258 ], [ -76.004888200733461, 2.638630919587999 ], [ -76.004888280731578, 2.638528072038782 ], [ -76.004881705637771, 2.638328008782506 ], [ -76.005035875287874, 2.638099270574324 ], [ -76.005314981413107, 2.63763666470527 ], [ -76.005383665851511, 2.637493751995059 ], [ -76.005445587338926, 2.637356481145299 ], [ -76.005462547386529, 2.637242340902822 ], [ -76.00552561788443, 2.637076808248986 ], [ -76.005548157204871, 2.637007889160734 ], [ -76.005548328166483, 2.636802184214435 ], [ -76.005474279295825, 2.636654051613065 ], [ -76.005376668233282, 2.636453915812977 ], [ -76.005228499612613, 2.636237350065632 ], [ -76.005109536287677, 2.636031545689894 ], [ -76.005080583870679, 2.635711664965912 ], [ -76.005149349530825, 2.635460236024752 ], [ -76.005279928925304, 2.635214520181916 ], [ -76.005456646393355, 2.634900459824145 ], [ -76.005650124673338, 2.634694358860355 ], [ -76.005815415120381, 2.634602946869249 ], [ -76.006127920975587, 2.634517309978127 ], [ -76.006435988689674, 2.634368378082016 ], [ -76.006669792860947, 2.634328457001653 ], [ -76.006760838169427, 2.634322313189797 ] ] ] } },
{ "type": "Feature", "properties": { "TIPO_VIA": 7, "ESTADO_SUP": "Sin Valor", "NUMERO_CAR": "Sin Valor", "ACCESIBILI": "Sin Valor", "NOMBRE_GEO": null, "PROYECTO": null, "SYMBOL": "2", "FECHA": null, "RULEID": 7, "PK_CUE": 2056451.0, "GLOBALID": "{0A62A2F4-C0C8-4F9D-A68C-AD497DFC27CD}", "EJE_VIAL": null, "SHAPE_Leng": 8607.7948638500002 }, "geometry": { "type": "MultiLineString", "coordinates": [ [ [ -76.008077866710963, 2.646573617920156 ], [ -76.007795723753588, 2.646631020448141 ], [ -76.007340467287889, 2.6467283966696 ], [ -76.006918904812608, 2.646848977658987 ], [ -76.006645735902026, 2.646923341038355 ], [ -76.006469226093657, 2.64698648262003 ], [ -76.006332009385133, 2.64711182542916 ], [ -76.006201429937903, 2.64735754073185 ], [ -76.006035896853831, 2.647740555654439 ], [ -76.005922169851431, 2.64798628960275 ], [ -76.005831017554854, 2.648129185428528 ], [ -76.005678017356317, 2.6483065043503 ], [ -76.005490224658018, 2.648432366599686 ], [ -76.005347455045737, 2.648466717773088 ], [ -76.005119319352076, 2.648449569285339 ], [ -76.004891237378459, 2.648375342153878 ], [ -76.004817170574086, 2.648244169679621 ], [ -76.004521597951921, 2.648226966781985 ], [ -76.004271004312244, 2.648181538764919 ], [ -76.004065353135715, 2.648153106926258 ], [ -76.003831592586906, 2.648142174797152 ], [ -76.003706880351473, 2.648101938578241 ], [ -76.003421592779404, 2.647885257155379 ], [ -76.003125076738655, 2.647651604621875 ], [ -76.003056572056735, 2.647594471580552 ], [ -76.002971249900696, 2.647480242198552 ], [ -76.002674760745066, 2.647217771613601 ], [ -76.002264598896161, 2.647149042279412 ], [ -76.001911767650427, 2.647069621817495 ], [ -76.001707221079315, 2.647070017873492 ], [ -76.00154761816863, 2.647081183837617 ], [ -76.000931759708138, 2.647030357195942 ], [ -76.000521490010101, 2.647087652038891 ], [ -76.000342715530635, 2.647179046047982 ], [ -76.000246058292305, 2.647184615762598 ], [ -76.000131468203463, 2.64712743820218 ], [ -75.999952865110174, 2.647019352703974 ], [ -75.999712377256259, 2.646990318587219 ], [ -75.999413382024997, 2.647035837410143 ], [ -75.999015393352437, 2.647190337951933 ], [ -75.998832144847071, 2.647253480857129 ], [ -75.998745583900444, 2.647273180809945 ], [ -75.998634318068767, 2.647275345976577 ], [ -75.998449571383063, 2.647288111100666 ], [ -75.997865836243349, 2.647158439346698 ], [ -75.997287123844472, 2.647145287054822 ], [ -75.996471687000351, 2.647040077035342 ], [ -75.995932445756722, 2.647053219114743 ], [ -75.995511567595315, 2.647289961233921 ], [ -75.995209068748736, 2.647671377191789 ], [ -75.994190205612824, 2.650309402596041 ], [ -75.993375645774137, 2.651790421178319 ], [ -75.993375645628063, 2.653567643305182 ], [ -75.992787463330728, 2.654431262150445 ], [ -75.992116780036568, 2.654715432767386 ], [ -75.992968365456051, 2.655492966911142 ], [ -75.992857288920661, 2.657048036154426 ], [ -75.990968990776992, 2.658899309619387 ], [ -75.991376271153442, 2.65926956361853 ], [ -75.993116467785228, 2.659454691140849 ], [ -75.990080379980398, 2.660491403784172 ], [ -75.989487972658338, 2.65915848752752 ], [ -75.988969616288145, 2.658677156055158 ], [ -75.990154430589683, 2.657492342194018 ], [ -75.987858852644223, 2.658269876242775 ], [ -75.98822910705951, 2.659676843574238 ], [ -75.98885854009059, 2.660972735107527 ], [ -75.988619570865112, 2.662338152211484 ], [ -75.988932590792146, 2.662935084446835 ], [ -75.989380997817463, 2.663313731312493 ], [ -75.989191768388977, 2.663712619097521 ], [ -75.988786132448794, 2.6645748454528 ], [ -75.988476802714899, 2.66493176500053 ], [ -75.988143678111143, 2.664955559175194 ], [ -75.987715375259128, 2.664693819137079 ], [ -75.987215688659887, 2.664336899456874 ], [ -75.986930153336232, 2.664146542892499 ], [ -75.986896190169986, 2.663823694942849 ], [ -75.987025331658344, 2.663266141938387 ], [ -75.987525017999857, 2.662790249685139 ], [ -75.987929526710118, 2.662433330878228 ], [ -75.988024705532055, 2.661933643766505 ], [ -75.987821826494226, 2.661602167619839 ], [ -75.98757260733052, 2.66221917917457 ], [ -75.987191893750463, 2.662528509596037 ], [ -75.986644617743806, 2.663028195693574 ], [ -75.986267165056205, 2.663711395345895 ], [ -75.985906985277964, 2.664455872595567 ], [ -75.985716627795327, 2.664788996862691 ], [ -75.985748400852003, 2.665267688287139 ], [ -75.986451884981065, 2.666193324693792 ], [ -75.986668412115861, 2.666597387354571 ], [ -75.987049126474105, 2.666716360614134 ], [ -75.987548812751143, 2.666835334181278 ], [ -75.988096089110343, 2.666954306884205 ], [ -75.988262651657664, 2.667192252646612 ], [ -75.988215061983766, 2.667406404612346 ], [ -75.987453634363803, 2.667453993545242 ], [ -75.986692207134453, 2.667168458610962 ], [ -75.986240109124836, 2.666978101550457 ], [ -75.98566903915399, 2.666740155271959 ], [ -75.985312119410679, 2.666288057347445 ], [ -75.985074173913361, 2.66600252275617 ], [ -75.984812433210124, 2.665598014405562 ], [ -75.984764843340898, 2.665241095239875 ], [ -75.984978994978135, 2.664836586875975 ], [ -75.98500278997048, 2.664455872682812 ], [ -75.984860022354013, 2.664146542374548 ], [ -75.984812433173047, 2.663884802356758 ], [ -75.985074173980081, 2.663527883118832 ], [ -75.985169352061277, 2.663361320583927 ], [ -75.985097967759671, 2.663123374413949 ], [ -75.984883816385249, 2.662909223529447 ], [ -75.984622075859136, 2.662790250163966 ], [ -75.98447930796452, 2.663313731654849 ], [ -75.984336540319063, 2.663932391600295 ], [ -75.98405100545466, 2.664336899429218 ], [ -75.984051005746778, 2.665145916414646 ], [ -75.983694086274312, 2.665812165650177 ], [ -75.983622702415289, 2.666240468932262 ], [ -75.983674975620147, 2.666822757788524 ], [ -75.983908237968265, 2.667239842462859 ], [ -75.984503102465723, 2.667430199408268 ], [ -75.984931406080833, 2.667596761076452 ], [ -75.985312119319161, 2.667763323846667 ], [ -75.98571662757324, 2.667977475238895 ], [ -75.986121136395226, 2.668334394508877 ], [ -75.986739796642624, 2.668619929943622 ], [ -75.987001536652656, 2.668953053761514 ], [ -75.987239482652328, 2.669191000493113 ], [ -75.988191267249093, 2.669619303312134 ], [ -75.988666925855426, 2.669793683971038 ] ] ] } },
{ "type": "Feature", "properties": { "TIPO_VIA": 7, "ESTADO_SUP": "Sin Valor", "NUMERO_CAR": "Sin Valor", "ACCESIBILI": "Sin Valor", "NOMBRE_GEO": null, "PROYECTO": null, "SYMBOL": "2", "FECHA": null, "RULEID": 7, "PK_CUE": 2056452.0, "GLOBALID": "{29568C87-727D-4EBC-A635-67BAC8A73DEA}", "EJE_VIAL": null, "SHAPE_Leng": 7597.0813739799996 }, "geometry": { "type": "MultiLineString", "coordinates": [ [ [ -76.004388700950855, 2.606448954564487 ], [ -76.00440427841589, 2.606667047813133 ], [ -76.004461383804994, 2.607466548588438 ], [ -76.004804028369165, 2.608437367067077 ], [ -76.004689807680222, 2.609636618063456 ], [ -76.004518489591661, 2.610892965778813 ], [ -76.004518489660214, 2.612035110754587 ], [ -76.004518489644624, 2.613063035435597 ], [ -76.004061633583788, 2.614033862430239 ], [ -76.003547672185746, 2.614947574551405 ], [ -76.003033710039489, 2.615747065978433 ], [ -76.002691065380802, 2.616261037079262 ], [ -76.001948670406733, 2.616717893655974 ], [ -76.001320496728411, 2.616946317075883 ], [ -76.001319705997545, 2.616946380440039 ], [ -76.000635207604574, 2.617003423082832 ], [ -76.000406783776398, 2.617517384900047 ], [ -76.000436671544747, 2.617557236056069 ], [ -76.000920745537712, 2.618202674419614 ], [ -76.001034958282474, 2.618773742052305 ], [ -76.001263390795998, 2.619573243080308 ], [ -76.001320497053712, 2.620486955266647 ], [ -76.001434708238818, 2.621343561230123 ], [ -76.002234209377946, 2.621743311698849 ], [ -76.002976594723535, 2.622085955844022 ], [ -76.00337634454273, 2.622714130404995 ], [ -76.00320502711746, 2.6235707370221 ], [ -76.00314792129933, 2.624370237038701 ], [ -76.004004527535983, 2.624769987423225 ], [ -76.004918239841814, 2.625398160963805 ], [ -76.005546413865659, 2.625683699726969 ], [ -76.006345914842228, 2.625912123563939 ], [ -76.006974097613281, 2.626083449941101 ], [ -76.007545166066819, 2.626368980376598 ], [ -76.008002022230755, 2.626711623850005 ], [ -76.00874441691164, 2.627054269230295 ], [ -76.009210785954068, 2.627054268999898 ], [ -76.009543908245277, 2.627054268852978 ], [ -76.010980807682529, 2.627001663048234 ], [ -76.011797214873482, 2.627002364083406 ], [ -76.012123986404191, 2.626756333302057 ], [ -76.012899788585898, 2.626510680368606 ], [ -76.013675753708057, 2.626059780313577 ], [ -76.014288477192011, 2.625567681780826 ], [ -76.014819767997736, 2.624829194907398 ], [ -76.015065348886708, 2.624049421795047 ], [ -76.01575995305231, 2.623270026182389 ], [ -76.016536061696144, 2.622654912913839 ], [ -76.017434322554536, 2.622409368117475 ], [ -76.018169261934275, 2.62220473102868 ], [ -76.019108406201582, 2.621877115977707 ], [ -76.019802633073141, 2.621549294353838 ], [ -76.020170213906866, 2.621303289692051 ], [ -76.020701226915946, 2.620893217721598 ], [ -76.021232481049964, 2.620195784200788 ], [ -76.02180416940574, 2.619949959735928 ], [ -76.021844683111553, 2.620319463941834 ], [ -76.022007376761181, 2.621017482201812 ], [ -76.022496706691058, 2.621633681008576 ], [ -76.022659400715938, 2.622331698553441 ], [ -76.022560068560892, 2.622795971891129 ] ] ] } },
{ "type": "Feature", "properties": { "TIPO_VIA": 7, "ESTADO_SUP": "Sin Valor", "NUMERO_CAR": "Sin Valor", "ACCESIBILI": "Sin Valor", "NOMBRE_GEO": null, "PROYECTO": null, "SYMBOL": "2", "FECHA": null, "RULEID": 7, "PK_CUE": 2056453.0, "GLOBALID": "{165D82B0-480D-47F4-80AD-5D6B999579B8}", "EJE_VIAL": null, "SHAPE_Leng": 1644.2573617 }, "geometry": { "type": "MultiLineString", "coordinates": [ [ [ -76.001319705997545, 2.616946380440039 ], [ -76.001777353363025, 2.617403173086953 ], [ -76.002519737760466, 2.617917135081923 ], [ -76.002805276929195, 2.61854531754918 ], [ -76.002919488685919, 2.619230598097774 ], [ -76.003319238609762, 2.619744559708419 ], [ -76.003890316388762, 2.619744559731676 ], [ -76.004232951114517, 2.61940192459363 ], [ -76.004746914337176, 2.619230598030823 ], [ -76.005260885084965, 2.619230598073994 ], [ -76.005603520172727, 2.619573243423068 ], [ -76.005603519668185, 2.620315637388212 ], [ -76.005717740780611, 2.621286456112301 ], [ -76.006003269690169, 2.622257273759746 ], [ -76.006345914701356, 2.62294256344594 ], [ -76.007031204419818, 2.623799169292128 ], [ -76.007545165953758, 2.624427343426871 ], [ -76.0084017721924, 2.624998410757434 ], [ -76.008630196330301, 2.625740806411221 ], [ -76.008972839859084, 2.626483200683405 ], [ -76.009210785954068, 2.627054268999898 ] ] ] } },
{ "type": "Feature", "properties": { "TIPO_VIA": 7, "ESTADO_SUP": "Sin Valor", "NUMERO_CAR": "Sin Valor", "ACCESIBILI": "Sin Valor", "NOMBRE_GEO": null, "PROYECTO": null, "SYMBOL": "2", "FECHA": null, "RULEID": 7, "PK_CUE": 2056493.0, "GLOBALID": "{4306737D-86CC-463C-910E-986EF34ADC32}", "EJE_VIAL": null, "SHAPE_Leng": 5203.43731183 }, "geometry": { "type": "MultiLineString", "coordinates": [ [ [ -76.054033277940505, 2.668273599865092 ], [ -76.05417305613642, 2.668240083605462 ], [ -76.054487817027592, 2.668164615762371 ], [ -76.054857679735505, 2.66805584765059 ], [ -76.055102703930871, 2.668038529027906 ], [ -76.055507377344, 2.667975566203464 ], [ -76.055695098268117, 2.667941250412003 ], [ -76.055899672045953, 2.667918244012596 ], [ -76.056150337580064, 2.667883974225431 ], [ -76.056224520311815, 2.667883470694439 ], [ -76.056315592024745, 2.667843424189324 ], [ -76.056487519557834, 2.667877470197701 ], [ -76.056749433256499, 2.667831907449291 ], [ -76.056959648335138, 2.667785742741931 ], [ -76.057130470663594, 2.667802829216505 ], [ -76.057358607620017, 2.667825618938708 ], [ -76.057523826323745, 2.667831413037221 ], [ -76.057631731152085, 2.667825277694092 ], [ -76.057640563532019, 2.667821832372949 ] ] ] } },
{ "type": "Feature", "properties": { "TIPO_VIA": 7, "ESTADO_SUP": "Sin Valor", "NUMERO_CAR": "Sin Valor", "ACCESIBILI": "Sin Valor", "NOMBRE_GEO": null, "PROYECTO": null, "SYMBOL": "2", "FECHA": null, "RULEID": 7, "PK_CUE": 2056495.0, "GLOBALID": "{B4BB2FF0-3213-4F29-BBBF-13762050DE05}", "EJE_VIAL": null, "SHAPE_Leng": 3735.8145722099998 }, "geometry": { "type": "MultiLineString", "coordinates": [ [ [ -76.038295746143206, 2.610041886694262 ], [ -76.038199851201725, 2.61014235958602 ], [ -76.037955887303283, 2.610245577229934 ], [ -76.037710808298044, 2.610336936115944 ], [ -76.037534316070264, 2.610388776845161 ], [ -76.037192632771593, 2.610422975581124 ], [ -76.03712970583868, 2.610411621328134 ], [ -76.036901633379287, 2.61031480103386 ], [ -76.036706947131506, 2.610187031337767 ] ] ] } },
{ "type": "Feature", "properties": { "TIPO_VIA": 7, "ESTADO_SUP": "Sin Valor", "NUMERO_CAR": "Sin Valor", "ACCESIBILI": "Sin Valor", "NOMBRE_GEO": null, "PROYECTO": null, "SYMBOL": "2", "FECHA": null, "RULEID": 7, "PK_CUE": 2056497.0, "GLOBALID": "{C138870E-974C-46CB-80F3-5A0888D23DE5}", "EJE_VIAL": null, "SHAPE_Leng": 5693.6944595699997 }, "geometry": { "type": "MultiLineString", "coordinates": [ [ [ -76.10219429087978, 2.649820177071476 ], [ -76.102154743125581, 2.649791023877026 ], [ -76.101692955039141, 2.649603041672728 ], [ -76.10143674720365, 2.649534455674779 ], [ -76.101048952925353, 2.649586154247851 ], [ -76.100838710880069, 2.649678104867284 ], [ -76.100698422794594, 2.649678243288018 ] ] ] } },
{ "type": "Feature", "properties": { "TIPO_VIA": 7, "ESTADO_SUP": "Sin Valor", "NUMERO_CAR": "Sin Valor", "ACCESIBILI": "Sin Valor", "NOMBRE_GEO": null, "PROYECTO": null, "SYMBOL": "2", "FECHA": null, "RULEID": 7, "PK_CUE": 2056549.0, "GLOBALID": "{5EB86945-4B3A-4FB2-9CDD-EEC9FCEF90EF}", "EJE_VIAL": null, "SHAPE_Leng": 7247.7224958400002 }, "geometry": { "type": "MultiLineString", "coordinates": [ [ [ -76.000436671544747, 2.617557236056069 ], [ -76.000453960115777, 2.61761072200071 ], [ -76.000542788776698, 2.617885541995831 ], [ -76.000610881397506, 2.618321647110162 ], [ -76.000564770535149, 2.618872413327549 ], [ -76.000290820528249, 2.618986920595124 ], [ -75.999834475621228, 2.618917678996105 ], [ -75.999218635637902, 2.61854994482458 ], [ -75.999036458256867, 2.618090789389476 ], [ -75.998740309609289, 2.617493831378815 ], [ -75.998740625173539, 2.617126636168615 ], [ -75.998969471180658, 2.616369481589585 ], [ -75.999472302933242, 2.615451916196062 ], [ -75.999495596252316, 2.614901141180321 ], [ -75.999610050008116, 2.614488140423836 ], [ -75.999450814846966, 2.613891300228964 ], [ -75.999108745407071, 2.613615606653145 ], [ -75.999109123283347, 2.613179554779665 ], [ -75.999086889259274, 2.61249104195417 ], [ -75.999041812332877, 2.611825452696058 ], [ -75.99908795756788, 2.611228792064615 ], [ -75.999316561635212, 2.610769986141707 ], [ -75.999545056930785, 2.610425931981664 ], [ -75.999499629330117, 2.610173441784104 ], [ -75.999225706402129, 2.610265007439085 ], [ -75.998974563601848, 2.610402495445995 ], [ -75.998814591794442, 2.610677756355299 ], [ -75.998654529532232, 2.611044817071493 ], [ -75.998475154642023, 2.61127634936745 ], [ -75.997914750338282, 2.61218381832177 ], [ -75.997324835410836, 2.612728350405426 ], [ -75.99673492037094, 2.61313675095982 ], [ -75.996235762571231, 2.61272835032787 ], [ -75.996145005745703, 2.611140128089898 ], [ -75.996099632313815, 2.610414073767386 ], [ -75.995773236546071, 2.609353304224637 ], [ -75.994771316932486, 2.60858714883589 ], [ -75.99496847270035, 2.608298998572748 ], [ -75.99648505184652, 2.609375770556015 ], [ -75.997455771083395, 2.608273867192282 ], [ -75.997687861746599, 2.608099797610893 ], [ -75.997869375833147, 2.607691396811642 ], [ -75.997869376219242, 2.607282996281035 ], [ -75.997823992946721, 2.606874595102339 ], [ -75.997687861888082, 2.606693080824183 ], [ -75.99773323611717, 2.606239305788673 ], [ -75.998484937181203, 2.606089818226068 ], [ -75.998550802011309, 2.606078839775914 ], [ -75.998950551998476, 2.606021734312586 ], [ -76.000264014871917, 2.606135954933591 ], [ -76.000835082659123, 2.606592810966966 ], [ -76.002034333941992, 2.60664991673979 ], [ -76.00289093988809, 2.606649917038624 ], [ -76.004033076148062, 2.606478591446593 ], [ -76.004388700950855, 2.606448954564487 ], [ -76.005403645234637, 2.60636437904441 ], [ -76.006146040198658, 2.606364378601366 ], [ -76.007516608301771, 2.606021734235775 ], [ -76.007973464195615, 2.605222234086183 ], [ -76.007973463523882, 2.604536954287413 ], [ -76.007231078947214, 2.603908779758159 ], [ -76.006717107878757, 2.603509030193337 ], [ -76.006088933955226, 2.603052172764481 ], [ -76.005959900346326, 2.602958335194932 ], [ -76.005460760318456, 2.602595317200254 ], [ -76.004661258846383, 2.602081346414635 ], [ -76.004090190637442, 2.601453171686309 ], [ -76.003462007738435, 2.600539459759189 ], [ -76.003176469813539, 2.59968285287986 ], [ -76.002890940069904, 2.598198072642606 ], [ -76.002662507614417, 2.597170140092087 ], [ -76.002376978224859, 2.595970897902955 ], [ -76.002376977803777, 2.594600320259665 ], [ -76.002205651386959, 2.593286857737023 ], [ -76.001920121962058, 2.592544471785301 ], [ -76.001463266036723, 2.591402326754638 ], [ -76.001349044616447, 2.590203085307447 ], [ -76.00106351458092, 2.588832506634936 ], [ -76.000720870760645, 2.587519045102893 ], [ -76.000321120798731, 2.586605332031132 ], [ -75.999978475561804, 2.585920052297408 ], [ -75.999578725607037, 2.584949233673666 ], [ -75.999350301630983, 2.584092628444132 ], [ -75.999121869945299, 2.583064694208335 ], [ -75.998216535287327, 2.581738265450867 ], [ -75.998500856164767, 2.581100302877926 ] ] ] } },
{ "type": "Feature", "properties": { "TIPO_VIA": 7, "ESTADO_SUP": "Sin Valor", "NUMERO_CAR": "Sin Valor", "ACCESIBILI": "Sin Valor", "NOMBRE_GEO": null, "PROYECTO": null, "SYMBOL": "2", "FECHA": null, "RULEID": 7, "PK_CUE": 2056595.0, "GLOBALID": "{2E375B13-1310-42F3-96DD-0AD1B0F7597C}", "EJE_VIAL": null, "SHAPE_Leng": 3457.6803351799999 }, "geometry": { "type": "MultiLineString", "coordinates": [ [ [ -76.007336790917222, 2.573199520173675 ], [ -76.007691227315703, 2.573553956326551 ] ], [ [ -76.014466473340192, 2.579597835342651 ], [ -76.014483671687088, 2.57971822670957 ], [ -76.014483671703928, 2.580232189952983 ], [ -76.014940527771373, 2.580689045816118 ], [ -76.015797135248121, 2.580917468894876 ], [ -76.016053470948336, 2.580870863605186 ] ] ] } },
{ "type": "Feature", "properties": { "TIPO_VIA": 7, "ESTADO_SUP": "Sin Valor", "NUMERO_CAR": "Sin Valor", "ACCESIBILI": "Sin Valor", "NOMBRE_GEO": null, "PROYECTO": null, "SYMBOL": "2", "FECHA": null, "RULEID": 7, "PK_CUE": 2056664.0, "GLOBALID": "{AAFDD4CD-E75B-47B5-8ABF-930DB55885AA}", "EJE_VIAL": null, "SHAPE_Leng": 1997.4922923399999 }, "geometry": { "type": "MultiLineString", "coordinates": [ [ [ -76.026998545002925, 2.592478118019699 ], [ -76.027001390339535, 2.592554164954796 ], [ -76.026658835531066, 2.593213132830832 ], [ -76.02734221975642, 2.593987615071598 ], [ -76.028283203249899, 2.595298086847297 ] ] ] } },
{ "type": "Feature", "properties": { "TIPO_VIA": 7, "ESTADO_SUP": "Sin Valor", "NUMERO_CAR": "Sin Valor", "ACCESIBILI": "Sin Valor", "NOMBRE_GEO": null, "PROYECTO": null, "SYMBOL": "2", "FECHA": null, "RULEID": 7, "PK_CUE": 2056740.0, "GLOBALID": "{3A1BF9CB-3200-4894-AB11-43F766806FC2}", "EJE_VIAL": null, "SHAPE_Leng": 1406.62893422 }, "geometry": { "type": "MultiLineString", "coordinates": [ [ [ -76.018563522803319, 2.582233778964531 ], [ -76.018516551152928, 2.582342906863791 ], [ -76.018515715106389, 2.583346128392819 ], [ -76.018401000176652, 2.584205922691662 ], [ -76.017716223933363, 2.585122582052495 ], [ -76.017288347239017, 2.585552174439076 ], [ -76.016347631190271, 2.585780688200571 ], [ -76.015948473597817, 2.585952329438061 ], [ -76.015378366693753, 2.586066505111471 ], [ -76.014950778159445, 2.586152131824272 ], [ -76.014380526936506, 2.586438289978827 ], [ -76.013924399405781, 2.586581220973099 ], [ -76.013639668956955, 2.586237022605177 ], [ -76.01361195602793, 2.585291106419322 ], [ -76.012956939568497, 2.584688623763302 ], [ -76.012700795262276, 2.584258466043268 ], [ -76.012102974948448, 2.583426723903902 ], [ -76.011790010775357, 2.58276720789982 ], [ -76.01153376588023, 2.582451692732721 ], [ -76.011409206107615, 2.582404594157012 ] ] ] } },
{ "type": "Feature", "properties": { "TIPO_VIA": 7, "ESTADO_SUP": "Sin Valor", "NUMERO_CAR": "Sin Valor", "ACCESIBILI": "Sin Valor", "NOMBRE_GEO": null, "PROYECTO": null, "SYMBOL": "2", "FECHA": null, "RULEID": 7, "PK_CUE": 2056742.0, "GLOBALID": "{91BFD32D-E636-4199-86AF-396DCE69FDD0}", "EJE_VIAL": null, "SHAPE_Leng": 1637.4748451400001 }, "geometry": { "type": "MultiLineString", "coordinates": [ [ [ -76.028492781570407, 2.664102264322773 ], [ -76.028395881108594, 2.664054841698139 ], [ -76.028162202084189, 2.663940486005083 ], [ -76.027495949168653, 2.663666976187804 ], [ -76.026965672555235, 2.663410525256405 ], [ -76.026520782157064, 2.663188057586049 ], [ -76.026212975257437, 2.663010918614967 ], [ -76.025769225341591, 2.662771491169725 ], [ -76.025507438378924, 2.6626689840734 ], [ -76.02533554538023, 2.662594809881308 ], [ -76.025227701702903, 2.662526341428432 ], [ -76.024721052957659, 2.662241088931634 ], [ -76.024099732803194, 2.662001518215769 ], [ -76.023672826731342, 2.661784717853541 ], [ -76.023079713847977, 2.661397103635469 ], [ -76.022521554730758, 2.660889152169052 ], [ -76.02200840973866, 2.660312289896377 ], [ -76.021444681063528, 2.659741598869126 ], [ -76.021062824980447, 2.659410678218527 ], [ -76.020686530089094, 2.659153794764081 ], [ -76.020406786018398, 2.659023019267361 ], [ -76.020202311253428, 2.658925641380935 ], [ -76.019905714313339, 2.658794280789274 ], [ -76.019592246600197, 2.658663476742183 ], [ -76.019278744419495, 2.658583526656392 ], [ -76.01884611599634, 2.658492742631001 ], [ -76.018481983955297, 2.658476043756929 ], [ -76.018259407623205, 2.658527282590913 ], [ -76.01792896264655, 2.658538872380402 ], [ -76.017468100219503, 2.658607988010656 ], [ -76.017063382088352, 2.658739888283986 ], [ -76.016784562935129, 2.658848153287807 ], [ -76.016573179726038, 2.658951396283679 ], [ -76.016431480074175, 2.659065427651931 ], [ -76.016157081247542, 2.659254514682654 ], [ -76.015935502103673, 2.659460030731112 ], [ -76.01574879576431, 2.659626587895557 ] ] ] } },
{ "type": "Feature", "properties": { "TIPO_VIA": 7, "ESTADO_SUP": "Sin Valor", "NUMERO_CAR": "Sin Valor", "ACCESIBILI": "Sin Valor", "NOMBRE_GEO": null, "PROYECTO": null, "SYMBOL": "2", "FECHA": null, "RULEID": 7, "PK_CUE": 2056743.0, "GLOBALID": "{EED9E69B-258E-4715-8A99-77C862042B67}", "EJE_VIAL": null, "SHAPE_Leng": 1769.83942073 }, "geometry": { "type": "MultiLineString", "coordinates": [ [ [ -76.024489416792392, 2.640621448217693 ], [ -76.024541226164004, 2.640484259440297 ], [ -76.02469446286095, 2.640078492864205 ], [ -76.02480931184823, 2.639821458246609 ], [ -76.024899430976888, 2.639563838875958 ], [ -76.024940044040719, 2.639381337046436 ], [ -76.024973928005267, 2.639175659025982 ], [ -76.025002260707751, 2.638895375140034 ], [ -76.025008037013521, 2.638701546174695 ], [ -76.024978950169242, 2.638541592346929 ], [ -76.024949997384681, 2.638210401418438 ], [ -76.024933244084863, 2.638084367217355 ], [ -76.024910857700689, 2.637975841842664 ], [ -76.024910929914526, 2.637890502106427 ], [ -76.024972931199045, 2.637656033176963 ], [ -76.025177719752904, 2.637364592284167 ], [ -76.02562182864402, 2.637158698332259 ], [ -76.026065983419386, 2.636895716977959 ], [ -76.026420135309039, 2.636746812241964 ], [ -76.026858549402519, 2.636632456430333 ], [ -76.02721156010557, 2.63650051170299 ], [ -76.027724183808814, 2.636340441289796 ], [ -76.028316605173131, 2.636179876388789 ], [ -76.028692108881188, 2.636036640395084 ], [ -76.028834861344919, 2.636007938619504 ], [ -76.029096782207318, 2.635945424796414 ], [ -76.029540784392495, 2.63587063083058 ], [ -76.029774534268384, 2.635887779573331 ], [ -76.030036347544979, 2.635955808904223 ], [ -76.030303741019921, 2.636075842112723 ], [ -76.030481265731723, 2.63613814869367 ], [ -76.030691318745781, 2.636275088633332 ], [ -76.030896916282032, 2.636360590289429 ], [ -76.031136183324918, 2.636515073657022 ], [ -76.031329830703996, 2.636493203289938 ] ] ] } },
{ "type": "Feature", "properties": { "TIPO_VIA": 7, "ESTADO_SUP": "Sin Valor", "NUMERO_CAR": "Sin Valor", "ACCESIBILI": "Sin Valor", "NOMBRE_GEO": null, "PROYECTO": null, "SYMBOL": "2", "FECHA": null, "RULEID": 7, "PK_CUE": 2056818.0, "GLOBALID": "{B35B1688-14D8-44F1-BCBA-E296E1209F7A}", "EJE_VIAL": null, "SHAPE_Leng": 1118.4621174599999 }, "geometry": { "type": "MultiLineString", "coordinates": [ [ [ -76.105453536098423, 2.713396982816292 ], [ -76.105453958592705, 2.712867057743521 ], [ -76.105454246141903, 2.712502764367747 ], [ -76.104664078551338, 2.712204065200439 ], [ -76.104301913731803, 2.712071302991005 ], [ -76.104203332634441, 2.711806272889228 ], [ -76.104401142063026, 2.711541494744027 ], [ -76.105125650611157, 2.7115751991609 ], [ -76.105784295638315, 2.71160884085111 ], [ -76.106311311075217, 2.711509918827316 ], [ -76.106673735884939, 2.711311498711688 ], [ -76.107003336568326, 2.710980585641925 ], [ -76.108189103516395, 2.710782840249506 ], [ -76.108946733742684, 2.710584735132878 ], [ -76.109803079545955, 2.710486073295746 ], [ -76.110692313928112, 2.710453671130256 ], [ -76.111186188552409, 2.710619651860954 ], [ -76.111449628516951, 2.710652980254199 ] ] ] } },
{ "type": "Feature", "properties": { "TIPO_VIA": 7, "ESTADO_SUP": "Sin Valor", "NUMERO_CAR": "Sin Valor", "ACCESIBILI": "Sin Valor", "NOMBRE_GEO": null, "PROYECTO": null, "SYMBOL": "2", "FECHA": null, "RULEID": 7, "PK_CUE": 2056819.0, "GLOBALID": "{46564DF8-76AA-471B-8B13-22615268E7E2}", "EJE_VIAL": null, "SHAPE_Leng": 3837.4147041299998 }, "geometry": { "type": "MultiLineString", "coordinates": [ [ [ -76.188660330561561, 2.712065678831253 ], [ -76.188632042840212, 2.712097425603133 ], [ -76.188283371262997, 2.712488795450249 ], [ -76.188065817036318, 2.712800834445453 ], [ -76.188003428887455, 2.713206647996246 ], [ -76.187972041513788, 2.713674921441859 ], [ -76.187412866627255, 2.714142799937944 ], [ -76.18710211318637, 2.714548424824915 ], [ -76.186853334279562, 2.715110196090091 ], [ -76.186635617841432, 2.715640768181642 ], [ -76.185983629769069, 2.715671508042812 ], [ -76.185425030360605, 2.715358893903842 ], [ -76.184524703160321, 2.715358229847093 ], [ -76.184028006298817, 2.715295418947854 ], [ -76.18294149410147, 2.715169735781644 ], [ -76.182382409728689, 2.715512730605477 ], [ -76.181636987984064, 2.715949248823636 ], [ -76.181078226130651, 2.715855177691037 ], [ -76.180178124360239, 2.715542311736605 ], [ -76.179122513292555, 2.715603963933649 ], [ -76.177197181180745, 2.71625813473899 ], [ -76.175768743135492, 2.716694141010143 ], [ -76.17424705138518, 2.717286167218634 ], [ -76.173439663406512, 2.717535314976262 ], [ -76.172384035177174, 2.717628182344278 ], [ -76.171762787135975, 2.718064791259264 ], [ -76.171048499936802, 2.718376442581702 ], [ -76.169713478143748, 2.718437879307265 ], [ -76.169340803367788, 2.718593692042568 ], [ -76.168844070964795, 2.718593313948319 ], [ -76.168689120296563, 2.718218564066935 ], [ -76.16887568237938, 2.717844074664521 ], [ -76.169465803615168, 2.717501097873912 ], [ -76.169869776099119, 2.717001894645942 ], [ -76.17005656265772, 2.716315205395251 ], [ -76.170740064347825, 2.715660107702635 ], [ -76.171672137651711, 2.714724225995772 ], [ -76.172386333974075, 2.714537448175567 ], [ -76.173225226048501, 2.713663926434272 ], [ -76.173908763310124, 2.712946387981312 ], [ -76.174126506300738, 2.712384598964943 ], [ -76.174313220957629, 2.711791567706056 ], [ -76.17477927556213, 2.71129240058858 ], [ -76.17493494539211, 2.710699342347439 ], [ -76.174997359711682, 2.710262321196418 ], [ -76.175246003624395, 2.709887866861171 ], [ -76.175296993129834, 2.70981108760651 ] ] ] } },
{ "type": "Feature", "properties": { "TIPO_VIA": 6, "ESTADO_SUP": "3350", "NUMERO_CAR": "Sin Valor", "ACCESIBILI": "3601", "NOMBRE_GEO": null, "PROYECTO": null, "SYMBOL": "2", "FECHA": null, "RULEID": 6, "PK_CUE": 2055836.0, "GLOBALID": "{FC1B0838-3459-4DC8-9748-3995FCF06ABE}", "EJE_VIAL": null, "SHAPE_Leng": 3952.2730631 }, "geometry": { "type": "MultiLineString", "coordinates": [ [ [ -76.032101235377567, 2.732995960181248 ], [ -76.032867265666098, 2.73346285193722 ], [ -76.033168755222476, 2.734400820896321 ], [ -76.032663439229708, 2.735305837420085 ], [ -76.032733217077862, 2.736728283161066 ], [ -76.032465279109033, 2.737047232525324 ], [ -76.034307717372826, 2.737817706434251 ], [ -76.03655214331495, 2.739526149918496 ], [ -76.038595574743354, 2.740464118761877 ], [ -76.03913155704592, 2.742507550092788 ], [ -76.040404514818931, 2.744215993244948 ], [ -76.041275485255554, 2.745924436823796 ], [ -76.041878465179892, 2.745187461067365 ], [ -76.042347449581641, 2.745890937394433 ], [ -76.042816433927896, 2.747532382936145 ], [ -76.04349279724407, 2.747946619678736 ], [ -76.044256885801744, 2.748503850978027 ], [ -76.043676534072148, 2.749179341098031 ], [ -76.044290385203595, 2.749944302167453 ], [ -76.04482636730971, 2.748939336029433 ], [ -76.046065826238362, 2.749240826484739 ], [ -76.046635306612373, 2.750312790591848 ], [ -76.046668806038141, 2.753260691661821 ], [ -76.047740770411082, 2.754701143764112 ], [ -76.049572187399633, 2.755858206152581 ] ] ] } },
{ "type": "Feature", "properties": { "TIPO_VIA": 6, "ESTADO_SUP": "3350", "NUMERO_CAR": "Sin Valor", "ACCESIBILI": "3601", "NOMBRE_GEO": null, "PROYECTO": null, "SYMBOL": "2", "FECHA": null, "RULEID": 6, "PK_CUE": 2055893.0, "GLOBALID": "{A892B628-342D-4B6B-90A1-1A72674BD8F8}", "EJE_VIAL": null, "SHAPE_Leng": 2534.3835611 }, "geometry": { "type": "MultiLineString", "coordinates": [ [ [ -76.069468588790329, 2.718389325109178 ], [ -76.069149687098985, 2.717472468592963 ], [ -76.069069961976993, 2.716715071858715 ], [ -76.068671325162398, 2.716156985260411 ], [ -76.067993653629301, 2.715877941159893 ], [ -76.067276116306346, 2.715798215118696 ], [ -76.06700376535295, 2.715700945889861 ], [ -76.066718028967358, 2.715598897215563 ], [ -76.066319401148903, 2.715200270123092 ], [ -76.06600049906325, 2.71464218234298 ], [ -76.065960632030965, 2.714123961977008 ], [ -76.066040357675035, 2.713645609382612 ], [ -76.065920765061847, 2.713167248096196 ], [ -76.065601862893104, 2.713007797407879 ], [ -76.065043775988698, 2.712967929165333 ], [ -76.064485697021325, 2.71308752194273 ], [ -76.063847883964272, 2.713286840142718 ], [ -76.063050621031437, 2.713286839622417 ], [ -76.062452674677161, 2.713167248296188 ], [ -76.061934455184357, 2.712808478313918 ], [ -76.061575685980642, 2.712290257682068 ], [ -76.061695269821243, 2.711652445187718 ], [ -76.062054038627622, 2.711094367427326 ], [ -76.06237294962952, 2.710735598438649 ], [ -76.062731719130568, 2.709778882921156 ], [ -76.063608708355915, 2.707945169654622 ], [ -76.063887752092114, 2.707347224599132 ], [ -76.063967476769861, 2.706709412060594 ], [ -76.063728291575472, 2.706191191621799 ], [ -76.063090488263157, 2.705832422045462 ], [ -76.062452675205307, 2.70607160831904 ], [ -76.061735137195356, 2.706270917157708 ], [ -76.061097323577954, 2.706270917264 ], [ -76.060180475946595, 2.705752696712538 ], [ -76.060154587332391, 2.705736833296454 ], [ -76.059941650086287, 2.705606351799607 ] ] ] } },
{ "type": "Feature", "properties": { "TIPO_VIA": 6, "ESTADO_SUP": "3350", "NUMERO_CAR": "Sin Valor", "ACCESIBILI": "3601", "NOMBRE_GEO": null, "PROYECTO": null, "SYMBOL": "2", "FECHA": null, "RULEID": 6, "PK_CUE": 2055894.0, "GLOBALID": "{72ED4FBF-E798-4A88-81A7-58C33039088B}", "EJE_VIAL": null, "SHAPE_Leng": 1056.26527562 }, "geometry": { "type": "MultiLineString", "coordinates": [ [ [ -76.046406553653853, 2.702455771594185 ], [ -76.046308089572634, 2.702404191226627 ], [ -76.045510825872128, 2.701686662088586 ], [ -76.044873022328503, 2.700729938328093 ], [ -76.04439466008256, 2.699852948050221 ], [ -76.043876439929207, 2.698856375003765 ], [ -76.043238627286598, 2.697361507419304 ], [ -76.042879857913974, 2.696404791927488 ], [ -76.042879857692242, 2.695527803115559 ], [ -76.043039308911986, 2.694929847776288 ], [ -76.043557537719764, 2.694292044577085 ], [ -76.043657098719052, 2.694238944989125 ] ] ] } },
{ "type": "Feature", "properties": { "TIPO_VIA": 6, "ESTADO_SUP": "3350", "NUMERO_CAR": "Sin Valor", "ACCESIBILI": "3601", "NOMBRE_GEO": null, "PROYECTO": null, "SYMBOL": "2", "FECHA": null, "RULEID": 6, "PK_CUE": 2055957.0, "GLOBALID": "{F97B1ECE-F411-46E5-AE17-086B451D9D3D}", "EJE_VIAL": null, "SHAPE_Leng": 1063.19595772 }, "geometry": { "type": "MultiLineString", "coordinates": [ [ [ -76.043657098719052, 2.694238944989125 ], [ -76.044753430148162, 2.693654232129453 ], [ -76.045128448806679, 2.693499334596036 ], [ -76.046587134346936, 2.692896826174084 ], [ -76.048141793526597, 2.692059703566802 ], [ -76.049337693777673, 2.691302307797113 ], [ -76.050493726540537, 2.690226000019527 ], [ -76.051330849002596, 2.68962805412227 ], [ -76.051809211201231, 2.689349011208095 ] ] ] } },
{ "type": "Feature", "properties": { "TIPO_VIA": 6, "ESTADO_SUP": "3350", "NUMERO_CAR": "Sin Valor", "ACCESIBILI": "3601", "NOMBRE_GEO": null, "PROYECTO": null, "SYMBOL": "2", "FECHA": null, "RULEID": 6, "PK_CUE": 2056035.0, "GLOBALID": "{2397B647-F2F2-42FD-BAB2-D1BD878AEFFC}", "EJE_VIAL": null, "SHAPE_Leng": 2340.9975175 }, "geometry": { "type": "MultiLineString", "coordinates": [ [ [ -76.117733668149285, 2.735343812565295 ], [ -76.117753404375009, 2.735264689993944 ], [ -76.117819483634747, 2.734999802921512 ], [ -76.117819718027519, 2.734701742119978 ], [ -76.11781983386966, 2.734552523294653 ], [ -76.117820194251749, 2.734105619591017 ], [ -76.117689012515356, 2.73341003660344 ], [ -76.116810917387127, 2.731906194122749 ], [ -76.116304367265499, 2.731645244096135 ], [ -76.116142994145591, 2.731024299847079 ], [ -76.115289542203669, 2.730605343027515 ], [ -76.115012987224489, 2.730160156011358 ], [ -76.112925254979515, 2.729535988840011 ], [ -76.112731547636287, 2.728287654826723 ], [ -76.113272137357512, 2.727543283982659 ], [ -76.113544366199065, 2.727048051233258 ], [ -76.113676660535177, 2.72635268311449 ], [ -76.113676663367841, 2.726349243495731 ], [ -76.113348699873129, 2.725652319989177 ], [ -76.113360268107797, 2.725533166884879 ], [ -76.114130543715959, 2.724843973248424 ], [ -76.114534910973788, 2.723869523959337 ], [ -76.11460135873584, 2.723140981997628 ], [ -76.114327675926077, 2.722950126371847 ], [ -76.113786175797756, 2.723122132504372 ], [ -76.113185470689388, 2.722808668032665 ], [ -76.112197449571568, 2.722807868271316 ], [ -76.112046137616602, 2.722736116981168 ], [ -76.111618916512555, 2.722097881321837 ], [ -76.110717295633009, 2.720455305592984 ] ] ] } },
{ "type": "Feature", "properties": { "TIPO_VIA": 6, "ESTADO_SUP": "3350", "NUMERO_CAR": "Sin Valor", "ACCESIBILI": "3601", "NOMBRE_GEO": null, "PROYECTO": null, "SYMBOL": "2", "FECHA": null, "RULEID": 6, "PK_CUE": 2056036.0, "GLOBALID": "{72FEFC4D-990B-423D-8A0F-06E6A0319DCF}", "EJE_VIAL": null, "SHAPE_Leng": 6304.4205846100003 }, "geometry": { "type": "MultiLineString", "coordinates": [ [ [ -76.149005549984764, 2.718797114856335 ], [ -76.148896108200205, 2.718746988953773 ], [ -76.148516257858248, 2.71857301142931 ], [ -76.148278562982853, 2.718289097472026 ], [ -76.147780936312785, 2.718456761184013 ], [ -76.147053140480864, 2.717515772860495 ], [ -76.146065663596858, 2.716242760984555 ], [ -76.144650624703786, 2.715410763348357 ], [ -76.143903649355664, 2.715504071364147 ], [ -76.14370363974551, 2.715628364798485 ], [ -76.142532164230218, 2.716159479644159 ], [ -76.142068169410749, 2.716468809668461 ], [ -76.142115759006728, 2.717111264167615 ], [ -76.141401920045126, 2.717063674662882 ], [ -76.141473304681952, 2.71777751280482 ], [ -76.140676184542244, 2.718146329839675 ], [ -76.141152076878285, 2.717444389083665 ], [ -76.141005073082823, 2.717085342755741 ], [ -76.141437612259836, 2.716492604612904 ], [ -76.140821835309083, 2.716581358176889 ], [ -76.141102468556511, 2.71587743813198 ], [ -76.14120424831026, 2.714967912022677 ], [ -76.140870649517367, 2.713811779645483 ], [ -76.140856529430323, 2.713704649111999 ], [ -76.140676185005063, 2.713470688656428 ], [ -76.140736014325938, 2.71279031835469 ], [ -76.140533416870483, 2.712542699276895 ], [ -76.13999803875052, 2.711424352672091 ], [ -76.139575434842129, 2.71012290861729 ], [ -76.139664913527341, 2.709401810652371 ], [ -76.139236611015036, 2.708783150790068 ], [ -76.138832102172117, 2.708116901126225 ], [ -76.138582259089688, 2.708200183040158 ], [ -76.138094469405658, 2.708140696301479 ], [ -76.137801776954234, 2.70839665379562 ], [ -76.13690678813316, 2.708551110669308 ], [ -76.136532864589398, 2.709161066845967 ], [ -76.13615868922524, 2.710099627315363 ], [ -76.136017816392766, 2.711179204228451 ], [ -76.135503988364135, 2.711601285936787 ], [ -76.135045515027286, 2.711600927193513 ], [ -76.134785037314458, 2.711392355004815 ], [ -76.134339948121962, 2.712026606621866 ], [ -76.134158314600171, 2.711398341754126 ], [ -76.133783587396593, 2.711915334623649 ], [ -76.133761332389469, 2.71159264551726 ], [ -76.133917113573247, 2.710680212535608 ], [ -76.133516534026569, 2.710246250462218 ], [ -76.132993554137386, 2.710446540742009 ], [ -76.131980079764759, 2.710982932413644 ], [ -76.131375654358791, 2.711010085090192 ], [ -76.131124180200146, 2.711158683657553 ], [ -76.130656837248836, 2.711203192291251 ], [ -76.130530946610719, 2.711054543449913 ], [ -76.130400911169872, 2.71069133969491 ], [ -76.130178366405971, 2.710958392967906 ], [ -76.129343824657795, 2.710936138513752 ], [ -76.128531536672355, 2.711103046755908 ], [ -76.127976469109697, 2.711532322438611 ], [ -76.128019684723625, 2.711815189761829 ], [ -76.127229651897437, 2.711737298558762 ], [ -76.125205600608581, 2.711508478148209 ], [ -76.124767378280382, 2.711498949665139 ], [ -76.123226902354475, 2.711497728577402 ], [ -76.123123651869108, 2.711505337554978 ], [ -76.12194841588736, 2.71196650572853 ], [ -76.121484421083125, 2.711645278835666 ], [ -76.120425561275127, 2.711597689696626 ], [ -76.120313846693392, 2.711210058538384 ], [ -76.119819430204515, 2.711166429697247 ], [ -76.119705835290006, 2.711223433190687 ], [ -76.119580852387074, 2.711538203398587 ], [ -76.118861979405366, 2.711646885199797 ], [ -76.118511842566946, 2.711822585923186 ], [ -76.118322612358355, 2.71193655510144 ], [ -76.117772461944526, 2.712608960306584 ], [ -76.116630320815986, 2.71263275516529 ], [ -76.116684168652498, 2.713257384184234 ], [ -76.115662556846104, 2.71402660287747 ], [ -76.115195333617478, 2.714542595323294 ], [ -76.114728453410834, 2.714636109977349 ], [ -76.114308248177878, 2.714729650886551 ], [ -76.113837908232867, 2.714834349894455 ] ] ] } },
{ "type": "Feature", "properties": { "TIPO_VIA": 6, "ESTADO_SUP": "3350", "NUMERO_CAR": "Sin Valor", "ACCESIBILI": "3601", "NOMBRE_GEO": null, "PROYECTO": null, "SYMBOL": "2", "FECHA": null, "RULEID": 6, "PK_CUE": 2056037.0, "GLOBALID": "{1E3985AB-F1B6-4B07-9FD4-3ACA979DD759}", "EJE_VIAL": null, "SHAPE_Leng": 2358.3596746799999 }, "geometry": { "type": "MultiLineString", "coordinates": [ [ [ -76.049256683677669, 2.777146644756104 ], [ -76.049118604173302, 2.776659084849431 ], [ -76.049119359329893, 2.775788662419962 ], [ -76.048358486292301, 2.774778309041279 ], [ -76.046558774027872, 2.773871495951583 ], [ -76.045250502865926, 2.773384025382323 ], [ -76.044966545690784, 2.773278221367719 ], [ -76.043789277112651, 2.773311998424418 ], [ -76.043442967051021, 2.773381330440317 ], [ -76.042404038652691, 2.773589317098486 ], [ -76.041295832004238, 2.773832059740232 ], [ -76.040499340777259, 2.773970625361607 ], [ -76.040141891807551, 2.773832023987704 ], [ -76.040111061628451, 2.773820066913593 ], [ -76.040049375183656, 2.773796144694143 ], [ -76.04004942912043, 2.773730387973896 ], [ -76.040049976569378, 2.773099816230505 ], [ -76.040145054356117, 2.772827420447939 ], [ -76.04029296235413, 2.772403693127203 ], [ -76.040916814707685, 2.771707903324615 ], [ -76.041921409978855, 2.771151720188362 ], [ -76.042553643947215, 2.770932280428219 ], [ -76.042821925878556, 2.770839160733606 ], [ -76.043653038236883, 2.770700622349972 ], [ -76.044657273791046, 2.770562237049524 ], [ -76.045107940898333, 2.769935931733801 ], [ -76.045167220915275, 2.769315807183584 ], [ -76.045351033523957, 2.769100534272319 ], [ -76.046009813302092, 2.768056611259992 ], [ -76.046252664258333, 2.767499753739864 ], [ -76.046261826892604, 2.767478743138334 ] ] ] } },
{ "type": "Feature", "properties": { "TIPO_VIA": 6, "ESTADO_SUP": "3350", "NUMERO_CAR": "Sin Valor", "ACCESIBILI": "3601", "NOMBRE_GEO": null, "PROYECTO": null, "SYMBOL": "2", "FECHA": null, "RULEID": 6, "PK_CUE": 2056040.0, "GLOBALID": "{ADEF245A-7852-4DA9-B62C-63A13AD00DEC}", "EJE_VIAL": null, "SHAPE_Leng": 2445.5021977599999 }, "geometry": { "type": "MultiLineString", "coordinates": [ [ [ -76.028311206212379, 2.726850970159427 ], [ -76.028373603371449, 2.726698974585581 ], [ -76.029192191685297, 2.724704795703075 ], [ -76.028726784063693, 2.723120203721342 ], [ -76.027184036300142, 2.719129069862308 ], [ -76.025961240296681, 2.716253013790579 ], [ -76.02392191136552, 2.71299486077035 ], [ -76.023018861959727, 2.711468569050487 ], [ -76.022436465845445, 2.710235919157142 ], [ -76.022640833260368, 2.710060073884267 ], [ -76.022364124718152, 2.708662474593078 ], [ -76.022350362774816, 2.708592989750254 ], [ -76.022030094671038, 2.707859299800653 ], [ -76.021709648034886, 2.707330955873161 ], [ -76.021301273866598, 2.707271927754593 ], [ -76.021176588385742, 2.707253908306503 ] ] ] } },
{ "type": "Feature", "properties": { "TIPO_VIA": 6, "ESTADO_SUP": "3350", "NUMERO_CAR": "Sin Valor", "ACCESIBILI": "3601", "NOMBRE_GEO": null, "PROYECTO": null, "SYMBOL": "2", "FECHA": null, "RULEID": 6, "PK_CUE": 2056041.0, "GLOBALID": "{7058CC4D-6ECA-49CB-A773-378FE8DDEC75}", "EJE_VIAL": null, "SHAPE_Leng": 3058.9853324199998 }, "geometry": { "type": "MultiLineString", "coordinates": [ [ [ -76.021382617169024, 2.713535727832177 ], [ -76.021237430793761, 2.713608572082952 ], [ -76.020595342119648, 2.713930717184449 ], [ -76.019865596333105, 2.714399457853897 ], [ -76.018931715851267, 2.714780011184797 ], [ -76.018260323826979, 2.715248806199255 ], [ -76.017326192731844, 2.715922721576912 ], [ -76.016566891849905, 2.716831485146266 ], [ -76.015982726693395, 2.717623061712717 ], [ -76.015106760656067, 2.718502377900286 ], [ -76.014406112355076, 2.719059154440473 ], [ -76.01382204456209, 2.719733375242587 ], [ -76.013617400035514, 2.720231922355022 ], [ -76.013237654744302, 2.720788977262833 ], [ -76.012741344559998, 2.721199245919124 ], [ -76.011982528847682, 2.721550612565649 ], [ -76.011427792318599, 2.722048837174941 ], [ -76.010639547306042, 2.722693539863389 ], [ -76.010172351816848, 2.723162505320748 ], [ -76.009879842211348, 2.724042342391307 ], [ -76.009587359645309, 2.72489283991753 ], [ -76.0088864220359, 2.725772308997005 ], [ -76.008594163817889, 2.726358783134601 ], [ -76.007893514004564, 2.726915549741556 ], [ -76.007426371888371, 2.727325837109946 ], [ -76.006941431821758, 2.727446740495638 ], [ -76.006830949860515, 2.726996920961955 ], [ -76.006464159893881, 2.726738248912933 ], [ -76.005801709416659, 2.727467462542743 ], [ -76.004827764395159, 2.728441407392148 ], [ -76.003563708106867, 2.728669352085008 ], [ -76.001269956682847, 2.728229748999503 ] ] ] } },
{ "type": "Feature", "properties": { "TIPO_VIA": 6, "ESTADO_SUP": "3350", "NUMERO_CAR": "Sin Valor", "ACCESIBILI": "3601", "NOMBRE_GEO": null, "PROYECTO": null, "SYMBOL": "2", "FECHA": null, "RULEID": 6, "PK_CUE": 2056044.0, "GLOBALID": "{FBEC0AD6-C5E1-4F91-B7A7-5A4EEF70F63D}", "EJE_VIAL": null, "SHAPE_Leng": 14245.8205062 }, "geometry": { "type": "MultiLineString", "coordinates": [ [ [ -76.244392965187245, 2.782278081068592 ], [ -76.244796717610654, 2.782716945788211 ], [ -76.245082255768352, 2.783335598256331 ], [ -76.245225025315321, 2.78400185066662 ], [ -76.245274398439093, 2.784215797815246 ] ] ] } },
{ "type": "Feature", "properties": { "TIPO_VIA": 6, "ESTADO_SUP": "3350", "NUMERO_CAR": "Sin Valor", "ACCESIBILI": "3601", "NOMBRE_GEO": null, "PROYECTO": null, "SYMBOL": "2", "FECHA": null, "RULEID": 6, "PK_CUE": 2086113.0, "GLOBALID": "{6C48D9F4-789B-4D76-8E20-19DFCF10B016}", "EJE_VIAL": null, "SHAPE_Leng": 8722.5396593200003 }, "geometry": { "type": "MultiLineString", "coordinates": [ [ [ -76.161792349747856, 2.715634353827438 ], [ -76.161736599934486, 2.715871822831312 ], [ -76.16161202151865, 2.716402458275191 ], [ -76.161456486997437, 2.716808191027963 ], [ -76.160493619270667, 2.71740062962665 ], [ -76.159965454726915, 2.717899733866906 ], [ -76.159437227128322, 2.718492505565042 ], [ -76.158722796544609, 2.718991466378757 ], [ -76.158502589369775, 2.719184929869884 ], [ -76.157740763795687, 2.719615644895735 ], [ -76.157897243182788, 2.720482297379948 ], [ -76.157723212575235, 2.721370823888031 ], [ -76.15736221289373, 2.721220076669035 ], [ -76.157292939904977, 2.721300612157537 ], [ -76.156815722171686, 2.721779768052053 ], [ -76.156617449660317, 2.722529242503658 ], [ -76.156094214955445, 2.722495118062182 ], [ -76.155491135264782, 2.722797762351723 ], [ -76.155318616768966, 2.723512142555767 ], [ -76.154318164027515, 2.724337077355896 ], [ -76.154265453708192, 2.724594041981848 ], [ -76.154464591712411, 2.725324830095706 ], [ -76.154526352997124, 2.725887751092585 ], [ -76.154649010230827, 2.72619116446941 ], [ -76.154423475393969, 2.726618809925517 ], [ -76.154899052365494, 2.726972444677472 ], [ -76.154721855814387, 2.7280756092526 ], [ -76.155114995600925, 2.728304751209748 ], [ -76.155145345782785, 2.728417002600591 ], [ -76.155416691702143, 2.72843426021987 ], [ -76.155642060642933, 2.728448597262273 ], [ -76.156511639264068, 2.728074636813883 ], [ -76.157132634800149, 2.727981454910817 ], [ -76.158002159772337, 2.727669928056037 ], [ -76.158778807167039, 2.727014920588526 ], [ -76.159027721066067, 2.726297059629452 ], [ -76.159587309321125, 2.725298465072195 ], [ -76.160395029273801, 2.72461225140496 ], [ -76.160496395245062, 2.72410890406606 ], [ -76.161549503411223, 2.724477491448797 ], [ -76.161790113784718, 2.725339445782674 ], [ -76.161937689857268, 2.725949568696305 ], [ -76.161883915259338, 2.72636168414505 ], [ -76.161536383471201, 2.726710627916942 ], [ -76.160759672593144, 2.727057605249647 ], [ -76.160777224664969, 2.727584158931593 ], [ -76.160888762246472, 2.727974542418037 ], [ -76.160795795127768, 2.728358900172374 ], [ -76.160764290730839, 2.728952048325316 ], [ -76.160298244624187, 2.729419981187342 ], [ -76.160701704674381, 2.729607611842704 ], [ -76.161041153191888, 2.729624938901416 ], [ -76.162374437803393, 2.729778132829019 ], [ -76.163468588725706, 2.730639964357356 ], [ -76.164395425291247, 2.73064067463807 ], [ -76.165078278841307, 2.730859738365258 ], [ -76.165885055570001, 2.731422299397199 ], [ -76.165990757798284, 2.731588659383154 ], [ -76.16600765873288, 2.732937455519228 ], [ -76.166380228608233, 2.733504777856829 ], [ -76.166380126746034, 2.733639268613993 ], [ -76.166224582849466, 2.734045001751495 ], [ -76.165944929387351, 2.734356986737494 ], [ -76.166192954144805, 2.734825466624039 ], [ -76.166285919942567, 2.735044072380612 ], [ -76.166254102191232, 2.736074296378525 ], [ -76.165974232365443, 2.736667247362155 ], [ -76.165880573309551, 2.737354009315578 ], [ -76.165725012392983, 2.737790959288889 ], [ -76.165041941882009, 2.737852879930507 ], [ -76.16421890557605, 2.737562498784898 ], [ -76.164212617600953, 2.737553633111097 ], [ -76.16389152398078, 2.737294917740469 ], [ -76.163129165011341, 2.73686905713314 ], [ -76.163211435058074, 2.736615092359918 ], [ -76.163163824970269, 2.736540495193065 ], [ -76.163057070126442, 2.736088094292108 ], [ -76.162864380822086, 2.735980251948845 ], [ -76.162521781803449, 2.735829217554146 ], [ -76.162448442841324, 2.735736889394271 ], [ -76.162264989119436, 2.735505941326567 ], [ -76.161965247543051, 2.735333392564596 ], [ -76.161729916856544, 2.734967051415558 ], [ -76.161408732736149, 2.734816035349046 ], [ -76.161133344577621, 2.73494695562 ], [ -76.161001616521787, 2.735009568226315 ], [ -76.160594599090103, 2.735073878148604 ], [ -76.160539038022705, 2.735073833783206 ], [ -76.159994856671318, 2.735073411218195 ], [ -76.159609290732547, 2.735094657259594 ], [ -76.159373627406168, 2.735159093137028 ], [ -76.159180389627267, 2.735762032967194 ], [ -76.159201438007869, 2.736257444834868 ], [ -76.158987010194636, 2.73655883031026 ], [ -76.158793988819468, 2.736881764680242 ], [ -76.158600869339963, 2.737333932289484 ], [ -76.158554165938313, 2.73745886988998 ], [ -76.158472085854896, 2.737678453966411 ], [ -76.158450409689806, 2.738023056899574 ], [ -76.158385866122131, 2.738389173891129 ], [ -76.158128624821828, 2.738668981091116 ], [ -76.157978767620762, 2.738561174390184 ], [ -76.157986727135267, 2.738434619662691 ], [ -76.1580004527287, 2.73821656314272 ], [ -76.158043617241347, 2.737785819803499 ], [ -76.158022506752985, 2.737376565887414 ], [ -76.158001413689632, 2.736945769614205 ], [ -76.158194489006632, 2.736558218951791 ], [ -76.158216335722415, 2.735998217937599 ], [ -76.158045008913902, 2.735955008748801 ], [ -76.157972451567787, 2.736033468164337 ], [ -76.157766325370602, 2.736256340352762 ], [ -76.157594692627697, 2.736622366962827 ], [ -76.157465803001926, 2.737117671626696 ], [ -76.157015674721066, 2.73752655839238 ], [ -76.15643700721138, 2.737978427677552 ], [ -76.156337977099625, 2.738000985108535 ], [ -76.155965696989298, 2.738085759285949 ], [ -76.155601466026184, 2.738214711935148 ], [ -76.155643973701444, 2.738645525689452 ], [ -76.155816989653644, 2.738788098251549 ], [ -76.155851385555181, 2.738938494416591 ], [ -76.156192413835768, 2.739563146168162 ], [ -76.156036941826528, 2.73987522075318 ], [ -76.155354187368005, 2.739531273627775 ], [ -76.155043846018827, 2.739374940066772 ], [ -76.155136651394699, 2.739812086707464 ], [ -76.155229384325651, 2.740342883657929 ], [ -76.155042552025407, 2.741060791186997 ], [ -76.15491814463816, 2.741044719741073 ], [ -76.153583517998058, 2.740872341640606 ], [ -76.152621295842422, 2.740590620830758 ], [ -76.151721093874144, 2.740402603751439 ], [ -76.151255775996859, 2.739902735869997 ], [ -76.15091489187806, 2.739090767422184 ], [ -76.150480512002488, 2.7387470176952 ], [ -76.150139169954343, 2.738528215013614 ], [ -76.149331800306882, 2.738746118628026 ], [ -76.148710938802154, 2.738651976332797 ], [ -76.148090040701931, 2.73862027512822 ], [ -76.147748340355122, 2.738869763621543 ], [ -76.14740663891692, 2.739119253086229 ], [ -76.146847806347523, 2.739118812905248 ], [ -76.146351136220673, 2.739024767809634 ], [ -76.146289359178525, 2.738618872562079 ], [ -76.146196455153714, 2.738306601129252 ] ] ] } },
{ "type": "Feature", "properties": { "TIPO_VIA": 6, "ESTADO_SUP": "3350", "NUMERO_CAR": "Sin Valor", "ACCESIBILI": "3601", "NOMBRE_GEO": null, "PROYECTO": null, "SYMBOL": "2", "FECHA": null, "RULEID": 6, "PK_CUE": 2056107.0, "GLOBALID": "{A64EE61A-F4DC-4B2C-AAAA-2CA38F2E1B97}", "EJE_VIAL": null, "SHAPE_Leng": 3786.96305222 }, "geometry": { "type": "MultiLineString", "coordinates": [ [ [ -76.146196455153714, 2.738306601129252 ], [ -76.145389543610989, 2.737931339344478 ], [ -76.144830594003963, 2.738086998788927 ], [ -76.144364755221716, 2.738273956316029 ], [ -76.143836779366509, 2.738523291751997 ], [ -76.143091805610709, 2.738335391920049 ], [ -76.142346940871789, 2.73802261564298 ], [ -76.141953152361197, 2.737980177513507 ], [ -76.14157409650781, 2.737628689491488 ], [ -76.141137897135096, 2.737892318283136 ], [ -76.140646106361345, 2.737604895313341 ], [ -76.140110728155747, 2.73746212714496 ], [ -76.139384991955922, 2.737307461988874 ], [ -76.138715384764097, 2.736927093551036 ], [ -76.138809160296177, 2.736115465860475 ], [ -76.13880929571225, 2.735939286822503 ], [ -76.13880929571225, 2.735939286822503 ], [ -76.138956689099217, 2.735035077477554 ], [ -76.138909100209489, 2.733988114005586 ], [ -76.138171466645204, 2.733845346160268 ], [ -76.137719369790943, 2.734190368854014 ], [ -76.137017428616417, 2.733976216963104 ], [ -76.136885758515973, 2.734240790037349 ], [ -76.135923034084072, 2.734614659677897 ], [ -76.135115888553031, 2.734551588777673 ], [ -76.13461937196017, 2.73427022827997 ], [ -76.133967842340738, 2.733707765873679 ], [ -76.13275773063701, 2.732832671576695 ], [ -76.131987512168337, 2.732614175341898 ], [ -76.131556565158036, 2.732964946299422 ], [ -76.130180786878569, 2.732986723821459 ], [ -76.129714705554946, 2.733485863968799 ], [ -76.128285781684212, 2.734514955945194 ], [ -76.127819655868379, 2.735076536978712 ], [ -76.12726023035097, 2.735825345802042 ], [ -76.12691848407583, 2.736137267960001 ], [ -76.126142284648978, 2.736199089920196 ], [ -76.125583354177081, 2.736323524865647 ], [ -76.125055377874858, 2.736572851830728 ], [ -76.124620484760896, 2.736884693069782 ], [ -76.124247612751688, 2.737290247149921 ], [ -76.123781943897754, 2.737258653438573 ], [ -76.123067737583284, 2.737445403832021 ], [ -76.122632917617381, 2.737663587446191 ], [ -76.122415596923574, 2.737663415807058 ], [ -76.121825727886559, 2.737662940429106 ], [ -76.121453025708462, 2.737849959766586 ], [ -76.12098708830726, 2.738161774150954 ], [ -76.120614205780186, 2.73856732806672 ], [ -76.120117050561817, 2.739097648347327 ], [ -76.119588851311278, 2.739627950831121 ] ] ] } },
{ "type": "Feature", "properties": { "TIPO_VIA": 5, "ESTADO_SUP": "3306", "NUMERO_CAR": "Sin Valor", "ACCESIBILI": "3601", "NOMBRE_GEO": null, "PROYECTO": null, "SYMBOL": "2", "FECHA": null, "RULEID": 5, "PK_CUE": 2056120.0, "GLOBALID": "{175E9806-6339-4640-9D79-2FE295E778C5}", "EJE_VIAL": null, "SHAPE_Leng": 8150.59321473 }, "geometry": { "type": "MultiLineString", "coordinates": [ [ [ -76.119853529520455, 2.741707039419693 ], [ -76.119588851311278, 2.739627950831121 ], [ -76.118935641293604, 2.739537868192245 ], [ -76.118310341711691, 2.738974353688657 ], [ -76.117618925735016, 2.73870885724094 ], [ -76.116993276754343, 2.738575880082968 ], [ -76.116763478567762, 2.737648396394726 ], [ -76.116566370225328, 2.737018992157116 ], [ -76.116270178174787, 2.736753809163046 ], [ -76.116007150748743, 2.736190592439 ], [ -76.115447347719481, 2.736090789315296 ], [ -76.115355126751908, 2.736201883881868 ], [ -76.114952852287459, 2.736686506878516 ], [ -76.114557116802317, 2.737348548356199 ], [ -76.114228011208624, 2.73705022558579 ], [ -76.11422870225168, 2.736189154772374 ], [ -76.11416359181824, 2.73522868511753 ], [ -76.114170006336153, 2.735095501443164 ], [ -76.11419708200637, 2.734533236281511 ], [ -76.113999712667763, 2.734235014168518 ], [ -76.113933928610635, 2.734135606147682 ], [ -76.113472932273723, 2.734035883666765 ], [ -76.112913129289865, 2.733936071630385 ], [ -76.111925681697016, 2.733206684631605 ], [ -76.11149798572643, 2.732643334354441 ], [ -76.110674716375016, 2.73254331491663 ], [ -76.109950107247215, 2.732608963909365 ], [ -76.109258495299244, 2.732608398324566 ], [ -76.108731893059769, 2.732177441154818 ], [ -76.108558348246873, 2.732090007105431 ], [ -76.10813931869869, 2.731878902699426 ], [ -76.107810267266728, 2.731514340336275 ], [ -76.107283826846356, 2.730884665839229 ], [ -76.107185505522494, 2.730288471584871 ], [ -76.106790481375739, 2.730056321163614 ], [ -76.106592456095029, 2.730586048015429 ], [ -76.106163986556496, 2.730983112316784 ], [ -76.105636486657161, 2.731678157211531 ], [ -76.105438426844188, 2.732241005134287 ], [ -76.105430531231789, 2.732247527180479 ], [ -76.104878173650434, 2.732704195273326 ], [ -76.104307607131943, 2.733146808950679 ], [ -76.104143867582835, 2.73388363721416 ], [ -76.103493744537801, 2.73419337688855 ], [ -76.102906136682449, 2.734999343036839 ], [ -76.102654996685629, 2.735056097031682 ], [ -76.102110025005459, 2.734788366823308 ], [ -76.101945543154145, 2.734556403991316 ], [ -76.10197906935565, 2.733827843213077 ], [ -76.102265059879656, 2.732967404622594 ], [ -76.103218378232285, 2.732764440558772 ], [ -76.103081802245171, 2.732305050658149 ], [ -76.103363633152568, 2.732173074893358 ], [ -76.103570244521109, 2.731758385244797 ], [ -76.103594544806327, 2.731709615796751 ], [ -76.104023068008559, 2.731246319373028 ], [ -76.104649426726979, 2.730485113017329 ], [ -76.105045377998024, 2.729558133385705 ], [ -76.105243725650539, 2.728630999650085 ], [ -76.105178579847788, 2.727736763265372 ], [ -76.104817053012127, 2.726809170625692 ], [ -76.104422423027188, 2.726080251334981 ], [ -76.104390102361307, 2.725318515980273 ], [ -76.104423250019849, 2.725053602917927 ], [ -76.104291997158811, 2.724457373202678 ], [ -76.103316816250214, 2.724162323559506 ], [ -76.103088346218755, 2.724399581456412 ], [ -76.102388445230659, 2.724432910217409 ], [ -76.102070578967243, 2.72394363605058 ], [ -76.101855371284813, 2.723859274903448 ], [ -76.101658108609769, 2.723428576806841 ], [ -76.101615233369884, 2.722928045994526 ], [ -76.101869434928489, 2.722316693696836 ], [ -76.101221943153092, 2.721649970678718 ], [ -76.100673863745584, 2.721920859072842 ], [ -76.099913824083373, 2.721936852904842 ], [ -76.099024428712085, 2.722167953393212 ], [ -76.097549023214754, 2.722298619342916 ], [ -76.096905887329143, 2.721633306101574 ], [ -76.096555936936525, 2.721766620157513 ], [ -76.095897340014545, 2.722422983709618 ], [ -76.095839371161205, 2.72318308718775 ], [ -76.095272785103944, 2.723399723100804 ], [ -76.094478764901908, 2.723157770819053 ], [ -76.094256261747674, 2.722116571361449 ], [ -76.093718520143497, 2.722219374860355 ], [ -76.093294013206844, 2.722097031692496 ], [ -76.091300858217423, 2.720445596378086 ], [ -76.091253497582201, 2.720406348255001 ], [ -76.090924480993664, 2.720008663575427 ], [ -76.09092499417865, 2.719379430202696 ], [ -76.090760808033352, 2.718783173339296 ], [ -76.090563421811751, 2.718518072083148 ], [ -76.090036190519356, 2.718881933672922 ], [ -76.089245350890764, 2.719411168132515 ], [ -76.088487747154161, 2.719576133603471 ], [ -76.08802632804553, 2.720006283779757 ], [ -76.087762375930822, 2.720602180740377 ], [ -76.087391622095964, 2.720680350463875 ], [ -76.086990623661876, 2.720383482861416 ], [ -76.086631468781249, 2.720658391192242 ], [ -76.085753150322617, 2.720931701265723 ], [ -76.085307527983431, 2.721400006056772 ], [ -76.08469845467566, 2.721214835120702 ], [ -76.084501400628838, 2.721261841399238 ], [ -76.084199343217861, 2.721595896859583 ], [ -76.083565607779263, 2.721370015589305 ], [ -76.082804241046134, 2.721139643035063 ], [ -76.082385860302963, 2.720564937236928 ], [ -76.081700706268222, 2.720258044619596 ], [ -76.081188914403015, 2.720590449053326 ] ] ] } },
{ "type": "Feature", "properties": { "TIPO_VIA": 5, "ESTADO_SUP": "3306", "NUMERO_CAR": "Sin Valor", "ACCESIBILI": "3601", "NOMBRE_GEO": null, "PROYECTO": null, "SYMBOL": "2", "FECHA": null, "RULEID": 5, "PK_CUE": 2056267.0, "GLOBALID": "{CE85E87D-C476-4397-A69D-A4970720D222}", "EJE_VIAL": null, "SHAPE_Leng": 9661.6909224400006 }, "geometry": { "type": "MultiLineString", "coordinates": [ [ [ -76.040340220261839, 2.730006138744907 ], [ -76.040340105331751, 2.730140151229313 ], [ -76.040568367244745, 2.730370092705075 ], [ -76.041330220087133, 2.730026136977003 ], [ -76.042206688370342, 2.729222809745261 ], [ -76.043158658648139, 2.729185341288396 ], [ -76.043843696693187, 2.72960711843719 ], [ -76.044566903402995, 2.729914071783241 ], [ -76.045480534590595, 2.730182884318536 ], [ -76.046051181120006, 2.730796019841023 ], [ -76.046203130828971, 2.731217347777269 ], [ -76.046279254062455, 2.731255696740845 ], [ -76.046155679747002, 2.731956356136071 ], [ -76.045786906345896, 2.732968191227773 ], [ -76.045847459680886, 2.733957242016751 ], [ -76.046200245606514, 2.734596069414767 ], [ -76.046199798231783, 2.735122934758214 ], [ -76.046198620024896, 2.736498527004038 ], [ -76.045887829161444, 2.736863842707455 ], [ -76.045776665567246, 2.737530827557948 ], [ -76.045588781720411, 2.73719007569318 ], [ -76.045741881913116, 2.736271243339949 ], [ -76.045768316262411, 2.735748658649983 ], [ -76.045423581256557, 2.73442149092588 ], [ -76.045221734072356, 2.734320567178159 ], [ -76.045288619979402, 2.734913304826229 ], [ -76.045133552082135, 2.735198592203531 ], [ -76.045133255610423, 2.735544664910351 ], [ -76.045463950787479, 2.736056454007024 ], [ -76.045018072990842, 2.736653520696852 ], [ -76.044903188204259, 2.7374192267836 ], [ -76.044854787211392, 2.738080570332377 ], [ -76.044555637998286, 2.739205270368047 ], [ -76.04435379023073, 2.740476908412693 ], [ -76.044713580058357, 2.740771281743152 ], [ -76.044709815939228, 2.740903460167969 ], [ -76.044595118926694, 2.741439421416937 ], [ -76.044822437701171, 2.74277977124065 ], [ -76.045354546138142, 2.743928940697057 ], [ -76.045849167950436, 2.744388850563437 ], [ -76.046458278757086, 2.74454253496014 ], [ -76.046803187024949, 2.744563240793 ], [ -76.047105577981469, 2.744581386600231 ], [ -76.047790687166938, 2.744926591620082 ], [ -76.048590295915744, 2.744965577621755 ], [ -76.049161399691258, 2.745042644715848 ], [ -76.049808464686876, 2.745349526994273 ], [ -76.049808105527305, 2.745770720279411 ], [ -76.050036250942128, 2.746153816162209 ], [ -76.050492829403652, 2.746575404138452 ], [ -76.050987548616732, 2.746920446774787 ], [ -76.05079682835779, 2.747303182620968 ], [ -76.049730311588021, 2.747685164918528 ], [ -76.048853986778809, 2.748297044352132 ], [ -76.04828258683348, 2.748564579998323 ], [ -76.047993024073961, 2.748806800743789 ], [ -76.047825316992885, 2.748947091035946 ], [ -76.047726081090232, 2.749096496480722 ], [ -76.048276751851347, 2.750111797372679 ], [ -76.048611741167733, 2.751920737118239 ], [ -76.048477745306386, 2.753595680904457 ], [ -76.04930431337101, 2.75546718879099 ], [ -76.0498752463063, 2.756300584348548 ], [ -76.050331958145847, 2.756569009191658 ], [ -76.050635992711932, 2.757258493154907 ], [ -76.050635535021783, 2.757794554058838 ], [ -76.050787386358365, 2.758330749054611 ], [ -76.051358175574705, 2.758790731264642 ], [ -76.052042962036793, 2.759518833900885 ], [ -76.052347130837106, 2.760055164093735 ], [ -76.051357088923467, 2.76005430189334 ], [ -76.05082402006137, 2.760015547780637 ], [ -76.050511298202224, 2.760054579568404 ], [ -76.0502147008565, 2.760091600337026 ], [ -76.049757432084718, 2.760474101829602 ], [ -76.049528532196192, 2.760971679207521 ], [ -76.049528136524273, 2.761431158896466 ], [ -76.049908133252274, 2.762350458234914 ], [ -76.05021872627168, 2.762857799915394 ], [ -76.050441651914269, 2.763221923099049 ], [ -76.050821063876853, 2.763461664742908 ], [ -76.051506451823101, 2.763500553999683 ], [ -76.052191866395816, 2.763501145714989 ], [ -76.052762942695367, 2.763616507936834 ], [ -76.053219691874986, 2.763846646982592 ], [ -76.05375224019177, 2.764498043285665 ], [ -76.05399314129869, 2.764953183043165 ], [ -76.05405637440245, 2.76507265874363 ], [ -76.05420777579792, 2.766144914980795 ], [ -76.054206266674271, 2.767906268569662 ], [ -76.055043407003225, 2.768596220250612 ], [ -76.055842341186235, 2.769439297837381 ], [ -76.056045117963137, 2.769725277264702 ], [ -76.056222669670717, 2.769975691279663 ], [ -76.056640790613145, 2.770856722945879 ], [ -76.056716320537305, 2.771584303655474 ], [ -76.056721701759614, 2.771661001793447 ], [ -76.056753943152188, 2.772120400816966 ], [ -76.057057887825593, 2.772924760695143 ], [ -76.05755249133864, 2.773422958428349 ], [ -76.05808539877799, 2.773653168948611 ], [ -76.059265488143225, 2.774075376877042 ], [ -76.059722012280659, 2.774573547371572 ], [ -76.060521090949265, 2.775263461552168 ], [ -76.061396454185626, 2.775800286053156 ], [ -76.062000849164889, 2.776119287076394 ], [ -76.062150912734353, 2.776279609414381 ], [ -76.062811210556362, 2.777038012065611 ], [ -76.063707595349854, 2.77775987977616 ], [ -76.064608765847922, 2.778125709816646 ], [ -76.065550568958386, 2.778293785136313 ], [ -76.066529229695988, 2.778739376197377 ], [ -76.067268246854283, 2.779459412358969 ], [ -76.067580743701612, 2.780243029839754 ], [ -76.067238099372062, 2.780814106761012 ], [ -76.066914435618003, 2.781029882746351 ], [ -76.066370119595604, 2.781355755733141 ], [ -76.066295237231557, 2.781390510870309 ], [ -76.064803287698865, 2.782082932599975 ], [ -76.064391958182597, 2.782123365940738 ] ] ] } },
{ "type": "Feature", "properties": { "TIPO_VIA": 4, "ESTADO_SUP": "3306", "NUMERO_CAR": "3502", "ACCESIBILI": "3600", "NOMBRE_GEO": null, "PROYECTO": null, "SYMBOL": "2", "FECHA": null, "RULEID": 4, "PK_CUE": 2056277.0, "GLOBALID": "{063885D1-7CE6-41C6-ADFD-063B3222417D}", "EJE_VIAL": null, "SHAPE_Leng": 9055.0778500100005 }, "geometry": { "type": "MultiLineString", "coordinates": [ [ [ -76.081188914403015, 2.720590449053326 ], [ -76.081053039098919, 2.720678698942009 ], [ -76.081128596276059, 2.721406280720445 ], [ -76.081699169806058, 2.72213427611095 ], [ -76.081851165244103, 2.722517307788577 ], [ -76.081886562086055, 2.722722971545981 ], [ -76.08217215477076, 2.723184520644719 ], [ -76.082080238778488, 2.724051979048006 ], [ -76.082116204041768, 2.724355476975738 ], [ -76.082116041662275, 2.724552625617287 ], [ -76.082291128171292, 2.725147576194537 ], [ -76.082112668614826, 2.72559967390374 ], [ -76.08181247600703, 2.725566318979582 ], [ -76.081589187183255, 2.725623468385569 ], [ -76.081375035574681, 2.726158846802909 ], [ -76.081410727540984, 2.72659904764503 ], [ -76.081886619210763, 2.727217707283943 ], [ -76.08192231157021, 2.727669804967574 ], [ -76.081444895254521, 2.728148307822503 ], [ -76.081313101234272, 2.728566779036687 ], [ -76.081122496068886, 2.728834648118989 ], [ -76.080741584200183, 2.728987496058117 ], [ -76.080437306188173, 2.728566042337004 ], [ -76.080056815701752, 2.728221116377787 ], [ -76.07971383014592, 2.728565441388194 ], [ -76.07971335373972, 2.729139795724422 ], [ -76.079712689298546, 2.72994390515863 ], [ -76.079483969099812, 2.730250033347332 ], [ -76.07914056953453, 2.731092141237027 ], [ -76.078683292335541, 2.73151295720401 ], [ -76.078112242102634, 2.731359317702886 ], [ -76.077693896265586, 2.730746315599018 ], [ -76.077580294847237, 2.729980412734837 ], [ -76.077314286258058, 2.72932925089291 ], [ -76.076553170682587, 2.728792543990756 ], [ -76.076096395227822, 2.728600708281255 ], [ -76.075903122951885, 2.728406042591752 ], [ -76.075525705319095, 2.728025876028719 ], [ -76.074536057822883, 2.727565561555306 ], [ -76.073812706832555, 2.727411797164452 ], [ -76.072975567225654, 2.726721863588963 ], [ -76.07236673359823, 2.726223577607876 ], [ -76.071910022009476, 2.725955160961987 ], [ -76.070881926584448, 2.72595429894904 ], [ -76.070044372807502, 2.72576214042458 ], [ -76.069016880387551, 2.72503375933189 ], [ -76.067989639082967, 2.723999052299825 ], [ -76.066923850914804, 2.723538666427343 ], [ -76.066776993840534, 2.723563154185634 ], [ -76.066695355050001, 2.723576763442925 ], [ -76.066656764246346, 2.724189377955871 ], [ -76.066579940279141, 2.724993415798122 ], [ -76.066160543414014, 2.725643992874009 ], [ -76.065664988343627, 2.726294516868144 ], [ -76.065527905161886, 2.726569627383528 ], [ -76.06528357233779, 2.727059999156312 ], [ -76.064940648851262, 2.727327741835938 ], [ -76.064255278570144, 2.727288871968873 ], [ -76.063608025292908, 2.727211742076199 ], [ -76.06307522610048, 2.726866681385868 ], [ -76.06306704205646, 2.726855695236329 ], [ -76.062732914326745, 2.726406905963858 ], [ -76.062314405838862, 2.725985353360442 ], [ -76.06193376281017, 2.725831876066409 ], [ -76.061553236552299, 2.725525226784102 ], [ -76.061096569255, 2.725218515173533 ], [ -76.060487322708383, 2.725218003134119 ], [ -76.059916291389044, 2.72506435607871 ], [ -76.059459676871924, 2.724681062128697 ], [ -76.05862216864044, 2.724450609146799 ], [ -76.057517977696179, 2.72437309258057 ], [ -76.056718350741278, 2.724372409836845 ], [ -76.055994874576939, 2.724371789813189 ], [ -76.055423592042573, 2.724524467652283 ], [ -76.055004410687388, 2.724907016178133 ], [ -76.054509367413445, 2.724944879728794 ], [ -76.053975930131173, 2.725365614689637 ], [ -76.053747138094025, 2.725748324044217 ], [ -76.053061516338104, 2.72601576970888 ], [ -76.052718557908236, 2.726321798765309 ], [ -76.052642021255579, 2.726781215753479 ], [ -76.052454956225844, 2.726901912805054 ], [ -76.052108637143533, 2.727125369043804 ], [ -76.051613566873996, 2.72720152783865 ], [ -76.050966313086391, 2.727124390110961 ], [ -76.050318574034023, 2.727621607647061 ], [ -76.049975551905931, 2.7280042180467 ], [ -76.049442464966404, 2.728003759870737 ], [ -76.049404646134874, 2.727697406882332 ], [ -76.049252632663993, 2.727352660990449 ], [ -76.049188222647132, 2.727266152724011 ], [ -76.048910321402914, 2.726892884854594 ], [ -76.048187203729327, 2.72647107229665 ], [ -76.04769229473834, 2.726355773752583 ], [ -76.047196829180777, 2.726891412436883 ], [ -76.046701633401526, 2.727120725252978 ], [ -76.04578784001842, 2.727043361950468 ], [ -76.045482987046071, 2.727311131688684 ], [ -76.045254491614656, 2.727349219830584 ], [ -76.044530854160897, 2.727540050188269 ], [ -76.043959884659444, 2.72730981136221 ], [ -76.043731910242414, 2.726735267004678 ], [ -76.043084763562263, 2.726543260699635 ], [ -76.042209274836281, 2.726197886438942 ], [ -76.042026332874741, 2.726125715276275 ], [ -76.041980743815856, 2.72627426861603 ], [ -76.041256818027051, 2.726809710277244 ], [ -76.04079939565078, 2.727383661609462 ], [ -76.040608476576153, 2.727996142425434 ], [ -76.040608018806267, 2.728532203081041 ], [ -76.040645837765737, 2.728838555208516 ], [ -76.040683521698142, 2.72929807124217 ], [ -76.040340464898506, 2.729718957777008 ], [ -76.040340220261839, 2.730006138744907 ], [ -76.04024785694898, 2.730104651615143 ], [ -76.039551744705449, 2.730847113667617 ], [ -76.039029576239457, 2.731502306805572 ], [ -76.03772454514575, 2.732681336169346 ], [ -76.036332954784044, 2.733423189760507 ], [ -76.034550799862245, 2.73342163562259 ], [ -76.033464346604916, 2.733158429059304 ], [ -76.032101235377567, 2.732995960181248 ], [ -76.031986615391119, 2.732982298376148 ], [ -76.031030640683994, 2.732631783202625 ], [ -76.028944258351601, 2.732586245091333 ], [ -76.02768367528526, 2.732628848238463 ], [ -76.026597112988242, 2.732496763947724 ], [ -76.026478860520882, 2.732482388553631 ] ] ] } },
{ "type": "Feature", "properties": { "TIPO_VIA": 5, "ESTADO_SUP": "3306", "NUMERO_CAR": "Sin Valor", "ACCESIBILI": "3601", "NOMBRE_GEO": null, "PROYECTO": null, "SYMBOL": "2", "FECHA": null, "RULEID": 5, "PK_CUE": 2056279.0, "GLOBALID": "{079AA8FF-7146-4D1B-8D37-B1345368A065}", "EJE_VIAL": null, "SHAPE_Leng": 12741.995915199999 }, "geometry": { "type": "MultiLineString", "coordinates": [ [ [ -76.168132247075206, 2.711047622745816 ], [ -76.167831822331166, 2.71139236510373 ], [ -76.167502211689779, 2.711756415800751 ], [ -76.167040567536134, 2.712517792578021 ], [ -76.166743737723422, 2.713080586813325 ], [ -76.166651848514007, 2.71358660769177 ], [ -76.16661145186346, 2.713809093678703 ], [ -76.166479148366534, 2.714570712798348 ], [ -76.166017970978842, 2.714702837056342 ], [ -76.166018293543715, 2.714272300847171 ], [ -76.1660186890185, 2.713738226120549 ], [ -76.166018842025636, 2.713543695883867 ], [ -76.165887373547392, 2.713179294307856 ], [ -76.165393713296183, 2.712715259996207 ], [ -76.165097754896536, 2.712118905322192 ], [ -76.165032356835411, 2.711489607913497 ], [ -76.164736245881329, 2.711091959919021 ], [ -76.164637296157466, 2.711290595448826 ], [ -76.164570956357792, 2.711919793271019 ], [ -76.164372651898375, 2.71284696240088 ], [ -76.164372329057315, 2.713277498398602 ], [ -76.164273209126989, 2.713707961885058 ], [ -76.164273118536073, 2.713817817416484 ], [ -76.164272678641268, 2.714403455012738 ], [ -76.163942870710855, 2.715032455945167 ], [ -76.163744639815818, 2.715860262405978 ], [ -76.163052451769317, 2.716621458820265 ], [ -76.162855146107532, 2.716223890669605 ], [ -76.162954472870226, 2.715528478094845 ], [ -76.163020859385526, 2.714833039382537 ], [ -76.162790772818852, 2.714236736868098 ], [ -76.162132308095863, 2.713938164350011 ], [ -76.16213191271963, 2.714468062408843 ], [ -76.162230314287726, 2.714998032124855 ], [ -76.162229864532691, 2.715594162759224 ], [ -76.161867520899037, 2.715693237576752 ], [ -76.161792349747856, 2.715634353827438 ], [ -76.161571282998935, 2.715461185377006 ], [ -76.161209459825884, 2.714864775705 ], [ -76.160912998260926, 2.714930793168462 ], [ -76.160245791765632, 2.71495944921605 ], [ -76.160155493087345, 2.714963330387814 ], [ -76.15969423525577, 2.715194808250878 ], [ -76.159002443231117, 2.715426106109529 ], [ -76.157783679882243, 2.715690121216924 ], [ -76.157025798716376, 2.716219435430608 ], [ -76.155971849899274, 2.716284869448451 ], [ -76.155049676230504, 2.716317279683711 ], [ -76.154259230269957, 2.71634978974216 ], [ -76.153501690181358, 2.716415448285991 ], [ -76.152974567534613, 2.716646871811684 ], [ -76.152216936975378, 2.716844995427894 ], [ -76.152117682778538, 2.717441045110903 ], [ -76.152315060329968, 2.717739267691879 ], [ -76.152699520791202, 2.718126468683269 ], [ -76.152742873977743, 2.718170136370591 ], [ -76.153302453025717, 2.718567982334165 ], [ -76.153532358398849, 2.719396121274575 ], [ -76.153169780298697, 2.719793257216934 ], [ -76.152807706322363, 2.719528037628221 ], [ -76.152808010719227, 2.719130614804599 ], [ -76.15244598963443, 2.718799154300537 ], [ -76.151985235354985, 2.718368260109891 ], [ -76.151810332705523, 2.71816008380333 ], [ -76.151623285613383, 2.717937444824101 ], [ -76.151228206700438, 2.717771544921304 ], [ -76.150997717063362, 2.717705132350539 ], [ -76.150503732787797, 2.717671633658632 ], [ -76.150042682198091, 2.71763816308228 ], [ -76.149450171128478, 2.717240280934274 ], [ -76.149055307567792, 2.716776318760818 ], [ -76.148627395190957, 2.716477926274699 ], [ -76.148330789944808, 2.716742640573613 ], [ -76.148395900132755, 2.717736240640522 ], [ -76.148889353203458, 2.718465223773238 ], [ -76.149005549984764, 2.718797114856335 ], [ -76.149086523556235, 2.719028386884938 ], [ -76.148823353765266, 2.719191933992986 ], [ -76.148108475266739, 2.71945531126465 ], [ -76.148002168169555, 2.719503631149324 ], [ -76.147867572581077, 2.719529512180015 ], [ -76.147867277239357, 2.719921643870255 ], [ -76.147866638649973, 2.720749595155445 ], [ -76.147832897649508, 2.721809354931058 ], [ -76.147337818970399, 2.72319993768283 ], [ -76.146909007879984, 2.724060685738423 ], [ -76.146743376791605, 2.725319046282126 ], [ -76.146709824703549, 2.726113856614025 ], [ -76.146511917324801, 2.726511128113954 ], [ -76.146249312072058, 2.725384901132118 ], [ -76.14618399638303, 2.72465625119874 ], [ -76.145788709747663, 2.724755299419618 ], [ -76.145491663581197, 2.725583025446432 ], [ -76.145128978126422, 2.72611262705508 ], [ -76.144996781895202, 2.726708659179315 ], [ -76.144765708688652, 2.727403964236179 ], [ -76.144238253577797, 2.728065914005711 ], [ -76.143183451592762, 2.729224228966861 ], [ -76.14258981805456, 2.730283549406585 ], [ -76.142392315168038, 2.730150921737753 ], [ -76.142195422128694, 2.72922345567912 ], [ -76.141998717759748, 2.728064162855916 ], [ -76.141801160195314, 2.727997776648805 ], [ -76.1411749449653, 2.728593414039506 ], [ -76.141108667106138, 2.729123249104571 ], [ -76.140614656943939, 2.729122863448465 ], [ -76.139429068804631, 2.729055704995774 ], [ -76.138737474183472, 2.729022035842039 ], [ -76.137914348267444, 2.728723328037581 ], [ -76.136761621066796, 2.728755541912686 ], [ -76.136464951692005, 2.729086490409502 ], [ -76.136991697201182, 2.729351852968055 ], [ -76.137716305009818, 2.729286186017684 ], [ -76.137946588074911, 2.729617546922387 ], [ -76.137814644274982, 2.72988238935223 ], [ -76.13613489304845, 2.730013542618108 ], [ -76.135772719067305, 2.729880781169576 ], [ -76.13537783831417, 2.729449939861099 ], [ -76.134949924564111, 2.729151536571564 ], [ -76.134281866094923, 2.728829598911378 ], [ -76.134192717020298, 2.728786642215228 ], [ -76.13320546877857, 2.727792314247254 ], [ -76.133008405658686, 2.727096677194655 ], [ -76.133009312746879, 2.725937545369385 ], [ -76.133042990524316, 2.724977147383208 ], [ -76.133142622770862, 2.72391744004007 ], [ -76.133076928590896, 2.723685567127321 ], [ -76.132714297099483, 2.724148936111378 ], [ -76.132153667562775, 2.725108921052882 ], [ -76.131856558626211, 2.726002870203696 ], [ -76.131658901691139, 2.726068950391743 ], [ -76.131560437703556, 2.72563834306721 ], [ -76.131066166819778, 2.725969130226813 ], [ -76.130867962666812, 2.726730685071298 ], [ -76.130801371094449, 2.727657944144881 ], [ -76.130834024030577, 2.728022274375488 ], [ -76.130833270231875, 2.728982699328692 ], [ -76.13066815901108, 2.729545574050814 ], [ -76.129942984801417, 2.730339828623102 ], [ -76.12951429095726, 2.731034971558941 ], [ -76.129348804311491, 2.731201124798164 ], [ -76.129052844997716, 2.73149825991166 ], [ -76.128343077257099, 2.731652832649506 ], [ -76.128295232865213, 2.731663254064575 ], [ -76.127471719841409, 2.731861305188823 ], [ -76.126681239211919, 2.731926909438576 ], [ -76.126154161114954, 2.732092082799142 ], [ -76.125824407583451, 2.732621710966489 ], [ -76.125759342728699, 2.732895526969488 ], [ -76.125659180283421, 2.733317060857947 ], [ -76.125691725878639, 2.733813857278288 ], [ -76.125691493190942, 2.734111917648995 ], [ -76.125394662319849, 2.734641573264237 ], [ -76.12430741431163, 2.735170591231332 ], [ -76.123944924687592, 2.735435243980501 ], [ -76.123154452551887, 2.735500847872924 ], [ -76.122496023730136, 2.73516914478552 ], [ -76.121804429021765, 2.735135466566381 ], [ -76.121145586327827, 2.735333652880994 ], [ -76.120915177034504, 2.735167877729198 ], [ -76.120322595214219, 2.734869340589824 ], [ -76.119992320121938, 2.73478603116406 ], [ -76.11958904780758, 2.734995734149226 ], [ -76.118708681205845, 2.735033634025742 ], [ -76.118115605344627, 2.735364340093169 ], [ -76.117733668149285, 2.735343812565295 ], [ -76.11748987405916, 2.735330715807327 ], [ -76.117212447552944, 2.735065999787349 ], [ -76.116864601924007, 2.734734090777628 ], [ -76.116042193551181, 2.733541182128042 ], [ -76.114956265865814, 2.732414299290901 ], [ -76.114166161604317, 2.732016246730907 ], [ -76.113606278342544, 2.732015797957603 ], [ -76.113211018957472, 2.732081706630153 ], [ -76.113144857897794, 2.732445955718304 ], [ -76.113441023770591, 2.732744258912371 ], [ -76.114330041180779, 2.733009917870337 ], [ -76.115021286400037, 2.733474123184921 ], [ -76.115218438904932, 2.734037285586743 ], [ -76.114757127170805, 2.734334978350206 ], [ -76.114263189271725, 2.734235229364588 ], [ -76.114164391843119, 2.734235148317582 ], [ -76.113999712667763, 2.734235014168518 ] ] ] } },
{ "type": "Feature", "properties": { "TIPO_VIA": 4, "ESTADO_SUP": "3306", "NUMERO_CAR": "3502", "ACCESIBILI": "3600", "NOMBRE_GEO": null, "PROYECTO": null, "SYMBOL": "2", "FECHA": null, "RULEID": 4, "PK_CUE": 2056502.0, "GLOBALID": "{32B5024D-A46F-40E2-BCE9-1FE9A6051045}", "EJE_VIAL": null, "SHAPE_Leng": 32245.2903664 }, "geometry": { "type": "MultiLineString", "coordinates": [ [ [ -76.245845348661447, 2.686951238891549 ], [ -76.245173426078978, 2.687008693038605 ], [ -76.24481626461619, 2.687039235809223 ], [ -76.244025513907275, 2.687535473736683 ], [ -76.243102970729993, 2.688097873017174 ], [ -76.241785249804195, 2.688626872553234 ], [ -76.240829703140221, 2.689288599095826 ], [ -76.240269397371932, 2.68991747434688 ], [ -76.239214684657455, 2.691109034883263 ], [ -76.238555663216417, 2.691605363131318 ], [ -76.238028648579359, 2.691704358287003 ], [ -76.237139064960559, 2.692233645421866 ], [ -76.236410271234647, 2.692839325106303 ], [ -76.236183427744407, 2.693027844844821 ], [ -76.23479982470792, 2.693556790584101 ], [ -76.233745768850525, 2.693787891998349 ], [ -76.233251416792356, 2.694284327739635 ], [ -76.233467838659806, 2.694611279251932 ], [ -76.233514614326921, 2.69468194011309 ], [ -76.234172746850632, 2.695477254797428 ], [ -76.234155849640885, 2.69567950132129 ], [ -76.234124003732944, 2.696060639414068 ], [ -76.234106334739693, 2.696272066175045 ], [ -76.233240562878606, 2.697064433322701 ], [ -76.232669149217315, 2.69746596782756 ], [ -76.23205140461576, 2.697651290885278 ], [ -76.231356441700569, 2.697574073192663 ], [ -76.230723254100113, 2.698037381599681 ], [ -76.229812080277853, 2.69893311178423 ], [ -76.229703974688363, 2.699365532216214 ], [ -76.229765749108438, 2.700184044637689 ], [ -76.229673087772255, 2.701126105235677 ], [ -76.229564982357161, 2.70194461655689 ], [ -76.229267809205254, 2.701739971388325 ], [ -76.229063740961038, 2.701534468912033 ], [ -76.228504403965175, 2.70073922621062 ], [ -76.228109658227623, 2.700076565687479 ], [ -76.2279716676546, 2.69968252880058 ], [ -76.227912441972393, 2.699513402896197 ], [ -76.227837418669282, 2.699354689269835 ], [ -76.227341101249934, 2.697898388773258 ], [ -76.226874167455151, 2.697900244923674 ], [ -76.226599126252353, 2.697751065787453 ], [ -76.226538033357173, 2.697465967363005 ], [ -76.225951175696096, 2.697172539189971 ], [ -76.225147346120735, 2.697524318012336 ], [ -76.224554251671051, 2.697921327611396 ], [ -76.22437269275791, 2.69798844961189 ], [ -76.223928332638053, 2.698152715823575 ], [ -76.223826651932498, 2.698038945145891 ], [ -76.223775959819434, 2.697982216181158 ], [ -76.223632158030952, 2.697821319170323 ], [ -76.223336117635441, 2.697291204604765 ], [ -76.222348277016437, 2.697025563666024 ], [ -76.221689506083109, 2.697157570951921 ], [ -76.221392676147019, 2.697753505209209 ], [ -76.221426595723983, 2.698235827564748 ], [ -76.221457894065921, 2.698680880819007 ], [ -76.221128507978747, 2.698746880318814 ], [ -76.220206351752608, 2.698746233297403 ], [ -76.219777998904064, 2.699043998271221 ], [ -76.219349457727006, 2.69960671975453 ], [ -76.219283053977506, 2.700368401982828 ], [ -76.218459047976253, 2.701295148611007 ], [ -76.218129186399992, 2.702023529758863 ], [ -76.217173351763151, 2.703082660766284 ], [ -76.216578666878874, 2.703365405771228 ], [ -76.216547387793099, 2.703380281802999 ], [ -76.215526164907899, 2.703743856997539 ], [ -76.214999051871075, 2.703975317184916 ], [ -76.214377381553518, 2.70434980723817 ], [ -76.214340083697024, 2.704372273675375 ], [ -76.214150179417075, 2.704518958048707 ], [ -76.213911748565721, 2.704923567663228 ], [ -76.212763624851775, 2.705260236226736 ], [ -76.21093716092561, 2.706410861300827 ], [ -76.2098953273468, 2.706311655602145 ], [ -76.209553862462968, 2.706572886643219 ], [ -76.208960378060425, 2.707521625892848 ], [ -76.207887266991733, 2.707916981911735 ], [ -76.207420800587741, 2.708530867651664 ], [ -76.206682371136282, 2.70850060417638 ], [ -76.205784472600186, 2.708689482294667 ], [ -76.205345916870357, 2.708704372451281 ], [ -76.204259063914378, 2.708736702930572 ], [ -76.2036002573263, 2.708901822040109 ], [ -76.203303445035715, 2.709464625931107 ], [ -76.20320463997794, 2.709654727046452 ], [ -76.202634672537357, 2.710063203270015 ], [ -76.202526642884337, 2.71124322342128 ], [ -76.201918341541116, 2.712046886819057 ], [ -76.201654345238467, 2.71277531291967 ], [ -76.201358196957869, 2.712410785089356 ], [ -76.201523414579626, 2.711649175634777 ], [ -76.201721690551636, 2.710721997100457 ], [ -76.201854039941281, 2.7098609982503 ], [ -76.2022168965118, 2.709066410906385 ], [ -76.202527434986564, 2.708695197920472 ], [ -76.202691151889141, 2.70769106407878 ], [ -76.2034442118225, 2.706975656472383 ], [ -76.203888357054609, 2.70680483163772 ], [ -76.203964119845239, 2.706683127438527 ], [ -76.204170867049726, 2.706149645360804 ], [ -76.204096576119952, 2.70607233630876 ], [ -76.203983597269797, 2.705547911017246 ], [ -76.204057782525709, 2.705387368386855 ], [ -76.20463028175871, 2.704509385023 ], [ -76.204216099245116, 2.704151680904459 ], [ -76.203180640990951, 2.704603517039308 ], [ -76.203124161659915, 2.705808413255862 ], [ -76.202449425768492, 2.706284607386072 ], [ -76.202053691302126, 2.707012935419461 ], [ -76.20167452050066, 2.707747543657834 ], [ -76.200241717072799, 2.708835499521611 ], [ -76.199990156098053, 2.709413649367037 ], [ -76.199697738065652, 2.710345601120918 ], [ -76.198963504208109, 2.711305752889335 ], [ -76.19900115686724, 2.711757589273256 ], [ -76.199547125673249, 2.712454169812809 ], [ -76.199264728374985, 2.712774220075272 ], [ -76.198643493528238, 2.712475046010433 ], [ -76.1981305682976, 2.71247467321702 ], [ -76.197628157488253, 2.712171035271209 ], [ -76.197080853293102, 2.71160697698736 ], [ -76.196120702159121, 2.711268100110293 ], [ -76.193244082593864, 2.712132733689042 ], [ -76.192267964676276, 2.712867802552518 ], [ -76.191609105297132, 2.713099145873406 ], [ -76.190818587197853, 2.713231036661735 ], [ -76.190258316753059, 2.71376052176941 ], [ -76.189467403822604, 2.714422310814467 ], [ -76.189203928227997, 2.714422121692294 ], [ -76.189336052635113, 2.71389231368093 ], [ -76.189534122154697, 2.713263205693226 ], [ -76.189798146062728, 2.712501676615365 ], [ -76.189831562898789, 2.711839322387396 ], [ -76.189700309872038, 2.711176858905151 ], [ -76.18927228962005, 2.711010950354014 ], [ -76.188679106085232, 2.711507287339644 ], [ -76.188810411773034, 2.712103526048149 ], [ -76.188660330561561, 2.712065678831253 ], [ -76.188415269548372, 2.712003874950904 ], [ -76.187394353159192, 2.711936878658422 ], [ -76.186900243892907, 2.712068994064036 ], [ -76.185648280364944, 2.712697321155012 ], [ -76.184363743218839, 2.712828843123382 ], [ -76.183178110239993, 2.71282796255298 ], [ -76.182256043971336, 2.712694796624576 ], [ -76.181828292672705, 2.712164583886583 ], [ -76.1813019067082, 2.711402461823597 ], [ -76.180964608029512, 2.710977847108555 ], [ -76.180907060796685, 2.710905388885948 ], [ -76.180347446758915, 2.710540673072274 ], [ -76.180051210331044, 2.710308619974373 ], [ -76.179293894090662, 2.710076225672279 ], [ -76.178536605288684, 2.709810710686376 ], [ -76.177548628802825, 2.709743740915277 ], [ -76.176428914772004, 2.709676664127364 ], [ -76.17530900281794, 2.709874535877416 ], [ -76.175281370939928, 2.709883069920136 ], [ -76.175296993129834, 2.70981108760651 ], [ -76.175076166152465, 2.709565377241971 ], [ -76.175243163659957, 2.708936679978847 ], [ -76.175979918023529, 2.708298160610682 ], [ -76.176126667860672, 2.707467357826439 ], [ -76.176219308167319, 2.707228327985781 ], [ -76.176127268269056, 2.706706772248466 ], [ -76.176365422383753, 2.706464118435722 ], [ -76.177413789031064, 2.705508207405192 ], [ -76.177413789284614, 2.705194118478743 ], [ -76.177090972795455, 2.70510679883027 ], [ -76.176635742762159, 2.705163680942497 ], [ -76.176563976979267, 2.705172645611821 ], [ -76.175971017379936, 2.705370913206077 ], [ -76.175410845231042, 2.705767914049969 ], [ -76.174653188323845, 2.705999176778707 ], [ -76.173730618107811, 2.706561503689604 ], [ -76.173203459553335, 2.706859170236678 ], [ -76.172841562449761, 2.70683868134319 ], [ -76.172432677558859, 2.706547174015596 ], [ -76.172159039194057, 2.706428201327033 ], [ -76.17196868254176, 2.706606661046011 ], [ -76.171611763390828, 2.7072729095027 ], [ -76.170719771822618, 2.707733080689071 ], [ -76.170303059747752, 2.707867775353349 ], [ -76.17019165731304, 2.708276252212624 ], [ -76.169974716948417, 2.708479560405761 ], [ -76.169282582716235, 2.709174524194479 ], [ -76.168722483760533, 2.709472171449621 ], [ -76.168557562387505, 2.709803228209218 ], [ -76.168293295817122, 2.71086281682108 ], [ -76.168132247075206, 2.711047622745816 ] ] ] } },
{ "type": "Feature", "properties": { "TIPO_VIA": 5, "ESTADO_SUP": "3306", "NUMERO_CAR": "Sin Valor", "ACCESIBILI": "3601", "NOMBRE_GEO": null, "PROYECTO": null, "SYMBOL": "2", "FECHA": null, "RULEID": 5, "PK_CUE": 2056559.0, "GLOBALID": "{F28ACE40-1927-4490-B9CC-E168AFAEE7E0}", "EJE_VIAL": null, "SHAPE_Leng": 3157.35689245 }, "geometry": { "type": "MultiLineString", "coordinates": [ [ [ -76.022364124718152, 2.708662474593078 ], [ -76.022517125529532, 2.708529156293149 ], [ -76.022973640808132, 2.708131373272943 ], [ -76.023005064006441, 2.708119111053829 ], [ -76.023344034279319, 2.707986878922861 ], [ -76.023660026350996, 2.707792752757162 ], [ -76.02436569690812, 2.707997927948201 ], [ -76.024794750268669, 2.708358843718287 ], [ -76.025199352229464, 2.708381230058676 ], [ -76.025659029297771, 2.708407622783119 ], [ -76.026209767785701, 2.708413183337436 ], [ -76.026910569630672, 2.709054068758335 ], [ -76.034801290847767, 2.716391625196486 ], [ -76.037256889889605, 2.71915560619234 ], [ -76.038741679286431, 2.720354856658546 ], [ -76.039940921396976, 2.722010964102596 ], [ -76.040968853782772, 2.724238139178122 ], [ -76.042102222956387, 2.725507512023979 ], [ -76.04213347473312, 2.725776629682097 ], [ -76.042026332874741, 2.726125715276275 ] ] ] } },
{ "type": "Feature", "properties": { "TIPO_VIA": 5, "ESTADO_SUP": "3306", "NUMERO_CAR": "Sin Valor", "ACCESIBILI": "3601", "NOMBRE_GEO": null, "PROYECTO": null, "SYMBOL": "2", "FECHA": null, "RULEID": 5, "PK_CUE": 6905856.0, "GLOBALID": "{3D47B155-45B7-4B45-96E6-ABCD327AA73B}", "EJE_VIAL": null, "SHAPE_Leng": 10474.4586289 }, "geometry": { "type": "MultiLineString", "coordinates": [ [ [ -75.955520817421018, 2.528930607028022 ], [ -75.954028634790177, 2.528974597987181 ], [ -75.953449535889916, 2.52944839602376 ], [ -75.95339689438218, 2.530132778036659 ], [ -75.953238961666813, 2.53113303380647 ], [ -75.952501929831541, 2.531659482856007 ], [ -75.951606965377536, 2.53150154971668 ], [ -75.950238201913677, 2.530764518008448 ], [ -75.949448528723849, 2.530396001836004 ], [ -75.949080012719946, 2.529869553814952 ], [ -75.948132407204255, 2.528711374380884 ], [ -75.946658352767855, 2.527869049738347 ], [ -75.945342230666242, 2.527816408897928 ], [ -75.944184041553143, 2.527763758804249 ], [ -75.943210753872606, 2.527041846433109 ], [ -75.942430889633414, 2.526689643437323 ], [ -75.941952905563312, 2.52651354606409 ], [ -75.941625864963683, 2.526840587322281 ], [ -75.941550396927752, 2.527142475321811 ], [ -75.941298824304994, 2.527620460009343 ], [ -75.941072413051785, 2.52777139432725 ], [ -75.941047251239212, 2.527092160244916 ], [ -75.941072412576432, 2.526488393982149 ], [ -75.940820840366243, 2.526060723731268 ], [ -75.940242226157537, 2.526060724278829 ], [ -75.939764249800135, 2.526387763834102 ], [ -75.939437200909651, 2.527041845833153 ], [ -75.939261103922519, 2.527494667683678 ], [ -75.938783118545373, 2.527469516409443 ], [ -75.938732804747858, 2.526865749026667 ], [ -75.938179352976206, 2.525582738708181 ], [ -75.937852312381438, 2.524953810577276 ], [ -75.93724854497097, 2.524350044194831 ], [ -75.936996971591157, 2.523947536261946 ], [ -75.936292576376275, 2.523243139800791 ], [ -75.935311454236256, 2.52271484141266 ], [ -75.93463221981213, 2.522136226762906 ], [ -75.934078758530134, 2.52178403309557 ], [ -75.933474991875812, 2.521809186358198 ], [ -75.933072483576836, 2.521859501006915 ], [ -75.932041047909891, 2.521758871134313 ], [ -75.931638529563543, 2.521683403953503 ], [ -75.931110231193486, 2.521658241864531 ], [ -75.931009601952866, 2.521960130025042 ], [ -75.930959296294333, 2.522287170589449 ], [ -75.930707723191844, 2.522790308291709 ], [ -75.930481311965934, 2.523343760156877 ], [ -75.930254890958182, 2.523796592185105 ], [ -75.929978165242744, 2.524400358680584 ], [ -75.929953011597817, 2.525029286834396 ], [ -75.929978165385407, 2.525859464851834 ], [ -75.929927851297094, 2.526563860711973 ], [ -75.929802069353627, 2.527217942078511 ], [ -75.929223454802539, 2.52792233792411 ], [ -75.928468743979508, 2.528802831320319 ], [ -75.92799076795967, 2.529482074036702 ], [ -75.926984485301944, 2.530387729367348 ], [ -75.925072554730818, 2.532425439973978 ], [ -75.925298966906283, 2.533079530650862 ], [ -75.924594570858019, 2.533280779785491 ], [ -75.923965642176555, 2.533255627168701 ], [ -75.923236093164448, 2.533029216347046 ], [ -75.92245622054574, 2.533004053804075 ], [ -75.922094262802602, 2.532746560692526 ], [ -75.92151524494399, 2.533108447377902 ], [ -75.921261928669907, 2.533506526705545 ], [ -75.921261928799893, 2.534302667767355 ], [ -75.92100860425235, 2.534881685814228 ], [ -75.920465778908508, 2.535207387859026 ], [ -75.920176270208756, 2.53560545776749 ], [ -75.920140076824566, 2.536365414687873 ], [ -75.919850577391884, 2.53698062639114 ], [ -75.918982050393694, 2.537125380728374 ], [ -75.918222083600341, 2.537414889940201 ], [ -75.918041145186081, 2.538174846881427 ], [ -75.917787829181037, 2.539079557904096 ], [ -75.917027864040989, 2.539803331279723 ], [ -75.916231722983767, 2.540382349057049 ], [ -75.915507950252092, 2.540925174233213 ], [ -75.915290818059361, 2.541576569175245 ], [ -75.915507949844041, 2.542264148872959 ], [ -75.915580327334013, 2.543096491568526 ], [ -75.915616511139135, 2.543639315656033 ], [ -75.915182248204829, 2.543494562305796 ], [ -75.914494668092928, 2.543458368927004 ], [ -75.914567046298274, 2.542662227756064 ], [ -75.914603229536212, 2.541757508146433 ], [ -75.913662334037099, 2.540165216646338 ], [ -75.913010939220925, 2.539984268619844 ], [ -75.912576675130623, 2.54005664737567 ], [ -75.911997656565561, 2.540237594025522 ], [ -75.911708147661074, 2.540273778395616 ], [ -75.911346261599277, 2.539694759614028 ], [ -75.910803437067258, 2.539224312435269 ], [ -75.910296796268085, 2.53893480318199 ], [ -75.910332989207888, 2.538319601121322 ], [ -75.91007966409822, 2.537885338436073 ], [ -75.909609217102343, 2.537812960149906 ], [ -75.909102576222708, 2.538030091561938 ], [ -75.908342618882756, 2.538211030712007 ], [ -75.90794453974199, 2.537776776124803 ], [ -75.908849260071733, 2.536691117273997 ], [ -75.909717778275734, 2.536220660927315 ], [ -75.909753970936947, 2.535315949418729 ], [ -75.909392084595353, 2.534628370157022 ], [ -75.908740689244354, 2.53415792193487 ], [ -75.907908354963553, 2.533687464790774 ], [ -75.907148398870532, 2.53318082500738 ], [ -75.906388432873513, 2.53274656095354 ], [ -75.905628475844182, 2.532348491066855 ], [ -75.904723765316788, 2.531733287560782 ], [ -75.903855238298263, 2.531914226638872 ], [ -75.903240035268666, 2.532239928992632 ], [ -75.902045805601688, 2.532348491276543 ], [ -75.901213472425681, 2.531986603609728 ], [ -75.899946875208101, 2.531805665930418 ], [ -75.899584988212695, 2.531154270371287 ], [ -75.899548804264029, 2.530539059425592 ], [ -75.899404050324293, 2.529453409186134 ] ] ] } },
{ "type": "Feature", "properties": { "TIPO_VIA": 6, "ESTADO_SUP": "3350", "NUMERO_CAR": "Sin Valor", "ACCESIBILI": "3601", "NOMBRE_GEO": null, "PROYECTO": null, "SYMBOL": "2", "FECHA": null, "RULEID": 6, "PK_CUE": 2056616.0, "GLOBALID": "{FCB1F04E-A239-4A4B-81F5-FC059E5430C9}", "EJE_VIAL": null, "SHAPE_Leng": 5506.5837622700001 }, "geometry": { "type": "MultiLineString", "coordinates": [ [ [ -75.823726672653677, 2.693888772570487 ], [ -75.822788795815086, 2.692586161606327 ], [ -75.822476165350707, 2.69196090744884 ], [ -75.821434073949561, 2.691804592129872 ], [ -75.820391992336454, 2.691439857921382 ], [ -75.819766737571101, 2.690762501119181 ], [ -75.819610422014875, 2.690137245891038 ], [ -75.819037270127836, 2.689616205782702 ], [ -75.818880963300572, 2.688834635280568 ], [ -75.818359913105667, 2.688053074364628 ], [ -75.818151495270342, 2.687219402224544 ], [ -75.818099392581416, 2.686229413053633 ], [ -75.816953098201012, 2.685499954163652 ], [ -75.816432047965662, 2.685187331700909 ], [ -75.815442068069189, 2.684666281850304 ], [ -75.814608395798814, 2.684301556938015 ], [ -75.813670518976267, 2.683780507286511 ], [ -75.813149469103777, 2.6833636708908 ], [ -75.812732641812048, 2.682634212378676 ], [ -75.812263694125235, 2.68216527265454 ], [ -75.811065297092611, 2.681123182889531 ], [ -75.810596358068523, 2.680081091958234 ], [ -75.809866890195323, 2.679716367023621 ], [ -75.808876910591394, 2.679143214825713 ], [ -75.808147451863235, 2.678309542220678 ], [ -75.807001147897026, 2.677423768011002 ], [ -75.805854852235967, 2.676590094900357 ], [ -75.805073282389699, 2.676173268123563 ], [ -75.804239618536997, 2.675339594991553 ], [ -75.803458049220822, 2.67476644272367 ], [ -75.802676486972089, 2.674297504588648 ], [ -75.80267648723563, 2.673672250012977 ], [ -75.803197528352143, 2.672734373269456 ], [ -75.803249630093376, 2.672109118681601 ], [ -75.803093315428669, 2.671327549313955 ], [ -75.802676486540051, 2.670233356092986 ], [ -75.802103335320325, 2.668878641656473 ], [ -75.801113347374979, 2.668201286132716 ], [ -75.799550215031005, 2.667680245179226 ], [ -75.798299715705383, 2.6676802446755 ], [ -75.797205522727964, 2.667836551933258 ], [ -75.796267637223238, 2.668201285691301 ], [ -75.795277656561069, 2.668513908320676 ], [ -75.793818730041721, 2.668513907773183 ], [ -75.793089271046242, 2.668513908190318 ], [ -75.792047181081401, 2.668357601425291 ], [ -75.791005090124969, 2.668305499115437 ], [ -75.790275630583707, 2.66825338764317 ], [ -75.78954616302822, 2.668305498615831 ], [ -75.788934707066829, 2.668349184190345 ] ] ] } },
{ "type": "Feature", "properties": { "TIPO_VIA": 6, "ESTADO_SUP": "3350", "NUMERO_CAR": "Sin Valor", "ACCESIBILI": "3601", "NOMBRE_GEO": null, "PROYECTO": null, "SYMBOL": "2", "FECHA": null, "RULEID": 6, "PK_CUE": 2056694.0, "GLOBALID": "{CE71EF5F-6CDD-465D-AC06-83C52CC7BCC3}", "EJE_VIAL": null, "SHAPE_Leng": 10647.725273100001 }, "geometry": { "type": "MultiLineString", "coordinates": [ [ [ -75.780398412390653, 2.669599036601323 ], [ -75.780157592093374, 2.669475618041702 ], [ -75.780271282408876, 2.669296610355476 ], [ -75.780355859265157, 2.669007946096404 ], [ -75.78043249435774, 2.668804593785964 ], [ -75.78043639322172, 2.668793867930388 ], [ -75.780508006406791, 2.668596724021601 ], [ -75.780562184205408, 2.668373007657545 ], [ -75.780500756579514, 2.667992652203771 ], [ -75.780309856422917, 2.667856270324727 ], [ -75.780165065630158, 2.667675860624492 ], [ -75.779966619236006, 2.667223586264509 ], [ -75.78007361740957, 2.666987499671531 ], [ -75.780233498697356, 2.666702303057157 ], [ -75.78034833988815, 2.666500127870462 ], [ -75.780431792984487, 2.666212019620546 ], [ -75.78043206278663, 2.665957168003557 ], [ -75.780370546042008, 2.665664398082905 ], [ -75.780362892804817, 2.665463220813175 ], [ -75.78041594726794, 2.66523103296356 ], [ -75.780424032232673, 2.665020826907535 ], [ -75.780491324599794, 2.664874113954511 ], [ -75.780531038677623, 2.664787570983314 ], [ -75.781204974049842, 2.663912891557242 ], [ -75.781929793808047, 2.66305216715183 ], [ -75.781929793927304, 2.662372648479228 ], [ -75.782428108286709, 2.661761081078481 ], [ -75.783646545223135, 2.661159985758731 ], [ -75.783492688398567, 2.66071915147122 ], [ -75.782767867616101, 2.660832404771748 ], [ -75.782133649443438, 2.661262766880055 ], [ -75.781703288036539, 2.661874334489194 ], [ -75.781318112186327, 2.662822305840876 ], [ -75.780855650318586, 2.662822305883463 ], [ -75.780557507946696, 2.663070757781347 ], [ -75.780175970863198, 2.663678911350443 ], [ -75.779178622664745, 2.66352677373255 ], [ -75.7786681020781, 2.664139397778142 ], [ -75.778707891515538, 2.66504388513571 ], [ -75.778260391001695, 2.665068073994116 ], [ -75.777036206770362, 2.665639442767262 ], [ -75.775661116928148, 2.665903940588282 ], [ -75.775639440621021, 2.665881986795225 ] ] ] } },
{ "type": "Feature", "properties": { "TIPO_VIA": 6, "ESTADO_SUP": "3350", "NUMERO_CAR": "Sin Valor", "ACCESIBILI": "3601", "NOMBRE_GEO": null, "PROYECTO": null, "SYMBOL": "2", "FECHA": null, "RULEID": 6, "PK_CUE": 2056750.0, "GLOBALID": "{8D33404C-F2CB-4734-98A8-734DE0322DA2}", "EJE_VIAL": null, "SHAPE_Leng": 10750.9442077 }, "geometry": { "type": "MultiLineString", "coordinates": [ [ [ -75.983470405917814, 2.696913902577133 ], [ -75.983529891772918, 2.697068135115393 ], [ -75.984008559834436, 2.698472525017229 ], [ -75.984618345373562, 2.699613799138437 ], [ -75.98469350682268, 2.699884640742671 ], [ -75.984871480936192, 2.700526083129267 ], [ -75.984922766163947, 2.700710919687834 ], [ -75.985010702041251, 2.701080802448006 ], [ -75.985183564939817, 2.701807997332914 ], [ -75.985183528606228, 2.701847918334742 ], [ -75.985182927293891, 2.702521780438905 ], [ -75.985182541321834, 2.702948723106124 ], [ -75.985287176807304, 2.703556971656332 ], [ -75.985306230008007, 2.703667697629228 ], [ -75.985356157867002, 2.703957980441489 ], [ -75.985146779026223, 2.704838750583365 ], [ -75.985137176127012, 2.704879130008384 ], [ -75.985093086544609, 2.705405579120812 ], [ -75.984822118582372, 2.705867852188786 ], [ -75.984656127916963, 2.706151036620678 ], [ -75.984616504173559, 2.706177554939522 ], [ -75.984001292412287, 2.70658918129968 ], [ -75.9838105440692, 2.706589001787444 ], [ -75.983303220034429, 2.706588542826426 ], [ -75.982386966408228, 2.706631590587037 ], [ -75.981645262826092, 2.706630917217668 ], [ -75.980816305532954, 2.706630161784914 ], [ -75.979735726828764, 2.706559125513111 ], [ -75.978986196286669, 2.707237271899813 ], [ -75.97895050499983, 2.708986175755484 ], [ -75.97955726758147, 2.712412600314264 ], [ -75.979700034684086, 2.714268579909887 ], [ -75.979735726709833, 2.715446412560818 ], [ -75.979200348092334, 2.717587927343883 ], [ -75.978437538832196, 2.719484208988838 ], [ -75.978405048607684, 2.719526852742234 ], [ -75.97788065734899, 2.720447716066777 ], [ -75.977647481332369, 2.720985671747983 ], [ -75.97754260295477, 2.721227642054754 ], [ -75.977443438356772, 2.721456415576295 ], [ -75.977006255394826, 2.722421232856985 ], [ -75.976438240672607, 2.723342060943462 ], [ -75.976195654229883, 2.723909812926301 ], [ -75.975202853881498, 2.724976153656093 ], [ -75.973991374272472, 2.727288440272931 ], [ -75.971919197537048, 2.730115789402826 ], [ -75.971419510456229, 2.731900385290004 ], [ -75.971241051094125, 2.733506521483852 ], [ -75.97108402164038, 2.737851874219893 ], [ -75.97112392380221, 2.739021829475961 ], [ -75.970420615257879, 2.739511600471334 ], [ -75.969920928536112, 2.740118363141685 ], [ -75.969599701174175, 2.740582357324922 ], [ -75.969171398532779, 2.74108204447202 ], [ -75.968707403039744, 2.741795882795502 ], [ -75.968100641013052, 2.743187867580868 ], [ -75.96788648946054, 2.744330008455042 ], [ -75.96770802959675, 2.745650609271742 ], [ -75.96756526193883, 2.746757059176042 ], [ -75.967458185850191, 2.748113351823463 ], [ -75.967351110674002, 2.748541654264984 ], [ -75.967386802358817, 2.74896995779719 ], [ -75.967315418158961, 2.749755179989016 ], [ -75.967315418797284, 2.750219174762276 ], [ -75.967136958959742, 2.75096870499829 ], [ -75.966423120810632, 2.751896694779717 ], [ -75.966208969664834, 2.752289305820853 ], [ -75.965923433731504, 2.752931760063766 ], [ -75.965744974087997, 2.753538522585454 ], [ -75.965495131229801, 2.753966825452335 ], [ -75.965102519764926, 2.754644972408532 ], [ -75.964995443878919, 2.755216042397489 ], [ -75.964709909172853, 2.7557871137395 ], [ -75.964245913777745, 2.756608027681537 ], [ -75.96399607062736, 2.757143406270057 ], [ -75.963674843559019, 2.757607400771166 ], [ -75.963567767206328, 2.758178471636453 ], [ -75.963603459660675, 2.758678158692761 ], [ -75.963710535180965, 2.75921353738454 ], [ -75.964144240051851, 2.76014058528373 ], [ -75.964536344623525, 2.760755185002694 ], [ -75.964577541714448, 2.760799876002248 ], [ -75.964774444055536, 2.761013496233656 ], [ -75.964909612549064, 2.761160155240239 ], [ -75.965102975675578, 2.761369947289241 ], [ -75.965335531070878, 2.761586208305501 ], [ -75.965669687040332, 2.761896961950786 ], [ -75.966149100186826, 2.762467769077255 ], [ -75.966683480186447, 2.762929234331349 ], [ -75.966759450734187, 2.762994828902912 ], [ -75.966855687146264, 2.76317909956144 ], [ -75.9668842180767, 2.763233744657472 ], [ -75.967194990259415, 2.763828842967347 ], [ -75.967150460823078, 2.764794010660816 ], [ -75.966800880771586, 2.765364037303433 ], [ -75.966420741383061, 2.765674018189795 ], [ -75.96610224335501, 2.765933729807283 ], [ -75.96566573387075, 2.7661526858764 ], [ -75.965595332809599, 2.766258651291991 ], [ -75.965228803098157, 2.766810378449962 ], [ -75.964904716904016, 2.767379442692658 ], [ -75.964879178253014, 2.7674242777284 ], [ -75.964528816636673, 2.768827904851685 ], [ -75.964606989041954, 2.769943091383135 ], [ -75.964614938547783, 2.770056440549497 ], [ -75.964593558770076, 2.770622595448382 ], [ -75.964570203269332, 2.771240985711735 ], [ -75.964133144621684, 2.772030290820835 ], [ -75.963783358666703, 2.77281968480276 ], [ -75.963477438340831, 2.773345882302716 ], [ -75.963127652263992, 2.774135267923008 ], [ -75.962734351543446, 2.774792996139516 ], [ -75.962427863687182, 2.77593341680358 ], [ -75.962295982814993, 2.776986260245264 ], [ -75.962382131268512, 2.778170921672825 ], [ -75.962413526613858, 2.779078903902538 ], [ -75.96242461325275, 2.7793994227396 ], [ -75.962419087714821, 2.779556411901289 ], [ -75.962379786999392, 2.780671696605005 ], [ -75.962380784122729, 2.780673602136842 ], [ -75.96273980393525, 2.781361118895529 ] ] ] } },
{ "type": "Feature", "properties": { "TIPO_VIA": 6, "ESTADO_SUP": "3350", "NUMERO_CAR": "Sin Valor", "ACCESIBILI": "3601", "NOMBRE_GEO": null, "PROYECTO": null, "SYMBOL": "2", "FECHA": null, "RULEID": 6, "PK_CUE": 2056751.0, "GLOBALID": "{259C8A54-6854-4442-9249-823BE58075B7}", "EJE_VIAL": null, "SHAPE_Leng": 3650.9921153800001 }, "geometry": { "type": "MultiLineString", "coordinates": [ [ [ -75.988533805178292, 2.670237425299204 ], [ -75.98847680276198, 2.67054729262829 ], [ -75.988548187036713, 2.670904211625704 ], [ -75.988762338053206, 2.671284925491966 ], [ -75.988892705156573, 2.671969786542455 ], [ -75.987940921077296, 2.671636662809759 ], [ -75.98744123383446, 2.671184564817984 ], [ -75.987060520164036, 2.670613494621428 ], [ -75.986203913841464, 2.670066218309082 ], [ -75.983419944743176, 2.668567157400954 ], [ -75.982325392792305, 2.668138854622649 ], [ -75.981992268014977, 2.667068097746894 ], [ -75.981183251261626, 2.666282874799189 ], [ -75.980302850617832, 2.665878366978351 ], [ -75.978946558239301, 2.66490278821697 ], [ -75.978589639333052, 2.663855825347543 ], [ -75.977994773464175, 2.662594710885513 ], [ -75.977518881399973, 2.661286007362855 ], [ -75.977722910655302, 2.658816428587829 ], [ -75.97778555531815, 2.65779435417772 ], [ -75.977447497423967, 2.657050566897481 ], [ -75.977352318854713, 2.655718068193454 ], [ -75.977376113807395, 2.654718694796967 ], [ -75.977350498569891, 2.654129534731071 ], [ -75.977259363644663, 2.654150565697186 ], [ -75.977079351169536, 2.654906588318819 ], [ -75.976863350967633, 2.655734609549217 ], [ -75.97686335087235, 2.656922641425725 ], [ -75.976683346057058, 2.657858667282344 ], [ -75.97657572758564, 2.658289131011859 ], [ -75.97643134191361, 2.65908269369087 ], [ -75.976323337912845, 2.659370702720218 ], [ -75.975675320099413, 2.659550706550902 ], [ -75.9748112928892, 2.659622706875056 ], [ -75.974523285420986, 2.659622706594353 ], [ -75.974402004669273, 2.65962270691903 ] ] ] } },
{ "type": "Feature", "properties": { "TIPO_VIA": 6, "ESTADO_SUP": "3350", "NUMERO_CAR": "Sin Valor", "ACCESIBILI": "3601", "NOMBRE_GEO": null, "PROYECTO": null, "SYMBOL": "2", "FECHA": null, "RULEID": 6, "PK_CUE": 2056753.0, "GLOBALID": "{BCB317F5-FB9A-4968-9377-718B06E69339}", "EJE_VIAL": null, "SHAPE_Leng": 8362.7705978499998 }, "geometry": { "type": "MultiLineString", "coordinates": [ [ [ -75.75586972552189, 2.697180966372459 ], [ -75.757116902057788, 2.696685293411227 ], [ -75.757011063170779, 2.697390975678919 ], [ -75.757939384983345, 2.69707368750887 ], [ -75.757185442690428, 2.697896170449078 ], [ -75.757066704782432, 2.698609744481319 ], [ -75.756978237287527, 2.698724753551466 ], [ -75.756445383404724, 2.698946772607757 ], [ -75.756090144374497, 2.699479626850046 ], [ -75.755791152039791, 2.699815990831299 ], [ -75.756865587638515, 2.699838144489133 ], [ -75.756977910644977, 2.700255208087557 ], [ -75.757333475013482, 2.700278912148466 ], [ -75.757749300331014, 2.700278911600116 ], [ -75.759355883535363, 2.699723910360625 ], [ -75.758843228560394, 2.700545343151746 ], [ -75.758720447780505, 2.70135051410851 ], [ -75.758816291507927, 2.701923870958153 ], [ -75.758798824797353, 2.701966288697327 ], [ -75.758798824853059, 2.702482024208452 ], [ -75.75823083599451, 2.702725447946151 ], [ -75.757826556079891, 2.703065894380301 ], [ -75.758698948614111, 2.704151065379294 ], [ -75.75950750818761, 2.70512984756969 ], [ -75.760273511913567, 2.705385182262876 ], [ -75.761039514997037, 2.705619239117731 ], [ -75.760443734213553, 2.706257574973749 ], [ -75.759826676563819, 2.706640576614176 ], [ -75.760175367657027, 2.707385301790469 ], [ -75.760175367694558, 2.707650083181196 ], [ -75.760195373077025, 2.707910165752915 ], [ -75.760550123583485, 2.708661974690072 ], [ -75.760613957787882, 2.709023698797597 ], [ -75.760219770644412, 2.709503577688968 ], [ -75.760265479713837, 2.70967375699755 ], [ -75.760996959420211, 2.710342926467225 ], [ -75.761316127266184, 2.710789762133488 ], [ -75.761762962286795, 2.711470653538886 ], [ -75.761448228758482, 2.711513184870292 ], [ -75.76159631430572, 2.711735315285623 ], [ -75.761951552852793, 2.712401379794614 ], [ -75.761995955827132, 2.713023049771003 ], [ -75.762129176030768, 2.713733519101773 ], [ -75.762084764050982, 2.714133160610255 ], [ -75.762351194935491, 2.714532803880078 ], [ -75.76279524098733, 2.714888041865704 ], [ -75.763443914128516, 2.71487511302513 ], [ -75.763912028110681, 2.715279392915718 ], [ -75.763771364056936, 2.715531911233621 ], [ -75.763727737220378, 2.71630898889877 ], [ -75.763052065238057, 2.716365891668032 ], [ -75.762039575170192, 2.71608795230823 ], [ -75.760848013974353, 2.715917729390448 ], [ -75.760699068789307, 2.716236897023286 ], [ -75.76077926885074, 2.716693008847566 ], [ -75.761268582803879, 2.717276111510495 ], [ -75.761826796050357, 2.717449735757958 ], [ -75.76201829659955, 2.719364744181286 ], [ -75.761975740903495, 2.720683972737841 ], [ -75.761507506366158, 2.721815166843089 ], [ -75.760841441704798, 2.7217707630505 ], [ -75.760039454936404, 2.72093930666046 ], [ -75.759081950974661, 2.7212159192823 ], [ -75.758188280299535, 2.721598921057244 ], [ -75.758310375120004, 2.722481231581094 ], [ -75.758421267154532, 2.722725199752807 ], [ -75.75937984099653, 2.722322368893211 ], [ -75.759550063788126, 2.722833037385929 ], [ -75.759294728944212, 2.723152206037619 ], [ -75.759202295151638, 2.723514361942925 ], [ -75.759265951885141, 2.723640083152402 ], [ -75.7598053980808, 2.723747985844017 ], [ -75.760209677872723, 2.723939487047579 ], [ -75.760006707595579, 2.724799606168969 ], [ -75.76008656008041, 2.725278729422585 ], [ -75.760465012333441, 2.725599161240163 ], [ -75.760486290192603, 2.72606727453508 ], [ -75.7604440409864, 2.726477695103696 ], [ -75.760902549556803, 2.727030471878092 ], [ -75.760919158839286, 2.727166907142451 ], [ -75.760841441571372, 2.727720978706774 ], [ -75.7607526248715, 2.728564667980244 ], [ -75.760506609313396, 2.729091858475804 ], [ -75.759599891651618, 2.729366259751844 ], [ -75.758838464318501, 2.730032509053735 ], [ -75.757386993192, 2.731650542303479 ], [ -75.756815922252144, 2.733197192080323 ], [ -75.756863511479224, 2.734267949100664 ], [ -75.755864138578346, 2.734767635753592 ], [ -75.755792754332433, 2.735838393642573 ], [ -75.755721370090114, 2.736623615677799 ], [ -75.755415774275917, 2.737106136919317 ], [ -75.755779309112043, 2.737712024187616 ], [ -75.755734905055434, 2.738644528981207 ], [ -75.755335262767147, 2.739621428665028 ], [ -75.755113235283375, 2.740775943806137 ], [ -75.754891216924349, 2.741486421438894 ], [ -75.754402766999789, 2.742063678723734 ], [ -75.753869913082781, 2.742374514315481 ] ] ] } },
{ "type": "Feature", "properties": { "TIPO_VIA": 6, "ESTADO_SUP": "3350", "NUMERO_CAR": "Sin Valor", "ACCESIBILI": "3601", "NOMBRE_GEO": null, "PROYECTO": null, "SYMBOL": "2", "FECHA": null, "RULEID": 6, "PK_CUE": 2056754.0, "GLOBALID": "{6D1BB53A-DC01-4FDD-B0E6-8B8E7FCE5191}", "EJE_VIAL": null, "SHAPE_Leng": 2656.90075432 }, "geometry": { "type": "MultiLineString", "coordinates": [ [ [ -75.760848013974353, 2.715917729390448 ], [ -75.760108354918572, 2.716321387173015 ], [ -75.759588925746982, 2.716787081952727 ], [ -75.759481458204718, 2.717181131386806 ], [ -75.760158866360612, 2.717909013686941 ], [ -75.760183677012805, 2.718405332752876 ], [ -75.759915452235475, 2.718740618934605 ], [ -75.759051586434708, 2.718488658115155 ], [ -75.758248013643907, 2.71830606894919 ], [ -75.757994817980517, 2.717718471087569 ], [ -75.757547034815289, 2.71836327857069 ], [ -75.757439567206589, 2.717521446223502 ], [ -75.756716821386732, 2.717414539692364 ], [ -75.756991783466717, 2.716876638415095 ], [ -75.756597734375433, 2.716160185735437 ], [ -75.756024572320413, 2.715658668121668 ], [ -75.755146916912167, 2.714995949659387 ], [ -75.754699133917299, 2.715157151172175 ], [ -75.754434519958792, 2.715478468720248 ], [ -75.75441034347763, 2.715483724087999 ], [ -75.753302049886415, 2.715461643643745 ], [ -75.752934606459704, 2.716286982761257 ], [ -75.752788431111924, 2.716444849745446 ], [ -75.752441007563419, 2.7170156210905 ], [ -75.752019132397905, 2.717809741344866 ], [ -75.751671700092942, 2.718579049378374 ], [ -75.75163369508212, 2.718997105369864 ], [ -75.75131058217643, 2.719143331284136 ], [ -75.750778315681728, 2.719174641097359 ], [ -75.750009016551815, 2.719100189187051 ], [ -75.749289341185431, 2.7187031332478 ], [ -75.748842653165113, 2.718529417380513 ], [ -75.748068270642136, 2.71840621913165 ] ] ] } },
{ "type": "Feature", "properties": { "TIPO_VIA": 6, "ESTADO_SUP": "3350", "NUMERO_CAR": "Sin Valor", "ACCESIBILI": "3601", "NOMBRE_GEO": null, "PROYECTO": null, "SYMBOL": "2", "FECHA": null, "RULEID": 6, "PK_CUE": 2056761.0, "GLOBALID": "{2550E1D2-E727-4125-9D75-807AF89CCCF3}", "EJE_VIAL": null, "SHAPE_Leng": 1073.7020420900001 }, "geometry": { "type": "MultiLineString", "coordinates": [ [ [ -75.98433281624537, 2.577378304697397 ], [ -75.98380243154439, 2.577351786299326 ], [ -75.983298566554794, 2.577139640285333 ], [ -75.983059894373895, 2.576954003353417 ], [ -75.982609073562557, 2.576529693126317 ], [ -75.982158246378518, 2.576052345608132 ], [ -75.981548298936744, 2.575681082405712 ], [ -75.981203552027239, 2.575230253292841 ], [ -75.980779250805909, 2.575097662207712 ], [ -75.98038145924896, 2.575230252570202 ], [ -75.980407977263752, 2.575866718592517 ], [ -75.980752723716861, 2.57647665682498 ], [ -75.980938361249443, 2.576874440429407 ], [ -75.980911841616162, 2.577166159020343 ], [ -75.980407976627347, 2.576635774571708 ], [ -75.980169304125283, 2.576317538393562 ], [ -75.979957148845642, 2.575893237237091 ], [ -75.979691956556479, 2.575495444878639 ], [ -75.979559365618087, 2.575389372016005 ], [ -75.97912597427765, 2.575042658156247 ] ] ] } },
{ "type": "Feature", "properties": { "TIPO_VIA": 7, "ESTADO_SUP": "Sin Valor", "NUMERO_CAR": "Sin Valor", "ACCESIBILI": "Sin Valor", "NOMBRE_GEO": null, "PROYECTO": null, "SYMBOL": "2", "FECHA": null, "RULEID": 7, "PK_CUE": 2056762.0, "GLOBALID": "{FC9B55C8-2105-41FE-822B-F790C093B0DA}", "EJE_VIAL": null, "SHAPE_Leng": 1284.58555441 }, "geometry": { "type": "MultiLineString", "coordinates": [ [ [ -75.855431543164755, 2.572087291073023 ], [ -75.855137983292522, 2.573310472933109 ], [ -75.854781854717402, 2.574794327945382 ], [ -75.854614004609715, 2.574838497917332 ], [ -75.854055934980877, 2.574985355137802 ], [ -75.852640397230871, 2.575357877349586 ], [ -75.852089989797349, 2.576158464323845 ], [ -75.852045038882935, 2.576223853425724 ], [ -75.851885362824675, 2.57645609369148 ], [ -75.851656993077128, 2.576788273200163 ], [ -75.851400596189663, 2.577161209116273 ], [ -75.851386861253545, 2.577171279339623 ], [ -75.851234237114951, 2.577283199673622 ], [ -75.851022584837281, 2.577438411249932 ], [ -75.850010606331196, 2.578180526648916 ], [ -75.849709967144577, 2.578401009810875 ], [ -75.849703328016389, 2.579540523431284 ], [ -75.849696545812591, 2.580705278449525 ] ] ] } },
{ "type": "Feature", "properties": { "TIPO_VIA": 7, "ESTADO_SUP": "Sin Valor", "NUMERO_CAR": "Sin Valor", "ACCESIBILI": "Sin Valor", "NOMBRE_GEO": null, "PROYECTO": null, "SYMBOL": "2", "FECHA": null, "RULEID": 7, "PK_CUE": 2056766.0, "GLOBALID": "{44BDBC0E-F31E-4939-B769-914D2A3ABF3B}", "EJE_VIAL": null, "SHAPE_Leng": 1858.3878543200001 }, "geometry": { "type": "MultiLineString", "coordinates": [ [ [ -75.890435817801148, 2.602534509625992 ], [ -75.890029365775376, 2.602447410266121 ], [ -75.889492272122624, 2.602476433948246 ], [ -75.88925692340716, 2.602533252715932 ], [ -75.889071303549315, 2.602578052209584 ], [ -75.888548727285894, 2.60279579365958 ], [ -75.888171308999773, 2.602911928782782 ], [ -75.887959073421001, 2.602868009907105 ], [ -75.887750349353922, 2.602824827721123 ], [ -75.887503573386397, 2.602839344655311 ], [ -75.887342541215375, 2.602856600882935 ], [ -75.887097121310745, 2.602882894550288 ], [ -75.886661644909594, 2.602969987191985 ], [ -75.886443902341469, 2.602650636200324 ], [ -75.88640725111722, 2.602483072595423 ], [ -75.886342284945201, 2.602186116932466 ], [ -75.886400352045911, 2.601866766245727 ], [ -75.886589061347649, 2.601257097370398 ], [ -75.886849348266892, 2.600905711886813 ], [ -75.886879378728011, 2.600865162379721 ], [ -75.886908411670149, 2.600545792821173 ], [ -75.886835837226357, 2.600211933956505 ], [ -75.886560026946825, 2.599703873801718 ], [ -75.88619712583899, 2.59925386290877 ], [ -75.88593584157033, 2.598818396278858 ], [ -75.885919888344972, 2.598618970364499 ], [ -75.885906808557891, 2.598455494129967 ], [ -75.885877775136436, 2.598121626002297 ], [ -75.886066484206879, 2.597758725137337 ], [ -75.886255193179068, 2.597352273315877 ], [ -75.886400352205015, 2.59694582132283 ], [ -75.886487443854975, 2.596582920070838 ], [ -75.886574544020732, 2.596292603003249 ], [ -75.886661645377657, 2.595987759016447 ], [ -75.886723171048487, 2.595803163986771 ], [ -75.886792286734021, 2.595595824196585 ], [ -75.8870826043173, 2.595087763646819 ], [ -75.887169704570937, 2.594884537980187 ], [ -75.887358405213334, 2.594710346252064 ], [ -75.887648731898807, 2.594405512253826 ], [ -75.887924540638735, 2.594115185287138 ], [ -75.88818798103398, 2.59402566782336 ], [ -75.888193619100008, 2.593363239847054 ], [ -75.887804321633055, 2.592234221267697 ], [ -75.887707329830747, 2.591596195762278 ], [ -75.887679010302989, 2.591409906211023 ] ] ] } },
{ "type": "Feature", "properties": { "TIPO_VIA": 7, "ESTADO_SUP": "Sin Valor", "NUMERO_CAR": "Sin Valor", "ACCESIBILI": "Sin Valor", "NOMBRE_GEO": null, "PROYECTO": null, "SYMBOL": "2", "FECHA": null, "RULEID": 7, "PK_CUE": 2056767.0, "GLOBALID": "{74051284-F308-4722-A3FF-4FC1BF8A82DA}", "EJE_VIAL": null, "SHAPE_Leng": 1345.48609493 }, "geometry": { "type": "MultiLineString", "coordinates": [ [ [ -75.85907851506137, 2.507486491983054 ], [ -75.858708256370463, 2.508114144651477 ], [ -75.858708255859938, 2.508795526025371 ], [ -75.858686481430468, 2.508837720404814 ], [ -75.858545229926094, 2.509111400686658 ], [ -75.858377900797166, 2.509435602996609 ], [ -75.858371324725979, 2.509459686848067 ], [ -75.858192056945725, 2.510116983787833 ], [ -75.858090888594774, 2.510634045228842 ], [ -75.858006231656944, 2.511066781878045 ], [ -75.858004076130513, 2.511071614601453 ], [ -75.857655205714281, 2.511851396649857 ], [ -75.857589332745718, 2.512114900343455 ], [ -75.857547470987015, 2.512282372793537 ], [ -75.857469390236844, 2.51259470842673 ], [ -75.856402316906994, 2.513024982845229 ], [ -75.856189226769487, 2.513110907378947 ], [ -75.855798046849301, 2.513135044701857 ], [ -75.854516762170036, 2.513214140875258 ], [ -75.85408315401375, 2.514225886902729 ], [ -75.853236599692877, 2.515567987803407 ], [ -75.852535070259592, 2.516226560894653 ] ] ] } },
{ "type": "Feature", "properties": { "TIPO_VIA": 7, "ESTADO_SUP": "Sin Valor", "NUMERO_CAR": "Sin Valor", "ACCESIBILI": "Sin Valor", "NOMBRE_GEO": null, "PROYECTO": null, "SYMBOL": "2", "FECHA": null, "RULEID": 7, "PK_CUE": 2056768.0, "GLOBALID": "{6554E643-DDF7-4D49-89B1-420B883E9E1C}", "EJE_VIAL": null, "SHAPE_Leng": 4036.5493362500001 }, "geometry": { "type": "MultiLineString", "coordinates": [ [ [ -75.820317288115248, 2.517735102116668 ], [ -75.821231467715009, 2.51813377402143 ], [ -75.821930051651847, 2.518177432364925 ], [ -75.822242898861788, 2.518196989077871 ], [ -75.823886439184989, 2.518196989194694 ], [ -75.824206410050536, 2.518001451952826 ], [ -75.825024289819339, 2.517501639446114 ], [ -75.826386773725147, 2.517086958125968 ], [ -75.826478204304053, 2.517059136977065 ], [ -75.827162351667027, 2.517436601351807 ], [ -75.827801745913646, 2.517789369380667 ], [ -75.827925820877894, 2.51785783923474 ], [ -75.828209356309202, 2.51801426173299 ], [ -75.828311396142766, 2.51807055973203 ], [ -75.828420909576465, 2.518253079038702 ], [ -75.828672024998994, 2.518671595016558 ], [ -75.82897641911886, 2.519178927835335 ], [ -75.829069960335985, 2.519334830932052 ], [ -75.829244134638842, 2.519779919396501 ], [ -75.829504223584124, 2.520444609224057 ], [ -75.829638890221219, 2.520788745217362 ], [ -75.829828524676614, 2.522621946113762 ], [ -75.830452718815891, 2.523870334854331 ], [ -75.830587088896962, 2.524139075207887 ], [ -75.830776733269985, 2.52552977407395 ], [ -75.831345654101028, 2.526035480555491 ], [ -75.831914583846228, 2.52660440161322 ], [ -75.832965117873528, 2.526493828149706 ], [ -75.833115639768536, 2.526477982224264 ], [ -75.834301982164874, 2.527071149071838 ], [ -75.834506340274785, 2.527173332107585 ], [ -75.835368956249383, 2.527588659069576 ], [ -75.836184329639465, 2.527981250004392 ], [ -75.836213112336779, 2.527995111410364 ], [ -75.836243384685176, 2.528222160423454 ], [ -75.836265780242897, 2.528390171671713 ], [ -75.836315995814886, 2.528766772916057 ], [ -75.836465961016415, 2.529891516636031 ], [ -75.837574913270544, 2.531222255079163 ], [ -75.837590885308828, 2.531241415568365 ], [ -75.837730240677132, 2.531408645609664 ], [ -75.838128930949537, 2.532126310318751 ], [ -75.838678430842336, 2.533115418247456 ], [ -75.838798229539663, 2.532476553852324 ], [ -75.83886808339912, 2.532103995615673 ], [ -75.838797959757358, 2.531730045445105 ], [ -75.83867843073331, 2.531092583381572 ], [ -75.838848401199442, 2.530837631645632 ], [ -75.839184154736159, 2.53033401918071 ], [ -75.839380670879834, 2.530839365571167 ], [ -75.839626646591455, 2.531471860655219 ], [ -75.840069148382511, 2.532420068126065 ], [ -75.840047112565117, 2.532651428580279 ], [ -75.83994271853696, 2.533747554284068 ], [ -75.839658295044458, 2.534259512730778 ], [ -75.839626646661642, 2.534316475157107 ], [ -75.839675129078927, 2.534332644032268 ], [ -75.840132713116503, 2.534485195813522 ] ] ] } },
{ "type": "Feature", "properties": { "TIPO_VIA": 7, "ESTADO_SUP": "Sin Valor", "NUMERO_CAR": "Sin Valor", "ACCESIBILI": "Sin Valor", "NOMBRE_GEO": null, "PROYECTO": null, "SYMBOL": "2", "FECHA": null, "RULEID": 7, "PK_CUE": 2055837.0, "GLOBALID": "{6CE567A2-0880-4469-88BA-628F73413DE6}", "EJE_VIAL": null, "SHAPE_Leng": 11606.4474259 }, "geometry": { "type": "MultiLineString", "coordinates": [ [ [ -75.889588867698293, 2.585912838789096 ], [ -75.889264397258799, 2.586561791232855 ], [ -75.88906677570759, 2.586957031681148 ], [ -75.888424498819518, 2.587500502741225 ], [ -75.887633999193056, 2.587945159623951 ], [ -75.887139934991183, 2.588785066842692 ], [ -75.887436369542499, 2.589427345356863 ], [ -75.888513528500013, 2.590190333792585 ], [ -75.88837603554343, 2.590662963788385 ], [ -75.888590187237313, 2.590972293663618 ], [ -75.888676091379708, 2.591367453056016 ], [ -75.888411727877582, 2.591698029132703 ], [ -75.887679010302989, 2.591409906211023 ], [ -75.887091126698863, 2.591019882876847 ], [ -75.886246418612657, 2.591150753292808 ], [ -75.885711039696034, 2.591055574201382 ], [ -75.884902022375698, 2.591876488884566 ], [ -75.884414233244485, 2.592019256362336 ], [ -75.883902649391004, 2.591662336638737 ], [ -75.883652067685645, 2.591429802642013 ], [ -75.883153119147096, 2.591376802006092 ], [ -75.882105153585456, 2.591145746012516 ], [ -75.881582674922242, 2.591091266256615 ], [ -75.881630263450575, 2.59153146677239 ], [ -75.882374786043542, 2.5920304547123 ], [ -75.882446345100107, 2.592638750226269 ], [ -75.881557040075862, 2.59298459219367 ], [ -75.880815947618572, 2.59298459164957 ], [ -75.880535711966232, 2.592733094178291 ], [ -75.880357252570988, 2.59297104064204 ], [ -75.880457138068323, 2.593253697286324 ], [ -75.88061899321319, 2.594660457425082 ], [ -75.879978063072642, 2.594988044118089 ], [ -75.879560132978909, 2.595314810005499 ], [ -75.879709321237627, 2.59563536395946 ], [ -75.879234948537402, 2.59619598930401 ], [ -75.879179419253518, 2.59699232920141 ], [ -75.877513796607104, 2.597765654436115 ], [ -75.876966520475051, 2.598324828103091 ], [ -75.876721409224729, 2.598954678674782 ], [ -75.876930828756528, 2.599229022756371 ], [ -75.877475651850332, 2.599062423270341 ], [ -75.878739218702719, 2.598562774282802 ], [ -75.879060446095096, 2.598443801020542 ], [ -75.879338601870401, 2.598799582485541 ], [ -75.879620039329495, 2.598781618585672 ], [ -75.879831028005938, 2.598803444478834 ], [ -75.88059519795604, 2.599466968924617 ], [ -75.880865408773815, 2.598895152067828 ], [ -75.880865408773815, 2.598895152067828 ], [ -75.880932949653356, 2.598900094319442 ], [ -75.881975285397004, 2.599312304282861 ], [ -75.881892004581701, 2.599895271849463 ], [ -75.881696294818454, 2.600089509764154 ], [ -75.88170473674495, 2.600477914295505 ], [ -75.880789642663871, 2.602304249403994 ], [ -75.880717762336332, 2.602355593171461 ], [ -75.880436949206768, 2.602866158836266 ], [ -75.880207195679915, 2.603453306578944 ], [ -75.8792626438252, 2.603963874071332 ], [ -75.878828658567585, 2.604321277200246 ], [ -75.878343623156866, 2.605036067052307 ], [ -75.878267032385807, 2.60557216331624 ], [ -75.878164920897561, 2.606210372028952 ], [ -75.877781995573102, 2.606950699996806 ], [ -75.877526713132269, 2.60748679718201 ], [ -75.876786392974012, 2.607333625363498 ], [ -75.876352408325218, 2.607027281779704 ], [ -75.875790781353601, 2.60654224532944 ], [ -75.875229155161236, 2.606286961559409 ], [ -75.874769647731952, 2.60649118483751 ], [ -75.87367192538494, 2.606874109680408 ], [ -75.873176962296014, 2.607766190621913 ], [ -75.873176961742402, 2.608673866072027 ], [ -75.873131578533616, 2.609218470398799 ], [ -75.87295003928341, 2.609944613826787 ], [ -75.872723123771095, 2.610489217950766 ], [ -75.87267774183276, 2.611079203659878 ], [ -75.872995421738779, 2.612123037903389 ], [ -75.873302340126813, 2.61245284539008 ], [ -75.873709475019396, 2.612609439837074 ], [ -75.873271015915392, 2.613361078193855 ], [ -75.873302340202585, 2.61389349096745 ], [ -75.873333654856438, 2.614425895594336 ], [ -75.873083105951252, 2.614926994308289 ], [ -75.872769926683901, 2.61545939875056 ], [ -75.872926520825118, 2.615960497410128 ], [ -75.87327101557527, 2.6159918115493 ], [ -75.873772113735683, 2.616430270611943 ], [ -75.873740790339866, 2.616743450910518 ], [ -75.873490250237879, 2.617463773816503 ], [ -75.873396295323516, 2.618058817707392 ], [ -75.87339629522927, 2.618685185966863 ], [ -75.873521565081987, 2.619311553594194 ], [ -75.87396002425929, 2.619562094012525 ], [ -75.874868246958897, 2.619499464303647 ], [ -75.875150112374826, 2.619405508873095 ], [ -75.875682524745557, 2.619843958611114 ], [ -75.875619885946165, 2.620345056940309 ], [ -75.875181436212799, 2.620752191810696 ], [ -75.874617707197501, 2.620971415554733 ], [ -75.87408529376728, 2.621284604929839 ], [ -75.87317706101112, 2.621691739235005 ], [ -75.872926520895916, 2.622192828673872 ], [ -75.872926520973067, 2.622537333330583 ], [ -75.873114430862913, 2.622975790954211 ], [ -75.873740790131507, 2.623570835245662 ], [ -75.874680337863595, 2.62372742957901 ], [ -75.875807794874362, 2.624165888072026 ], [ -75.876277569277931, 2.624948841669806 ], [ -75.876465478834163, 2.625324660974441 ], [ -75.876809982912349, 2.624948841555947 ], [ -75.87774953124142, 2.625011482004925 ], [ -75.878187990280637, 2.625543885723105 ], [ -75.878250629340286, 2.626514758346674 ], [ -75.878751718201912, 2.627642216360905 ], [ -75.879190177390697, 2.628268584361246 ], [ -75.879534672191966, 2.628769672783796 ], [ -75.879753906163444, 2.629521312274265 ], [ -75.879691265587738, 2.630272949590883 ], [ -75.879816536393335, 2.630899318076525 ], [ -75.879973131210761, 2.631494362128496 ], [ -75.880536858900726, 2.631650957016076 ], [ -75.881225867251089, 2.631306452903155 ], [ -75.881487556661511, 2.631201776555885 ], [ -75.881646890673082, 2.632243645956965 ], [ -75.881707606458733, 2.633093662625265 ], [ -75.881570045609209, 2.634331707340313 ], [ -75.882002066195653, 2.634302909077598 ], [ -75.882713711332087, 2.634736085703247 ], [ -75.882713711332087, 2.634736085703247 ], [ -75.881980825620204, 2.636159794036172 ], [ -75.882861199943065, 2.636008005645562 ], [ -75.883316566360449, 2.636706233616989 ], [ -75.883893363081086, 2.637829470078558 ], [ -75.884955884376893, 2.638284835377636 ], [ -75.885623754804328, 2.639104494670127 ], [ -75.88718542563349, 2.639846637120867 ], [ -75.885957689552782, 2.640258088840409 ], [ -75.885593396972013, 2.640865243759861 ], [ -75.885866615951457, 2.641624187062389 ], [ -75.886625559371311, 2.642018838003382 ], [ -75.886079120274644, 2.643384935608085 ], [ -75.887323788104254, 2.643020642763822 ], [ -75.888066519958684, 2.641666885016763 ] ] ] } },
{ "type": "Feature", "properties": { "TIPO_VIA": 7, "ESTADO_SUP": "Sin Valor", "NUMERO_CAR": "Sin Valor", "ACCESIBILI": "Sin Valor", "NOMBRE_GEO": null, "PROYECTO": null, "SYMBOL": "2", "FECHA": null, "RULEID": 7, "PK_CUE": 2055838.0, "GLOBALID": "{E0A804EB-F7FE-4EA9-B187-CF0FA8EA7F90}", "EJE_VIAL": null, "SHAPE_Leng": 6789.8433083999998 }, "geometry": { "type": "MultiLineString", "coordinates": [ [ [ -75.864694405215118, 2.509719523728833 ], [ -75.865781267224889, 2.511852475174814 ], [ -75.865862986726086, 2.512012841985435 ], [ -75.865781854478101, 2.512686016806785 ], [ -75.865871083936128, 2.513328471183248 ], [ -75.865942468042263, 2.514078001394672 ], [ -75.865871083771793, 2.515077375270277 ], [ -75.865246475049076, 2.515916135686168 ], [ -75.864550482645669, 2.516219516810556 ], [ -75.864157872266233, 2.516737049531733 ], [ -75.863872336856303, 2.517218890541175 ], [ -75.863140652739915, 2.517665039243566 ], [ -75.862801579232695, 2.518307494114729 ], [ -75.863711722674736, 2.518450261504758 ], [ -75.863729568945118, 2.519217637596635 ], [ -75.863693876851627, 2.519860092432738 ], [ -75.864389869450378, 2.520109935379644 ], [ -75.864372023844737, 2.52105577116264 ], [ -75.86438986900562, 2.521644687809096 ], [ -75.865014478241463, 2.522180066070226 ], [ -75.865978159152377, 2.522768982698911 ], [ -75.866677564517929, 2.522598789745126 ], [ -75.866614030199585, 2.523173672916493 ], [ -75.866813952822824, 2.523873407115487 ], [ -75.867178275136624, 2.524885402918533 ], [ -75.86723628355702, 2.525281464617638 ], [ -75.867048916668296, 2.525695720369862 ], [ -75.866852611777588, 2.526248945199915 ], [ -75.866531384425144, 2.526891398882648 ], [ -75.866602768366548, 2.527694467128709 ], [ -75.866816919449505, 2.528194154099661 ], [ -75.8675307579567, 2.528051386203124 ], [ -75.867022586379406, 2.528932718556462 ], [ -75.866781228101928, 2.52956829267077 ], [ -75.866727690056521, 2.530246439001202 ], [ -75.866959687033784, 2.530692587842794 ], [ -75.867459374454299, 2.530960277298048 ], [ -75.867780601588748, 2.531406426786591 ], [ -75.86840427036752, 2.531464724078884 ], [ -75.869161053419106, 2.532062187646693 ], [ -75.870099899884181, 2.532114344579123 ], [ -75.870986581815856, 2.532114345041107 ], [ -75.872045784857022, 2.531477810095084 ], [ -75.873072892908468, 2.531384131011368 ], [ -75.873178216169919, 2.53130978529622 ], [ -75.87336638635675, 2.53069258851556 ], [ -75.874026686017544, 2.53053197442366 ], [ -75.874945495515092, 2.530672510420407 ], [ -75.875579284489248, 2.530924585826017 ], [ -75.876025433361988, 2.530978123791625 ], [ -75.876426617612367, 2.530818210610819 ], [ -75.877349833610452, 2.531279819153172 ], [ -75.878184359928184, 2.531957867250984 ], [ -75.879488309858104, 2.532792393284593 ], [ -75.880336694658169, 2.53286309545279 ], [ -75.881182915333397, 2.532084572717565 ], [ -75.881771831723711, 2.531941805334545 ], [ -75.882628438189201, 2.531906113016698 ], [ -75.882806897781748, 2.532405799728681 ], [ -75.883056741103204, 2.533280251888547 ], [ -75.883538581998494, 2.531281505157445 ], [ -75.883765252330662, 2.530132346991493 ], [ -75.883087202994233, 2.529402132579293 ], [ -75.882044044177704, 2.528880552855767 ], [ -75.881157362208398, 2.528411139271324 ], [ -75.880166357930648, 2.527733080791636 ], [ -75.87881026228898, 2.526533453154564 ], [ -75.878236525904072, 2.525751082845055 ], [ -75.87667178563008, 2.5245514549365 ], [ -75.875420002247424, 2.523560461352978 ], [ -75.874794100777649, 2.522882402597554 ] ] ] } },
{ "type": "Feature", "properties": { "TIPO_VIA": 7, "ESTADO_SUP": "Sin Valor", "NUMERO_CAR": "Sin Valor", "ACCESIBILI": "Sin Valor", "NOMBRE_GEO": null, "PROYECTO": null, "SYMBOL": "2", "FECHA": null, "RULEID": 7, "PK_CUE": 2055843.0, "GLOBALID": "{487989A0-8797-4CB2-803B-E926D88FD18E}", "EJE_VIAL": null, "SHAPE_Leng": 17755.26163 }, "geometry": { "type": "MultiLineString", "coordinates": [ [ [ -75.868427371648394, 2.481183335672848 ], [ -75.869861676071835, 2.483701897143615 ], [ -75.869136438856358, 2.484699090388669 ], [ -75.870269915391759, 2.485658184706243 ], [ -75.870314939418392, 2.48569628302452 ], [ -75.870314938585523, 2.48633473416907 ], [ -75.87031493926122, 2.486621368266468 ], [ -75.870314938685411, 2.487509362227772 ], [ -75.869136438887224, 2.490047658591486 ], [ -75.869040858321213, 2.490216757990103 ], [ -75.868615047761637, 2.490970130152138 ], [ -75.868236982548808, 2.491639007270634 ], [ -75.867957938578854, 2.492132694008654 ], [ -75.867970038937713, 2.492157819611644 ], [ -75.869136439319689, 2.494580352399968 ], [ -75.869423504575309, 2.495556334706084 ], [ -75.869589711151136, 2.496121465397207 ], [ -75.870447601653453, 2.498695147681313 ], [ -75.870496245639075, 2.498841079040923 ], [ -75.87061409553904, 2.49919462908503 ], [ -75.870858859558268, 2.499928921097168 ], [ -75.870768210999486, 2.500744807160838 ], [ -75.870725441937992, 2.500864569903127 ], [ -75.870658598097592, 2.501051725341831 ], [ -75.870562928017193, 2.501319602566161 ], [ -75.870448761024122, 2.501639259204754 ], [ -75.870417337881577, 2.501727230859564 ], [ -75.870314938537916, 2.502013954720454 ], [ -75.869045790153251, 2.502739182889391 ], [ -75.869295468397169, 2.503300945268639 ], [ -75.86940840382691, 2.503555069324117 ], [ -75.868869002224727, 2.503794802796656 ], [ -75.868592518171283, 2.503917682833847 ], [ -75.867142062425742, 2.50364572712644 ], [ -75.866990731974383, 2.504288867261014 ], [ -75.86687881983049, 2.504764480320953 ], [ -75.866779439237263, 2.505186840968793 ], [ -75.866235517668386, 2.506637297413979 ], [ -75.866224872628919, 2.506656233104296 ], [ -75.866190980334252, 2.50671649211701 ], [ -75.865419641788534, 2.508087762048348 ], [ -75.865263909658779, 2.508438149189098 ], [ -75.864694405215118, 2.509719523728833 ], [ -75.864197133299541, 2.509312667710945 ], [ -75.864077780442855, 2.50921501742913 ], [ -75.863389789601499, 2.5089639874829 ], [ -75.863140896022387, 2.508512048786668 ], [ -75.863006433611773, 2.508486838247878 ], [ -75.862420841384093, 2.508519374808323 ], [ -75.862305882550274, 2.508525761996174 ], [ -75.862067586670648, 2.508539003140092 ], [ -75.860920114707696, 2.508382525902893 ], [ -75.86079094615792, 2.508336387946685 ], [ -75.860670291954548, 2.508293298325313 ], [ -75.860355976732777, 2.507881333181868 ], [ -75.85907851506137, 2.507486491983054 ], [ -75.85847620300396, 2.506965240224374 ], [ -75.858392921232578, 2.506287094216953 ], [ -75.858312225274503, 2.505357367666924 ], [ -75.857762086869144, 2.504468677864299 ], [ -75.856786785357258, 2.503967119256819 ], [ -75.856453660788688, 2.503110513357823 ], [ -75.856132433658658, 2.502634621273052 ], [ -75.85581120635581, 2.501896988617695 ], [ -75.855763617305357, 2.501456788338919 ], [ -75.855716028066581, 2.500659669172392 ], [ -75.855989665724394, 2.500100495766369 ], [ -75.856334647440008, 2.499539346781524 ], [ -75.855953974229251, 2.498886970128081 ], [ -75.85581120605525, 2.498304002144409 ], [ -75.855835000543919, 2.497816212693592 ], [ -75.856168125138993, 2.497292731599878 ], [ -75.856382277041135, 2.496947709809916 ], [ -75.856311010088973, 2.496180509078852 ], [ -75.85614433125653, 2.496091104016324 ], [ -75.855965871551547, 2.496055411980937 ], [ -75.855573260368601, 2.496602688153032 ], [ -75.854454913903609, 2.496424227772903 ], [ -75.854252659376797, 2.496126795357134 ], [ -75.854240761769958, 2.495282087073858 ], [ -75.854216967273373, 2.494401686038145 ], [ -75.854157480606787, 2.494009075661764 ], [ -75.854252659305018, 2.493747334377914 ], [ -75.854405696595364, 2.493266361136522 ], [ -75.854178572566454, 2.493039238298684 ], [ -75.854038507851158, 2.493039238264778 ], [ -75.853776766751963, 2.492866933984645 ], [ -75.852967750779626, 2.492926420700504 ], [ -75.852646523004154, 2.492736063606328 ], [ -75.852884469638994, 2.492153095621742 ], [ -75.853027237018907, 2.491879457631033 ], [ -75.853077346183255, 2.491726182032132 ], [ -75.852184187554613, 2.491588773073998 ], [ -75.852023381995181, 2.491565802305495 ], [ -75.851302127651465, 2.491641511764986 ], [ -75.85104038723469, 2.491106132651391 ], [ -75.851040387199987, 2.490344705173611 ], [ -75.851135565482181, 2.489856915852243 ], [ -75.851218846360581, 2.489250153444059 ], [ -75.851293220425561, 2.488769044537376 ], [ -75.851096346089548, 2.488506546355858 ], [ -75.85088851188064, 2.488038936936765 ], [ -75.85073372307582, 2.48769066036493 ], [ -75.849827188115469, 2.48723739691958 ], [ -75.849458045363335, 2.487120535760103 ], [ -75.849255791443795, 2.486573259296831 ], [ -75.849184407493709, 2.485859421484661 ], [ -75.849017845056849, 2.485193171827304 ], [ -75.849077331985569, 2.484800561072982 ], [ -75.849731683043188, 2.484193798213561 ], [ -75.850278959198903, 2.48380118775734 ], [ -75.850576391968715, 2.483253911770346 ], [ -75.850516905381426, 2.482718532583188 ], [ -75.850552597383356, 2.482337819408022 ], [ -75.850623981240389, 2.481528801791155 ], [ -75.850635878275668, 2.480993423251594 ], [ -75.850625372033932, 2.480776279397973 ], [ -75.849985991928932, 2.480921872121179 ], [ -75.849925058811763, 2.481191932926028 ], [ -75.849680959619633, 2.481486122315655 ], [ -75.849443634085162, 2.481744154300904 ], [ -75.849291791856245, 2.481896023245488 ], [ -75.849177032081798, 2.482060361424328 ], [ -75.848779806333084, 2.482682731993317 ], [ -75.848444509854829, 2.483162754779974 ], [ -75.848216058884006, 2.483540587168612 ], [ -75.848093341048767, 2.483797028741734 ], [ -75.847925490049334, 2.48425798959683 ], [ -75.847781076733838, 2.484896979851341 ], [ -75.847742656246453, 2.485139937948668 ], [ -75.847673934924231, 2.485334262100294 ], [ -75.847559139086115, 2.485526286232667 ], [ -75.847437561382634, 2.485764078825212 ], [ -75.847414618787809, 2.486284508791864 ], [ -75.847620610762419, 2.48712612164906 ], [ -75.847688747920088, 2.487582215421867 ], [ -75.847804191367246, 2.487898772172787 ], [ -75.847773638950329, 2.488142872139159 ], [ -75.847666623378572, 2.488425877222479 ], [ -75.84758330362537, 2.488613418363626 ], [ -75.847482998106457, 2.488946162661333 ], [ -75.847375837567157, 2.489176716149253 ], [ -75.847338873311969, 2.489256270439465 ], [ -75.847056648553092, 2.489453226441438 ], [ -75.846827354107802, 2.489516872256437 ], [ -75.846446297701675, 2.489654970353452 ], [ -75.846224710258099, 2.489896617378015 ], [ -75.845827941901163, 2.490013227315834 ], [ -75.845400712260826, 2.490252430260727 ], [ -75.845057780641866, 2.49048548855046 ], [ -75.844737315903643, 2.490703330584163 ], [ -75.844385355681624, 2.490976508155386 ], [ -75.844088452629066, 2.491247476267981 ], [ -75.843951227279874, 2.491393712960582 ], [ -75.843753156911745, 2.491730320803601 ], [ -75.843722614933938, 2.491945026679577 ], [ -75.843646023763029, 2.492143868693216 ], [ -75.843591900692076, 2.492343860566082 ], [ -75.84352398795933, 2.492879507819977 ], [ -75.843463109376444, 2.493096451897029 ], [ -75.843394388031015, 2.493289076658496 ], [ -75.843302067731443, 2.493483391603156 ], [ -75.84292866631047, 2.493848090002156 ], [ -75.842547312713933, 2.494311682705635 ], [ -75.842196386342295, 2.494671314664274 ], [ -75.842035516042998, 2.494872905648205 ], [ -75.841929559098176, 2.495227687107512 ], [ -75.841934222076645, 2.495404673229918 ], [ -75.841937167613366, 2.495516458646889 ], [ -75.841845862564881, 2.495818131413752 ], [ -75.841786079807946, 2.495872911198654 ], [ -75.841685047288408, 2.495965473095143 ], [ -75.841479270054847, 2.496119552140519 ], [ -75.841044458119171, 2.496377243022924 ], [ -75.840876635341004, 2.496476694619754 ], [ -75.840716949741022, 2.496608218240989 ], [ -75.840556016647383, 2.496868567168767 ], [ -75.840449045548127, 2.497110330898627 ], [ -75.840311819402402, 2.497264472597968 ], [ -75.840113938319931, 2.497384657816675 ], [ -75.839914899286924, 2.497538171008409 ], [ -75.839617062238659, 2.497601745111175 ], [ -75.839358454961157, 2.497771598579066 ], [ -75.839128990065703, 2.498022848359424 ], [ -75.838816529389419, 2.498100544300927 ], [ -75.83853434090797, 2.498251720802319 ], [ -75.838312798224848, 2.498441391819414 ], [ -75.838259770759251, 2.498670767415098 ], [ -75.838252233673259, 2.498927991043055 ], [ -75.838251649806324, 2.498948221191634 ], [ -75.838061529652336, 2.499183686581798 ], [ -75.837892781816322, 2.49938752379482 ], [ -75.837923979904176, 2.499676314638267 ], [ -75.837664044089962, 2.50007220195244 ], [ -75.837504332262213, 2.500225760202808 ], [ -75.837405275338895, 2.500414405888769 ], [ -75.837244450131209, 2.500557220291209 ], [ -75.836978072213469, 2.500624783286165 ], [ -75.836817238299545, 2.500790772658827 ], [ -75.836695624330829, 2.501064167124444 ], [ -75.836620066780185, 2.501352291899767 ], [ -75.836527666340515, 2.501639268246375 ], [ -75.836398137852726, 2.501957855667939 ], [ -75.836238202230163, 2.502362312687316 ], [ -75.83611544677801, 2.502653224190968 ], [ -75.835933242319811, 2.502830487596183 ], [ -75.835734300585273, 2.502885680797333 ], [ -75.835467941773146, 2.502926123309869 ], [ -75.835184693899777, 2.503010051609436 ], [ -75.834684158486013, 2.502709208606621 ], [ -75.833934628041149, 2.503256484067227 ], [ -75.833986303716259, 2.504563144149867 ], [ -75.833351660031894, 2.505076771922707 ], [ -75.83245936247981, 2.505100566382231 ], [ -75.832364183688298, 2.506195118953277 ], [ -75.832545210366931, 2.506544482603189 ], [ -75.832721324657953, 2.506879743172694 ], [ -75.832919043612364, 2.506938708818893 ], [ -75.833033426153989, 2.50718518759879 ], [ -75.832980344839768, 2.507476718571943 ], [ -75.8327823562541, 2.507712175663311 ], [ -75.83260995089303, 2.507827052063717 ], [ -75.832446162398455, 2.507936189407723 ], [ -75.832224673300232, 2.508058619588963 ], [ -75.832080663852182, 2.508250616748362 ], [ -75.832042216422821, 2.508508254380187 ], [ -75.832193797669845, 2.50864459059693 ], [ -75.832311503695323, 2.508684548132785 ], [ -75.832499342167011, 2.508748283613556 ], [ -75.832744232282877, 2.508830453205827 ], [ -75.832965496429907, 2.508947071936698 ], [ -75.833147431268799, 2.509061958406264 ], [ -75.833056082405491, 2.509410530867702 ], [ -75.833010357643033, 2.509448178578968 ], [ -75.832915620776504, 2.509526180414367 ], [ -75.832827802184056, 2.509598484843178 ], [ -75.832522113643719, 2.509638317147844 ], [ -75.832270424237677, 2.509618877027233 ], [ -75.831942270271682, 2.509650776133448 ], [ -75.831736618370073, 2.509669227564269 ], [ -75.831416350616706, 2.509676270153057 ], [ -75.831096146367216, 2.509620593401091 ], [ -75.830806206054547, 2.509644623145094 ], [ -75.830568979295052, 2.509782846701456 ], [ -75.830332910967371, 2.509923145068793 ], [ -75.830324997339815, 2.509927843955961 ], [ -75.830149430337485, 2.510216435979562 ], [ -75.829946860224894, 2.510551472242585 ], [ -75.829928848772056, 2.510581269229335 ], [ -75.829638746646992, 2.510778781906219 ], [ -75.829149848204395, 2.510875520872262 ], [ -75.828944716607552, 2.51088590576894 ], [ -75.828799234961636, 2.510893271679095 ], [ -75.82850922341018, 2.510995276099391 ], [ -75.828273019565046, 2.511237480376759 ], [ -75.827945404310512, 2.511540481398079 ], [ -75.827929989217395, 2.511554738033929 ], [ -75.827761294589877, 2.511691325564074 ], [ -75.827402624087867, 2.511925499070521 ], [ -75.827182286048298, 2.512026443393766 ], [ -75.82673153836447, 2.512178025343884 ], [ -75.826419149423899, 2.512180558434541 ], [ -75.826060775199238, 2.51208528320198 ], [ -75.825709191973246, 2.511941417170942 ], [ -75.825259836617178, 2.511799151238877 ], [ -75.824901427194305, 2.511744003817554 ], [ -75.824557606027966, 2.511708071035736 ], [ -75.824464361197926, 2.511692162288223 ], [ -75.82426773840821, 2.511658636593177 ], [ -75.824038549979946, 2.511613217567735 ], [ -75.823346026672723, 2.511465625134464 ], [ -75.822370447343815, 2.511858236208736 ], [ -75.821942144730016, 2.512464998537208 ], [ -75.821641206525115, 2.513133751083685 ], [ -75.821635763742449, 2.51313893365487 ], [ -75.820907078971416, 2.513131247967124 ], [ -75.820454981413206, 2.513547652746301 ], [ -75.820181343424579, 2.514666000146226 ], [ -75.820288419713208, 2.515617784070244 ], [ -75.820317288115248, 2.517735102116668 ], [ -75.820246725771241, 2.518071385861974 ], [ -75.82023555991735, 2.518281044165717 ], [ -75.820231841324315, 2.518351095085491 ], [ -75.819998916201257, 2.518613861203602 ], [ -75.81999561122899, 2.518617589167537 ], [ -75.819960226179418, 2.518603395120275 ], [ -75.819720411922276, 2.51850713197569 ], [ -75.819617510763237, 2.518356332426049 ] ] ] } },
{ "type": "Feature", "properties": { "TIPO_VIA": 7, "ESTADO_SUP": "Sin Valor", "NUMERO_CAR": "Sin Valor", "ACCESIBILI": "Sin Valor", "NOMBRE_GEO": null, "PROYECTO": null, "SYMBOL": "2", "FECHA": null, "RULEID": 7, "PK_CUE": 2055906.0, "GLOBALID": "{D851A742-F336-466C-8777-BB78503A94B0}", "EJE_VIAL": null, "SHAPE_Leng": 12903.286196700001 }, "geometry": { "type": "MultiLineString", "coordinates": [ [ [ -75.899452226151709, 2.590712466184447 ], [ -75.899550340238875, 2.589412432945021 ], [ -75.899630628669186, 2.58834858189959 ], [ -75.899833140368344, 2.58752207509277 ], [ -75.89992831871777, 2.586915312516913 ], [ -75.899845037664463, 2.586237166098523 ], [ -75.89965602588272, 2.58597696715737 ], [ -75.899630550946782, 2.58544192355164 ], [ -75.899470120600299, 2.584880441355 ], [ -75.899344989730352, 2.584442475412989 ], [ -75.899143096763041, 2.583703039708297 ], [ -75.899178789174812, 2.583096277167121 ], [ -75.89907171289579, 2.582418131210433 ], [ -75.898857561157655, 2.581823266083347 ], [ -75.898964637256142, 2.58125219526521 ], [ -75.899333453668447, 2.580776302955728 ], [ -75.90011453689165, 2.580058047328837 ], [ -75.90011453689165, 2.580058047328837 ], [ -75.90011182254834, 2.579987487787143 ], [ -75.899951401601001, 2.578824412978088 ], [ -75.899511913287682, 2.578242176557275 ], [ -75.899583297021067, 2.577754386996352 ], [ -75.899894662263932, 2.577529246447595 ], [ -75.899911291576544, 2.577180064692511 ], [ -75.900071712585117, 2.576377940865126 ], [ -75.900157872300852, 2.576191262693375 ], [ -75.899642784006303, 2.575910305553473 ], [ -75.899305244292265, 2.575061485403195 ], [ -75.899305244292265, 2.575061485403195 ], [ -75.899190367125044, 2.575039935947479 ], [ -75.898953148638796, 2.57514990838147 ], [ -75.898770988583209, 2.575265036402932 ], [ -75.898587706101026, 2.575381843764166 ], [ -75.898380778966228, 2.575551751449932 ], [ -75.898091915554502, 2.575603476320788 ], [ -75.897862692970364, 2.575569915033443 ], [ -75.897557085913121, 2.5755023983998 ], [ -75.897236854687293, 2.575441635712901 ], [ -75.896037899998902, 2.574899033844924 ], [ -75.895692878036641, 2.574149503949422 ], [ -75.895478727199318, 2.573709304019842 ], [ -75.895228883310466, 2.573364281968992 ], [ -75.894883861461864, 2.573173924825878 ], [ -75.89459832602455, 2.572757519218992 ], [ -75.894688666689092, 2.57233746239065 ], [ -75.894110537072649, 2.572115064838085 ], [ -75.893884487993176, 2.571567789146526 ], [ -75.893765514825219, 2.570961026221235 ], [ -75.893753617318254, 2.57046133942127 ], [ -75.893646542357331, 2.570187701767093 ], [ -75.893649919950192, 2.569449440600949 ], [ -75.893649919950192, 2.569449440600949 ], [ -75.89361254774434, 2.569335786649113 ], [ -75.893645668632445, 2.569077610894345 ], [ -75.893573329602347, 2.568715893872234 ], [ -75.893337212472943, 2.568593462733845 ], [ -75.89305167684806, 2.568319824461375 ], [ -75.892990536825309, 2.567814282657245 ], [ -75.892194970973463, 2.567393098560555 ], [ -75.891352593248683, 2.567065511412128 ], [ -75.89115960822248, 2.566988317271234 ], [ -75.890874470035783, 2.567439423781229 ], [ -75.890374783107063, 2.567034915183851 ], [ -75.890254899878613, 2.566784723999318 ], [ -75.889855048094688, 2.566784723846268 ], [ -75.889199871312343, 2.566737922213599 ], [ -75.888982874235467, 2.566584749628981 ], [ -75.888978939411032, 2.566581973588577 ], [ -75.888404296219321, 2.566176339971623 ], [ -75.887702315962756, 2.565427567428381 ], [ -75.887047138542471, 2.564538396605036 ], [ -75.886960657654839, 2.564415885244075 ], [ -75.886485556832838, 2.563742822242517 ], [ -75.88615796901145, 2.563321637859007 ], [ -75.885689981861987, 2.563649227319156 ], [ -75.885689982072265, 2.564351206109349 ], [ -75.8856527112995, 2.564947552761843 ], [ -75.885643189026354, 2.565099978765959 ], [ -75.885553087961554, 2.565108989223519 ], [ -75.885175202532452, 2.565146771847487 ], [ -75.884894406950579, 2.564819182720783 ], [ -75.883958443571046, 2.565006383095851 ], [ -75.883209662392829, 2.565380765093717 ], [ -75.882950085118608, 2.565580443444565 ], [ -75.882601286901931, 2.565848752285249 ], [ -75.881805712272069, 2.566082744886573 ], [ -75.881631043259844, 2.566082744876716 ], [ -75.881103732109068, 2.566082744958731 ], [ -75.880805068989687, 2.566003099560338 ], [ -75.880401761856859, 2.565895553625242 ], [ -75.87991618586544, 2.565679742209873 ], [ -75.879559384669221, 2.565521163096102 ], [ -75.878810611654373, 2.56509997915908 ], [ -75.878155435275559, 2.564865986245285 ], [ -75.87778104387499, 2.565006383097746 ], [ -75.877688679360318, 2.565032038636784 ], [ -75.876938675975637, 2.565240375880747 ], [ -75.876423896340924, 2.564865986378624 ], [ -75.876423896066996, 2.564117213441863 ], [ -75.876704682229445, 2.563462036233722 ], [ -75.876892008425983, 2.562962499730562 ], [ -75.876985477670246, 2.562713254439736 ], [ -75.876985478033419, 2.561730488327508 ], [ -75.876938676332585, 2.560888119881625 ], [ -75.876236695900531, 2.560186140232574 ], [ -75.876002702909005, 2.559250177286141 ], [ -75.876096307413164, 2.558548197375669 ], [ -75.876377093984573, 2.557893019574896 ], [ -75.876704682166633, 2.557191040285076 ], [ -75.876704682316117, 2.556535863276968 ], [ -75.876657880285393, 2.555646693276482 ], [ -75.876330292164312, 2.554570331231797 ], [ -75.876325225338022, 2.554548772111052 ], [ -75.876361004541337, 2.554225180552526 ], [ -75.876365172876547, 2.554187532336433 ], [ -75.876335556291707, 2.554009180906875 ], [ -75.876066509606716, 2.552388493636668 ], [ -75.876050915265083, 2.552294565859268 ], [ -75.875891805726823, 2.551336181395299 ], [ -75.875239225082268, 2.551180790337753 ], [ -75.873105554638201, 2.550722754209184 ], [ -75.871820645510397, 2.550579986047387 ], [ -75.871320958437721, 2.54993753153042 ], [ -75.869679130694891, 2.550758446053412 ], [ -75.868572681108887, 2.551400900184805 ], [ -75.866895161509333, 2.552435966273509 ], [ -75.866145631130948, 2.552757192830247 ], [ -75.864547256906903, 2.552832411137238 ], [ -75.86344494313731, 2.554220561864704 ], [ -75.86285007725354, 2.555089064850583 ], [ -75.862469363766422, 2.555469778808538 ], [ -75.861743628306812, 2.555707724733593 ], [ -75.861065482104166, 2.555672033066412 ], [ -75.858686020909019, 2.554827324549259 ], [ -75.85756767396974, 2.554149178156057 ], [ -75.85706798733014, 2.553518620216378 ], [ -75.856247072943617, 2.554018307811807 ], [ -75.855616515845654, 2.553732771790664 ], [ -75.854843191556853, 2.553066523310435 ], [ -75.854557655858386, 2.553827950306291 ], [ -75.85171419977884, 2.554613172791402 ], [ -75.851357280659457, 2.555053372619635 ], [ -75.849977193618159, 2.553744669714187 ], [ -75.848478133308376, 2.552935652935868 ], [ -75.846455590988015, 2.552221813940953 ], [ -75.844908941466642, 2.552626322898876 ], [ -75.844552022234055, 2.553340160627292 ], [ -75.84386197852568, 2.552459760168585 ], [ -75.842743631929935, 2.551650743443893 ], [ -75.841244571425392, 2.549723379936856 ], [ -75.839816895351262, 2.548914363866409 ], [ -75.838317835096589, 2.547629454233819 ], [ -75.83771892307908, 2.547172810535474 ], [ -75.837421490459889, 2.54692296689025 ], [ -75.837088365900826, 2.546851583860176 ], [ -75.83675524111959, 2.54688727517348 ], [ -75.836219862076035, 2.546851583485165 ], [ -75.835732073250014, 2.546768302754974 ], [ -75.83550602379303, 2.546732610203209 ], [ -75.835363256164499, 2.54649466465258 ], [ -75.835291872794087, 2.546387588926154 ], [ -75.834982542680223, 2.546435177455477 ], [ -75.834625623702891, 2.546542253601856 ], [ -75.834423369432031, 2.546720712648715 ], [ -75.834387677157011, 2.547113324092675 ], [ -75.834354365472677, 2.54807581624571 ], [ -75.834383405660844, 2.547622150305652 ] ] ] } },
{ "type": "Feature", "properties": { "TIPO_VIA": 7, "ESTADO_SUP": "Sin Valor", "NUMERO_CAR": "Sin Valor", "ACCESIBILI": "Sin Valor", "NOMBRE_GEO": null, "PROYECTO": null, "SYMBOL": "2", "FECHA": null, "RULEID": 7, "PK_CUE": 2055907.0, "GLOBALID": "{8CAA6384-B826-4037-A35F-19C771003ED7}", "EJE_VIAL": null, "SHAPE_Leng": 1861.20474003 }, "geometry": { "type": "MultiLineString", "coordinates": [ [ [ -75.885739380557254, 2.611672325941908 ], [ -75.88544388876214, 2.611039148775324 ], [ -75.885407317543752, 2.610960770788129 ], [ -75.885122696074703, 2.610178058955036 ], [ -75.884695763211226, 2.609679962090823 ], [ -75.884363691919333, 2.609419054598058 ], [ -75.884355822176218, 2.609416432387535 ], [ -75.883865612287522, 2.609253027923882 ], [ -75.883059176146702, 2.608707498831408 ], [ -75.883038568862119, 2.608691302782091 ], [ -75.88239505231985, 2.608185685879283 ], [ -75.882039274333792, 2.607924788027958 ], [ -75.882371336013961, 2.607545276781452 ], [ -75.882395052344421, 2.607094637261743 ], [ -75.882235376098123, 2.606864003808733 ], [ -75.88218158463846, 2.606786289636515 ], [ -75.882104473860934, 2.606715116636759 ], [ -75.881873246897172, 2.60650166781422 ], [ -75.881879796007595, 2.606498649889751 ], [ -75.882181585155521, 2.606359356813797 ], [ -75.882988019841477, 2.606430512591065 ], [ -75.883438678216507, 2.606311917184001 ], [ -75.883753222785771, 2.606018329728311 ], [ -75.883794455548539, 2.605979854971509 ], [ -75.884861797620957, 2.605339454650237 ], [ -75.884956669060301, 2.604556734663428 ], [ -75.884941756533976, 2.604427530367838 ], [ -75.884885514281933, 2.603940050315821 ], [ -75.884790643421269, 2.603536841657927 ], [ -75.884770025873138, 2.603268847367738 ], [ -75.884766917618904, 2.603228495179543 ], [ -75.88418362966074, 2.602830288175077 ], [ -75.88291516567412, 2.602632794004751 ], [ -75.881402825299546, 2.602336922874764 ], [ -75.880885571328747, 2.602235728175892 ] ] ] } },
{ "type": "Feature", "properties": { "TIPO_VIA": 7, "ESTADO_SUP": "Sin Valor", "NUMERO_CAR": "Sin Valor", "ACCESIBILI": "Sin Valor", "NOMBRE_GEO": null, "PROYECTO": null, "SYMBOL": "2", "FECHA": null, "RULEID": 7, "PK_CUE": 2055908.0, "GLOBALID": "{C4B68A3B-C4D5-47C0-B70E-C63A7E463BC6}", "EJE_VIAL": null, "SHAPE_Leng": 2503.6960082700002 }, "geometry": { "type": "MultiLineString", "coordinates": [ [ [ -75.923558095029236, 2.569379749785965 ], [ -75.923257590242699, 2.569595210595113 ], [ -75.923026291878273, 2.569761049183372 ], [ -75.922817999889048, 2.570088368044663 ], [ -75.922609707410587, 2.57053471367963 ], [ -75.922252636041392, 2.570921538009602 ], [ -75.921568245067235, 2.571278608860275 ], [ -75.921270687245567, 2.571576175918788 ], [ -75.921173183570914, 2.571985690887336 ], [ -75.921121898929783, 2.572201052861534 ], [ -75.92064804688107, 2.572419748153751 ], [ -75.920348243273523, 2.572558124618729 ], [ -75.920250245906786, 2.572656122089979 ], [ -75.920151961592921, 2.572754414901818 ], [ -75.9198423932651, 2.573063974934655 ], [ -75.919247267967705, 2.573599585834283 ], [ -75.919098488817284, 2.574194711204205 ], [ -75.918592639261689, 2.574670799659463 ], [ -75.918427717022766, 2.574703786746535 ], [ -75.917997514184592, 2.574789827161124 ], [ -75.917521415856484, 2.57473031438312 ], [ -75.917223858211784, 2.574730314335669 ], [ -75.916896529723644, 2.575146898714305 ], [ -75.916777503289808, 2.575563482673806 ], [ -75.916866787273221, 2.575980067829541 ], [ -75.916747760357069, 2.576634705580237 ], [ -75.916658494105747, 2.577527389156026 ], [ -75.916479954309082, 2.578211779699672 ], [ -75.916593311809891, 2.578835273362519 ], [ -75.916598981224595, 2.578866408673591 ], [ -75.916777503326145, 2.579372267569932 ], [ -75.917134592267416, 2.579729340213908 ], [ -75.917432150057792, 2.580235189739894 ], [ -75.917414569973346, 2.580621995115731 ], [ -75.917402388878074, 2.580889827704015 ], [ -75.917521416099348, 2.581276652203536 ], [ -75.917938001039772, 2.581722998243293 ], [ -75.917984847825963, 2.582191469240212 ], [ -75.917997514014786, 2.582318114127826 ], [ -75.918176053996561, 2.582645432680816 ], [ -75.918224446244892, 2.582685021004373 ], [ -75.918503364099479, 2.582913238183264 ], [ -75.918860445272827, 2.58309176987029 ], [ -75.918942056993174, 2.583158073780353 ], [ -75.919336543378606, 2.583478602357321 ], [ -75.91978287984162, 2.583954699716157 ], [ -75.919961420053127, 2.584252258229762 ], [ -75.920110198626901, 2.584639091042793 ], [ -75.920378004950408, 2.585085428409665 ], [ -75.920616049005375, 2.585621039018636 ], [ -75.920631607895231, 2.585665127606882 ], [ -75.920762986813131, 2.586037354369019 ], [ -75.920794588594958, 2.58612688895218 ], [ -75.921060714579326, 2.586156461979169 ], [ -75.921330191980118, 2.586186403195142 ] ] ] } },
{ "type": "Feature", "properties": { "TIPO_VIA": 5, "ESTADO_SUP": "3306", "NUMERO_CAR": "Sin Valor", "ACCESIBILI": "3601", "NOMBRE_GEO": null, "PROYECTO": null, "SYMBOL": "2", "FECHA": null, "RULEID": 5, "PK_CUE": 2055910.0, "GLOBALID": "{83AADF4D-AB93-4EA3-AA8F-0A75994FE73A}", "EJE_VIAL": null, "SHAPE_Leng": 22885.691433700002 }, "geometry": { "type": "MultiLineString", "coordinates": [ [ [ -75.95936815815935, 2.572076304154477 ], [ -75.959248941953717, 2.572002130037268 ], [ -75.959081613017631, 2.571871442785781 ], [ -75.958699748266156, 2.571599865092168 ], [ -75.958371727604359, 2.57144643328957 ], [ -75.958113183666697, 2.571527020166359 ], [ -75.957868392960862, 2.571289461048879 ], [ -75.95769207203152, 2.571150851125819 ], [ -75.957471912847652, 2.571021250916751 ], [ -75.957242662782548, 2.571021053097461 ], [ -75.956847710129296, 2.571085803704104 ], [ -75.956838035317176, 2.571087385420506 ], [ -75.956794404256385, 2.571088050204525 ], [ -75.956594160119536, 2.571091130804651 ], [ -75.956380631275607, 2.571098289845921 ], [ -75.956022229833735, 2.570990609220086 ], [ -75.955994714303699, 2.570761979409892 ], [ -75.955992100151931, 2.570740240248471 ], [ -75.956021492824831, 2.570539080189465 ], [ -75.956098101084081, 2.570321013598459 ], [ -75.956243295774954, 2.570060628202183 ], [ -75.956364883110041, 2.569808686628082 ], [ -75.95648760178824, 2.569542624053978 ], [ -75.956563086613158, 2.56931438899009 ], [ -75.956555145554859, 2.568943942091665 ], [ -75.956547960243043, 2.568608547210108 ], [ -75.956312106931705, 2.568438243569908 ], [ -75.95617413462098, 2.568136346608243 ], [ -75.956246800343195, 2.568084648914264 ], [ -75.956365305373922, 2.568000324297269 ], [ -75.956617094150417, 2.567934423959251 ], [ -75.956861050309371, 2.567826689169434 ], [ -75.957143399149857, 2.56750878376463 ], [ -75.957181838214481, 2.567239820132222 ], [ -75.957188764062394, 2.567019992640562 ], [ -75.957372146251046, 2.566781679042295 ], [ -75.957577878035167, 2.566701603116141 ], [ -75.957929533298952, 2.566805323233716 ], [ -75.958234025982833, 2.566875095297321 ], [ -75.958455585730974, 2.566675803208017 ], [ -75.958501993374767, 2.566293830883565 ], [ -75.958502028620757, 2.566293525294905 ], [ -75.958555136555574, 2.565907330816378 ], [ -75.95858928191879, 2.565894825917274 ], [ -75.958875513088756, 2.565790065245308 ], [ -75.959157610885526, 2.5657727902597 ], [ -75.959401457746409, 2.565793343328303 ], [ -75.95943658214081, 2.565788412337143 ], [ -75.95967682753205, 2.565754589989062 ], [ -75.959897167388377, 2.565670579863958 ], [ -75.960072580592609, 2.565554877271709 ], [ -75.960216382804077, 2.565431736262711 ], [ -75.960225519199938, 2.565423901990529 ], [ -75.960439344853, 2.565073155026579 ], [ -75.960538465226378, 2.564809895319141 ], [ -75.960621810648604, 2.564595224326605 ], [ -75.960665352047329, 2.564413584609403 ], [ -75.960759405805106, 2.564021182763738 ], [ -75.960771927556038, 2.563810151109148 ], [ -75.96077536936896, 2.563752199999302 ], [ -75.960852112004886, 2.563692660171276 ], [ -75.96097328468727, 2.563598660199033 ], [ -75.961277976419552, 2.563432211548918 ], [ -75.961305761299826, 2.563429445247327 ], [ -75.96150498874934, 2.563409573887234 ], [ -75.961530851687158, 2.563406996442462 ], [ -75.961881428069503, 2.563468898719788 ], [ -75.962125392773302, 2.563353259204389 ], [ -75.962171746303028, 2.563318142901111 ], [ -75.962361542053017, 2.563174332248775 ], [ -75.962390089645609, 2.563139423706558 ], [ -75.962537037025939, 2.562959724622291 ], [ -75.962540117569603, 2.56292562466288 ], [ -75.962559728153295, 2.562708267882881 ], [ -75.962491401595358, 2.562444864194792 ], [ -75.962473086337795, 2.562368211364484 ], [ -75.96243764737261, 2.562219907609987 ], [ -75.962445732202823, 2.561967868410401 ], [ -75.962392326615003, 2.561330925872175 ], [ -75.962392579019138, 2.561035381184611 ], [ -75.962614048555167, 2.560937805743178 ], [ -75.962918722054681, 2.560790006202502 ], [ -75.963231417323044, 2.560470986615205 ], [ -75.96336868798106, 2.560264275917693 ], [ -75.963505996372447, 2.560025908315092 ], [ -75.963651306763623, 2.559623669209487 ], [ -75.963673972231845, 2.559398776411292 ], [ -75.963871978012008, 2.559144642768359 ], [ -75.964047410045126, 2.559005205628834 ], [ -75.964238660959438, 2.558766325983374 ], [ -75.964383801580354, 2.558559633430711 ], [ -75.964535697572572, 2.558339923170733 ], [ -75.964672979099319, 2.558139985440183 ], [ -75.964833821874478, 2.55797115537468 ], [ -75.965069980407861, 2.557786559556102 ], [ -75.965436690734521, 2.55737548190157 ], [ -75.965398728050573, 2.55707592964594 ], [ -75.965085412979178, 2.556808357743462 ], [ -75.964849552164438, 2.556648798675237 ], [ -75.964681127184306, 2.556478551036013 ], [ -75.964482455373542, 2.556193002963071 ], [ -75.96433765624154, 2.555984908034357 ], [ -75.964055826952318, 2.555696458913964 ], [ -75.963856957863499, 2.555649388424325 ], [ -75.963813452683922, 2.555650123949133 ], [ -75.963474859920623, 2.555655846061404 ], [ -75.96335170954093, 2.555616644043366 ], [ -75.963200720839509, 2.555568583700647 ], [ -75.963040299631132, 2.555235588211883 ], [ -75.963102337990819, 2.554971169405315 ], [ -75.962705713290347, 2.554882110282581 ], [ -75.96247638291139, 2.554972893061737 ], [ -75.962201102589972, 2.554908797985136 ], [ -75.961880781798669, 2.554954297657345 ], [ -75.961530078702097, 2.555044417366424 ], [ -75.961324409871992, 2.555067979983972 ], [ -75.961010907365861, 2.555016282073458 ], [ -75.960767130653963, 2.55491661429389 ], [ -75.960576175954074, 2.554810207667012 ], [ -75.960393109276552, 2.55467555138881 ], [ -75.960259215212432, 2.554522504915379 ], [ -75.960217963811161, 2.55447535192585 ], [ -75.960042836759285, 2.554261588939564 ], [ -75.959713757970064, 2.55402960818359 ], [ -75.959500308722369, 2.553953135040402 ], [ -75.959126223307806, 2.55378836567907 ], [ -75.958652217048041, 2.553237981677469 ], [ -75.958633856736085, 2.552213789683814 ], [ -75.958126784703268, 2.551592038586501 ], [ -75.958005631133275, 2.551535049927839 ], [ -75.957426794766263, 2.55120354184571 ], [ -75.957248335221067, 2.55075144443985 ], [ -75.957105567675029, 2.550346936106752 ], [ -75.956903312841135, 2.549966222062114 ], [ -75.956871386994393, 2.549434116881522 ], [ -75.95625269491606, 2.549005525887039 ], [ -75.955982559848962, 2.548968068988603 ], [ -75.955713583032221, 2.548954951414802 ], [ -75.955654096241602, 2.54979965968887 ], [ -75.955868247338216, 2.551798407243125 ], [ -75.956106193480906, 2.553119008173362 ], [ -75.956177578004386, 2.553583003539759 ], [ -75.955737377216238, 2.554261149494562 ], [ -75.955141284908962, 2.555049798454718 ], [ -75.954488160625672, 2.554891706548195 ], [ -75.954012267699383, 2.556711994201099 ], [ -75.953828089821343, 2.557548915816306 ], [ -75.952917716334255, 2.557580497996079 ], [ -75.952691667436397, 2.557889827778951 ], [ -75.951989726452155, 2.558341924908935 ], [ -75.951739883320883, 2.558449001015949 ], [ -75.950205130566346, 2.558425206254355 ], [ -75.950002875947618, 2.558805919914527 ], [ -75.950288411595238, 2.559591142018184 ], [ -75.95040738473908, 2.560269288860845 ], [ -75.95030030900962, 2.560578618711884 ], [ -75.949800621842996, 2.560626207695857 ], [ -75.948966126493957, 2.561783121919452 ], [ -75.94887268236036, 2.56170806642109 ], [ -75.948751453650374, 2.561541814717758 ], [ -75.948552657092748, 2.561411667011747 ], [ -75.94835384190921, 2.561302432205861 ], [ -75.948170828196751, 2.561101657949975 ], [ -75.94791140372439, 2.56090929291557 ], [ -75.947728363042245, 2.560741856119816 ], [ -75.94760604888242, 2.560530401957211 ], [ -75.947346606326605, 2.560354422061098 ], [ -75.947153746941424, 2.560294594159437 ], [ -75.947048877531145, 2.560262056778768 ], [ -75.946881583529702, 2.560087855661077 ], [ -75.946243327931924, 2.559829088491607 ], [ -75.946052971103725, 2.56067379662626 ], [ -75.945744056994357, 2.561399386228798 ], [ -75.945622963819801, 2.561359959912237 ], [ -75.945279223264734, 2.561188427156541 ], [ -75.944852289951569, 2.561064296927563 ], [ -75.944653411977285, 2.561022867409397 ], [ -75.944015733008186, 2.561471390189266 ], [ -75.943944056562287, 2.561303679573329 ], [ -75.943784677816495, 2.56107184263751 ], [ -75.943578039386139, 2.560911736300613 ], [ -75.943150028349748, 2.560899845880856 ], [ -75.942741424103858, 2.56164087394643 ], [ -75.942731187807354, 2.561643377842692 ], [ -75.942720372148017, 2.561631467116559 ], [ -75.942556043413319, 2.561450527825417 ], [ -75.942417999291081, 2.56124640380378 ], [ -75.942090015149716, 2.561050580370056 ], [ -75.941838333723197, 2.560994417002842 ], [ -75.941540713811762, 2.560774329888368 ], [ -75.941304770801608, 2.560716478597107 ], [ -75.94106767925453, 2.560679531210678 ], [ -75.941028565834614, 2.560673485063174 ], [ -75.940663167114494, 2.560617026135349 ], [ -75.939759297129697, 2.560554823552792 ], [ -75.939557042282772, 2.561280559117923 ], [ -75.939122082560573, 2.562578308488123 ], [ -75.938954509312509, 2.562480958624401 ], [ -75.938215348141014, 2.562141817963537 ], [ -75.937940238780129, 2.561886138801257 ], [ -75.937779844672022, 2.561912091438425 ], [ -75.937672738858879, 2.561929420110292 ], [ -75.937474804083621, 2.562103864251729 ], [ -75.937351788956605, 2.562195788222474 ], [ -75.937276886869483, 2.562251753201921 ], [ -75.937077910123136, 2.562329564741176 ], [ -75.936772320743515, 2.562243399227639 ], [ -75.936467854679464, 2.562132366968113 ], [ -75.93613193039468, 2.562028657167135 ], [ -75.935819505069801, 2.562048159352152 ], [ -75.935620563870359, 2.562080201553715 ], [ -75.935389948948071, 2.562055400043992 ], [ -75.93536098700406, 2.56205228242427 ], [ -75.934483414418352, 2.561928881138598 ], [ -75.934109122004557, 2.56201557661704 ], [ -75.933572698332156, 2.562172857655805 ], [ -75.933667876125654, 2.562827209119562 ], [ -75.933917720183771, 2.563314998277991 ], [ -75.934001000928859, 2.563743301459972 ], [ -75.933362074410411, 2.564273097814774 ], [ -75.932585221396423, 2.564207296108726 ], [ -75.931990013989733, 2.565123155186966 ], [ -75.932340573494571, 2.566467584905752 ], [ -75.932256642658061, 2.566417843275964 ], [ -75.932019596087258, 2.566331739808408 ], [ -75.931431183565394, 2.566396400621838 ], [ -75.930443706646798, 2.566896087335235 ], [ -75.929717971057116, 2.567324390762321 ], [ -75.929432435992283, 2.566789011900973 ], [ -75.929372949679077, 2.566372606012914 ], [ -75.929439116913485, 2.565843266958661 ], [ -75.929355434641806, 2.565839535073374 ], [ -75.929288069966361, 2.565836533894205 ], [ -75.929252802534194, 2.565834378019485 ], [ -75.928212669939768, 2.565770607333786 ], [ -75.927952860074271, 2.566011679416965 ], [ -75.92781558804117, 2.566204260334846 ], [ -75.927747522611511, 2.5662262948644 ], [ -75.927456999068468, 2.566320357550373 ], [ -75.927327622681233, 2.566473951800187 ], [ -75.927190343221966, 2.566675569935333 ], [ -75.927099477737443, 2.566846241342342 ], [ -75.927067650568546, 2.566906023895061 ], [ -75.927049343210015, 2.566931796229363 ], [ -75.927002495752333, 2.566997759840945 ], [ -75.926946126888723, 2.567077143767956 ], [ -75.926533800040701, 2.56696037230178 ], [ -75.926251756089144, 2.566929039331625 ], [ -75.926162804562992, 2.566938534340071 ], [ -75.926015733023902, 2.566954253580866 ], [ -75.925801043590695, 2.567013398708128 ], [ -75.925526645156694, 2.567232418072965 ], [ -75.925343181692099, 2.567557194189082 ], [ -75.925168638844141, 2.567959963028055 ], [ -75.925041923267216, 2.568164518325989 ], [ -75.925007714734775, 2.568219765298773 ], [ -75.924801856590761, 2.568439411694189 ], [ -75.924588112315575, 2.568695215758073 ], [ -75.92429137075942, 2.568902627632824 ], [ -75.923886428967407, 2.569185668919241 ], [ -75.923746184024637, 2.569268584252573 ], [ -75.923558095029236, 2.569379749785965 ], [ -75.923336920220876, 2.569159753111061 ], [ -75.923333578903254, 2.56914210142013 ], [ -75.923291051558181, 2.568917854554141 ], [ -75.923375584187667, 2.568638200256139 ], [ -75.923565703200282, 2.56841513893572 ], [ -75.923749201942812, 2.568049112236467 ], [ -75.923870842999122, 2.567741240796388 ], [ -75.923939599528865, 2.567516383593277 ], [ -75.923978021008736, 2.567272860304166 ], [ -75.923896372673596, 2.566505554589167 ], [ -75.923894423939856, 2.566487274202245 ], [ -75.923869379003676, 2.566470987601351 ], [ -75.9235983482194, 2.566294719818109 ], [ -75.923550746195872, 2.566263764258556 ], [ -75.923366268413901, 2.566191468393304 ], [ -75.923283372318679, 2.566158976000773 ], [ -75.923047581726138, 2.565926510415849 ], [ -75.922840977912131, 2.565726283699678 ], [ -75.922604057338503, 2.565501157360426 ], [ -75.922329908576458, 2.56543705405878 ], [ -75.92201744808321, 2.565501758828396 ], [ -75.921984299571932, 2.565317550603635 ], [ -75.921963756083017, 2.565203339092165 ], [ -75.92185715259437, 2.565025230057356 ], [ -75.921605453904235, 2.564992800702407 ], [ -75.92139982875446, 2.564963794267194 ], [ -75.921378827275575, 2.56496053334229 ], [ -75.921140270337489, 2.564923442117985 ], [ -75.920864998778285, 2.564852556206056 ], [ -75.920476361284926, 2.564637472439996 ], [ -75.920277536857455, 2.564531615268342 ], [ -75.920040551739618, 2.564385612260059 ], [ -75.919924831331571, 2.564321884665207 ], [ -75.919834999652267, 2.564272415362726 ], [ -75.919613699885019, 2.564182350009518 ], [ -75.919232750833729, 2.564156020448289 ], [ -75.918988741897437, 2.56432024998839 ], [ -75.918789684110834, 2.564490731723903 ], [ -75.918641426312718, 2.564604323992128 ], [ -75.918599627577422, 2.564636358233122 ], [ -75.918432056344571, 2.564780879227455 ], [ -75.918240642991265, 2.565206796959295 ], [ -75.918164026250878, 2.565425419728736 ], [ -75.917959020565249, 2.565682419311545 ], [ -75.917935647390635, 2.56571173124606 ], [ -75.917812954923647, 2.565932007306216 ], [ -75.917496173050097, 2.566099157444555 ], [ -75.917485779624272, 2.566104637230491 ], [ -75.917294654089716, 2.566203927140123 ], [ -75.917203214883912, 2.566668931022812 ], [ -75.917148623792613, 2.566962688915662 ], [ -75.917134331798735, 2.567039575761827 ], [ -75.917128851907719, 2.567061297290831 ], [ -75.917067541723853, 2.567314263200377 ], [ -75.916993422311734, 2.567427801318346 ], [ -75.916627898291438, 2.567987801790712 ], [ -75.916627897868423, 2.56875883459138 ], [ -75.916893876128555, 2.568938484802246 ], [ -75.916096756168429, 2.569818884706042 ], [ -75.915382918364017, 2.569664219906795 ], [ -75.914811847419031, 2.569224019719475 ], [ -75.914645285299656, 2.569723706294873 ], [ -75.913729192643132, 2.569818884847691 ], [ -75.913122429907887, 2.569592836472574 ], [ -75.912777408726299, 2.569283506250371 ], [ -75.912649050483381, 2.568742147707364 ], [ -75.912275668220786, 2.568337651262217 ], [ -75.911643891553581, 2.567776077830542 ], [ -75.91162336971253, 2.567165785531951 ], [ -75.911421115331493, 2.566808866988631 ], [ -75.910992812944485, 2.566582817996985 ], [ -75.910350358288497, 2.56648763912695 ], [ -75.910671585617479, 2.566951634391059 ], [ -75.910695380400867, 2.567498910353708 ], [ -75.910695380461505, 2.56816515938979 ], [ -75.910409844844366, 2.568712435538612 ], [ -75.909398573746259, 2.568878997605636 ], [ -75.908933101748218, 2.569307213665089 ], [ -75.909065448999726, 2.569771295682604 ], [ -75.909077346736368, 2.570044934033775 ], [ -75.908696633216124, 2.570949128633884 ], [ -75.909350984750276, 2.571044307577111 ], [ -75.909481855067526, 2.571353637610695 ], [ -75.908906203898368, 2.571912810327371 ], [ -75.908208843130524, 2.572567162694916 ], [ -75.908196946004225, 2.573233411530617 ], [ -75.908482481196103, 2.573340487683693 ], [ -75.908577659477785, 2.573744996018506 ], [ -75.908720427357778, 2.574530217898362 ], [ -75.908906204103246, 2.574909620835676 ], [ -75.908906203630792, 2.57499612462936 ], [ -75.908906203731789, 2.575708363590464 ], [ -75.909046593098935, 2.576761323668022 ], [ -75.909046592590286, 2.577603692412719 ], [ -75.908973794107524, 2.578186105224933 ], [ -75.908541967542206, 2.578515815081908 ], [ -75.908089870399522, 2.579015501541232 ], [ -75.908077972896706, 2.579491394084579 ], [ -75.908553864916783, 2.579943491173416 ], [ -75.908387302881238, 2.580347999905505 ], [ -75.907911410917976, 2.580431281329521 ], [ -75.907554491179539, 2.580038670394042 ], [ -75.907090496447339, 2.580181437337001 ], [ -75.906352863428737, 2.580478870015726 ], [ -75.905853177295256, 2.580312308374733 ], [ -75.905448668222377, 2.579598469548832 ], [ -75.904818111300941, 2.578896528457689 ], [ -75.904603959683115, 2.579336728659249 ], [ -75.904770522049191, 2.580181437930627 ], [ -75.9044373977394, 2.580740611294487 ], [ -75.904366013622166, 2.581216502850642 ], [ -75.904865700692127, 2.581525832812668 ], [ -75.905294003813992, 2.581823265574632 ], [ -75.905317797862324, 2.582037417340429 ], [ -75.904483770680997, 2.581955922069545 ], [ -75.903925813826376, 2.581811368597339 ], [ -75.903616483618379, 2.581894649804619 ], [ -75.90309300207683, 2.582513309338377 ], [ -75.902486239432832, 2.582620385219951 ], [ -75.902236396221014, 2.582822639004603 ], [ -75.901988244982022, 2.582579198275882 ], [ -75.901617736734167, 2.582382438913866 ], [ -75.901367892937216, 2.582525207096079 ], [ -75.90149876363833, 2.582977304403138 ], [ -75.901605686283716, 2.583289667581765 ], [ -75.901427379421889, 2.58352457998115 ], [ -75.90102287100332, 2.583774424126355 ], [ -75.90090389834883, 2.584559645783801 ], [ -75.901106152531156, 2.58471431124821 ], [ -75.901816278280094, 2.584904211385444 ], [ -75.901816278280094, 2.584904211385444 ], [ -75.902869238299374, 2.585465783241428 ], [ -75.902982715388632, 2.585919714621963 ], [ -75.902081731158447, 2.586046809228464 ], [ -75.901760503563438, 2.585701787524384 ], [ -75.901106151874714, 2.585844554717968 ], [ -75.900784924930932, 2.586237165504258 ], [ -75.900844411778166, 2.58690341540281 ], [ -75.900960381866199, 2.587385609033691 ], [ -75.90090371498512, 2.587782295616522 ], [ -75.900972555770522, 2.588677260581866 ], [ -75.900439903012256, 2.589366156986474 ], [ -75.900512003379134, 2.589989312769719 ], [ -75.90027193856362, 2.59030940136177 ], [ -75.899569967923398, 2.590730576161163 ], [ -75.899452226151709, 2.590712466184447 ], [ -75.898657396529686, 2.590590186786284 ], [ -75.898298388257828, 2.590294146840797 ], [ -75.897870085168151, 2.590615373921404 ], [ -75.897846290848889, 2.591353006702508 ], [ -75.897596447269464, 2.59172182307007 ], [ -75.896977787602154, 2.591436288232005 ], [ -75.89634351169191, 2.590841052010982 ], [ -75.89590702952691, 2.59035363383141 ], [ -75.895502521498742, 2.589711178706759 ], [ -75.895074218146974, 2.590127584233963 ], [ -75.894883861420013, 2.590603476639302 ], [ -75.89503852651589, 2.591293520119933 ], [ -75.895210943392982, 2.591570518502777 ], [ -75.895199196782855, 2.591664491387649 ], [ -75.894485360178123, 2.591664491420579 ], [ -75.894205715621339, 2.592138229428961 ], [ -75.893206341547085, 2.591579055561837 ], [ -75.89265128898154, 2.592186970824573 ], [ -75.892522308190507, 2.592199868790638 ], [ -75.892041961053792, 2.592304029384176 ], [ -75.89136225919772, 2.592269099879501 ], [ -75.891278978183308, 2.591709926635238 ], [ -75.891314670586155, 2.591329212163271 ], [ -75.891183799862958, 2.591091266531828 ], [ -75.890791188861925, 2.590877114512796 ], [ -75.890886367627999, 2.590425017285149 ], [ -75.891054861964392, 2.590078063061711 ], [ -75.890291502378602, 2.589663590170331 ], [ -75.890220117897471, 2.589092519447588 ], [ -75.890410474944062, 2.588688010446499 ], [ -75.891278978604731, 2.588164529731481 ], [ -75.891278978289407, 2.587914686281283 ], [ -75.890916174151158, 2.58744094485589 ], [ -75.890142841263781, 2.587678891390274 ], [ -75.889726435961322, 2.587916836808338 ], [ -75.889607463240594, 2.587143512957001 ], [ -75.88960746331496, 2.586701161032983 ], [ -75.889803712767161, 2.586296652356785 ], [ -75.889588867698293, 2.585912838789096 ], [ -75.889601457800325, 2.585154511335469 ], [ -75.88926833347999, 2.584999846548359 ], [ -75.888806159493612, 2.585064663546835 ], [ -75.888358247662808, 2.584942505822529 ], [ -75.887584923892035, 2.584288154812581 ], [ -75.887406464877671, 2.583455344849054 ], [ -75.886930574187872, 2.582860479784076 ], [ -75.886157250370857, 2.582265615585846 ], [ -75.885443413347474, 2.582265616302982 ], [ -75.884610601868062, 2.582265616179432 ], [ -75.883777783118745, 2.582027669679414 ], [ -75.883063946109047, 2.580837940737181 ], [ -75.882766514317538, 2.580481022925812 ], [ -75.881933704132763, 2.580599996449906 ], [ -75.881576784636891, 2.580302563610292 ], [ -75.881279353078426, 2.579886158243892 ], [ -75.881160380123148, 2.579291293946799 ], [ -75.880625001875259, 2.578934366030523 ], [ -75.879970651136489, 2.579291294308377 ], [ -75.879316300664868, 2.579588726016194 ], [ -75.878542976748577, 2.580243076881669 ], [ -75.877650670806062, 2.580124104188393 ], [ -75.877115292979326, 2.579826671730753 ], [ -75.877174779749865, 2.579231808419415 ], [ -75.876698888045411, 2.578874879659891 ], [ -75.875985051040601, 2.578993852951077 ], [ -75.875092754353886, 2.579053338830964 ], [ -75.874200457578169, 2.579350781067083 ], [ -75.873189188161689, 2.579350780836724 ], [ -75.872401697380099, 2.579113409924423 ] ] ] } },
{ "type": "Feature", "properties": { "TIPO_VIA": 7, "ESTADO_SUP": "Sin Valor", "NUMERO_CAR": "Sin Valor", "ACCESIBILI": "Sin Valor", "NOMBRE_GEO": null, "PROYECTO": null, "SYMBOL": "2", "FECHA": null, "RULEID": 7, "PK_CUE": 2055921.0, "GLOBALID": "{769D3B8D-89B7-463F-BC5F-7E174DF051B8}", "EJE_VIAL": null, "SHAPE_Leng": 4216.0445025700001 }, "geometry": { "type": "MultiLineString", "coordinates": [ [ [ -75.983470405917814, 2.696913902577133 ], [ -75.983225193223902, 2.696278129631148 ], [ -75.982658805400035, 2.695400133877751 ], [ -75.982355335773619, 2.694788409239936 ], [ -75.982266843072097, 2.694610048252693 ], [ -75.982049369781151, 2.693864006025764 ], [ -75.981526451527046, 2.693161560199715 ], [ -75.980473719774281, 2.69135436991268 ], [ -75.980016130889226, 2.690177713771664 ], [ -75.980016130675978, 2.68909911179781 ], [ -75.979950760508288, 2.688183933971226 ], [ -75.98034298013097, 2.686811168635261 ], [ -75.981290841940208, 2.686059415453943 ], [ -75.982238704227314, 2.684686649881217 ], [ -75.9825328679308, 2.684032951637823 ], [ -75.983192266590081, 2.682714154087213 ], [ -75.983155645122409, 2.682529162815879 ], [ -75.98315020996877, 2.682501673972377 ], [ -75.982826637277697, 2.681489875114508 ], [ -75.981959169499746, 2.680515052207731 ], [ -75.981714060889018, 2.679428760370162 ], [ -75.981650375585929, 2.678770681736303 ], [ -75.981322192846662, 2.677586165381618 ], [ -75.980755795656421, 2.676708179085382 ], [ -75.98006644689093, 2.675970301873646 ], [ -75.979346590867237, 2.675271269308809 ], [ -75.978374245288293, 2.674632316070723 ], [ -75.978122421299631, 2.674544398034532 ], [ -75.977274778855119, 2.674248475253272 ], [ -75.977084435422611, 2.674193606085869 ], [ -75.976915686938966, 2.674144953279153 ], [ -75.97642557528097, 2.673758514919742 ], [ -75.975705189331805, 2.673421377650304 ], [ -75.974959110646793, 2.673032442770984 ], [ -75.974638376557323, 2.672746607765763 ], [ -75.974290431674831, 2.67243651886405 ], [ -75.974187800063191, 2.672074048655086 ], [ -75.974188446330757, 2.671349306173044 ], [ -75.974600799790053, 2.670754352223545 ], [ -75.974884541987777, 2.67005574983691 ], [ -75.975039717116147, 2.669227610724351 ], [ -75.975246499543005, 2.668244207451727 ], [ -75.97527325187211, 2.667105349817702 ], [ -75.975273763645319, 2.666535908009271 ], [ -75.975274248946803, 2.665992346226531 ], [ -75.975300192409847, 2.665759422225753 ], [ -75.975300425871097, 2.665500582247225 ], [ -75.975300664257432, 2.665237035000308 ] ] ] } },
{ "type": "Feature", "properties": { "TIPO_VIA": 5, "ESTADO_SUP": "3306", "NUMERO_CAR": "Sin Valor", "ACCESIBILI": "3601", "NOMBRE_GEO": null, "PROYECTO": null, "SYMBOL": "2", "FECHA": null, "RULEID": 5, "PK_CUE": 2055979.0, "GLOBALID": "{70272BE9-DE19-4BC8-8489-875B40C048DD}", "EJE_VIAL": null, "SHAPE_Leng": 16913.560002599999 }, "geometry": { "type": "MultiLineString", "coordinates": [ [ [ -75.928179342909942, 2.671940846084873 ], [ -75.927284243056405, 2.670987357170679 ], [ -75.926511040464547, 2.670859741047321 ], [ -75.926440227450982, 2.670747019846134 ], [ -75.926372422029374, 2.670628630661461 ], [ -75.926307844886523, 2.670504958110313 ], [ -75.926246742935959, 2.670376474394011 ], [ -75.926652274251907, 2.670375137003955 ], [ -75.927185498210576, 2.670098650406951 ], [ -75.926988007833941, 2.669664171477881 ], [ -75.925892509545847, 2.669018231059775 ], [ -75.925888718801161, 2.668917283416055 ], [ -75.925887975461464, 2.668813162428892 ], [ -75.925890278404012, 2.668705733801015 ], [ -75.92589563148951, 2.668594811873248 ], [ -75.925904034964034, 2.668480295485285 ], [ -75.925915515857213, 2.668361756320689 ], [ -75.925930110809688, 2.668238809708445 ], [ -75.925947892693898, 2.668110838556447 ], [ -75.926573277925101, 2.667827509821641 ], [ -75.926948509559992, 2.667175791810829 ], [ -75.927047254947738, 2.666721563995345 ], [ -75.926948509663987, 2.666247586808325 ], [ -75.926680125983708, 2.665782822694178 ], [ -75.927185498485358, 2.665200887280832 ], [ -75.92716574887929, 2.664726910081362 ], [ -75.926889261997928, 2.664292430965977 ], [ -75.926839416195705, 2.66506601278459 ], [ -75.926138798651166, 2.665615617273447 ], [ -75.926438099339677, 2.666462872377973 ], [ -75.926000555347144, 2.66697830149641 ], [ -75.925111848096179, 2.667017799058899 ], [ -75.924770338261538, 2.667298628704287 ], [ -75.924381133890805, 2.667551023923439 ], [ -75.924463883548938, 2.66816337041344 ], [ -75.924393916608892, 2.668308507152172 ], [ -75.92430424384807, 2.668488503581823 ], [ -75.923373932583885, 2.669288939197063 ], [ -75.923235689388719, 2.670177646907899 ], [ -75.924149184803625, 2.67116659744542 ], [ -75.924183643036827, 2.67242903769165 ], [ -75.92532908781034, 2.672962261597174 ], [ -75.925269840762795, 2.674482938223714 ], [ -75.92465762003205, 2.673317744394531 ], [ -75.923739260074228, 2.673082462251605 ], [ -75.923713189145644, 2.673055781221472 ], [ -75.923643724966894, 2.672988575251243 ], [ -75.923564263849656, 2.672915424125007 ], [ -75.923305597014149, 2.672687882462625 ], [ -75.923217492949959, 2.672608691496357 ], [ -75.923138238998845, 2.672534241069912 ], [ -75.923068395815235, 2.67246471673798 ], [ -75.922623469083646, 2.671066353673501 ], [ -75.921932252404019, 2.670473882070561 ], [ -75.921813758094416, 2.669466681064221 ], [ -75.921754510741877, 2.668874209563139 ], [ -75.921853256086436, 2.668202742447083 ], [ -75.921339780729198, 2.668439730355881 ], [ -75.920925050729437, 2.669604924626559 ], [ -75.920506732135863, 2.669194076068934 ], [ -75.920399910894218, 2.669255359093061 ], [ -75.920278504693968, 2.6693293904298 ], [ -75.919868348195834, 2.669592897146231 ], [ -75.919722143082595, 2.669683902821324 ], [ -75.919648043904672, 2.669727613303491 ], [ -75.91958103239746, 2.669765019852709 ], [ -75.919519797655639, 2.669796852757143 ], [ -75.91946367750721, 2.669823453148426 ], [ -75.919397820230031, 2.669850494968024 ], [ -75.919339024913995, 2.669869438222665 ], [ -75.919286813275775, 2.669880435760645 ], [ -75.919263082388753, 2.669882975164231 ], [ -75.919240893863318, 2.669883546839519 ], [ -75.919220189042392, 2.669882147427572 ], [ -75.919200985760327, 2.66987877289768 ], [ -75.919183265998527, 2.669873420058347 ], [ -75.919167015132146, 2.66986608446022 ], [ -75.919152219026259, 2.66985675930657 ], [ -75.919138869035706, 2.66984543868814 ], [ -75.919126956268187, 2.669832115042523 ], [ -75.919116473589057, 2.669816780362513 ], [ -75.91910644757975, 2.669797420157434 ], [ -75.919098019703995, 2.669775550252221 ], [ -75.919091165741293, 2.669751108424856 ], [ -75.91908586065712, 2.669724005989289 ], [ -75.919079816049333, 2.669661445890132 ], [ -75.919079723163335, 2.669586247948879 ], [ -75.919463621409349, 2.66907170000351 ], [ -75.918713157564994, 2.66855822471 ], [ -75.918737640628763, 2.668118663539291 ], [ -75.917804701570716, 2.668163243884601 ], [ -75.918140435185478, 2.666820308686267 ], [ -75.917962694250406, 2.66664256716845 ], [ -75.917310975190262, 2.666879555995602 ], [ -75.916086534623915, 2.667570772609703 ], [ -75.916217070940206, 2.666917368136664 ], [ -75.916221505720983, 2.666488681652597 ], [ -75.915395317897222, 2.665990849054473 ], [ -75.91566744603935, 2.665619473627544 ], [ -75.916264275786801, 2.665556369715183 ], [ -75.916086535162378, 2.664904651641104 ], [ -75.916224777901661, 2.664252932955439 ], [ -75.917034488894188, 2.664035693196786 ], [ -75.918140435388338, 2.663601214302606 ], [ -75.918041689820754, 2.663048241625345 ], [ -75.916303774085222, 2.663265481067709 ], [ -75.915553310657771, 2.663048241606807 ], [ -75.915401767612323, 2.662937109811152 ], [ -75.915494063022777, 2.662416272021524 ], [ -75.915217576645972, 2.661883047647164 ], [ -75.914980588523974, 2.662515017101123 ], [ -75.914960838821386, 2.663186484665719 ], [ -75.915553310607677, 2.663660461834074 ], [ -75.91507933365007, 2.664410925701997 ], [ -75.91470271937412, 2.664314582403246 ], [ -75.914567055905636, 2.664469619316733 ], [ -75.914490991394771, 2.664559242176575 ], [ -75.91442273038318, 2.664644377436642 ], [ -75.914364846467734, 2.664722568707313 ], [ -75.914312036987567, 2.664801693344594 ], [ -75.914267363910383, 2.664878034155721 ], [ -75.914230158152947, 2.664952739821373 ], [ -75.914200102108182, 2.665026459643413 ], [ -75.914184865020474, 2.665073407750187 ], [ -75.914171686229864, 2.665124338718754 ], [ -75.914160557625195, 2.665179283631 ], [ -75.914151470283116, 2.665238286300224 ], [ -75.914144418248597, 2.665301374892975 ], [ -75.914139389074407, 2.665368647455497 ], [ -75.914136375635067, 2.665440197039341 ], [ -75.914135371882608, 2.66551616455987 ], [ -75.914136688872901, 2.665608857842629 ], [ -75.91414064658747, 2.665708019677905 ], [ -75.914147266372993, 2.665814233115557 ], [ -75.914156624577586, 2.665928737641 ], [ -75.914180583767376, 2.666159631757296 ], [ -75.914239242324555, 2.666648975865526 ], [ -75.914249880722764, 2.666758921172308 ], [ -75.914255526162734, 2.666846085941056 ], [ -75.914256697357516, 2.666896108597882 ], [ -75.914255621499748, 2.666938217840879 ], [ -75.914252284465761, 2.666972937286162 ], [ -75.914246655603847, 2.667000571463156 ], [ -75.914238670806284, 2.667021374035059 ], [ -75.914228289692488, 2.667035406271193 ], [ -75.914215453439056, 2.66704274677009 ], [ -75.914200101903873, 2.667043428964949 ], [ -75.914183175250585, 2.667038391116584 ], [ -75.914163243025982, 2.66702819618379 ], [ -75.91414044177904, 2.667012913638241 ], [ -75.914114949594776, 2.666992662511942 ], [ -75.914086948690056, 2.666967583357507 ], [ -75.914056715425247, 2.666937919836712 ], [ -75.913990719169973, 2.666866008216935 ], [ -75.913919558682466, 2.666779760143279 ], [ -75.913846034450344, 2.666682567986647 ], [ -75.913772907999899, 2.666578088520921 ], [ -75.913702451725555, 2.666469573196676 ], [ -75.913640550166946, 2.666366833560764 ], [ -75.91358381900956, 2.666265035757229 ], [ -75.913533152799801, 2.666165788446734 ], [ -75.913489128875639, 2.666070227389837 ], [ -75.913452292439928, 2.665979590447866 ], [ -75.913422754636883, 2.665894216785929 ], [ -75.913400701932858, 2.665814647769706 ], [ -75.913386237112718, 2.665741258428104 ], [ -75.913379432771777, 2.665679738913314 ], [ -75.91337716058888, 2.665614623737345 ], [ -75.913379392054267, 2.665545250766172 ], [ -75.913386165970479, 2.665470331958621 ], [ -75.913395446686749, 2.665401957635708 ], [ -75.913408421566274, 2.66532542444356 ], [ -75.913463611680541, 2.665051023271535 ], [ -75.913483328203185, 2.664940603647675 ], [ -75.91349797300002, 2.664827815573022 ], [ -75.913502030956465, 2.664776311072615 ], [ -75.913503988210323, 2.664727222192826 ], [ -75.9135087473109, 2.664619061088517 ], [ -75.913527605027355, 2.66435241759658 ], [ -75.913624315955346, 2.663649320306134 ], [ -75.912393140622356, 2.663919166916922 ], [ -75.911752254680692, 2.663446935448563 ], [ -75.911615935063665, 2.664060888309035 ], [ -75.911651062480018, 2.664610648818065 ], [ -75.910925850190566, 2.665588842635823 ], [ -75.910622272490613, 2.666044209051371 ], [ -75.910318694894528, 2.665858689786832 ], [ -75.910622272868267, 2.665116611499603 ], [ -75.911043908037072, 2.664273341138145 ], [ -75.910706599927096, 2.664138417282227 ], [ -75.909981386699414, 2.663952897866468 ], [ -75.910268098607858, 2.663531263181318 ], [ -75.910396653834894, 2.663329248922123 ], [ -75.910370715533205, 2.663275943390546 ], [ -75.910346271898831, 2.663217026255493 ], [ -75.910323116894531, 2.663152009151879 ], [ -75.910300904829285, 2.663079926091381 ], [ -75.910280776284367, 2.663005589803614 ], [ -75.910260258326005, 2.662920954297772 ], [ -75.910202969685486, 2.662656034901157 ], [ -75.909354940143601, 2.661763187642217 ], [ -75.909217940209317, 2.661821698052069 ], [ -75.909136707388484, 2.662166938414315 ], [ -75.909085763580293, 2.662200444122683 ], [ -75.909033251363098, 2.662237727796787 ], [ -75.90897864079362, 2.662279162273469 ], [ -75.908920880114948, 2.66232554391112 ], [ -75.908816534879548, 2.662414426301154 ], [ -75.908594721220609, 2.66261100790208 ], [ -75.908506857851563, 2.662685377632345 ], [ -75.908461782511026, 2.66272504457333 ], [ -75.908412038795504, 2.6627741283551 ], [ -75.908361009834962, 2.662828500853501 ], [ -75.908226216440283, 2.662977259097388 ], [ -75.90818624355704, 2.66301866221226 ], [ -75.908150723995576, 2.663052782007037 ], [ -75.908109911183956, 2.663087702427107 ], [ -75.908072328308776, 2.663114607705186 ], [ -75.908037171228784, 2.663134069558605 ], [ -75.908004034946075, 2.663146303785346 ], [ -75.907985106816568, 2.663150318715106 ], [ -75.907966174905468, 2.663152186358007 ], [ -75.90794723208073, 2.663151907429448 ], [ -75.907928270281175, 2.663149481821146 ], [ -75.907909282380842, 2.663144908872339 ], [ -75.907890257263333, 2.663138186154198 ], [ -75.907871184592722, 2.663129310034878 ], [ -75.907852052403598, 2.663118274963489 ], [ -75.907813604991588, 2.663089737271171 ], [ -75.907774741254428, 2.663052459150272 ], [ -75.90773530882737, 2.663006296536287 ], [ -75.907695076340502, 2.662950979915428 ], [ -75.907662576011589, 2.662900612796846 ], [ -75.907629165103529, 2.662843942149082 ], [ -75.907594557321985, 2.662780487128412 ], [ -75.907558205817523, 2.662709247449803 ], [ -75.907487749175857, 2.662560672843699 ], [ -75.907312820757937, 2.662173289240348 ], [ -75.907262390177337, 2.662070364846024 ], [ -75.90721727240323, 2.661986856601156 ], [ -75.907171311921985, 2.661899965538987 ], [ -75.907125284329908, 2.661798882229595 ], [ -75.907085231309907, 2.661700696921341 ], [ -75.906987924713675, 2.661449411706822 ], [ -75.905866226674419, 2.660933989296874 ], [ -75.905326533589118, 2.660444892775064 ], [ -75.905596380581088, 2.659905200023249 ], [ -75.90375805091989, 2.659247448846326 ], [ -75.903808647089065, 2.658775217392146 ], [ -75.904668782712335, 2.657915081626506 ], [ -75.903302684246427, 2.657628369056403 ], [ -75.903235222533908, 2.65702121436453 ], [ -75.903495135444402, 2.65660237362935 ], [ -75.903454046943367, 2.656539864522121 ], [ -75.903411862231593, 2.656480362480602 ], [ -75.903368537808404, 2.656423806227102 ], [ -75.903324036830696, 2.656370147761366 ], [ -75.903278317536731, 2.656319337722716 ], [ -75.903231356020058, 2.65627135052109 ], [ -75.903183123269784, 2.656226156548894 ], [ -75.90313359380869, 2.656183731975895 ], [ -75.903042037569477, 2.656113118328673 ], [ -75.902942559726029, 2.656044545596947 ], [ -75.902835684842842, 2.655978376572686 ], [ -75.902722123507573, 2.655915052142116 ], [ -75.902602446591274, 2.655854913202228 ], [ -75.902477995645953, 2.655798655205298 ], [ -75.902350032160172, 2.655746849915839 ], [ -75.902220142246648, 2.655700140853451 ], [ -75.902134350940401, 2.655672826331846 ], [ -75.902046020355556, 2.655647904698251 ], [ -75.901955265233468, 2.655625408387736 ], [ -75.901862219473841, 2.655605370645783 ], [ -75.902122105963244, 2.655958693777651 ], [ -75.901582412320806, 2.656734502769504 ], [ -75.901481220415405, 2.657442849423968 ], [ -75.899946617293907, 2.65633649621947 ], [ -75.899552376226424, 2.655886325800714 ], [ -75.899456853552067, 2.655942882682786 ], [ -75.899354113424749, 2.65600974124228 ], [ -75.899241689204615, 2.656088316211211 ], [ -75.899095124831561, 2.656195693481227 ], [ -75.898968274093505, 2.657341657365103 ], [ -75.896496263782481, 2.655938363116877 ], [ -75.89473385178006, 2.655819033300479 ], [ -75.894541691272067, 2.655911102529897 ], [ -75.89395924710017, 2.656835694887036 ], [ -75.893267765492297, 2.656835695345343 ], [ -75.893121528846024, 2.656131089855059 ], [ -75.892581794736486, 2.655230341978721 ], [ -75.892499904100461, 2.655065238847691 ], [ -75.892344306640652, 2.654594305699166 ], [ -75.891877128551457, 2.65357380243801 ], [ -75.89133117830859, 2.653337887151844 ], [ -75.890865167666007, 2.653170010419782 ], [ -75.890606990273881, 2.652950492213553 ], [ -75.890537022712351, 2.652886800734636 ], [ -75.890477744597035, 2.652828392850745 ], [ -75.890420505342775, 2.652765713858018 ], [ -75.890371960078312, 2.652704783948179 ], [ -75.890331246329879, 2.652644515349173 ], [ -75.890297967570106, 2.652584309115494 ], [ -75.890264625771565, 2.652503046414583 ], [ -75.889738197608992, 2.650844175570462 ], [ -75.89022620357504, 2.650935677008373 ], [ -75.890775210270419, 2.652277693510292 ], [ -75.891488949412008, 2.652282545978835 ], [ -75.89157464693551, 2.652307756770396 ], [ -75.891665866507466, 2.652329632406389 ], [ -75.891763556060795, 2.65234840622152 ], [ -75.891869634228243, 2.652364449748814 ], [ -75.891959138576823, 2.652375258883758 ], [ -75.892059013002992, 2.652385149791527 ], [ -75.892434259789809, 2.6524144696163 ], [ -75.892589070001563, 2.652429231774719 ], [ -75.892833419381006, 2.652458704316727 ], [ -75.893348912674853, 2.652527765113703 ], [ -75.893572578973831, 2.652555810527383 ], [ -75.893808091844534, 2.652580986771546 ], [ -75.894018844514363, 2.652597855243242 ], [ -75.894136724266318, 2.652604295820733 ], [ -75.894249985785294, 2.65260810119367 ], [ -75.894359365139977, 2.652609295662256 ], [ -75.894465348800722, 2.652607883868095 ], [ -75.894568472937863, 2.65260385357821 ], [ -75.894668904830809, 2.65259719292231 ], [ -75.894766904586106, 2.652587884503982 ], [ -75.894862670602151, 2.6525759092832 ], [ -75.89510215629852, 2.652542867484338 ], [ -75.895235173286395, 2.652522779468657 ], [ -75.895359713172553, 2.652500933115378 ], [ -75.895468898752853, 2.652478005666752 ], [ -75.895572371118163, 2.652451539494594 ], [ -75.89566412992292, 2.652422561984158 ], [ -75.895745214756445, 2.652390742448504 ], [ -75.895816115162418, 2.652355883686748 ], [ -75.895846265346663, 2.652337773779161 ], [ -75.895874378551838, 2.652317892081048 ], [ -75.895900468382607, 2.652296228989442 ], [ -75.895924548751566, 2.652272772969896 ], [ -75.895946631567568, 2.652247512849618 ], [ -75.895966732278609, 2.652220431420635 ], [ -75.895984863922507, 2.652191511158091 ], [ -75.896001039691342, 2.652160731060293 ], [ -75.896015257184942, 2.652128105097226 ], [ -75.89602754786813, 2.652093571736706 ], [ -75.896037923035834, 2.652057099360614 ], [ -75.89604639365534, 2.652018649534447 ], [ -75.896052968027675, 2.651978188366097 ], [ -75.896057656926217, 2.651935654382085 ], [ -75.896060467026771, 2.651890987653262 ], [ -75.896061403122843, 2.651844112849162 ], [ -75.896058279614337, 2.651752507824298 ], [ -75.896048882547532, 2.65165250987043 ], [ -75.896033125929662, 2.651543146496581 ], [ -75.896010745302718, 2.651422563541296 ], [ -75.8959846305914, 2.651302627207826 ], [ -75.895951716251261, 2.651166545436495 ], [ -75.895806028821852, 2.650615726619615 ], [ -75.895774322800165, 2.650489883414897 ], [ -75.895747823670561, 2.650377637725838 ], [ -75.895720754113398, 2.650251341456781 ], [ -75.895699170572215, 2.650135119947345 ], [ -75.895682679891792, 2.650026844315992 ], [ -75.895671128195218, 2.649925473283112 ], [ -75.895663565812839, 2.649809142661057 ], [ -75.895662513502529, 2.649754147022705 ], [ -75.895663277124598, 2.649701144620295 ], [ -75.895665858801735, 2.649650047056084 ], [ -75.895670261586574, 2.649600811557064 ], [ -75.895676490175262, 2.649553385967125 ], [ -75.895684550153206, 2.649507728064766 ], [ -75.895694462605064, 2.649463742742955 ], [ -75.895706225144863, 2.649421460429938 ], [ -75.895719845665084, 2.649380852826578 ], [ -75.895735332102475, 2.649341896342972 ], [ -75.895752694378075, 2.649304566796564 ], [ -75.895771939759513, 2.649268849257806 ], [ -75.895793077060048, 2.649234727395934 ], [ -75.895816114871465, 2.649202187367988 ], [ -75.895847134285773, 2.649164068744302 ], [ -75.895882637290413, 2.649125917900374 ], [ -75.895923002755424, 2.649087321474135 ], [ -75.895969041374812, 2.649047501532267 ], [ -75.896059342068298, 2.648977204757255 ], [ -75.896285856770149, 2.648812597125638 ], [ -75.89634373129833, 2.648766960138176 ], [ -75.896393627288873, 2.648724172701646 ], [ -75.89644144478703, 2.648678577328062 ], [ -75.896483002028134, 2.648633445722555 ], [ -75.896518930626812, 2.648588088838368 ], [ -75.896549536168962, 2.648542114238103 ], [ -75.896618255631637, 2.648426598972174 ], [ -75.896667094265851, 2.648338373895854 ], [ -75.896706756068738, 2.648258119432636 ], [ -75.896737068688651, 2.648185737362065 ], [ -75.896758970518746, 2.648118400291217 ], [ -75.896766460926088, 2.648087246516413 ], [ -75.896771657683118, 2.648057717370261 ], [ -75.896774566172937, 2.648029776107003 ], [ -75.896775186027398, 2.648003415061535 ], [ -75.896773517562053, 2.647978619428168 ], [ -75.896769560056626, 2.647955379179815 ], [ -75.896762967352942, 2.64793285417044 ], [ -75.896753479811522, 2.647910599622368 ], [ -75.896741079002467, 2.647888571813906 ], [ -75.896725733613025, 2.647866714836746 ], [ -75.896707425341305, 2.647844993796909 ], [ -75.896686065947293, 2.647823296751676 ], [ -75.896661560947237, 2.647801526853511 ], [ -75.896633748424946, 2.647779539760882 ], [ -75.89658467695017, 2.647745330984679 ], [ -75.896525684010186, 2.647708979944128 ], [ -75.896460362837217, 2.64767213443184 ], [ -75.896278382515476, 2.647573702600423 ], [ -75.896226332647842, 2.647543220909707 ], [ -75.896182825863093, 2.647515320556807 ], [ -75.896078916667605, 2.647446252675783 ], [ -75.895973108359797, 2.647378488597445 ], [ -75.895865472693615, 2.647312074287484 ], [ -75.895756087154226, 2.647247057567538 ], [ -75.895645026872742, 2.647183483289885 ], [ -75.895532384198916, 2.647121404510888 ], [ -75.895418249437171, 2.647060871010483 ], [ -75.895302719321279, 2.647001934104891 ], [ -75.895238345373713, 2.646971238375931 ], [ -75.895165418400552, 2.646939346801479 ], [ -75.894913485106386, 2.646838180112952 ], [ -75.894818144966081, 2.646797758432205 ], [ -75.894724272487124, 2.646753283497848 ], [ -75.894642645919731, 2.646708561746469 ], [ -75.894564471613876, 2.646658524880693 ], [ -75.894485876783179, 2.646600805841369 ], [ -75.89440584863614, 2.646534675045593 ], [ -75.8943222831859, 2.646458400218772 ], [ -75.894331205880349, 2.646030093548031 ], [ -75.893950492186391, 2.64555420159527 ], [ -75.892871426801534, 2.645292746689656 ], [ -75.892768076454118, 2.645222458433427 ], [ -75.892675978055337, 2.64515506909209 ], [ -75.89259225957494, 2.645088471585748 ], [ -75.892515732320248, 2.645021705793615 ], [ -75.892262849659716, 2.644797448760785 ], [ -75.892155480427832, 2.644697367668837 ], [ -75.89210144411345, 2.644643142536931 ], [ -75.89205331967986, 2.644591405745109 ], [ -75.892010273550511, 2.64454125890862 ], [ -75.891971915357814, 2.644492242309207 ], [ -75.891971915359917, 2.644492243213136 ], [ -75.891375415382157, 2.643577548107402 ], [ -75.891411236726313, 2.643283017942801 ], [ -75.891855659055281, 2.643261502139641 ], [ -75.891889564120888, 2.643218255685887 ], [ -75.891929153320774, 2.643174770999392 ], [ -75.891973472237126, 2.643132097613174 ], [ -75.892021339707114, 2.643091374736911 ], [ -75.892071405694395, 2.643053742271133 ], [ -75.892122411653659, 2.643020138896533 ], [ -75.892173087668922, 2.642991399183856 ], [ -75.892222359977637, 2.642968130411194 ], [ -75.8922621391918, 2.64295467814497 ], [ -75.892305240867159, 2.642946537959357 ], [ -75.892352040939969, 2.642943633598227 ], [ -75.892403252536653, 2.642945918157512 ], [ -75.892455521931353, 2.642952692926033 ], [ -75.89251452561885, 2.642964216230544 ], [ -75.892576221809875, 2.642979137659283 ], [ -75.892747769206778, 2.643024336477077 ], [ -75.89279967272563, 2.643035928450713 ], [ -75.892845671241062, 2.643044153514718 ], [ -75.892897554965444, 2.643050202385669 ], [ -75.892944886862892, 2.643051763320074 ], [ -75.892988593506587, 2.643048864076176 ], [ -75.893029128206464, 2.643041468553907 ], [ -75.893083600906309, 2.643026375280879 ], [ -75.893139665426105, 2.643007661372929 ], [ -75.893196678892792, 2.6429855413749 ], [ -75.893253970651429, 2.642960275333041 ], [ -75.893310842669578, 2.64293217331969 ], [ -75.893366677073743, 2.642901542784548 ], [ -75.893420859644166, 2.642868721039943 ], [ -75.893472846186739, 2.642834038032962 ], [ -75.893521594782882, 2.642798245933281 ], [ -75.893567314333851, 2.642761251270397 ], [ -75.893609655273792, 2.642723337340372 ], [ -75.893648342413883, 2.64268475105723 ], [ -75.893683105178397, 2.6426457700374 ], [ -75.893713814377961, 2.642606547804402 ], [ -75.893740326954784, 2.642567267502442 ], [ -75.893762540306582, 2.642528081706725 ], [ -75.893779747443176, 2.642490475823559 ], [ -75.893794389376751, 2.642449807686215 ], [ -75.893806472653523, 2.6424060593495 ], [ -75.893816004947737, 2.642359203242265 ], [ -75.893822990897803, 2.642309227496666 ], [ -75.893827442920951, 2.642256057915305 ], [ -75.893829367031287, 2.64219962592466 ], [ -75.893828767335222, 2.642139816058367 ], [ -75.893046297564823, 2.642127777964609 ], [ -75.893018950410152, 2.640912586785947 ], [ -75.892998707693465, 2.640390770732212 ], [ -75.892689378542329, 2.639867290153673 ], [ -75.892662418386521, 2.641501298381006 ], [ -75.892142102539182, 2.642365723826271 ], [ -75.891268923626768, 2.641867999905611 ], [ -75.890785809486985, 2.64260366953352 ], [ -75.890214738568432, 2.642603669603341 ], [ -75.889310543557002, 2.642603669847851 ], [ -75.889048802448499, 2.643222329328062 ], [ -75.889929203591194, 2.643912373103816 ], [ -75.89011956046086, 2.644959336681227 ], [ -75.889762369144933, 2.645112740815392 ], [ -75.889875421933439, 2.644508310036223 ], [ -75.888715678634512, 2.644055141420798 ], [ -75.888215991257624, 2.643626837992445 ], [ -75.88831116967134, 2.642389518032315 ], [ -75.888453937252422, 2.641818448002681 ], [ -75.889643667826903, 2.641413939067882 ], [ -75.88845393767285, 2.641199787824601 ], [ -75.888066519958684, 2.641666885016763 ] ] ] } },
{ "type": "Feature", "properties": { "TIPO_VIA": 5, "ESTADO_SUP": "3306", "NUMERO_CAR": "Sin Valor", "ACCESIBILI": "3601", "NOMBRE_GEO": null, "PROYECTO": null, "SYMBOL": "2", "FECHA": null, "RULEID": 5, "PK_CUE": 2055981.0, "GLOBALID": "{7D819670-4ECC-42CB-B289-F7D1694E3CF5}", "EJE_VIAL": null, "SHAPE_Leng": 10771.715220599999 }, "geometry": { "type": "MultiLineString", "coordinates": [ [ [ -75.753598973719022, 2.70086836893065 ], [ -75.753652073266423, 2.700715179236577 ], [ -75.753500270315996, 2.700502655687124 ] ] ] } },
{ "type": "Feature", "properties": { "TIPO_VIA": 3, "ESTADO_SUP": "3301", "NUMERO_CAR": "3502", "ACCESIBILI": "3600", "NOMBRE_GEO": null, "PROYECTO": null, "SYMBOL": "2", "FECHA": null, "RULEID": 3, "PK_CUE": 2055984.0, "GLOBALID": "{64BA29E7-E250-4016-917D-A8B7150B0B50}", "EJE_VIAL": null, "SHAPE_Leng": 4952.2202522500002 }, "geometry": { "type": "MultiLineString", "coordinates": [ [ [ -75.8341602590706, 2.547713435767071 ], [ -75.834230633232323, 2.547933048467287 ], [ -75.834354365472677, 2.54807581624571 ], [ -75.834525686309789, 2.548161476385567 ], [ -75.83465893578456, 2.54812340557783 ], [ -75.834801703931049, 2.548047262188406 ], [ -75.835030132352927, 2.548009191257651 ], [ -75.835115792736389, 2.548104369865531 ], [ -75.835106274883685, 2.548294726139382 ], [ -75.835058685295024, 2.548599297706378 ], [ -75.835058685340869, 2.548856279521292 ], [ -75.835134827871769, 2.54902760020353 ], [ -75.835249042016983, 2.549027600307148 ], [ -75.835515542375234, 2.548837243382127 ], [ -75.835648791652389, 2.548694476184851 ], [ -75.835791559925298, 2.548732547650963 ], [ -75.83583914881045, 2.548846761143804 ], [ -75.835782041707489, 2.548989529599964 ], [ -75.835734452675709, 2.549160850383573 ], [ -75.835820113033208, 2.549389278540403 ], [ -75.835877219739004, 2.549560599632652 ], [ -75.835928541805472, 2.549692583969956 ], [ -75.836368741863012, 2.550216065412092 ], [ -75.836559098574156, 2.550537292571142 ], [ -75.836416331173282, 2.55123923412784 ], [ -75.836570996123768, 2.551453385340166 ], [ -75.837180414523559, 2.552138961139038 ], [ -75.837243325324025, 2.552250802640576 ], [ -75.837757270596356, 2.553011691417447 ], [ -75.838129542840477, 2.554273046448893 ], [ -75.839428564015691, 2.554817041415316 ], [ -75.839812688425482, 2.555354821426472 ], [ -75.8407727359359, 2.556122854302981 ], [ -75.841412775569466, 2.557210910743868 ], [ -75.841412776041807, 2.558554978564861 ], [ -75.841044382557371, 2.559519757911331 ], [ -75.841032485543849, 2.560055136636296 ], [ -75.840782641972822, 2.560590516198687 ], [ -75.840306749469747, 2.561090202691612 ], [ -75.839866549570203, 2.561518505398192 ], [ -75.839354965134916, 2.562018192358019 ], [ -75.839620682185512, 2.562267168130727 ], [ -75.839556676560548, 2.563035210449344 ], [ -75.839520157232087, 2.563729060371902 ], [ -75.839174436892009, 2.565526507394135 ], [ -75.839090502237141, 2.566995367227445 ], [ -75.839510176037962, 2.567813731178951 ], [ -75.839766197490192, 2.568347109676778 ], [ -75.839116656007334, 2.568819507385137 ], [ -75.838492623405031, 2.569587539613984 ], [ -75.837628577880281, 2.569779555331148 ], [ -75.836860537047556, 2.570259577621186 ], [ -75.836428518908662, 2.570883610731132 ], [ -75.835900489317595, 2.571459637720012 ], [ -75.835180453795729, 2.571843659141594 ], [ -75.83450842407585, 2.572275676036321 ], [ -75.834175787265806, 2.571832169285369 ], [ -75.833932387901129, 2.571507644383869 ], [ -75.833452364722916, 2.571267631550795 ], [ -75.832924343745262, 2.571555640843596 ], [ -75.832388174934223, 2.572130103749258 ], [ -75.832252305160225, 2.572275676397936 ], [ -75.832077015509697, 2.572655466312271 ], [ -75.831200627559554, 2.573311462657493 ], [ -75.830508164885359, 2.573961958428806 ], [ -75.830450309723702, 2.574647954435406 ], [ -75.829996186428616, 2.574771807171464 ], [ -75.829249142312761, 2.575661638528275 ], [ -75.829522520103154, 2.575908230814415 ], [ -75.829899637873226, 2.576920661036948 ], [ -75.830409010214012, 2.577815168562707 ], [ -75.830332209945183, 2.577987972919236 ], [ -75.829948189347647, 2.578083976190064 ], [ -75.829228154156723, 2.577555947084136 ], [ -75.829194894821356, 2.577526845824011 ] ] ] } },
{ "type": "Feature", "properties": { "TIPO_VIA": 4, "ESTADO_SUP": "3306", "NUMERO_CAR": "3502", "ACCESIBILI": "3600", "NOMBRE_GEO": null, "PROYECTO": null, "SYMBOL": "2", "FECHA": null, "RULEID": 4, "PK_CUE": 2053404.0, "GLOBALID": "{00FE3DD8-3D5A-4441-BCE8-E8678866ABE5}", "EJE_VIAL": "La Plata - Paez Belalcazar", "SHAPE_Leng": 39999.850068300002 }, "geometry": { "type": "MultiLineString", "coordinates": [ [ [ -75.972620197930866, 2.561635571637789 ], [ -75.972599505838488, 2.561658532861323 ], [ -75.972148129616556, 2.562159407157977 ], [ -75.971741048778114, 2.562681624063398 ], [ -75.971374518988398, 2.563151811026081 ], [ -75.9711409612637, 2.563488845383745 ], [ -75.970092385507428, 2.564642600846191 ], [ -75.969021627335124, 2.567497953941642 ], [ -75.968712298028109, 2.569163576591589 ], [ -75.969073252353922, 2.569942036398161 ], [ -75.969363631050598, 2.570568286735743 ], [ -75.969428542925428, 2.570751586144846 ], [ -75.969607604072976, 2.571152682839194 ], [ -75.969620728774743, 2.571182094346015 ], [ -75.969906742978395, 2.571382570894556 ], [ -75.970112512199577, 2.571526795659502 ], [ -75.97081824604993, 2.571871685943155 ], [ -75.971695370144872, 2.571937001961523 ], [ -75.972401400701187, 2.571937612699951 ], [ -75.973107431726078, 2.571938232984126 ], [ -75.973570261764024, 2.572058005888997 ], [ -75.973941643352177, 2.572154124911459 ], [ -75.974316528111274, 2.572224284124132 ], [ -75.974836859306507, 2.572584507958128 ], [ -75.975848129341131, 2.573179381269234 ], [ -75.976680939315813, 2.573774246076666 ], [ -75.977632730612356, 2.574250137180426 ], [ -75.978465541124393, 2.574250136931048 ], [ -75.97912597427765, 2.575042658156247 ], [ -75.979357837905127, 2.575320893235762 ], [ -75.97971475593279, 2.575975244287969 ], [ -75.979833729130362, 2.576748567993872 ], [ -75.980077406036969, 2.577479607833942 ], [ -75.980077119066621, 2.577818433988805 ], [ -75.980012511961149, 2.5783132711714 ], [ -75.979904408760589, 2.578391685133414 ], [ -75.979873694795643, 2.578413972249726 ], [ -75.978942186653669, 2.578979372111788 ], [ -75.978991504913026, 2.579053895802867 ], [ -75.978997657655739, 2.579063202705441 ], [ -75.979198592648942, 2.579366905268172 ], [ -75.979561772975259, 2.579991216323741 ], [ -75.97963831019149, 2.580089348450564 ], [ -75.979760578886754, 2.580246131049008 ], [ -75.980031950603319, 2.580594102897948 ], [ -75.980395275388773, 2.581046270180035 ], [ -75.980779888579121, 2.581627570124772 ], [ -75.980827534980747, 2.58170224657649 ], [ -75.980972172816749, 2.581928971665478 ], [ -75.98135698393466, 2.582295098758993 ], [ -75.981834088801818, 2.5824715098735 ], [ -75.981998632851045, 2.582532344396729 ], [ -75.98225039528711, 2.582737672403197 ], [ -75.982640210307835, 2.582855655600455 ], [ -75.983455557135542, 2.583436767874586 ], [ -75.983886236204768, 2.583936392582146 ], [ -75.9842160875926, 2.584476487046535 ], [ -75.984520032652654, 2.584974188799968 ], [ -75.984830157468238, 2.585625878840815 ], [ -75.984949130011103, 2.586434895541744 ], [ -75.98502051435915, 2.587101144179333 ], [ -75.985115692663527, 2.588671588599874 ], [ -75.985258460099203, 2.589766140286339 ], [ -75.985353638885584, 2.590527568248855 ], [ -75.985377433486832, 2.591574531309944 ], [ -75.98521087106549, 2.592621494008493 ], [ -75.985091897682878, 2.593454304836122 ], [ -75.98504430836492, 2.594025375823294 ], [ -75.985044308485328, 2.594881981917888 ], [ -75.985020513631412, 2.595453052511273 ], [ -75.984663595292389, 2.596500015426053 ], [ -75.984378059474764, 2.596904524044399 ], [ -75.984282881248049, 2.597261442352376 ], [ -75.98437805991594, 2.597689745920033 ], [ -75.984497032787189, 2.598022870489192 ], [ -75.984497032865761, 2.598355994881945 ], [ -75.984306676062701, 2.59883188660239 ], [ -75.984306675870485, 2.599212601161077 ], [ -75.984401854091118, 2.599593314433418 ], [ -75.984639799864098, 2.600188180156191 ], [ -75.984616006047631, 2.60071166093413 ], [ -75.984734978506296, 2.601377910282486 ], [ -75.984734978641228, 2.601853802149932 ], [ -75.984616005595853, 2.602615230419523 ], [ -75.984497032580109, 2.603281479540133 ], [ -75.98437805920608, 2.604233263091343 ], [ -75.984331720108514, 2.605022430339682 ], [ -75.984259086591649, 2.605922680411043 ], [ -75.984259086866345, 2.606350984158764 ], [ -75.984330470586954, 2.606684108300096 ], [ -75.984425648500604, 2.607183794778219 ], [ -75.98430667570382, 2.607945222860289 ], [ -75.984378059546401, 2.608611472167581 ], [ -75.984378059925348, 2.609134953347677 ], [ -75.984378059653253, 2.609658434526166 ], [ -75.984306676039552, 2.610396067625561 ], [ -75.984282881319501, 2.611371646129029 ], [ -75.984235292007526, 2.611895128059811 ], [ -75.984163908258438, 2.612394814442246 ], [ -75.984092523893139, 2.612942090996529 ], [ -75.984211497090214, 2.613180036462364 ], [ -75.984663595259548, 2.61477427614072 ], [ -75.984853952153486, 2.615297757212356 ], [ -75.984853951499403, 2.615678470605582 ], [ -75.984901540889012, 2.61601159570589 ], [ -75.98487774630118, 2.616320925337364 ], [ -75.984996719414724, 2.616582665669076 ], [ -75.985139486835109, 2.616844406803725 ], [ -75.985139486634978, 2.617010968866881 ], [ -75.98504430882376, 2.617320298578424 ], [ -75.984972924725014, 2.617677218362429 ], [ -75.984282881412938, 2.618914537776341 ], [ -75.983898981448178, 2.619823505546861 ], [ -75.983389153053892, 2.620288805272135 ], [ -75.982850523049663, 2.620984002183824 ], [ -75.982652355139251, 2.621087765791569 ], [ -75.981966213229967, 2.621447001998524 ], [ -75.981313407301698, 2.62192358613693 ], [ -75.98069719921331, 2.622373452766831 ], [ -75.980281162344468, 2.622662567085063 ], [ -75.980197295084551, 2.622720849247393 ], [ -75.979721893341377, 2.623001521136167 ], [ -75.978754483159108, 2.623472803825871 ], [ -75.9783023854378, 2.623948695689754 ], [ -75.977342035424442, 2.626819278715167 ], [ -75.977063090865599, 2.627098222888636 ], [ -75.976634784418835, 2.627621706672211 ], [ -75.97606371584429, 2.62819277454869 ], [ -75.975232880274717, 2.628969358692905 ], [ -75.975273725781406, 2.630119205533371 ], [ -75.974969162584046, 2.630667417910449 ], [ -75.974255326417818, 2.631428847666472 ], [ -75.973636665343989, 2.631428848433028 ], [ -75.973351127351961, 2.631904740246237 ], [ -75.973113180784466, 2.632713754246535 ], [ -75.972922828033035, 2.633332414009944 ], [ -75.972208991132305, 2.633998659051322 ], [ -75.971399967767312, 2.634664912410142 ], [ -75.970448184598368, 2.6349980349802 ], [ -75.969686763650358, 2.635473925764172 ], [ -75.968497025525579, 2.635569102857423 ], [ -75.968163903787271, 2.636092586868562 ], [ -75.968677749933448, 2.636290219164003 ], [ -75.969950477353592, 2.636559838775727 ], [ -75.970592931167687, 2.636797784795414 ], [ -75.97035498534764, 2.637178498614762 ], [ -75.969829523876939, 2.637644753255955 ], [ -75.969829523647718, 2.638091338433083 ], [ -75.969877116602945, 2.638757582710371 ], [ -75.970353009100791, 2.639519013161529 ], [ -75.970686131025857, 2.640232850058363 ], [ -75.970686131164356, 2.640437828104125 ], [ -75.970686130528833, 2.640851510790509 ], [ -75.970781316320156, 2.641708117381758 ], [ -75.970353009172641, 2.642421954969253 ], [ -75.969737922662034, 2.642648564264497 ], [ -75.969606931021218, 2.642937685710307 ], [ -75.969590914298962, 2.64294840329802 ] ] ] } },
{ "type": "Feature", "properties": { "TIPO_VIA": 4, "ESTADO_SUP": "3306", "NUMERO_CAR": "3502", "ACCESIBILI": "3600", "NOMBRE_GEO": null, "PROYECTO": null, "SYMBOL": "2", "FECHA": null, "RULEID": 4, "PK_CUE": 2056056.0, "GLOBALID": "{C08C74A9-2577-408C-A22C-83767F5F8A55}", "EJE_VIAL": null, "SHAPE_Leng": 4871.5395018400004 }, "geometry": { "type": "MultiLineString", "coordinates": [ [ [ -75.829062151107649, 2.477049170700382 ], [ -75.829370527928688, 2.476935194357844 ], [ -75.829478245240409, 2.476588471289637 ], [ -75.829462695075989, 2.476388416378415 ], [ -75.829462003392763, 2.475914868709465 ], [ -75.829467239843851, 2.475599110720219 ], [ -75.829470330996699, 2.475412503903167 ], [ -75.829599885704809, 2.475050410919303 ], [ -75.829797810998812, 2.474883333764939 ], [ -75.83007207598601, 2.474784132718982 ], [ -75.830215338739322, 2.474908693128886 ], [ -75.830256212796513, 2.474944221755221 ], [ -75.830149285693864, 2.475133991127101 ], [ -75.830156958350756, 2.475346477963273 ], [ -75.830362617980455, 2.475318972359246 ], [ -75.830538067810238, 2.475147348548811 ], [ -75.830843810144117, 2.475036308261713 ], [ -75.831140352605274, 2.475158084044845 ], [ -75.831346893305309, 2.475391089307545 ], [ -75.831351286228738, 2.475445139893886 ], [ -75.83137800216555, 2.475773123591523 ], [ -75.831392420101295, 2.475988441385723 ], [ -75.831415776171994, 2.476243877063897 ], [ -75.831439123396009, 2.476514576255278 ], [ -75.831552247565924, 2.476917587006447 ], [ -75.831605805745852, 2.477333543119065 ], [ -75.831644899942305, 2.477589562279531 ], [ -75.831675048183612, 2.477792465413657 ], [ -75.831636474017145, 2.478195332193259 ], [ -75.831591163346189, 2.478590851572589 ], [ -75.831584057139864, 2.478986973078221 ], [ -75.831521920591939, 2.479348581087036 ], [ -75.831835280034412, 2.479511616211149 ], [ -75.832056651773129, 2.479506738296772 ], [ -75.832292630852876, 2.479499605140975 ], [ -75.832536487232701, 2.479481746588008 ], [ -75.833074281823826, 2.479448113650013 ], [ -75.833476017223305, 2.479422996924753 ], [ -75.833818679821491, 2.479401562625794 ], [ -75.834406392732291, 2.479364813303584 ], [ -75.835191915570149, 2.479298867931361 ], [ -75.835596454812304, 2.479282851156612 ], [ -75.835809957322326, 2.479273445394844 ], [ -75.836123460142275, 2.479283902020782 ], [ -75.836367352578094, 2.479216322024491 ], [ -75.836565225208417, 2.47910349294186 ], [ -75.836832805628063, 2.478944941152036 ], [ -75.8371374693983, 2.478790385410605 ], [ -75.837419575811992, 2.478720576992561 ], [ -75.837648852913588, 2.478672760176001 ], [ -75.837931041211107, 2.478518743738732 ], [ -75.838114369347323, 2.478329046815527 ], [ -75.838236244321465, 2.477765201059074 ], [ -75.838373676620463, 2.477396883404044 ], [ -75.838495219134629, 2.477182256572167 ], [ -75.838602137336409, 2.477003232227676 ], [ -75.838854113924839, 2.476709052240608 ], [ -75.839075692728088, 2.476473612236206 ], [ -75.83936588367051, 2.476152904620774 ], [ -75.839747128783671, 2.47581024159822 ], [ -75.840227278855096, 2.475439426791074 ], [ -75.840571199016239, 2.475360051740396 ], [ -75.840784755158978, 2.475296406349793 ], [ -75.840967993652697, 2.475208415741541 ], [ -75.841181603930337, 2.47509051178469 ], [ -75.841486259030418, 2.474931996397076 ], [ -75.84169190128577, 2.474923147140663 ], [ -75.841890833004499, 2.474882076199578 ], [ -75.842127961147355, 2.474847822812128 ], [ -75.842516806207357, 2.474790555561587 ], [ -75.842776410001974, 2.474752359370796 ], [ -75.843142770388852, 2.47471144068006 ], [ -75.843423691167743, 2.474705485126244 ], [ -75.843622461306992, 2.474837905762596 ], [ -75.843783026176467, 2.474975366061838 ], [ -75.843927834658757, 2.475138805720444 ], [ -75.844096232626995, 2.475303403910796 ], [ -75.844286028625191, 2.475425637943603 ], [ -75.844545453093033, 2.475580714271649 ], [ -75.844957753217884, 2.475682240806173 ], [ -75.845309462185369, 2.475688780861995 ], [ -75.845567817223355, 2.4757879186073 ], [ -75.845820440642939, 2.476018695634429 ], [ -75.846201246190432, 2.476149590393222 ], [ -75.846460831959874, 2.476135692585258 ], [ -75.846725834637823, 2.476163532252103 ], [ -75.846781054855796, 2.476169325709187 ], [ -75.847063996750492, 2.476417664695972 ], [ -75.847170555153468, 2.476621761893125 ], [ -75.847361393129802, 2.476829892895156 ], [ -75.847567089772667, 2.476754353879007 ], [ -75.847696600193188, 2.47645610389837 ], [ -75.848063005106212, 2.476360937012676 ], [ -75.848276498102919, 2.476365653280226 ], [ -75.848513510221039, 2.476453462623676 ], [ -75.84867403916877, 2.47663161673094 ], [ -75.848764876366928, 2.476835130093793 ], [ -75.848902804051065, 2.477145489328629 ], [ -75.848979043590035, 2.4773371272864 ], [ -75.849092339147163, 2.477558749655079 ], [ -75.849222540914042, 2.477712577674385 ], [ -75.849397730229484, 2.477834227846905 ], [ -75.849658313606653, 2.477952005889442 ], [ -75.849940276653285, 2.478042116329011 ], [ -75.849946425375222, 2.478083014159093 ], [ -75.849973163788988, 2.478260873359962 ], [ -75.849986073037002, 2.47834674271341 ], [ -75.849756849617904, 2.478338056640308 ], [ -75.849527654047222, 2.478299985626346 ], [ -75.849314187280939, 2.478261367968521 ], [ -75.849039984997532, 2.478291066101695 ], [ -75.848826248793003, 2.478552503127984 ], [ -75.848833921365951, 2.478764989994129 ], [ -75.848894386230114, 2.479000690020775 ], [ -75.848886112723761, 2.479012233353822 ] ] ] } },
{ "type": "Feature", "properties": { "TIPO_VIA": 2, "ESTADO_SUP": "3306", "NUMERO_CAR": "3501", "ACCESIBILI": "3600", "NOMBRE_GEO": null, "PROYECTO": null, "SYMBOL": "2", "FECHA": null, "RULEID": 2, "PK_CUE": 2056126.0, "GLOBALID": "{B7127155-2815-4FD7-AD35-1EFD7DC6EA5A}", "EJE_VIAL": null, "SHAPE_Leng": 179.01884451500001 }, "geometry": { "type": "MultiLineString", "coordinates": [ [ [ -75.848652155766374, 2.480627394758144 ], [ -75.848985897628779, 2.480936784229491 ], [ -75.849207125722685, 2.481086165145816 ], [ -75.849405932094356, 2.481187504197374 ], [ -75.849673576407312, 2.480958882749291 ], [ -75.849822327758361, 2.480941266821935 ], [ -75.849985991928932, 2.480921872121179 ] ] ] } },
{ "type": "Feature", "properties": { "TIPO_VIA": 2, "ESTADO_SUP": "3306", "NUMERO_CAR": "3501", "ACCESIBILI": "3600", "NOMBRE_GEO": null, "PROYECTO": null, "SYMBOL": "2", "FECHA": null, "RULEID": 2, "PK_CUE": 2056128.0, "GLOBALID": "{AE317167-5E24-44EE-946D-C23CE2A6565A}", "EJE_VIAL": null, "SHAPE_Leng": 6854.9981374299996 }, "geometry": { "type": "MultiLineString", "coordinates": [ [ [ -75.849946425375222, 2.478083014159093 ], [ -75.850367236802981, 2.478086582156176 ], [ -75.850665019970407, 2.478089106608087 ], [ -75.850977381570459, 2.478109184015956 ], [ -75.851282998137407, 2.478141100554056 ], [ -75.851557127810992, 2.478192781433898 ], [ -75.851816588076218, 2.478321293802873 ], [ -75.851999620106696, 2.478466120775416 ], [ -75.85233540075771, 2.478687384764125 ], [ -75.852625180269015, 2.478830054739269 ], [ -75.852892689426895, 2.478752881238705 ], [ -75.852944360311966, 2.478717567551225 ], [ -75.853144549963162, 2.478580755347313 ], [ -75.853358069681761, 2.478560039438829 ], [ -75.853670449991327, 2.478559760823229 ], [ -75.853937824824854, 2.478636853944713 ], [ -75.854174880726148, 2.478683979878098 ], [ -75.854464750179858, 2.478726623313776 ], [ -75.854807465587413, 2.478742190818445 ], [ -75.855081658862488, 2.478721530133475 ], [ -75.855502016134565, 2.478615114595001 ], [ -75.855822417946584, 2.478447570277252 ], [ -75.856074216280746, 2.478346653948722 ], [ -75.856562001211302, 2.478229549246159 ], [ -75.856821622696799, 2.47818006142107 ], [ -75.856964859896252, 2.478154935366091 ], [ -75.857081237304627, 2.478134524739404 ], [ -75.857393652991036, 2.478096383417565 ], [ -75.857638650335048, 2.478057611901517 ], [ -75.857851030160376, 2.478064026284835 ], [ -75.858080235221848, 2.478086268378866 ], [ -75.858301382081308, 2.478339638296953 ], [ -75.858653055165121, 2.478384588993896 ], [ -75.858981254088562, 2.478294478551761 ], [ -75.859133086878799, 2.478134696207713 ], [ -75.859438819696834, 2.478038343087428 ], [ -75.859706204027589, 2.478099050722284 ], [ -75.859942082868969, 2.478210020128255 ], [ -75.860155487084938, 2.478311933739642 ], [ -75.860658660312311, 2.478580243133832 ], [ -75.860987712766317, 2.478790196815488 ], [ -75.861231398746952, 2.478972949995101 ], [ -75.861438020787972, 2.479117793566178 ], [ -75.8619108039222, 2.479445409714388 ], [ -75.861931870006572, 2.479462307423358 ], [ -75.86224654863716, 2.479714698296783 ], [ -75.86243103592345, 2.479890605732922 ], [ -75.86244527520779, 2.479904189047452 ], [ -75.862466070919837, 2.479911124050021 ], [ -75.862696902116127, 2.479988046316758 ], [ -75.862955301720149, 2.480044227183989 ], [ -75.863230572982161, 2.480085163306682 ], [ -75.86352046838492, 2.480100119828733 ], [ -75.863856456340869, 2.480099860191492 ], [ -75.86396540360991, 2.480111394120792 ], [ -75.866054210860355, 2.481163591227282 ], [ -75.868229904314731, 2.481344898178224 ], [ -75.868427371648394, 2.481183335672848 ], [ -75.869227096538268, 2.480529012123425 ], [ -75.870949517569315, 2.480438363060703 ], [ -75.871282954258405, 2.480438362803862 ], [ -75.872853245132788, 2.480438363095231 ], [ -75.873097884318696, 2.479875693804034 ], [ -75.873314457826567, 2.479377578163816 ], [ -75.873467594400609, 2.47902534899066 ], [ -75.873759779772556, 2.478353318657312 ], [ -75.874847631182504, 2.477356134709976 ], [ -75.87493724716748, 2.477176894126745 ], [ -75.875028516015561, 2.476994365964878 ], [ -75.875085908587081, 2.476879579365691 ], [ -75.875391551858471, 2.476268284115374 ], [ -75.875300894054817, 2.475361749643552 ], [ -75.876116780358672, 2.474636521757816 ], [ -75.876116779842675, 2.473639328936965 ], [ -75.876559532928439, 2.472488200967891 ], [ -75.876570051999352, 2.47246083768233 ], [ -75.876701277861358, 2.472172128345056 ], [ -75.877023324041772, 2.47146363627085 ], [ -75.877119622642965, 2.470813659890983 ], [ -75.877319902499025, 2.469461736283109 ], [ -75.877553568611347, 2.469287632572956 ], [ -75.877904999964102, 2.46849692197293 ], [ -75.879052629218151, 2.468038415304071 ], [ -75.879254883435308, 2.467253192940257 ], [ -75.879052629613454, 2.466658327999701 ], [ -75.878572208197653, 2.466244504601387 ], [ -75.877833999245553, 2.46599843271861 ], [ -75.877782489702753, 2.465981263407234 ], [ -75.877483844922395, 2.465751536918959 ], [ -75.877308656413547, 2.465770670926414 ], [ -75.876834820855052, 2.465296844779711 ], [ -75.876887472384396, 2.464928302739751 ], [ -75.877150713844117, 2.464559769410985 ], [ -75.877361305594633, 2.463717400879771 ], [ -75.877308656008267, 2.463032982731392 ], [ -75.876992771862845, 2.461980022565227 ], [ -75.876887472380929, 2.460716471094084 ], [ -75.876413646401005, 2.459031733754955 ], [ -75.876203054166865, 2.457978773702539 ], [ -75.876203053898436, 2.456820521560345 ], [ -75.876203054155397, 2.454977843679766 ], [ -75.875992462203627, 2.45318781617279 ], [ -75.875834511121269, 2.451661020757865 ], [ -75.87567657014587, 2.450502770384173 ], [ -75.875465976591784, 2.448712741953633 ], [ -75.875465976725636, 2.44729123897445 ] ] ] } },
{ "type": "Feature", "properties": { "TIPO_VIA": 5, "ESTADO_SUP": "3306", "NUMERO_CAR": "Sin Valor", "ACCESIBILI": "3601", "NOMBRE_GEO": null, "PROYECTO": null, "SYMBOL": "2", "FECHA": null, "RULEID": 5, "PK_CUE": 2056210.0, "GLOBALID": "{22651E08-7DDB-4579-8242-64CAFE4DBC88}", "EJE_VIAL": null, "SHAPE_Leng": 25514.158449499999 }, "geometry": { "type": "MultiLineString", "coordinates": [ [ [ -75.829073095909607, 2.578610667892089 ], [ -75.829050969980841, 2.578651575978835 ], [ -75.829032752441009, 2.578691655394494 ], [ -75.829018443297912, 2.578730906122694 ], [ -75.829008042557774, 2.578769328147309 ], [ -75.829001550225144, 2.578806921452638 ], [ -75.828998966303033, 2.578843686023121 ], [ -75.829000290792706, 2.578879621843635 ], [ -75.82900552369388, 2.578914728899574 ], [ -75.829010655083138, 2.578933215853527 ], [ -75.829018450557825, 2.578951941254195 ], [ -75.829028989724137, 2.578971103986663 ], [ -75.829042477132589, 2.57899107886765 ], [ -75.829072186217473, 2.57902734017224 ], [ -75.82915483259886, 2.579117232878414 ], [ -75.829175445263459, 2.579143580284921 ], [ -75.829191341191887, 2.579168108090762 ], [ -75.829223569620041, 2.579230395544673 ], [ -75.82925177056741, 2.579298194610127 ], [ -75.829276223395865, 2.579372159086352 ], [ -75.829297374209702, 2.579453627875943 ], [ -75.829312948844489, 2.579529136257813 ], [ -75.829327276742575, 2.579614672373466 ], [ -75.829363626268474, 2.579888028467617 ], [ -75.829377156800206, 2.579978944897365 ], [ -75.829431602707061, 2.580311114874805 ], [ -75.829446454527798, 2.580419146408572 ], [ -75.829457153764821, 2.580516342746686 ], [ -75.829464542350053, 2.580613716666923 ], [ -75.82946772815562, 2.580705017843826 ], [ -75.829466757064651, 2.580791616924765 ], [ -75.829461617100876, 2.580874241884567 ], [ -75.829449455306246, 2.580999789789157 ], [ -75.829437334098515, 2.581098799899615 ], [ -75.829423245654525, 2.581187630341629 ], [ -75.829406832501022, 2.581267940146679 ], [ -75.829387231824469, 2.581343204866485 ], [ -75.82936460313455, 2.581412148859656 ], [ -75.829338762020726, 2.581475329846462 ], [ -75.829309586253657, 2.581533040349506 ], [ -75.829292473292185, 2.581560877188418 ], [ -75.829272254513498, 2.581588889846163 ], [ -75.829248777398007, 2.581617292821504 ], [ -75.829221730281034, 2.581646464686135 ], [ -75.829156942427886, 2.581707528106579 ], [ -75.829018418426472, 2.58182452104873 ], [ -75.82896402781725, 2.581873573518968 ], [ -75.828936652662733, 2.581901000070546 ], [ -75.828913250526213, 2.58192705976448 ], [ -75.828893325209165, 2.581952307262248 ], [ -75.828876652053154, 2.581977032159922 ], [ -75.828850744190717, 2.582025057443746 ], [ -75.828831502879638, 2.582074106339743 ], [ -75.828818901808347, 2.582124245407267 ], [ -75.828812920628351, 2.582175554961963 ], [ -75.828813547050899, 2.582228100866376 ], [ -75.828820778196047, 2.582282014465488 ], [ -75.828834630081218, 2.582337418483386 ], [ -75.828855141880254, 2.582394470946378 ], [ -75.828873662440643, 2.582435828835058 ], [ -75.82889556951659, 2.582478181231077 ], [ -75.828920910327824, 2.582521619787965 ], [ -75.828949753483883, 2.582566262359673 ], [ -75.828982146432097, 2.58261219005461 ], [ -75.82901824739244, 2.582659633909712 ], [ -75.829058216752173, 2.582708805485402 ], [ -75.829102306008693, 2.582760014663041 ], [ -75.829193059056195, 2.582858504492402 ], [ -75.82930239656541, 2.582969349500594 ], [ -75.829410719939659, 2.583074482276507 ], [ -75.829696278500762, 2.583346488397113 ], [ -75.830212367069322, 2.584401908949007 ], [ -75.830319442931867, 2.585579741795821 ], [ -75.83050979902346, 2.586400655549856 ], [ -75.830891057460391, 2.586780302570577 ], [ -75.830944856697613, 2.586929718877767 ], [ -75.831025844110499, 2.587142578692343 ], [ -75.83114623606221, 2.587453057949662 ], [ -75.831240948458742, 2.587687147663575 ], [ -75.831331040735719, 2.587896886372152 ], [ -75.831418527157041, 2.588086460327673 ], [ -75.831604351544044, 2.589708106934501 ], [ -75.832586343024175, 2.589533098143523 ], [ -75.832496649051876, 2.590326766181889 ], [ -75.833388947660055, 2.590802658733212 ], [ -75.833019416326692, 2.591231051522625 ], [ -75.83367448247094, 2.591528394034071 ], [ -75.833353255578444, 2.591968594376011 ], [ -75.833960017999146, 2.592075669909166 ], [ -75.834090888035448, 2.592706227146262 ], [ -75.833876736384724, 2.593586628269858 ], [ -75.833625825475124, 2.593899166412329 ], [ -75.833527934539646, 2.593911714793279 ], [ -75.833405301960184, 2.593924042243683 ], [ -75.833344738832309, 2.593926278567629 ], [ -75.833280829132875, 2.593922078808111 ], [ -75.833212928590285, 2.59391140842186 ], [ -75.833139742241528, 2.593894067592517 ], [ -75.833075459214612, 2.593874895649635 ], [ -75.833003641813832, 2.593850245948722 ], [ -75.832769807554826, 2.593760308207351 ], [ -75.832686508266022, 2.593730115901575 ], [ -75.832606357738698, 2.593704872258893 ], [ -75.832534718940067, 2.593687041654721 ], [ -75.832462926258884, 2.59367521940483 ], [ -75.832429055523477, 2.593672221108489 ], [ -75.832396341769126, 2.593671144742305 ], [ -75.832364643305155, 2.593671988507235 ], [ -75.832333909249783, 2.593674756763888 ], [ -75.832304066907341, 2.593679456149878 ], [ -75.832275059844022, 2.593686095669808 ], [ -75.832220941092075, 2.593701642958134 ], [ -75.832166030464393, 2.593719668008103 ], [ -75.832111287880366, 2.593739854809498 ], [ -75.832057451599908, 2.593761930115549 ], [ -75.832005342001409, 2.593785545296748 ], [ -75.831955238898786, 2.593810560819747 ], [ -75.831907540020595, 2.593836777661345 ], [ -75.831862531375492, 2.593864038040252 ], [ -75.831821036553549, 2.593891785532458 ], [ -75.831782554312554, 2.593920293942393 ], [ -75.83174722283097, 2.593949460684209 ], [ -75.831715141647393, 2.593979203289555 ], [ -75.831686408954326, 2.594009427337553 ], [ -75.831661063360841, 2.594040088393173 ], [ -75.831639152288929, 2.594071128938445 ], [ -75.831620709163531, 2.594102501410888 ], [ -75.831601621382532, 2.594144728022171 ], [ -75.831586390242236, 2.594192116061511 ], [ -75.831574872341605, 2.594245092295535 ], [ -75.831566867233533, 2.594304565692614 ], [ -75.831562718588373, 2.594360374589955 ], [ -75.831560712299222, 2.594424093632761 ], [ -75.831562023817995, 2.594629554959517 ], [ -75.831561221825908, 2.594697365181595 ], [ -75.831560833947933, 2.594746446525655 ], [ -75.831562477643885, 2.594797877590719 ], [ -75.831571972853098, 2.594910417366479 ], [ -75.831586461004065, 2.595018556862361 ], [ -75.831627088678971, 2.595277503958614 ], [ -75.831635974454173, 2.595346414819671 ], [ -75.831642168899791, 2.595408366881502 ], [ -75.831646240041593, 2.595473166574722 ], [ -75.831647274031425, 2.595533749330883 ], [ -75.831645286489106, 2.595591123261282 ], [ -75.831640255702482, 2.595645824577413 ], [ -75.831625772594521, 2.595736910260511 ], [ -75.831604225120827, 2.595831374856614 ], [ -75.831575411391086, 2.59593013571302 ], [ -75.831538812988853, 2.596034982029963 ], [ -75.831501330209193, 2.596129839766801 ], [ -75.831456036596265, 2.596235076440277 ], [ -75.831304448271069, 2.596562468788184 ], [ -75.831256118203029, 2.596670199557872 ], [ -75.831209617709888, 2.596772610760698 ], [ -75.831157880026254, 2.596878208743053 ], [ -75.83110035987815, 2.596988116295531 ], [ -75.831035906619803, 2.597104536476729 ], [ -75.830912470578355, 2.597314885558182 ], [ -75.830621261630938, 2.597792582906467 ], [ -75.830552070964799, 2.597910549353565 ], [ -75.830491235509768, 2.598018367687672 ], [ -75.830437641470596, 2.598117856990801 ], [ -75.830388992065977, 2.598213120746152 ], [ -75.830344668664708, 2.598305372489656 ], [ -75.830304335169387, 2.598395315869596 ], [ -75.83026678536595, 2.598485114970108 ], [ -75.830227316696082, 2.598585173486412 ], [ -75.830076033797383, 2.598993040486608 ], [ -75.830006903324019, 2.599168640416782 ], [ -75.829960804188488, 2.599276184414038 ], [ -75.829911095545313, 2.599384724125091 ], [ -75.829857672335663, 2.599494489443419 ], [ -75.829800389652434, 2.599605778453511 ], [ -75.829739156310353, 2.599718780757292 ], [ -75.829673649527763, 2.599834103447887 ], [ -75.82960356236616, 2.599952288357466 ], [ -75.829528410668473, 2.600074152807899 ], [ -75.829395091634566, 2.600280809226198 ], [ -75.829241282017676, 2.600508502288716 ], [ -75.829089983545742, 2.600725544200003 ], [ -75.82871887356859, 2.601250301856975 ], [ -75.828530813979953, 2.601523595023898 ], [ -75.828438385021641, 2.601662700573343 ], [ -75.828353692601269, 2.601794193648269 ], [ -75.828275299622078, 2.601920307893836 ], [ -75.828202467577796, 2.602042236310679 ], [ -75.828127595673948, 2.602173563158262 ], [ -75.828058362886864, 2.602301778562387 ], [ -75.827994394452688, 2.602427577569714 ], [ -75.82793544468106, 2.602551444918974 ], [ -75.827881262344292, 2.602673921832502 ], [ -75.82783176751434, 2.602795203748273 ], [ -75.827786844546964, 2.602915574505103 ], [ -75.827746410027757, 2.603035258264894 ], [ -75.826857326864015, 2.604460765234703 ], [ -75.827142862435139, 2.605912236242337 ], [ -75.827524864741946, 2.606260029424104 ], [ -75.82752594137699, 2.606452861361511 ], [ -75.827524324492444, 2.606653879174318 ], [ -75.827520002136254, 2.606864877307156 ], [ -75.82751290721292, 2.607089193290063 ], [ -75.827491795265985, 2.607559440030268 ], [ -75.827448977167066, 2.608329560111932 ], [ -75.827444158178835, 2.608394978753349 ], [ -75.827436523151135, 2.608467286435771 ], [ -75.827391098364245, 2.608793197819085 ], [ -75.827382244540303, 2.608870210123543 ], [ -75.82737645607871, 2.60893875279261 ], [ -75.827373147426883, 2.609017548583759 ], [ -75.827374194169437, 2.609090138235551 ], [ -75.827379620577389, 2.609157998238895 ], [ -75.827389491290845, 2.609221857032361 ], [ -75.827406051978514, 2.609298097622177 ], [ -75.827426217637111, 2.609375822811736 ], [ -75.827449670387665, 2.609453810628897 ], [ -75.827476095463339, 2.609531016955417 ], [ -75.827505086771396, 2.60960629479023 ], [ -75.827536420536347, 2.60967909910257 ], [ -75.827569812616616, 2.60974877115884 ], [ -75.827605022221547, 2.609814810139529 ], [ -75.827641269474455, 2.60987590827005 ], [ -75.827678876608019, 2.609932756476828 ], [ -75.827717672395053, 2.60998509649128 ], [ -75.827757515660323, 2.610032738506574 ], [ -75.827798243811657, 2.610075495092382 ], [ -75.827839777124012, 2.610113289453463 ], [ -75.827882013876987, 2.61014602927472 ], [ -75.827924869359421, 2.610173649183126 ], [ -75.827958863003857, 2.610191645276892 ], [ -75.82799538029839, 2.610207629835087 ], [ -75.828034464086187, 2.610221621742561 ], [ -75.828076173901366, 2.610233642407151 ], [ -75.828120547232203, 2.610243705859177 ], [ -75.828167716798191, 2.610251845177027 ], [ -75.828217807789741, 2.610258082328593 ], [ -75.828271013469788, 2.610262441614046 ], [ -75.828379833136935, 2.610265624593958 ], [ -75.828503891334421, 2.610262388489921 ], [ -75.828635297633468, 2.610253836164616 ], [ -75.828876651924304, 2.610233135378778 ], [ -75.828940285435365, 2.610225068422536 ], [ -75.829012451770893, 2.610210303907595 ], [ -75.82908451064803, 2.610191706003359 ], [ -75.829265131385228, 2.61014061849311 ], [ -75.829315491850096, 2.610128217405796 ], [ -75.829359901868983, 2.610119078958702 ], [ -75.829408805482487, 2.610111784417157 ], [ -75.829453110729588, 2.610108561899279 ], [ -75.829493696870955, 2.610109349853969 ], [ -75.829531002755019, 2.610114161903972 ], [ -75.829556569328503, 2.61012002115464 ], [ -75.829581832440056, 2.610127773023879 ], [ -75.829606794497934, 2.610137418246808 ], [ -75.829631458293719, 2.610148957898581 ], [ -75.829679902217819, 2.610177725703342 ], [ -75.829727194081983, 2.610214094040835 ], [ -75.82977334976006, 2.610258069788161 ], [ -75.829818435776431, 2.61030971096603 ], [ -75.829862507085139, 2.610369079771448 ], [ -75.829905646329621, 2.610436287017356 ], [ -75.829946374484564, 2.610508509209519 ], [ -75.829986473686432, 2.610588384529484 ], [ -75.830026119335585, 2.610676257141849 ], [ -75.830065651339126, 2.610772877697492 ], [ -75.830103357520926, 2.61087332437019 ], [ -75.830142419221417, 2.610985368956598 ], [ -75.830244848788098, 2.611303891418336 ], [ -75.830260915769387, 2.611357269875944 ], [ -75.830275583159221, 2.611412363438582 ], [ -75.83030083752287, 2.611528155985596 ], [ -75.830320858296673, 2.611652362622252 ], [ -75.830336000008373, 2.611787159240905 ], [ -75.830345450686465, 2.611914682668659 ], [ -75.830351966439508, 2.612058251373759 ], [ -75.830363822030804, 2.612612593444828 ], [ -75.830365846937084, 2.612702356522544 ], [ -75.83036591623187, 2.61280253803222 ], [ -75.830358608527476, 2.61323988466624 ], [ -75.830359892995702, 2.613347806592493 ], [ -75.830363821632716, 2.613445402659974 ], [ -75.830368964024814, 2.613559191705825 ], [ -75.830377512850021, 2.613851731744591 ], [ -75.830383335977871, 2.613987256281946 ], [ -75.830393561308995, 2.614128447524153 ], [ -75.830408008619386, 2.614252409837153 ], [ -75.830418502318679, 2.614318260131926 ], [ -75.830430670492191, 2.614380569106622 ], [ -75.830444584343255, 2.614439699470176 ], [ -75.830460299837057, 2.614495886578653 ], [ -75.830477892241177, 2.614549383278165 ], [ -75.830497390967153, 2.614600264209264 ], [ -75.830518841114539, 2.614648646697287 ], [ -75.830542281356514, 2.614694617547185 ], [ -75.830579639191726, 2.614759566905172 ], [ -75.830620923904874, 2.614824761305468 ], [ -75.830665689567283, 2.614889497071614 ], [ -75.830713482865249, 2.614953118990547 ], [ -75.83076377896343, 2.615014937883928 ], [ -75.830816194190788, 2.615074491118389 ], [ -75.830870298185829, 2.615131290283239 ], [ -75.830925707052842, 2.615184932905139 ], [ -75.830981469913169, 2.615234566835003 ], [ -75.831037845257583, 2.615280489248427 ], [ -75.831094545641406, 2.615322466351653 ], [ -75.831151328743132, 2.615360319138357 ], [ -75.831207927434761, 2.61539387450547 ], [ -75.831264197326092, 2.615423051868 ], [ -75.83131996618782, 2.615447762130304 ], [ -75.831375091007374, 2.615467942168491 ], [ -75.831459511247999, 2.615494444202047 ], [ -75.831539877412183, 2.615517425530917 ], [ -75.831616442335829, 2.615536958387881 ], [ -75.831689013742078, 2.615552991009925 ], [ -75.831757458729228, 2.615565493114774 ], [ -75.831821631680057, 2.615574437041992 ], [ -75.83188142591797, 2.615579808024049 ], [ -75.831936762117877, 2.615581599059482 ], [ -75.8319874636789, 2.615579816160392 ], [ -75.832033611734275, 2.615574469253951 ], [ -75.832075165182374, 2.615565563164747 ], [ -75.832112093488504, 2.61555310452088 ], [ -75.832144367750871, 2.615537104085712 ], [ -75.832171974366801, 2.615517569773187 ], [ -75.832194898543349, 2.615494512102895 ], [ -75.832213129761143, 2.615467941728977 ], [ -75.832223852286702, 2.615444422312311 ], [ -75.832232746089929, 2.615415177051907 ], [ -75.832239883498076, 2.615381354633766 ], [ -75.83225778897048, 2.615277034891348 ], [ -75.832265731563567, 2.615246030655554 ], [ -75.832275059971224, 2.61522021290838 ], [ -75.832290471650211, 2.615188133889822 ], [ -75.832308852642655, 2.615156728737897 ], [ -75.832330218151341, 2.615125971292813 ], [ -75.832354591550512, 2.615095827782986 ], [ -75.832381986590292, 2.615066277286229 ], [ -75.832412462787175, 2.615037252179604 ], [ -75.832446079733501, 2.615008695307218 ], [ -75.832482934094827, 2.614980524303689 ], [ -75.832521200111685, 2.614953937130637 ], [ -75.832562712963949, 2.614927480314121 ], [ -75.832656739669773, 2.614874173744348 ], [ -75.832762664149925, 2.614821243731976 ], [ -75.832929410277814, 2.614744322395104 ], [ -75.832978907027496, 2.614722555250375 ], [ -75.83303000299361, 2.614702150223887 ], [ -75.833082620010018, 2.614683138549949 ], [ -75.833136672820842, 2.614665551052007 ], [ -75.833248731455683, 2.614634761581399 ], [ -75.833365379033921, 2.614610002139006 ], [ -75.833485821710752, 2.614591447624047 ], [ -75.833609038154066, 2.614579261664606 ], [ -75.833734030475085, 2.614573543042496 ], [ -75.833859759271689, 2.614574339523066 ], [ -75.833985014758312, 2.614581630642106 ], [ -75.834108935899508, 2.614595353575636 ], [ -75.834230526619038, 2.614615397648228 ], [ -75.834348864827959, 2.614641610573306 ], [ -75.834463000092867, 2.614673773671685 ], [ -75.834572260599316, 2.61471168923634 ], [ -75.834624840007692, 2.614732728415987 ], [ -75.834675951789464, 2.614755115658215 ], [ -75.834725523612036, 2.614778819261752 ], [ -75.834773489796532, 2.614803807801096 ], [ -75.834806125715659, 2.614823702543146 ], [ -75.834841178040534, 2.614849328417717 ], [ -75.834962854233936, 2.614953368687528 ], [ -75.835013276904164, 2.614991811704142 ], [ -75.835041195435267, 2.615009452804416 ], [ -75.83506813979254, 2.615023468213534 ], [ -75.835094621888445, 2.615034122268737 ], [ -75.835120913212194, 2.615041520317609 ], [ -75.835143816722805, 2.615045441921137 ], [ -75.835169919281938, 2.615047755705184 ], [ -75.835264157060564, 2.615049088455275 ], [ -75.835301196003542, 2.615051536958839 ], [ -75.835364906998109, 2.615060034387457 ], [ -75.835430283395951, 2.615071239594403 ], [ -75.835496392380676, 2.615084992343153 ], [ -75.835562367753198, 2.615101112185705 ], [ -75.835627268566085, 2.615119362065158 ], [ -75.835690522016876, 2.61513957368497 ], [ -75.835751496769859, 2.615161544877392 ], [ -75.835809685897615, 2.615185092505397 ], [ -75.835863879428061, 2.61520966860854 ], [ -75.835914606217671, 2.615235451539352 ], [ -75.835961584251692, 2.61526229765179 ], [ -75.836004601163253, 2.615290085204434 ], [ -75.836043446153468, 2.615318673110662 ], [ -75.83607802829944, 2.615347988966362 ], [ -75.836108240542487, 2.615377941780134 ], [ -75.836134006129299, 2.61540845513986 ], [ -75.836152216605669, 2.615434838265489 ], [ -75.83616907703491, 2.615464568848152 ], [ -75.8361845341079, 2.615497553190061 ], [ -75.836198531578376, 2.615533671571979 ], [ -75.836211022683855, 2.615572810180697 ], [ -75.836221943157341, 2.615614775306789 ], [ -75.836231242129443, 2.615659372021161 ], [ -75.83623887088855, 2.615706367352995 ], [ -75.836244815161223, 2.615755778359914 ], [ -75.836248992230949, 2.615807053245334 ], [ -75.836251375628123, 2.615859868103018 ], [ -75.836251949143616, 2.615913865899073 ], [ -75.836247661246674, 2.616023927754269 ], [ -75.836236249796272, 2.616134070813795 ], [ -75.836218402180862, 2.616239387203867 ], [ -75.836207153761052, 2.616290072802043 ], [ -75.83619444389582, 2.616339028144127 ], [ -75.836180355035907, 2.616385942850725 ], [ -75.836164953442974, 2.616430602749267 ], [ -75.83614831586992, 2.616472785637998 ], [ -75.836130515968748, 2.616512305116487 ], [ -75.836111730464523, 2.616548810388989 ], [ -75.836091936973901, 2.616582384083093 ], [ -75.83607120338803, 2.616612911254024 ], [ -75.836049591596094, 2.616640300998628 ], [ -75.836027172080307, 2.616664466882523 ], [ -75.836003990331861, 2.616685362672505 ], [ -75.835980099415366, 2.616702940658757 ], [ -75.835955546748934, 2.616717166084545 ], [ -75.835926798433917, 2.616728947489934 ], [ -75.835894115059418, 2.61673725990094 ], [ -75.835857175383822, 2.616742189254937 ], [ -75.835815356851469, 2.616743820694255 ], [ -75.835772114375075, 2.616742467142773 ], [ -75.835722256934318, 2.616738344359631 ], [ -75.835508112477825, 2.616710542143097 ], [ -75.835413807828118, 2.616702464669595 ], [ -75.83536458350423, 2.616701565112824 ], [ -75.835319949114904, 2.616703687148491 ], [ -75.835279116155633, 2.616708870186102 ], [ -75.835241710166827, 2.616717165960216 ], [ -75.835212779164621, 2.616726167558735 ], [ -75.835183193176576, 2.616737401958834 ], [ -75.835120897513775, 2.616767031463991 ], [ -75.835052468535494, 2.616806917747992 ], [ -75.834911351761164, 2.61689887373674 ], [ -75.834849623711193, 2.616936370326994 ], [ -75.834783058616907, 2.616970675948191 ], [ -75.834751841754851, 2.616983860313374 ], [ -75.834721460247437, 2.616994638300771 ], [ -75.834688942945363, 2.617003960467406 ], [ -75.834654424798785, 2.617011768133584 ], [ -75.83457812549598, 2.617023104674558 ], [ -75.834487135076259, 2.617029361049542 ], [ -75.834294634695382, 2.617033333903962 ], [ -75.83421349698483, 2.617037521022333 ], [ -75.834170073370444, 2.617041858141831 ], [ -75.83413043286788, 2.617047692504183 ], [ -75.834093759736362, 2.617055145557976 ], [ -75.83405965272533, 2.617064301835554 ], [ -75.834004659403973, 2.617082776390261 ], [ -75.833949583374235, 2.617104708211016 ], [ -75.833894502295209, 2.617130066429269 ], [ -75.833839501943984, 2.617158811607771 ], [ -75.833784661334036, 2.617190903484206 ], [ -75.833730089007645, 2.617226279574412 ], [ -75.833675886695275, 2.61726487400092 ], [ -75.833622165207089, 2.617306607928551 ], [ -75.833568935445172, 2.617351483269106 ], [ -75.833516426700285, 2.617399317221921 ], [ -75.833464765429881, 2.617449994663671 ], [ -75.83341408609391, 2.617503383772481 ], [ -75.833364514449514, 2.617559353326693 ], [ -75.833316203678123, 2.617617731665871 ], [ -75.83326929620182, 2.61767834675452 ], [ -75.833223937928636, 2.617741010121046 ], [ -75.833179881448601, 2.617806121261594 ], [ -75.833137697188434, 2.617872897275819 ], [ -75.833097528692647, 2.617941110969082 ], [ -75.833059515637785, 2.61801052519173 ], [ -75.833023790435306, 2.618080898256672 ], [ -75.832990478951345, 2.6181519823572 ], [ -75.832959697734708, 2.618223528746491 ], [ -75.832931552900277, 2.618295290752853 ], [ -75.832906166339029, 2.618366946291997 ], [ -75.83288358993515, 2.618438336434647 ], [ -75.832863896759122, 2.618509229971057 ], [ -75.832847147522827, 2.618579408192966 ], [ -75.832833395157536, 2.618648645459645 ], [ -75.832822674687762, 2.618716760751099 ], [ -75.832815015468029, 2.618783567170293 ], [ -75.832810436941131, 2.618848894599517 ], [ -75.832809304503499, 2.618895158887155 ], [ -75.832810140729279, 2.618944093211028 ], [ -75.832817792729415, 2.61905255165876 ], [ -75.83282917490142, 2.619148726258272 ], [ -75.832858652692039, 2.619354733085428 ], [ -75.832869923908646, 2.619443758613943 ], [ -75.832886822162806, 2.619610896594508 ], [ -75.832902283779561, 2.619798875653113 ], [ -75.83294649466383, 2.620481669266719 ], [ -75.832967881094902, 2.620757604761396 ], [ -75.832981958741215, 2.620903115448173 ], [ -75.832997433069366, 2.621038196684732 ], [ -75.833014591565785, 2.621165344329105 ], [ -75.833033607553759, 2.62128581843489 ], [ -75.833059935225691, 2.62142707758414 ], [ -75.83308956153023, 2.62156078076663 ], [ -75.833122682706531, 2.621687809593017 ], [ -75.833159448311505, 2.621808732214381 ], [ -75.833200055410103, 2.621924161239465 ], [ -75.833244578407459, 2.622034275364205 ], [ -75.833293132458891, 2.622139358597197 ], [ -75.833345815406972, 2.622239621744011 ], [ -75.833368241089715, 2.622277237170532 ], [ -75.833393404443882, 2.622314802230516 ], [ -75.833421354608475, 2.622352390554064 ], [ -75.833452161529976, 2.622390096396446 ], [ -75.833485869764701, 2.622427980659177 ], [ -75.833522640591937, 2.622466230311988 ], [ -75.833562631753082, 2.622505010149875 ], [ -75.833606094012737, 2.622544563776844 ], [ -75.833687055210447, 2.622612953079922 ], [ -75.833781862657105, 2.622687104634711 ], [ -75.833877783427411, 2.622758236291766 ], [ -75.834120990326213, 2.622934206315842 ], [ -75.834246622469038, 2.623030071601584 ], [ -75.834309337341736, 2.623081480149328 ], [ -75.834365136565879, 2.623130394873995 ], [ -75.834415068533005, 2.623177736999878 ], [ -75.834459643123935, 2.623223994683768 ], [ -75.834507192716416, 2.623279378778503 ], [ -75.834547766385924, 2.623334203843577 ], [ -75.834581639867494, 2.623388844059753 ], [ -75.834608971311056, 2.623443557387132 ], [ -75.834629895573926, 2.623498639971006 ], [ -75.834644438280279, 2.623554194116888 ], [ -75.834652639631017, 2.623610374764241 ], [ -75.834654517198956, 2.623667305433733 ], [ -75.834652736908652, 2.623700931372892 ], [ -75.834648847120022, 2.62373648669304 ], [ -75.834634509344312, 2.623815225641927 ], [ -75.834615088366007, 2.623892994167789 ], [ -75.834558866308981, 2.624093715645894 ], [ -75.83454529063647, 2.624151208609613 ], [ -75.834535544405014, 2.624202682844873 ], [ -75.834524882121613, 2.624290059646508 ], [ -75.834519599999965, 2.624388666638703 ], [ -75.834518967572208, 2.624485559084792 ], [ -75.834522619798548, 2.624728289616939 ], [ -75.83452158156561, 2.624796210638845 ], [ -75.834518685378228, 2.624856828532443 ], [ -75.834512643503786, 2.62492294213944 ], [ -75.834503629480054, 2.624984018669466 ], [ -75.834491476364832, 2.625041174304191 ], [ -75.834476058241179, 2.625094979800038 ], [ -75.834431982571147, 2.625233029445305 ], [ -75.834406852357418, 2.625306488711807 ], [ -75.834380556328725, 2.625374469576798 ], [ -75.834354680318739, 2.625431297146278 ], [ -75.834326771511272, 2.625481329098663 ], [ -75.834298184036868, 2.625521080254395 ], [ -75.834283552055496, 2.625537218524173 ], [ -75.834268673194799, 2.625550887442975 ], [ -75.834253530810543, 2.625562102231443 ], [ -75.834238112213256, 2.62557087219731 ], [ -75.834214557131418, 2.62557831121532 ], [ -75.834187532015221, 2.625579427183028 ], [ -75.834156825291586, 2.62557423366875 ], [ -75.834122025476205, 2.625562663470757 ], [ -75.83408305812182, 2.625544796371311 ], [ -75.834038037382498, 2.625519850581633 ], [ -75.833989224366533, 2.625489589905338 ], [ -75.833850694551913, 2.62539953083161 ], [ -75.833809267851024, 2.625375056899061 ], [ -75.833773378855113, 2.625356329498453 ], [ -75.833733893521384, 2.62533976212359 ], [ -75.833699443026902, 2.625330433484711 ], [ -75.83366933414213, 2.625328159763255 ], [ -75.833655804286266, 2.625329661587114 ], [ -75.833643247699158, 2.625332925746545 ], [ -75.833618978170435, 2.625343770450072 ], [ -75.833594889598544, 2.62535957018512 ], [ -75.833571046272255, 2.625380283225846 ], [ -75.833547529272309, 2.625405839494928 ], [ -75.833524396664885, 2.625436187156497 ], [ -75.833501794813756, 2.625471145520676 ], [ -75.83347984916675, 2.625510521731113 ], [ -75.833458721200387, 2.625554027020303 ], [ -75.833437911950227, 2.625602994866121 ], [ -75.833418414365397, 2.625655413220676 ], [ -75.833400493733194, 2.625710572445089 ], [ -75.833384473451801, 2.625767480516996 ], [ -75.833370607712382, 2.625825310089608 ], [ -75.833359345426118, 2.625882277116243 ], [ -75.833350996237129, 2.625936817964446 ], [ -75.833345814582856, 2.625987277442835 ], [ -75.83334485433295, 2.626016752411365 ], [ -75.833346296615147, 2.626046666194978 ], [ -75.833350144305271, 2.626077081727462 ], [ -75.833356407509655, 2.626108079853866 ], [ -75.833365092911677, 2.62613971485517 ], [ -75.833376240173038, 2.626172146203332 ], [ -75.833389898300368, 2.626205518021329 ], [ -75.83340615379565, 2.626240042519029 ], [ -75.833440028984256, 2.626302004862056 ], [ -75.833483147225209, 2.626370600392128 ], [ -75.83353011081023, 2.626438918277255 ], [ -75.833661063432615, 2.626622116003106 ], [ -75.833698056235889, 2.626677370292871 ], [ -75.833729140190044, 2.626727370317466 ], [ -75.833760875332104, 2.626784172575672 ], [ -75.833786614016304, 2.626837810616914 ], [ -75.833806827028056, 2.626889271202531 ], [ -75.833821707285907, 2.626939059714097 ], [ -75.833833531764895, 2.626998372130934 ], [ -75.833840514413609, 2.627062318309522 ], [ -75.833842730237677, 2.627131525428366 ], [ -75.833840223418974, 2.627207278586934 ], [ -75.833834663817996, 2.627275111971045 ], [ -75.833825704075437, 2.627351506282215 ], [ -75.833787926972747, 2.627604337954654 ], [ -75.833776001806598, 2.627695059218167 ], [ -75.833767958481218, 2.627782646968162 ], [ -75.833765318427623, 2.62785944580809 ], [ -75.833766179219523, 2.627899720551434 ], [ -75.833768767519587, 2.62793777665686 ], [ -75.833773099008255, 2.627973840511567 ], [ -75.833779192341865, 2.628008063823405 ], [ -75.833787079811771, 2.628040608009568 ], [ -75.833796778364913, 2.628071527305904 ], [ -75.833808312881345, 2.628100900669891 ], [ -75.833821706950772, 2.628128787784979 ], [ -75.833835111376146, 2.628151430949631 ], [ -75.833851269816861, 2.628173767294571 ], [ -75.833870210754156, 2.628195836453368 ], [ -75.833891977643987, 2.628217689230021 ], [ -75.833916596188672, 2.628239357106362 ], [ -75.833944176814583, 2.628260942197411 ], [ -75.834008744361654, 2.628304258716633 ], [ -75.834072039493918, 2.628340587674553 ], [ -75.834147280276412, 2.628379149938934 ], [ -75.83439949430921, 2.628495630211039 ], [ -75.834481328518692, 2.628535490281717 ], [ -75.834553724043644, 2.628575256914998 ], [ -75.83461063504059, 2.628612620276422 ], [ -75.834637318470669, 2.628633631075559 ], [ -75.834659885748053, 2.628654519868022 ], [ -75.834678480957265, 2.628675420603312 ], [ -75.834693188792286, 2.62869642949715 ], [ -75.834704079144714, 2.628717656504264 ], [ -75.834711167000847, 2.628739144747297 ], [ -75.834714472376646, 2.628760955523883 ], [ -75.834714002612259, 2.628783138950836 ], [ -75.834709356904185, 2.628810570233326 ], [ -75.834700966425032, 2.628840260945319 ], [ -75.834688874255377, 2.62887205699945 ], [ -75.834673158418767, 2.628905752258814 ], [ -75.834653889105681, 2.628941177769499 ], [ -75.83463126400838, 2.628977955093995 ], [ -75.834605501679221, 2.629015728061001 ], [ -75.834576903186303, 2.629054054473116 ], [ -75.834545237898439, 2.629093153011518 ], [ -75.83451148187298, 2.629131734801111 ], [ -75.83447616973551, 2.629169188517704 ], [ -75.834439901767951, 2.629204877030832 ], [ -75.834403314058463, 2.629238175892679 ], [ -75.83436701422184, 2.629268533352004 ], [ -75.834331599813851, 2.629295450206577 ], [ -75.834297597738114, 2.629318526382881 ], [ -75.834274814499622, 2.629331324540934 ], [ -75.834250237702364, 2.629341916811388 ], [ -75.834223817425098, 2.629350324920283 ], [ -75.834195484518901, 2.629356571023572 ], [ -75.834165196085493, 2.629360669872095 ], [ -75.834132796693552, 2.629362647356282 ], [ -75.834098138729189, 2.629362513116989 ], [ -75.834060988260731, 2.629360266636052 ], [ -75.833995109685802, 2.62935215751466 ], [ -75.833919182565722, 2.629338166028348 ], [ -75.833844823833175, 2.629321470861516 ], [ -75.833666872462956, 2.629278288305397 ], [ -75.833579543657081, 2.629259945328986 ], [ -75.833498868671768, 2.629247933719955 ], [ -75.833463171429727, 2.629244972818138 ], [ -75.83343001841429, 2.629243988543259 ], [ -75.833396885720788, 2.629245129320218 ], [ -75.833366194333635, 2.62924855850218 ], [ -75.833337784070764, 2.629254294314453 ], [ -75.833311548143541, 2.629262358821878 ], [ -75.833287377389667, 2.629272789970165 ], [ -75.833265235017748, 2.629285608484995 ], [ -75.833245069434398, 2.629300844389336 ], [ -75.833226842976117, 2.629318526355295 ], [ -75.833184659210602, 2.629367826811337 ], [ -75.833145458960729, 2.629419721384262 ], [ -75.833111950299923, 2.629470607393225 ], [ -75.833084949621536, 2.629519193875084 ], [ -75.833065214984529, 2.629563908326131 ], [ -75.833052489348461, 2.629605045181504 ], [ -75.833046870571167, 2.6296422834576 ], [ -75.833046735032255, 2.629659383094678 ], [ -75.833048382924702, 2.629675445125108 ], [ -75.833053835069251, 2.62969631249794 ], [ -75.833063441888555, 2.629717492244824 ], [ -75.833077305855269, 2.629739222224769 ], [ -75.833095713967992, 2.629761956435912 ], [ -75.833136288278467, 2.629802433506646 ], [ -75.833244486305958, 2.629897722995685 ], [ -75.833269815354427, 2.629923388230149 ], [ -75.833289985416187, 2.629947239191719 ], [ -75.833328146983305, 2.630000286184615 ], [ -75.833364535525888, 2.630057819255664 ], [ -75.83339949882054, 2.630120380703951 ], [ -75.833433633125367, 2.630189033279533 ], [ -75.83346329893682, 2.630255000249598 ], [ -75.83349416134223, 2.63032949890835 ], [ -75.833600327916614, 2.630607972587674 ], [ -75.833646461644776, 2.630721277948047 ], [ -75.833673186222626, 2.630781040192057 ], [ -75.833699805851396, 2.630835874679878 ], [ -75.83372683331109, 2.630886834728135 ], [ -75.833754548974767, 2.630934443197259 ], [ -75.833800375869771, 2.631004555694715 ], [ -75.833855752899794, 2.631080218920999 ], [ -75.833911841990243, 2.631151263461646 ], [ -75.834051139108681, 2.631321744621487 ], [ -75.834119970713274, 2.631411674577419 ], [ -75.834152674283231, 2.631458185588011 ], [ -75.834181700675828, 2.631502761827575 ], [ -75.834207541719621, 2.631546160640939 ], [ -75.834230439691595, 2.631588793245487 ], [ -75.83434469674566, 2.631804049861761 ], [ -75.83439020423836, 2.631893756303801 ], [ -75.834432566440213, 2.631986480702361 ], [ -75.834462978208634, 2.632066395517361 ], [ -75.834474929470176, 2.632105642041485 ], [ -75.83448363073029, 2.632141938501334 ], [ -75.834489112279527, 2.632175412327208 ], [ -75.834491386410875, 2.632206141147784 ], [ -75.834490455740962, 2.63223420521674 ], [ -75.834486315984194, 2.63225962197482 ], [ -75.834478961838983, 2.632282423316978 ], [ -75.834468386260809, 2.632302630598912 ], [ -75.834456565886924, 2.632318304086051 ], [ -75.834441791994081, 2.632333218300042 ], [ -75.834424053182602, 2.632347384870322 ], [ -75.834403330970503, 2.632360818633769 ], [ -75.834379615712649, 2.632373528362406 ], [ -75.834352856450622, 2.632385543527267 ], [ -75.834289963094236, 2.632407594091754 ], [ -75.834218984546311, 2.632426093144667 ], [ -75.834134530969138, 2.632442959183975 ], [ -75.834043798488821, 2.632457436782112 ], [ -75.833873521940646, 2.632481090135208 ], [ -75.833815928824592, 2.632486858028287 ], [ -75.833755141661925, 2.632487764186601 ], [ -75.833690529068619, 2.632483824333949 ], [ -75.833620824318629, 2.632474964209212 ], [ -75.83355986649336, 2.632464132444096 ], [ -75.833491681240929, 2.632449498896729 ], [ -75.833269507854524, 2.632394306340518 ], [ -75.833190137870801, 2.632376003686952 ], [ -75.833114155125045, 2.632361350011854 ], [ -75.83304594527965, 2.632351730589716 ], [ -75.83297932274229, 2.632346623662845 ], [ -75.832917127466359, 2.632346643030835 ], [ -75.832858442270009, 2.632351791368544 ], [ -75.832802765773252, 2.632362117239742 ], [ -75.832705273489339, 2.632386875867328 ], [ -75.832619961883765, 2.632411947427948 ], [ -75.832543079402143, 2.632438439065422 ], [ -75.832473964510626, 2.632466604304232 ], [ -75.832411654408034, 2.632496893269067 ], [ -75.832356527122315, 2.632529188894102 ], [ -75.832308456073264, 2.632563565895132 ], [ -75.832267388425109, 2.632600063211314 ], [ -75.832247583935313, 2.632621313738142 ], [ -75.832228718959001, 2.632644530503039 ], [ -75.8322107690134, 2.632669743493946 ], [ -75.832193704007366, 2.632696994862144 ], [ -75.832162115174313, 2.632757788065649 ], [ -75.8321335707641, 2.632827638620821 ], [ -75.832109373088656, 2.632901599596409 ], [ -75.832086535776142, 2.6329869521946 ], [ -75.832066343713379, 2.633075907330895 ], [ -75.832029441538538, 2.633254414090755 ], [ -75.832020260468582, 2.633307732994684 ], [ -75.832014922520472, 2.633364410805223 ], [ -75.832013368304288, 2.633425023355082 ], [ -75.832015565738303, 2.633490726714714 ], [ -75.832020146058994, 2.63354906963021 ], [ -75.83202743421549, 2.633614476202216 ], [ -75.832058414209769, 2.633833197202602 ], [ -75.832068440707971, 2.633914025591694 ], [ -75.832075258576623, 2.633993373867098 ], [ -75.832077496672852, 2.634063889259624 ], [ -75.83207455610868, 2.634137288988105 ], [ -75.832065669255343, 2.634204632226219 ], [ -75.832050681243857, 2.634267064551195 ], [ -75.83204085292958, 2.634296630352559 ], [ -75.832029442144119, 2.634325179249347 ], [ -75.831971447798367, 2.634461094511489 ], [ -75.831951537310644, 2.634502149475141 ], [ -75.831932532324402, 2.634536416409685 ], [ -75.831912234855466, 2.634567177126481 ], [ -75.831891998549693, 2.634591657117713 ], [ -75.831871616453569, 2.63461010450635 ], [ -75.831850982712339, 2.634622610749037 ], [ -75.831836810440109, 2.634627806548884 ], [ -75.831821389836009, 2.634630938007066 ], [ -75.831804708850825, 2.634632007647656 ], [ -75.831786749862843, 2.634631016654583 ], [ -75.831746926048567, 2.634622851930164 ], [ -75.831701590344096, 2.634606378725411 ], [ -75.831653981245154, 2.634583424021395 ], [ -75.831599828425595, 2.634552482312336 ], [ -75.831545138877829, 2.634517810840649 ], [ -75.831434577719264, 2.634444150785278 ], [ -75.831399350783883, 2.634419758576217 ], [ -75.831365024316028, 2.634392765704082 ], [ -75.831331530204025, 2.634363118835595 ], [ -75.831298782996384, 2.634330742512209 ], [ -75.831266728326028, 2.634295589849419 ], [ -75.831235201234961, 2.63425748682736 ], [ -75.831204061614102, 2.634216265078901 ], [ -75.831173105664021, 2.634171655465429 ], [ -75.831122782545535, 2.634091403525563 ], [ -75.831070250226219, 2.633998077839044 ], [ -75.831021510938825, 2.633904510938111 ], [ -75.830904347209952, 2.633671157292371 ], [ -75.830839712651809, 2.633551845977067 ], [ -75.830795412205973, 2.633470351797649 ], [ -75.83074966881972, 2.633377389266664 ], [ -75.830707756096061, 2.63328575090549 ], [ -75.830606485483841, 2.633056459672973 ], [ -75.830549538504201, 2.632936364532991 ], [ -75.8305180297898, 2.632875494553002 ], [ -75.830486819705882, 2.632819567324943 ], [ -75.830455349324495, 2.63276758383509 ], [ -75.830423307864507, 2.632719035609862 ], [ -75.830375278096284, 2.632652294756229 ], [ -75.830322536639059, 2.63258445058495 ], [ -75.83026464185204, 2.632514930572903 ], [ -75.830200730580216, 2.632442696069387 ], [ -75.830134840712475, 2.632371878255289 ], [ -75.830060002060222, 2.632294612554412 ], [ -75.829828434805975, 2.632064684650995 ], [ -75.82971944080434, 2.631961127925214 ], [ -75.829601614130326, 2.631857965204369 ], [ -75.829473852974473, 2.631754223484605 ], [ -75.829334009387239, 2.631648154565956 ], [ -75.829199215532242, 2.631551510724956 ], [ -75.829047207667188, 2.631447261613404 ], [ -75.828892472680124, 2.631344520010966 ], [ -75.82847740631297, 2.631073102794868 ], [ -75.82824485144728, 2.630915013405628 ], [ -75.828121930230196, 2.63082706471307 ], [ -75.828009065634106, 2.630742460539886 ], [ -75.827904081247311, 2.630659566778471 ], [ -75.827805896195358, 2.630577524349725 ], [ -75.826663444934454, 2.630500433560653 ], [ -75.826321784602712, 2.62902702209604 ], [ -75.826239091152686, 2.62906512221666 ], [ -75.826158178530363, 2.629110107204763 ], [ -75.826119964260712, 2.629134324167312 ], [ -75.826084057320472, 2.629159186805437 ], [ -75.82605101320695, 2.629184310129077 ], [ -75.826021302857583, 2.629209335827731 ], [ -75.825991532211987, 2.629238298723558 ], [ -75.825963566320013, 2.629270530263803 ], [ -75.825937375180246, 2.629306064816245 ], [ -75.825912922182852, 2.62934495187873 ], [ -75.825890183916641, 2.629387221912519 ], [ -75.82586909411873, 2.629432990948498 ], [ -75.825849600670864, 2.629482371086256 ], [ -75.825831633510262, 2.6295355390611 ], [ -75.825816083300268, 2.629589112091182 ], [ -75.825801717362779, 2.629646544006593 ], [ -75.825788429929631, 2.629708249902075 ], [ -75.825776037590288, 2.629775077211861 ], [ -75.825754997391897, 2.629913851355086 ], [ -75.825723870631563, 2.630161119184389 ], [ -75.825712455357717, 2.630271203181615 ], [ -75.825706386310429, 2.63038632762637 ], [ -75.82570563873567, 2.630506931435366 ], [ -75.825710207162402, 2.630633741282205 ], [ -75.825719999365091, 2.630766358291555 ], [ -75.825735164828316, 2.63090777493211 ], [ -75.825755931033228, 2.631060337332574 ], [ -75.825783357139983, 2.631231874891865 ], [ -75.825830321281359, 2.631513280554667 ], [ -75.825847629982235, 2.631601012594258 ], [ -75.825865485180969, 2.631678506619989 ], [ -75.825886389129124, 2.631754871436549 ], [ -75.825909212262971, 2.631824274049044 ], [ -75.825934287316443, 2.631887720150489 ], [ -75.825961816926892, 2.631945711945054 ], [ -75.825997188985923, 2.632007854045261 ], [ -75.826038119611283, 2.632068970956742 ], [ -75.826084579246341, 2.632129018398539 ], [ -75.826136528050029, 2.632187944767857 ], [ -75.826193931575673, 2.632245708332285 ], [ -75.826256714467604, 2.632302230882326 ], [ -75.826324800348246, 2.632357443449015 ], [ -75.826398086790533, 2.632411262816139 ], [ -75.826476894146481, 2.632463881219417 ], [ -75.826560669400791, 2.632514889177187 ], [ -75.826649214911228, 2.632564165937782 ], [ -75.826742256335436, 2.632611558523602 ], [ -75.82683962131037, 2.632656968844232 ], [ -75.826940704269305, 2.632700104768746 ], [ -75.827044950652464, 2.632740728529518 ], [ -75.827151545143977, 2.632778521617015 ], [ -75.82721429479092, 2.632798717324866 ], [ -75.827278670829074, 2.632817502355183 ], [ -75.827411500771746, 2.632850612570516 ], [ -75.827548286761541, 2.632877414805875 ], [ -75.827686923004521, 2.632897494670923 ], [ -75.827761855901571, 2.632903457775058 ], [ -75.827846152922703, 2.632904389900931 ], [ -75.827926447753796, 2.632901538171206 ], [ -75.828111582360037, 2.632890995738528 ], [ -75.82819857335663, 2.632888885963566 ], [ -75.828273511646842, 2.632891011762351 ], [ -75.828341273971631, 2.632897494751088 ], [ -75.828486453873566, 2.632918520435615 ], [ -75.828605519598312, 2.632939581748825 ], [ -75.828712189510796, 2.632963114374853 ], [ -75.828808323746458, 2.632989617610727 ], [ -75.828897124387737, 2.633020139505827 ], [ -75.828977468827688, 2.633054482723505 ], [ -75.829014645971625, 2.633073161675165 ], [ -75.829049872425074, 2.633092869149069 ], [ -75.829083181506874, 2.633113623826103 ], [ -75.829114597962715, 2.633135441179383 ], [ -75.82916779929171, 2.633178022294148 ], [ -75.8292205134928, 2.633227369458422 ], [ -75.829272772035509, 2.633283511527673 ], [ -75.829324638626417, 2.633346516581661 ], [ -75.82937604416243, 2.633416265993124 ], [ -75.829427327162264, 2.633493185223194 ], [ -75.829478731710097, 2.633577629322051 ], [ -75.829531003409187, 2.633670819223894 ], [ -75.829556039641275, 2.633719756476787 ], [ -75.829579408317059, 2.633770836218378 ], [ -75.829601144551489, 2.633824134922421 ], [ -75.8296212897815, 2.633879753958526 ], [ -75.82963987200641, 2.633937761683717 ], [ -75.829656960916751, 2.633998366117408 ], [ -75.829672611279179, 2.634061760165881 ], [ -75.829686893955625, 2.634128229865734 ], [ -75.829710245507215, 2.63426233445817 ], [ -75.829729877662757, 2.6344132507013 ], [ -75.829745724639139, 2.634574409075521 ], [ -75.829768949185251, 2.634860555691004 ], [ -75.829779641563519, 2.635000568097917 ], [ -75.829787040249457, 2.635126827673934 ], [ -75.829791441649249, 2.635244449678077 ], [ -75.82979290235032, 2.635355222809425 ], [ -75.829791415892913, 2.635461332280045 ], [ -75.829786946293112, 2.635562617373727 ], [ -75.829779466981435, 2.635659667960049 ], [ -75.829768948619233, 2.635752853434576 ], [ -75.829737057872649, 2.635980137064182 ], [ -75.82970691235937, 2.636155096313888 ], [ -75.829690382579841, 2.636235349255415 ], [ -75.82967281302372, 2.636310771121594 ], [ -75.8296540486417, 2.636382024862693 ], [ -75.829633992198353, 2.636449475422724 ], [ -75.829611934784978, 2.636515159197562 ], [ -75.829588353337783, 2.636577327440252 ], [ -75.829563186593248, 2.636636141162248 ], [ -75.829536387782227, 2.636691709008623 ], [ -75.829507898955796, 2.636744146084017 ], [ -75.829477697554836, 2.636793489079723 ], [ -75.829445750288244, 2.636839792252069 ], [ -75.8294120296285, 2.636883095336891 ], [ -75.829361338104547, 2.636940569080886 ], [ -75.829304994743353, 2.636997373758843 ], [ -75.829243363675047, 2.637053141111132 ], [ -75.82917694035433, 2.637107421900858 ], [ -75.829106148624618, 2.637159850633948 ], [ -75.829031894249368, 2.637209738571015 ], [ -75.8289550446231, 2.637256501924708 ], [ -75.828876651608766, 2.637299499587238 ], [ -75.828754580938664, 2.637361553719649 ], [ -75.828659356789629, 2.637406004429442 ], [ -75.82857203840355, 2.63744169075718 ], [ -75.828491360286918, 2.63746894026951 ], [ -75.828413576061777, 2.637488759310348 ], [ -75.828376377013726, 2.637495622419695 ], [ -75.82834020662672, 2.637500474390735 ], [ -75.828304990550933, 2.637503323777897 ], [ -75.828270704324765, 2.637504171078886 ], [ -75.828237311313345, 2.637503017154703 ], [ -75.828204783783391, 2.637499860988964 ], [ -75.828179404615497, 2.637494940139444 ], [ -75.828150332944617, 2.637486198417755 ], [ -75.828052213985799, 2.637447371623779 ], [ -75.82801769735083, 2.637435650508865 ], [ -75.827984854631737, 2.637428909429767 ], [ -75.827957809975914, 2.637429297672164 ], [ -75.827941309718383, 2.637433433871066 ], [ -75.827925482304153, 2.637440470501734 ], [ -75.827910312507527, 2.637450414207151 ], [ -75.827895780821152, 2.637463277674697 ], [ -75.827881875763538, 2.637479067044014 ], [ -75.827868558071941, 2.637497822772214 ], [ -75.827855795871699, 2.637519589155334 ], [ -75.827843543027512, 2.637544444466803 ], [ -75.827822441712087, 2.63759776673841 ], [ -75.827802204555894, 2.637663237408788 ], [ -75.827785816722212, 2.637726890948067 ], [ -75.827746410222673, 2.637894365191314 ], [ -75.827729944701034, 2.637968280989188 ], [ -75.82771825554255, 2.638046812887426 ], [ -75.82771128279245, 2.638130346708393 ], [ -75.827708966673825, 2.638219582062504 ], [ -75.827711174377356, 2.638313261742583 ], [ -75.827717850362362, 2.638415342533563 ], [ -75.827729048839132, 2.638527961842556 ], [ -75.827746410262662, 2.63866768760954 ], [ -75.82776460291818, 2.638790295796935 ], [ -75.827786180508511, 2.63890799546375 ], [ -75.827811096664774, 2.639020534859102 ], [ -75.82783931176823, 2.639127736449508 ], [ -75.827870773544916, 2.639229412140649 ], [ -75.827905457181615, 2.639325491312901 ], [ -75.827943327944723, 2.639415878014184 ], [ -75.827984355102998, 2.639500499202291 ], [ -75.828016289937565, 2.639555535397061 ], [ -75.828054611291151, 2.639610309165765 ], [ -75.828099717862102, 2.639665402706557 ], [ -75.82815250718447, 2.639721917513445 ], [ -75.828201156743617, 2.63976913129905 ], [ -75.828257826424235, 2.639820389629586 ], [ -75.828446701495608, 2.639980695936258 ], [ -75.828511537495984, 2.640037478839591 ], [ -75.828569930987896, 2.640092092321454 ], [ -75.828619928130962, 2.640143216018223 ], [ -75.828662166416166, 2.640191272158978 ], [ -75.828698933844422, 2.64023861477885 ], [ -75.828730692083937, 2.640285840792137 ], [ -75.828757679061738, 2.640333308950088 ], [ -75.828785238676261, 2.64039179095014 ], [ -75.828809829527785, 2.640454953471863 ], [ -75.828831704840951, 2.640523432625669 ], [ -75.82885127171518, 2.640598494494453 ], [ -75.828866218716712, 2.640667636278132 ], [ -75.828880550412507, 2.640745666457116 ], [ -75.82892352207891, 2.641025076577665 ], [ -75.828942859000747, 2.641135771386843 ], [ -75.828967447682317, 2.641247149970046 ], [ -75.828981006931869, 2.641297300647838 ], [ -75.828995624601006, 2.641344587048854 ], [ -75.829042907099307, 2.641481905105833 ], [ -75.829093947307186, 2.64161889360228 ], [ -75.829148623288347, 2.641755225203516 ], [ -75.829206800969516, 2.641890565529618 ], [ -75.82926833884197, 2.642024584838083 ], [ -75.829333080479429, 2.642156941927213 ], [ -75.829400863065203, 2.642287303942552 ], [ -75.82947151608785, 2.642415342942808 ], [ -75.829542951832181, 2.64253621759502 ], [ -75.829621225137458, 2.642659398563397 ], [ -75.829706847971607, 2.642785696304296 ], [ -75.829800743893188, 2.642916475661867 ], [ -75.829901317969345, 2.64304980316164 ], [ -75.830013620111345, 2.643192625760101 ], [ -75.830140348417856, 2.643348520823407 ], [ -75.830304335057406, 2.643545584821682 ], [ -75.83035380100678, 2.643602741985669 ], [ -75.830410638394611, 2.643664820542665 ], [ -75.830616507248635, 2.643878092795646 ], [ -75.830696383400721, 2.643963958848167 ], [ -75.830774490879151, 2.644054980803588 ], [ -75.83083971282889, 2.644140450051909 ], [ -75.830996025356598, 2.644355965855678 ], [ -75.831072594807978, 2.644465232335629 ], [ -75.831141536855498, 2.644570814028117 ], [ -75.831194327011644, 2.644661441714717 ], [ -75.831216473780927, 2.644704699320463 ], [ -75.83123444395622, 2.644744463281339 ], [ -75.831248286604108, 2.644780842640179 ], [ -75.83125802608096, 2.644813902319777 ], [ -75.831263679187884, 2.644843708734011 ], [ -75.831265245143598, 2.644870274237901 ], [ -75.831262725321352, 2.644893623657047 ], [ -75.83125611786528, 2.644913772930522 ], [ -75.831249253427529, 2.644925866877355 ], [ -75.83124017584808, 2.644937458114056 ], [ -75.831228897198997, 2.644948531156472 ], [ -75.831215434571277, 2.644959069174895 ], [ -75.831182040889757, 2.644978475754179 ], [ -75.831140254417591, 2.644995525711052 ], [ -75.831090275224781, 2.645010109300681 ], [ -75.83103278660839, 2.645022003769276 ], [ -75.830968518217233, 2.645031056565225 ], [ -75.830898501179945, 2.645037121123055 ], [ -75.830821660040286, 2.645040130321356 ], [ -75.830741724941689, 2.645039786059258 ], [ -75.830660568869845, 2.645036096095333 ], [ -75.830580219740312, 2.6450291518223 ], [ -75.830502810240603, 2.645019146580593 ], [ -75.830430015925089, 2.64500630574984 ], [ -75.830363445143149, 2.644990914520538 ], [ -75.83030433529143, 2.644973260392092 ], [ -75.830244590775791, 2.644949114586256 ], [ -75.830179807456787, 2.644915349724178 ], [ -75.830118618163894, 2.644878229720031 ], [ -75.82996870283462, 2.644781216142608 ], [ -75.829926503463923, 2.644756152888251 ], [ -75.82988792123173, 2.644735314223481 ], [ -75.829653026271785, 2.644617881128656 ], [ -75.829563075092068, 2.644576019411471 ], [ -75.829480237664725, 2.644540059607377 ], [ -75.829399026485703, 2.644507785043612 ], [ -75.829321478360711, 2.644480187199264 ], [ -75.829246672075158, 2.644456939497782 ], [ -75.829174084428303, 2.644437881647975 ], [ -75.829090787771648, 2.64441986201785 ], [ -75.829005116114388, 2.644404781305536 ], [ -75.828917361731229, 2.644392691134824 ], [ -75.828827865384042, 2.64438363861498 ], [ -75.828736940483182, 2.644377658430447 ], [ -75.828645058003218, 2.644374784492416 ], [ -75.828552662241762, 2.644375030865758 ], [ -75.828460246691648, 2.64437839640755 ], [ -75.828387825681148, 2.644385503400144 ], [ -75.828307199770634, 2.644399702170384 ], [ -75.828230547332311, 2.644417349059075 ], [ -75.828050733217168, 2.644463264852417 ], [ -75.827962295004554, 2.64448213062156 ], [ -75.827880285638784, 2.644493787621264 ], [ -75.827842338924754, 2.644496569828461 ], [ -75.827805895997415, 2.644497367968468 ], [ -75.827681016602227, 2.644494013526287 ], [ -75.827564750283386, 2.644485300820173 ], [ -75.827456488232883, 2.64447118291814 ], [ -75.827356112707704, 2.644451640317036 ], [ -75.827308803898021, 2.644439815484484 ], [ -75.827263454532883, 2.644426627887106 ], [ -75.827220064520958, 2.644412077491818 ], [ -75.827178635463341, 2.644396164825606 ], [ -75.827139168485488, 2.644378890247849 ], [ -75.827101667106731, 2.644360255220724 ], [ -75.827066133965005, 2.644340261053622 ], [ -75.827032571831424, 2.644318909303315 ], [ -75.82699229192319, 2.644288254069589 ], [ -75.826950459197477, 2.644249562720169 ], [ -75.82690996980115, 2.644206712953506 ], [ -75.826801880596335, 2.644085025064759 ], [ -75.826767494834272, 2.644050357006292 ], [ -75.826735139950713, 2.644021476709827 ], [ -75.826669860888614, 2.643969429187757 ], [ -75.826601499021521, 2.643919182490275 ], [ -75.826530264204877, 2.643870891019142 ], [ -75.826456400179865, 2.643824720156448 ], [ -75.826380139344906, 2.643780817637235 ], [ -75.826301812136677, 2.643739376082588 ], [ -75.826221739328886, 2.643700565334208 ], [ -75.826140276010648, 2.643664557632522 ], [ -75.826021292029807, 2.643615494796862 ], [ -75.825934964076751, 2.643583935781653 ], [ -75.825856028780507, 2.64356063697429 ], [ -75.825783357264996, 2.643545585158579 ], [ -75.825706749541979, 2.643536911820687 ], [ -75.825623142351958, 2.643534036518336 ], [ -75.825531318682891, 2.643536880503401 ], [ -75.825426439010968, 2.643545585069325 ], [ -75.825378903229748, 2.643553508571689 ], [ -75.82532555330728, 2.643568181261924 ], [ -75.825273045122387, 2.643586588283195 ], [ -75.825143461546489, 2.643636581969548 ], [ -75.8250757426256, 2.643657601863413 ], [ -75.825040676917055, 2.64366488311703 ], [ -75.825008487888141, 2.643668437016306 ], [ -75.824978550720829, 2.643668330406896 ], [ -75.824950546824951, 2.643664557704783 ], [ -75.824925004214037, 2.643658084284411 ], [ -75.824898814268423, 2.643649106516035 ], [ -75.824872045578147, 2.643637647756784 ], [ -75.824844783892289, 2.64362374458447 ], [ -75.824817098110302, 2.643607428807188 ], [ -75.824789133471185, 2.643588782765373 ], [ -75.824732928675658, 2.643544885455183 ], [ -75.824676685481208, 2.643492261594582 ], [ -75.824623213722361, 2.643433345499943 ], [ -75.824574785206977, 2.643370626981606 ], [ -75.824534142034935, 2.643307639990429 ], [ -75.824518016631984, 2.643275023638102 ], [ -75.824505544102379, 2.643239010501197 ], [ -75.824496610680541, 2.643199284288499 ], [ -75.824491078082531, 2.643155239430878 ], [ -75.824488876971728, 2.643109488821255 ], [ -75.824489442464397, 2.643057404432721 ], [ -75.824503411219666, 2.642846356793879 ], [ -75.824504844704293, 2.642757174503165 ], [ -75.824501924475413, 2.642710343046284 ], [ -75.824495994108545, 2.642667977899976 ], [ -75.824486936916145, 2.642629262047883 ], [ -75.824474655748631, 2.642593801831691 ], [ -75.824449591440001, 2.642538875434175 ], [ -75.824418942006673, 2.642482643271845 ], [ -75.82438271696445, 2.642425122609351 ], [ -75.824340922264554, 2.642366322825818 ], [ -75.824293616472232, 2.642306314750013 ], [ -75.824240726652093, 2.642244995990914 ], [ -75.824182199768785, 2.642182301784047 ], [ -75.824117737137243, 2.64211791117799 ], [ -75.82407469360389, 2.642078361116011 ], [ -75.824028983617751, 2.642040429401624 ], [ -75.82398064981318, 2.642004151454316 ], [ -75.823929741828707, 2.64196956456665 ], [ -75.823876307368351, 2.641936701829439 ], [ -75.823820415565166, 2.641905606406396 ], [ -75.823762135058487, 2.641876316527621 ], [ -75.823701544586896, 2.641848871803053 ], [ -75.823638638088966, 2.641823275730138 ], [ -75.823573597959538, 2.641799608545988 ], [ -75.823506529014566, 2.641777908436784 ], [ -75.823437549541893, 2.641758213716482 ], [ -75.823366772546237, 2.641740557407378 ], [ -75.823294351916147, 2.641724978636494 ], [ -75.823220437342371, 2.641711509648887 ], [ -75.823145194075224, 2.641700180600303 ], [ -75.823067771951457, 2.641690910436568 ], [ -75.822989360699012, 2.641683888051063 ], [ -75.822910165386034, 2.641679131848704 ], [ -75.822830405841486, 2.641676655073075 ], [ -75.822750296305486, 2.641676464937274 ], [ -75.822670087417535, 2.641678562598128 ], [ -75.822590021994429, 2.641682941727033 ], [ -75.822510350206059, 2.641689588668164 ], [ -75.822431285112941, 2.641698487342358 ], [ -75.822353119522575, 2.64170960651133 ], [ -75.822276105054669, 2.641722910377936 ], [ -75.822200489310674, 2.641738356173318 ], [ -75.822126519099754, 2.64175589322916 ], [ -75.822054422028643, 2.641775467331679 ], [ -75.821984422200174, 2.641797017607183 ], [ -75.821916729930763, 2.641820479281678 ], [ -75.821705996071842, 2.641894598270866 ], [ -75.821645818759535, 2.641918795940266 ], [ -75.821594384258461, 2.641942577236601 ], [ -75.82154519016531, 2.641969576811684 ], [ -75.821503511692882, 2.6419976658488 ], [ -75.821468805248912, 2.642027213452359 ], [ -75.821440838238345, 2.642058424090298 ], [ -75.821427763867035, 2.642077188403533 ], [ -75.821416123162621, 2.642097570812506 ], [ -75.821405892406659, 2.642119612553752 ], [ -75.821397044758953, 2.642143371198761 ], [ -75.821383404474432, 2.64219627639553 ], [ -75.821374939063716, 2.642257289621225 ], [ -75.821371822942126, 2.642309816670772 ], [ -75.82137140807356, 2.642369895426932 ], [ -75.821381723171655, 2.642613405742318 ], [ -75.821382466945309, 2.642666587800516 ], [ -75.821381351997729, 2.642712775335486 ], [ -75.82137058011385, 2.642960479664707 ], [ -75.821367457412407, 2.64313218046463 ], [ -75.821368311688943, 2.643211937175281 ], [ -75.821370888928413, 2.643287007364604 ], [ -75.821375223972098, 2.643358382966523 ], [ -75.821381351657536, 2.643426613209163 ], [ -75.821391218469145, 2.643489808844889 ], [ -75.821407895361347, 2.643556448422268 ], [ -75.821431528351397, 2.643627141510251 ], [ -75.821462517562026, 2.643703094434536 ], [ -75.821494850532076, 2.643772462376513 ], [ -75.82153424305514, 2.643849694261281 ], [ -75.82167933788115, 2.644112775215248 ], [ -75.821731304947491, 2.644211908029838 ], [ -75.821777520824511, 2.644311735518535 ], [ -75.821795409450658, 2.644356782282812 ], [ -75.821810142299924, 2.644399372018297 ], [ -75.821824195734877, 2.644449234973502 ], [ -75.821833736227617, 2.64449635331869 ], [ -75.821838832526069, 2.644541070333236 ], [ -75.821839509064802, 2.644583610942465 ], [ -75.821835760398514, 2.644624216358793 ], [ -75.821827569570758, 2.644662962898817 ], [ -75.821814911841557, 2.644699966256975 ], [ -75.821797756982392, 2.64473531368095 ], [ -75.821771274240731, 2.644777862075049 ], [ -75.821738874768627, 2.644821817232608 ], [ -75.821700751408926, 2.644866915379513 ], [ -75.821657231653816, 2.644912767778054 ], [ -75.821608437275344, 2.644959197098324 ], [ -75.821555366145489, 2.645005210550288 ], [ -75.821498982040993, 2.645049967791116 ], [ -75.821440838018162, 2.645092232616289 ], [ -75.821403237180945, 2.645116773734448 ], [ -75.821363503516963, 2.64513965269075 ], [ -75.82132157227548, 2.645160906928965 ], [ -75.821277355813947, 2.645180580990525 ], [ -75.821230797481874, 2.645198704134235 ], [ -75.821181709249416, 2.645215353330584 ], [ -75.821129915364651, 2.645230588663078 ], [ -75.82107514720515, 2.645244489452153 ], [ -75.820967645119765, 2.64526648426854 ], [ -75.820845060640622, 2.645285274213008 ], [ -75.820728856372867, 2.645299111233554 ], [ -75.820429568634836, 2.645330179032282 ], [ -75.820337610255677, 2.645339401050977 ], [ -75.820241161609033, 2.645345903569422 ], [ -75.820139260036541, 2.645349755061407 ], [ -75.820030020290289, 2.645351028511216 ], [ -75.819817912204783, 2.645347364991518 ], [ -75.81935881335302, 2.645330179053885 ], [ -75.8192208918029, 2.64532785056411 ], [ -75.818886581268771, 2.645326299302288 ], [ -75.818716379461463, 2.645321714452001 ], [ -75.818620564114539, 2.645316291618557 ], [ -75.818531743232157, 2.645308729786844 ], [ -75.818448175445596, 2.645298878935953 ], [ -75.81836899326548, 2.645286633060075 ], [ -75.817879340794619, 2.64544561151266 ], [ -75.816919860181144, 2.644616340667676 ], [ -75.816874773717331, 2.644646381860173 ], [ -75.816827400538102, 2.644682341337749 ], [ -75.816780656977627, 2.644721999180081 ], [ -75.816736935960023, 2.644763321820512 ], [ -75.816698730387088, 2.644803842821299 ], [ -75.816666448259099, 2.644843004719861 ], [ -75.816640879352335, 2.644879844874638 ], [ -75.816622427852835, 2.644913773144663 ], [ -75.816613028366035, 2.64493974840844 ], [ -75.816608436101049, 2.644966145833077 ], [ -75.816608638681856, 2.644993034290413 ], [ -75.816613636473917, 2.645020501993323 ], [ -75.816623429509264, 2.645048608154988 ], [ -75.816638068143291, 2.645077526854079 ], [ -75.816657631027695, 2.645107416148812 ], [ -75.816682271190444, 2.645138511180684 ], [ -75.816732682918257, 2.645191358460071 ], [ -75.816798929600182, 2.645250432597211 ], [ -75.81687078632487, 2.645308474231768 ], [ -75.817075679540253, 2.645467266830622 ], [ -75.817134248285186, 2.645515763972961 ], [ -75.817184008262629, 2.645560073227866 ], [ -75.817234114042989, 2.645609413793885 ], [ -75.817275808547038, 2.645656499044179 ], [ -75.817309763741889, 2.645702091747049 ], [ -75.81733626461056, 2.645746583990338 ], [ -75.817369183691554, 2.64581770092608 ], [ -75.817399284233602, 2.645898939471198 ], [ -75.817428293773503, 2.645994805300682 ], [ -75.817482490621643, 2.646201439849591 ], [ -75.817508104022465, 2.646290251637185 ], [ -75.817539781657317, 2.64638160433021 ], [ -75.817556549015009, 2.646422311539564 ], [ -75.817574219916793, 2.646460421123641 ], [ -75.817391334418389, 2.646970629939286 ], [ -75.817696338663836, 2.647458635542364 ], [ -75.818315756088623, 2.647511728124821 ], [ -75.818499627644186, 2.647716316467099 ], [ -75.818858016342801, 2.648101331948617 ], [ -75.819002235385852, 2.648259080430049 ], [ -75.819148205661975, 2.648425155339602 ], [ -75.819274234481298, 2.648577016605537 ], [ -75.819344354710125, 2.648666361027297 ], [ -75.819409576381076, 2.648753546967777 ], [ -75.819470348342122, 2.648839175246307 ], [ -75.819526955756203, 2.648923648979911 ], [ -75.819579696731452, 2.649007423320139 ], [ -75.81962865658906, 2.649090645053645 ], [ -75.819673969249692, 2.649173542144909 ], [ -75.81971573158981, 2.649256292283241 ], [ -75.819761631125161, 2.649347144927113 ], [ -75.819819600681498, 2.649454667303593 ], [ -75.820113490299875, 2.649971289997617 ], [ -75.820184326342087, 2.650100034836869 ], [ -75.82024480275139, 2.650214665165885 ], [ -75.820307063243945, 2.650340024052997 ], [ -75.820358932811004, 2.650453888637198 ], [ -75.820401180882101, 2.650557953796374 ], [ -75.820434118433738, 2.65065299992502 ], [ -75.820449013323028, 2.650704133010403 ], [ -75.820460876391962, 2.650752508252954 ], [ -75.820469722691826, 2.650798187274774 ], [ -75.820475561041917, 2.650841216030437 ], [ -75.82047839702463, 2.650881641908868 ], [ -75.820478231211609, 2.650919486071726 ], [ -75.820475063454296, 2.65095477448718 ], [ -75.820468891905634, 2.650987527233297 ], [ -75.820459703484303, 2.65101778816628 ], [ -75.820447498333991, 2.651045539601038 ], [ -75.820432271346874, 2.651070793094767 ], [ -75.82041401707022, 2.651093557637863 ], [ -75.820392728192857, 2.651113841829422 ], [ -75.820368399406846, 2.651131650278661 ], [ -75.820341024063325, 2.651146987835832 ], [ -75.820310595624449, 2.651159858147077 ], [ -75.820260960420612, 2.651176666153295 ], [ -75.820210055440356, 2.651191482255026 ], [ -75.820160199369241, 2.651203635745689 ], [ -75.820112387696597, 2.651212892870285 ], [ -75.82006779226009, 2.651219064764705 ], [ -75.820026303905536, 2.651222207884961 ], [ -75.819988209556428, 2.651222301075733 ], [ -75.819953677033766, 2.651219344916495 ], [ -75.819917393754181, 2.651211487096748 ], [ -75.81988097108318, 2.65119780318236 ], [ -75.81984401421137, 2.651178152218561 ], [ -75.819805783960817, 2.651152144859427 ], [ -75.819773148197058, 2.651125930940554 ], [ -75.819737520879954, 2.651093912071227 ], [ -75.819618243423534, 2.650975704349204 ], [ -75.81957143608409, 2.650932020283358 ], [ -75.819523136541051, 2.65089258735065 ], [ -75.819477785996881, 2.650862425574612 ], [ -75.819383231006142, 2.65080972327846 ], [ -75.81928680800084, 2.650760887179295 ], [ -75.819189222906729, 2.650716274352128 ], [ -75.819091103410159, 2.650676171304785 ], [ -75.818993137550393, 2.650640851996975 ], [ -75.818895739498728, 2.650610458469748 ], [ -75.818799381816291, 2.650585137835798 ], [ -75.818704461818726, 2.650564994110384 ], [ -75.81864889765103, 2.650556211508581 ], [ -75.818590329946971, 2.650550022578537 ], [ -75.818528149115764, 2.650546359248381 ], [ -75.818461146711257, 2.650545148578752 ], [ -75.818335852902578, 2.650548354339655 ], [ -75.818029331461972, 2.650565015681071 ], [ -75.817946204363736, 2.650566502886644 ], [ -75.817871651885, 2.650564994282774 ], [ -75.817773934518485, 2.650558674048659 ], [ -75.817671880579482, 2.6505477686177 ], [ -75.817564469990529, 2.650532173869356 ], [ -75.817449712037231, 2.650511603147147 ], [ -75.817347237866144, 2.650490481458893 ], [ -75.817233331877958, 2.650464701564524 ], [ -75.816843358010559, 2.650369026626017 ], [ -75.816692872184134, 2.650333966154283 ], [ -75.816540347422134, 2.650302493156337 ], [ -75.816403324475672, 2.65027937595897 ], [ -75.816326283080954, 2.650269108599807 ], [ -75.816252160842708, 2.650261403033937 ], [ -75.816180481503977, 2.650256210134315 ], [ -75.816110926546529, 2.650253507415324 ], [ -75.816043145093644, 2.650253285765621 ], [ -75.815977023117384, 2.65025554954109 ], [ -75.815912387196036, 2.650260304812158 ], [ -75.815849103985755, 2.650267561565023 ], [ -75.815711360622785, 2.65028800891738 ], [ -75.815583577222043, 2.650310609800802 ], [ -75.815463612598364, 2.650335745270492 ], [ -75.815350584365035, 2.650363605912373 ], [ -75.815243462893392, 2.650394469779598 ], [ -75.815142295563248, 2.650428349611932 ], [ -75.815046800677877, 2.650465340171186 ], [ -75.814956807801678, 2.650505508159238 ], [ -75.814868285454281, 2.650548745796512 ], [ -75.81479378621178, 2.65058717726348 ], [ -75.814727105577333, 2.650624007851974 ], [ -75.814667166509324, 2.650659863376833 ], [ -75.814612366014927, 2.650695769230554 ], [ -75.814563215077499, 2.650731466846826 ], [ -75.81451944407992, 2.650767152760611 ], [ -75.814480916309392, 2.650802939808315 ], [ -75.814455430628101, 2.650830003340617 ], [ -75.81443146294707, 2.650858810201746 ], [ -75.814409014457226, 2.650889358961148 ], [ -75.814388086303609, 2.65092164806163 ], [ -75.814368679543421, 2.650955675879821 ], [ -75.814350795221273, 2.650991440592729 ], [ -75.814334434283481, 2.651028940308683 ], [ -75.814319597603813, 2.651068173025956 ], [ -75.814306286075777, 2.65110913631305 ], [ -75.814294500280639, 2.651151828304946 ], [ -75.814284240837921, 2.651196246756647 ], [ -75.814275508266832, 2.651242389420483 ], [ -75.814262625406215, 2.651339837855929 ], [ -75.814255853818949, 2.651444157458807 ], [ -75.814255185955673, 2.651554932087236 ], [ -75.814260587341593, 2.651672515800709 ], [ -75.814272058098297, 2.651796919675078 ], [ -75.814289604704086, 2.651928215987796 ], [ -75.814313151925191, 2.652066046345767 ], [ -75.814342815383938, 2.652211234623115 ], [ -75.814378697208568, 2.65236433173108 ], [ -75.814421429899568, 2.652528047279123 ], [ -75.814459132100012, 2.652655845360134 ], [ -75.81450177034543, 2.652781137349718 ], [ -75.814548868817838, 2.65290252950214 ], [ -75.814600027729981, 2.653018996230651 ], [ -75.81465474273233, 2.653129436353634 ], [ -75.814712804155221, 2.653233471031955 ], [ -75.81477391540335, 2.653330570201656 ], [ -75.814837834996553, 2.653420351801486 ], [ -75.814881224216663, 2.653473812279657 ], [ -75.814930040473882, 2.65352691767884 ], [ -75.814984792839809, 2.653580229775459 ], [ -75.815046555927395, 2.65363479850612 ], [ -75.81510269474343, 2.653680806605167 ], [ -75.815166994998506, 2.653730657765118 ], [ -75.815386391045138, 2.653892219938172 ], [ -75.815467085427727, 2.653953437079766 ], [ -75.815544362610609, 2.654015864959531 ], [ -75.815611158055418, 2.654074702738468 ], [ -75.815701294546699, 2.654161628673758 ], [ -75.815792059090924, 2.65425615782992 ], [ -75.815884392645813, 2.65435926147939 ], [ -75.815980080752368, 2.654472929097072 ], [ -75.816061918647975, 2.654574959380068 ], [ -75.816151262312388, 2.654690429068611 ], [ -75.816443325069343, 2.655080780010919 ], [ -75.816553444990262, 2.655225094079441 ], [ -75.816665082124828, 2.655365416776808 ], [ -75.816768847739965, 2.655488542711152 ], [ -75.816882472245666, 2.655613818624693 ], [ -75.816938366061152, 2.65567148671562 ], [ -75.816993981799257, 2.655726190809913 ], [ -75.817049576038684, 2.655778178825507 ], [ -75.817105240353172, 2.655827531858126 ], [ -75.817161109959727, 2.655874369667313 ], [ -75.817217292379809, 2.655918782230563 ], [ -75.817284097655033, 2.655966558666807 ], [ -75.817368841168346, 2.656021051141278 ], [ -75.817460503287236, 2.65607616099882 ], [ -75.817682570653574, 2.656205645634258 ], [ -75.817782116819998, 2.656267825323548 ], [ -75.817826770309566, 2.656299262801074 ], [ -75.817859580717609, 2.656326194512716 ], [ -75.817881326861965, 2.656349263648958 ], [ -75.817888143727245, 2.656359449004071 ], [ -75.817892286267309, 2.656368776108775 ], [ -75.817893745246252, 2.656379668297294 ], [ -75.817891089271711, 2.656390038322794 ], [ -75.817884323749198, 2.656399864433344 ], [ -75.81787346503819, 2.656409122642323 ], [ -75.817858532838017, 2.656417792949439 ], [ -75.817839576654904, 2.656425844291648 ], [ -75.817789861864526, 2.656439983828913 ], [ -75.817724644480464, 2.656451385150372 ], [ -75.817645455914828, 2.656459731757276 ], [ -75.817554060134867, 2.65646483529345 ], [ -75.817452969491626, 2.656466553135652 ], [ -75.817343201568633, 2.656464772474491 ], [ -75.817230089941035, 2.656459488938635 ], [ -75.81711734575164, 2.65645087733493 ], [ -75.817008346482439, 2.656439196264277 ], [ -75.816906716209914, 2.656424867873226 ], [ -75.816813998498503, 2.656408145580413 ], [ -75.816731997193159, 2.656389356711881 ], [ -75.816661899624677, 2.656368775909967 ], [ -75.816629910048334, 2.656356901755923 ], [ -75.816598006289126, 2.656342745845083 ], [ -75.816566118964602, 2.656326277563561 ], [ -75.816534159211528, 2.656307451148959 ], [ -75.816502070429109, 2.656286238211979 ], [ -75.816469674984234, 2.656262526161663 ], [ -75.816403261869681, 2.656207076984153 ], [ -75.816347412580541, 2.65615403898634 ], [ -75.816286618946407, 2.656090885661498 ], [ -75.8160923887217, 2.655872416986807 ], [ -75.816021091148784, 2.655795536665782 ], [ -75.81595050532961, 2.655726039830031 ], [ -75.815884464522895, 2.655668926773872 ], [ -75.815850525072463, 2.655642969405013 ], [ -75.815816967728068, 2.655619712460675 ], [ -75.815783628957874, 2.655599042897615 ], [ -75.815750391731186, 2.655580888577389 ], [ -75.815717123622122, 2.655565180549593 ], [ -75.815683774077101, 2.655551898380344 ], [ -75.815650271038407, 2.655541013471527 ], [ -75.815616556601, 2.655532507137067 ], [ -75.815546202178865, 2.655518065325789 ], [ -75.815485213501816, 2.655507339050657 ], [ -75.815429038305865, 2.655499531501272 ], [ -75.815376776079788, 2.65549453970995 ], [ -75.815327083928906, 2.655492284074346 ], [ -75.81528032850224, 2.655492834814099 ], [ -75.815236262943756, 2.655496195336619 ], [ -75.815194753305775, 2.655502376758102 ], [ -75.815150772742641, 2.655511764155882 ], [ -75.815107034062166, 2.655523253173699 ], [ -75.815064711457026, 2.655536533713964 ], [ -75.815024612177538, 2.655551350436695 ], [ -75.814987601249243, 2.655567361923566 ], [ -75.814953850971847, 2.655584469846168 ], [ -75.814923688607678, 2.655602507604481 ], [ -75.814897321388415, 2.655621350210795 ], [ -75.814324439335877, 2.655952679364993 ], [ -75.814728948338768, 2.657475534760789 ], [ -75.815300018658633, 2.658308345870541 ], [ -75.816180419398961, 2.658760443335009 ], [ -75.816489749343333, 2.659307719533933 ], [ -75.817155998469147, 2.66014053051604 ], [ -75.816918052546526, 2.661687180806832 ], [ -75.816299392279916, 2.660378476617486 ], [ -75.815894884157544, 2.660330887974715 ], [ -75.815442786227649, 2.65978361205131 ], [ -75.815014483668648, 2.659617049636954 ], [ -75.814038904224532, 2.659260130199734 ], [ -75.813277477278319, 2.658593881628961 ], [ -75.812516049577297, 2.658474908231318 ], [ -75.811784315182919, 2.658791993069424 ], [ -75.811725340835906, 2.658745207640832 ], [ -75.811671504470368, 2.658698717420459 ], [ -75.811622551176427, 2.658652301672213 ], [ -75.811578337869094, 2.658605823653898 ], [ -75.811538718302316, 2.658559121848799 ], [ -75.811503671276, 2.658512162400836 ], [ -75.811473145344252, 2.658464876143603 ], [ -75.811447108186357, 2.658417212644871 ], [ -75.811422347927049, 2.658360746871437 ], [ -75.8114014648298, 2.658298679792397 ], [ -75.811384247672024, 2.658230404522837 ], [ -75.811370373735542, 2.658154654074178 ], [ -75.811361382662099, 2.658086940177503 ], [ -75.811353935700637, 2.658010271249835 ], [ -75.811336732606705, 2.657744138885116 ], [ -75.811328126401776, 2.657643888949278 ], [ -75.811802210943839, 2.656952052759332 ], [ -75.810612480341135, 2.655667144238801 ], [ -75.810850426868797, 2.654953306187256 ], [ -75.811203987609929, 2.654639029000826 ], [ -75.811207641022136, 2.654593282802639 ], [ -75.811209153194966, 2.65455059416566 ], [ -75.811209397273785, 2.654450523678832 ], [ -75.81120767242146, 2.65436367920928 ], [ -75.811203856845069, 2.654284143210618 ], [ -75.811197861286146, 2.654210469690882 ], [ -75.81118947629426, 2.654140708301775 ], [ -75.811178692612344, 2.654075248091821 ], [ -75.811165440480508, 2.65401366935865 ], [ -75.811149666717014, 2.653955729990868 ], [ -75.811132072472532, 2.653902077324831 ], [ -75.811111701783716, 2.653847899529857 ], [ -75.811088645190068, 2.653793437645189 ], [ -75.811063013098362, 2.653738952694709 ], [ -75.811034923145201, 2.653684697263592 ], [ -75.811004528145219, 2.653630968850083 ], [ -75.810971988435185, 2.653578050924599 ], [ -75.810937479959563, 2.653526229695562 ], [ -75.810901196915282, 2.653475795669781 ], [ -75.810863329661288, 2.653427012418382 ], [ -75.810824081643617, 2.653380141955758 ], [ -75.810783657193682, 2.653335428246853 ], [ -75.810742276153903, 2.653293112683754 ], [ -75.810700125153915, 2.653253384393315 ], [ -75.810657401360629, 2.653216429079257 ], [ -75.810614289372268, 2.653182406295519 ], [ -75.810581959012254, 2.653160274099878 ], [ -75.810546442490008, 2.653140098686438 ], [ -75.810507535425842, 2.653121762383023 ], [ -75.810464889172835, 2.653105099983724 ], [ -75.810418772528422, 2.653090142864241 ], [ -75.810367658226724, 2.653076330760987 ], [ -75.810310361684984, 2.653063318909945 ], [ -75.810242032978366, 2.653050000874584 ], [ -75.809674742229276, 2.653406206328704 ], [ -75.809034234911863, 2.653558708168787 ], [ -75.808851232962752, 2.652521696024598 ], [ -75.808472777182843, 2.65157626297749 ], [ -75.808409255223964, 2.651567692449555 ], [ -75.808344211069738, 2.651561133391905 ], [ -75.808279277242704, 2.651556748645429 ], [ -75.808215484092244, 2.651554605264748 ], [ -75.808154011504172, 2.651554723687096 ], [ -75.808095027164626, 2.651557083408992 ], [ -75.8080389626449, 2.651561666698238 ], [ -75.807986102737914, 2.651568449588181 ], [ -75.807937429532103, 2.651577244672738 ], [ -75.807892239973242, 2.651588113606138 ], [ -75.807850659825732, 2.651601025962011 ], [ -75.807812777412309, 2.651615954061815 ], [ -75.807778680587504, 2.651632860673659 ], [ -75.807748401861105, 2.651651726739705 ], [ -75.80772198289965, 2.651672526190751 ], [ -75.807699453164403, 2.651695235680153 ], [ -75.807681040700615, 2.65172044232012 ], [ -75.80766564980884, 2.65175028923862 ], [ -75.807653111244534, 2.651785092387032 ], [ -75.807643182231189, 2.651825517749647 ], [ -75.807636650959495, 2.651864661022781 ], [ -75.807631493031366, 2.651910227624056 ], [ -75.807619747391641, 2.652087192554188 ], [ -75.80761229875236, 2.652160015148807 ], [ -75.807606381499625, 2.652197398986019 ], [ -75.807599184664682, 2.652231191626508 ], [ -75.807590578746755, 2.652261995452772 ], [ -75.807580480063706, 2.652290100608277 ], [ -75.807561686760124, 2.652332361452247 ], [ -75.807539293113692, 2.652375218986422 ], [ -75.807513075417489, 2.6524191087457 ], [ -75.807482547191142, 2.652464848377166 ], [ -75.80741932648138, 2.652549246720206 ], [ -75.807295417383827, 2.652701328320315 ], [ -75.807247667150179, 2.652762201753746 ], [ -75.807201735673615, 2.652825863538756 ], [ -75.807164074928096, 2.652884964730436 ], [ -75.806197700665521, 2.653131703643199 ], [ -75.80704510230963, 2.654134188904912 ], [ -75.807061655300913, 2.654166985472763 ], [ -75.807081352214539, 2.654200412770964 ], [ -75.807104387256999, 2.654234806145045 ], [ -75.8071311919321, 2.654270812358046 ], [ -75.807185446920585, 2.654336215535949 ], [ -75.807321834248228, 2.654489578604953 ], [ -75.807355811654844, 2.654531247185956 ], [ -75.807384112166133, 2.654569421482814 ], [ -75.807411125468661, 2.654611013043743 ], [ -75.807432814474524, 2.654651068617071 ], [ -75.80744955521952, 2.654690287313616 ], [ -75.80746150703439, 2.654729053733521 ], [ -75.807473040006926, 2.654782277071569 ], [ -75.807482228260469, 2.654839426684581 ], [ -75.80748885929809, 2.654899175695 ], [ -75.807492793140881, 2.654960258694752 ], [ -75.807493953602602, 2.655021235292947 ], [ -75.807492342479193, 2.655081334903765 ], [ -75.807487984614298, 2.655139664786058 ], [ -75.807480931893451, 2.655195544304412 ], [ -75.807471534641991, 2.655247095916367 ], [ -75.807459720273812, 2.655295370200338 ], [ -75.807445570406074, 2.655340035632362 ], [ -75.807429160887068, 2.655380854790542 ], [ -75.807410594479634, 2.655417590228178 ], [ -75.807389922439484, 2.655450156761362 ], [ -75.807367215012476, 2.655478444224089 ], [ -75.807342533683794, 2.65550237657617 ], [ -75.80732485281257, 2.655515312309359 ], [ -75.807304152490872, 2.655526698482256 ], [ -75.807280275303782, 2.655536623955355 ], [ -75.807252912968906, 2.655545217999614 ], [ -75.807221327404378, 2.655552686278683 ], [ -75.807184553063095, 2.655559229761278 ], [ -75.807028596021254, 2.655578651061336 ], [ -75.806964447948175, 2.655589954765023 ], [ -75.806932121514293, 2.655598498499091 ], [ -75.80690435482704, 2.655608533378937 ], [ -75.806880588099901, 2.65562026379872 ], [ -75.806860569716108, 2.655633818814206 ], [ -75.806843929196418, 2.655648998536367 ], [ -75.806829220033492, 2.65566648555825 ], [ -75.806816416484537, 2.655686310225621 ], [ -75.806805490163995, 2.655708516258958 ], [ -75.806796421936497, 2.65573313288511 ], [ -75.806789170519721, 2.655760260732493 ], [ -75.806783708632565, 2.655790000007298 ], [ -75.806780007142223, 2.655822507646969 ], [ -75.80677770359344, 2.655888262774583 ], [ -75.806780889415876, 2.655966062954551 ], [ -75.806788279971784, 2.656047985693364 ], [ -75.806812655892955, 2.656265312432792 ], [ -75.80681727855864, 2.656326783699396 ], [ -75.80681894447352, 2.656379456988578 ], [ -75.806816992052745, 2.656436113422973 ], [ -75.806810510840407, 2.656484450510846 ], [ -75.806799364599399, 2.656525456227975 ], [ -75.806792001764336, 2.65654335526047 ], [ -75.806783423009591, 2.65655957780779 ], [ -75.806767333012317, 2.656583660343242 ], [ -75.806749072909469, 2.656605643681561 ], [ -75.806728625286809, 2.656625548863982 ], [ -75.806705967750631, 2.656643397748471 ], [ -75.806681079825097, 2.656659207843812 ], [ -75.806653922783923, 2.656673004993133 ], [ -75.806624457066562, 2.656684809399642 ], [ -75.806592631428003, 2.656694641671863 ], [ -75.806558564531755, 2.656702485654481 ], [ -75.806522024164835, 2.656708413817619 ], [ -75.806482918710316, 2.656712441217989 ], [ -75.80644112307327, 2.656714580876769 ], [ -75.806396557813187, 2.65671484176302 ], [ -75.806348947874284, 2.656713229993955 ], [ -75.806243398057148, 2.656704335816381 ], [ -75.804354498100182, 2.656952053457319 ], [ -75.803975197720547, 2.657264418384219 ], [ -75.804140346502408, 2.657951427145906 ], [ -75.804827314349112, 2.657978191418133 ], [ -75.804904197509316, 2.658022708600442 ], [ -75.804981367293848, 2.658064010838058 ], [ -75.80505858733838, 2.658101971788237 ], [ -75.805135657967426, 2.658136493475963 ], [ -75.805212361219247, 2.658167480540498 ], [ -75.805288573493925, 2.658194885345875 ], [ -75.805364149865639, 2.658218655875562 ], [ -75.805438967816769, 2.658238753706186 ], [ -75.806067710386387, 2.659069773873358 ], [ -75.805829763926937, 2.659902584753975 ], [ -75.805943150288996, 2.660809673564276 ], [ -75.805886449164348, 2.660848233758556 ], [ -75.805826563096389, 2.660884531041207 ], [ -75.805764138942763, 2.66091817321263 ], [ -75.80569987885049, 2.660948781605737 ], [ -75.805634524122709, 2.660976004573947 ], [ -75.805568786336224, 2.660999547008072 ], [ -75.805503380555578, 2.661019153189479 ], [ -75.805438967682591, 2.661034625276114 ], [ -75.805410159705033, 2.661039584616068 ], [ -75.805379512624853, 2.661042763342811 ], [ -75.805311098183054, 2.661043915299985 ], [ -75.80524484189452, 2.661039817571452 ], [ -75.805090989610534, 2.661024840498349 ], [ -75.805019278271644, 2.661021823223897 ], [ -75.804957696467369, 2.661024982882565 ], [ -75.804929843028717, 2.661028976680346 ], [ -75.804903582321586, 2.661034625191804 ], [ -75.804858277734382, 2.661047501768459 ], [ -75.804812438611705, 2.661063231919081 ], [ -75.804766275021649, 2.661081743680903 ], [ -75.804720018934489, 2.661102944161996 ], [ -75.804673891773433, 2.661126733648308 ], [ -75.80462817053872, 2.661152971071381 ], [ -75.804583116743146, 2.661181506418834 ], [ -75.804538998968653, 2.661212169663734 ], [ -75.803831016733596, 2.661592002029206 ], [ -75.803854811368168, 2.662282045596846 ], [ -75.804400435166897, 2.662266783625562 ], [ -75.804444260710227, 2.662313834470935 ], [ -75.804498394520067, 2.662362855805981 ], [ -75.804556747170054, 2.662409781498291 ], [ -75.804713285344164, 2.662528880870774 ], [ -75.804756737424682, 2.662565103319038 ], [ -75.804793199104282, 2.662598744713572 ], [ -75.804831028733233, 2.662639028021907 ], [ -75.804861684493758, 2.662678810233749 ], [ -75.804885783366828, 2.662718897815019 ], [ -75.804903581654116, 2.662759731661787 ], [ -75.804920036777489, 2.662815282034036 ], [ -75.80493179595581, 2.662876248260972 ], [ -75.804938853474027, 2.662942600407547 ], [ -75.804941206270598, 2.663014309619395 ], [ -75.804938857732381, 2.663091281473486 ], [ -75.804931811680973, 2.663173581512774 ], [ -75.804920067774063, 2.663261240878912 ], [ -75.80490358163776, 2.66335459579692 ], [ -75.804888708612978, 2.663415016590894 ], [ -75.804866578236712, 2.663480807856772 ], [ -75.804839869141375, 2.663546929291608 ], [ -75.804761835850286, 2.663725742935149 ], [ -75.804741032859823, 2.66378060463021 ], [ -75.804725122354171, 2.663830488046179 ], [ -75.804716415547418, 2.663865105813668 ], [ -75.804709301092188, 2.663902300518741 ], [ -75.804703709811832, 2.663942421795383 ], [ -75.804699543421933, 2.663986166999767 ], [ -75.804695406815213, 2.664072345333275 ], [ -75.804691571722259, 2.66429442083095 ], [ -75.80468751727004, 2.664356514864069 ], [ -75.804681036676286, 2.664410355784661 ], [ -75.804669310431038, 2.664468697169206 ], [ -75.804653124458895, 2.664519793401766 ], [ -75.80463214968087, 2.66456466941465 ], [ -75.804619792132129, 2.664584932118051 ], [ -75.804606149419186, 2.664603810565777 ], [ -75.803577984817636, 2.665105859715909 ], [ -75.802450929716983, 2.664994631475412 ], [ -75.800880485352934, 2.665327755669141 ], [ -75.800082018507823, 2.665264511161646 ], [ -75.8000168310231, 2.665326967648653 ], [ -75.799957886893864, 2.665374956597741 ], [ -75.799929469539663, 2.665394580659697 ], [ -75.799901632205817, 2.665411355840688 ], [ -75.799874247096184, 2.66542535880864 ], [ -75.799847233808734, 2.665436630130579 ], [ -75.799429013865193, 2.665779853939577 ], [ -75.798310667503571, 2.665208783018235 ], [ -75.797596828749704, 2.665827442742372 ], [ -75.796478503231953, 2.66583229717834 ], [ -75.795883617065755, 2.66525637197035 ], [ -75.795521066176093, 2.665836454093044 ], [ -75.794755074071418, 2.66583977900447 ], [ -75.794314987383274, 2.665853035633522 ], [ -75.793972891492473, 2.665864340641952 ], [ -75.793750416786111, 2.665867478350482 ], [ -75.793645738417339, 2.665866592080343 ], [ -75.793547170833207, 2.665863916452289 ], [ -75.793453257921115, 2.665859411020681 ], [ -75.793363204211829, 2.665853035861185 ], [ -75.79325871512647, 2.66584197477592 ], [ -75.793003860997302, 2.665806481836757 ], [ -75.792887312056621, 2.665793548674799 ], [ -75.792555080748201, 2.665763935159481 ], [ -75.792362239457944, 2.665751286106713 ], [ -75.791814738230855, 2.665375344914867 ], [ -75.791294302910813, 2.665947404286095 ], [ -75.791277597148408, 2.665965457710123 ], [ -75.791262705714274, 2.665986602014267 ], [ -75.791249492343709, 2.666011025635108 ], [ -75.791237750350561, 2.666039107486176 ], [ -75.791227957476721, 2.666068930631262 ], [ -75.791218828966194, 2.666103582137937 ], [ -75.79118938065335, 2.666247314274782 ], [ -75.791173873605672, 2.666307439593957 ], [ -75.791163286579206, 2.666338220470127 ], [ -75.79115151340504, 2.666365398451913 ], [ -75.791138328386083, 2.666389490550103 ], [ -75.791123596093172, 2.666410737100651 ], [ -75.791101258047703, 2.66643715539104 ], [ -75.791075756497079, 2.666463294371459 ], [ -75.791046870959221, 2.666489383626668 ], [ -75.791014137309531, 2.666515843999895 ], [ -75.79094320643739, 2.66656632369501 ], [ -75.790806580218742, 2.666654593062135 ], [ -75.790734565317337, 2.666697925771639 ], [ -75.790652161659381, 2.666739570534236 ], [ -75.790553580343456, 2.666782381719974 ], [ -75.790340409554432, 2.666865895909261 ], [ -75.790249019248677, 2.666904238668909 ], [ -75.790155314142822, 2.666949416721541 ], [ -75.790113760119212, 2.666972383204267 ], [ -75.790075001094792, 2.666995997592785 ], [ -75.789973060366279, 2.667064967429073 ], [ -75.789867554446815, 2.667143608189723 ], [ -75.789756826608496, 2.667233124685108 ], [ -75.789636058424662, 2.667337402866664 ], [ -75.789463548763223, 2.667483762544441 ], [ -75.789387785659571, 2.667553959828558 ], [ -75.789351572944241, 2.667592109688055 ], [ -75.789320237485299, 2.667629304742292 ], [ -75.789293219651952, 2.667666212128859 ], [ -75.789270263688266, 2.66770318771771 ], [ -75.789250493604413, 2.667743784801501 ], [ -75.789233328795106, 2.667791294206254 ], [ -75.789218518971566, 2.667845126314077 ], [ -75.789192991529518, 2.667957437099145 ], [ -75.789180940572365, 2.668004549753988 ], [ -75.789165584636905, 2.668052478436491 ], [ -75.789148334687567, 2.668093362396326 ], [ -75.789131677001507, 2.668124923342153 ], [ -75.789112494270753, 2.668156146072123 ], [ -75.789090698926486, 2.668187174299474 ], [ -75.789066145779756, 2.668218215411516 ], [ -75.789038852653462, 2.668249286922913 ], [ -75.78900829806453, 2.668281017277602 ], [ -75.788934707066829, 2.668349184190345 ], [ -75.788759388409829, 2.668496009366499 ], [ -75.788685905959966, 2.668561906641008 ], [ -75.788649320657797, 2.668598214132731 ], [ -75.788617005416228, 2.668633442889635 ], [ -75.788588352316651, 2.668668257854973 ], [ -75.78856307423051, 2.668703012816926 ], [ -75.788501919076694, 2.668794028802249 ], [ -75.788456559499693, 2.668864629572733 ], [ -75.788417554902864, 2.668929513485955 ], [ -75.78838422433904, 2.668989980858692 ], [ -75.788354948454952, 2.669049234631661 ], [ -75.788330426714907, 2.669106181347582 ], [ -75.788310423393511, 2.669161371142021 ], [ -75.788294827923181, 2.669215114884069 ], [ -75.788285451819064, 2.669263648287798 ], [ -75.788280447312104, 2.669318143141192 ], [ -75.788279527792767, 2.669383015035672 ], [ -75.788284245307608, 2.669523416992071 ], [ -75.788284359303915, 2.669584292707139 ], [ -75.788280053653168, 2.669647531441131 ], [ -75.788270438699598, 2.669702837721919 ], [ -75.786573175170844, 2.669960612606475 ], [ -75.785871005525564, 2.670504227516195 ], [ -75.785531245615203, 2.671025191936721 ], [ -75.784353412746839, 2.671568807914323 ], [ -75.783673893659042, 2.671817964226876 ], [ -75.783039675284186, 2.671455554464937 ], [ -75.782177987909705, 2.671209358360812 ], [ -75.782103245594286, 2.67106653503304 ], [ -75.782060973364821, 2.670990979366908 ], [ -75.78201717900744, 2.670921665749072 ], [ -75.781973383324782, 2.670862518431965 ], [ -75.781932095296256, 2.670816542763109 ], [ -75.781881184372821, 2.670769117748251 ], [ -75.781829005404845, 2.67072611393774 ], [ -75.781699067038076, 2.670624911304193 ], [ -75.781635686270036, 2.670570000628847 ], [ -75.781606034348016, 2.670540592978687 ], [ -75.781580084970884, 2.670511574760892 ], [ -75.781557398750152, 2.670482452569969 ], [ -75.781537763228499, 2.67045294923664 ], [ -75.781523256190155, 2.670426660714472 ], [ -75.781509135582738, 2.670395855663658 ], [ -75.781470018534449, 2.670293004929951 ], [ -75.78145539958166, 2.670257982533986 ], [ -75.781439843003611, 2.670226808765467 ], [ -75.781423390091248, 2.670200234628515 ], [ -75.781404849278999, 2.670175368089629 ], [ -75.781383791269519, 2.670150545548573 ], [ -75.781333281603821, 2.670100073921038 ], [ -75.781273308770807, 2.670049265247889 ], [ -75.781171887972789, 2.669971128247369 ], [ -75.781086018622219, 2.669908412891419 ], [ -75.780997059235546, 2.669850327214318 ], [ -75.780905009816749, 2.669796871219861 ], [ -75.780809870369879, 2.669748044911523 ], [ -75.780711640899312, 2.669703848292628 ], [ -75.780610321409469, 2.669664281366173 ], [ -75.780505911904982, 2.669629344134904 ], [ -75.780398412390653, 2.669599036601323 ] ] ] } },
{ "type": "Feature", "properties": { "TIPO_VIA": 6, "ESTADO_SUP": "3350", "NUMERO_CAR": "Sin Valor", "ACCESIBILI": "3601", "NOMBRE_GEO": null, "PROYECTO": null, "SYMBOL": "2", "FECHA": null, "RULEID": 6, "PK_CUE": 2056213.0, "GLOBALID": "{268FB914-A5EA-429A-BB29-A9677F8EE8AF}", "EJE_VIAL": null, "SHAPE_Leng": 947.300181436 }, "geometry": { "type": "MultiLineString", "coordinates": [ [ [ -75.879095207425721, 2.466783558086387 ], [ -75.878810755683602, 2.466721600012084 ], [ -75.877233986234089, 2.466378156532288 ], [ -75.87633860569521, 2.466415544534989 ], [ -75.874953680776258, 2.466803742796767 ], [ -75.874439580235347, 2.466688332361124 ], [ -75.873463837900871, 2.4662266915181 ], [ -75.87235170112551, 2.465974886752055 ], [ -75.871785140881272, 2.465775541415542 ], [ -75.87158409692077, 2.465299180968368 ], [ -75.871482744960375, 2.464893759226737 ] ] ] } },
{ "type": "Feature", "properties": { "TIPO_VIA": 3, "ESTADO_SUP": "3301", "NUMERO_CAR": "3502", "ACCESIBILI": "3600", "NOMBRE_GEO": null, "PROYECTO": null, "SYMBOL": "2", "FECHA": null, "RULEID": 3, "PK_CUE": 2056214.0, "GLOBALID": "{ACB3F28E-CB3D-48C5-8892-4096AD44E6F3}", "EJE_VIAL": null, "SHAPE_Leng": 180.563930124 }, "geometry": { "type": "MultiLineString", "coordinates": [ [ [ -75.848652155766374, 2.480627394758144 ], [ -75.848886112723761, 2.479012233353822 ] ] ] } },
{ "type": "Feature", "properties": { "TIPO_VIA": 2, "ESTADO_SUP": "3306", "NUMERO_CAR": "3501", "ACCESIBILI": "3600", "NOMBRE_GEO": null, "PROYECTO": null, "SYMBOL": "2", "FECHA": null, "RULEID": 2, "PK_CUE": 2056466.0, "GLOBALID": "{3FB6882D-DBF8-493A-BB39-105D7054AA91}", "EJE_VIAL": null, "SHAPE_Leng": 22178.293977400001 }, "geometry": { "type": "MultiLineString", "coordinates": [ [ [ -75.969590914298962, 2.64294840329802 ], [ -75.969677628027981, 2.64299186358184 ], [ -75.969695002263464, 2.643000569299905 ], [ -75.969848012142975, 2.643138056344821 ], [ -75.969991976343877, 2.643267422264044 ], [ -75.970305020634754, 2.643534285142898 ], [ -75.970343037283754, 2.643581248349971 ], [ -75.970354822746344, 2.643594400001464 ], [ -75.970489916623023, 2.643745114458732 ], [ -75.971687841897491, 2.645081291166666 ], [ -75.972174107015917, 2.645930200279649 ], [ -75.973283794093959, 2.647660656360769 ], [ -75.973494088030847, 2.649204056628507 ], [ -75.973584284553169, 2.650389571339957 ], [ -75.974141932098107, 2.650925352680234 ], [ -75.974652480058936, 2.653219192390975 ], [ -75.974332024032464, 2.656825532942708 ], [ -75.974402004669273, 2.65962270691903 ], [ -75.974447744585703, 2.661451039197094 ], [ -75.973858036631498, 2.66490119014461 ], [ -75.974014470404228, 2.665001846340508 ], [ -75.974745032914299, 2.665373085433903 ], [ -75.974924920804852, 2.665464495811278 ], [ -75.97519764975317, 2.665293420853841 ], [ -75.975300664257432, 2.665237035000308 ], [ -75.975480915812014, 2.665138371794936 ], [ -75.976124172322486, 2.665371906810361 ], [ -75.976844512764828, 2.665760806264679 ], [ -75.977204305695153, 2.666382340753533 ], [ -75.977795721335198, 2.667029962723161 ], [ -75.978515711582332, 2.667807122846577 ], [ -75.978901241526685, 2.668428684698288 ], [ -75.97962152027182, 2.668895233705026 ], [ -75.980290270889327, 2.669413516969852 ], [ -75.98101036128979, 2.670087137344806 ], [ -75.981566947968204, 2.671055933920291 ], [ -75.981575741751243, 2.671071231736031 ], [ -75.981588741242362, 2.671078832077426 ], [ -75.982373230858272, 2.671537852549291 ], [ -75.982913406126954, 2.671926599173573 ], [ -75.983530494059536, 2.672651898802041 ], [ -75.984431036687866, 2.673015078891835 ], [ -75.985099697641004, 2.673636883787264 ], [ -75.986154473159189, 2.674233158034116 ], [ -75.987157694004523, 2.67490703011388 ], [ -75.987903619416088, 2.675477145166526 ], [ -75.989035595248566, 2.676099363436678 ], [ -75.990013492378381, 2.676307314099388 ], [ -75.991094667893009, 2.676152966196285 ], [ -75.99168696320217, 2.675817005399877 ], [ -75.992382439110358, 2.675222293268927 ], [ -75.992486104618209, 2.674419989597619 ], [ -75.992512776329406, 2.673358773824241 ], [ -75.992230579261914, 2.672297280228734 ], [ -75.992076527370031, 2.671857114042496 ], [ -75.99151083970979, 2.671209519383676 ], [ -75.991253993372752, 2.670588073078806 ], [ -75.991305835293872, 2.67017397672384 ], [ -75.991743584255303, 2.669967292815683 ], [ -75.992284189786744, 2.669864237753144 ], [ -75.99315931139661, 2.669865019362382 ], [ -75.99426610711356, 2.669840117820156 ], [ -75.995089737016571, 2.669866725666701 ], [ -75.995289386886625, 2.669881242675196 ], [ -75.995604605973696, 2.669763644898806 ], [ -75.99676278582109, 2.669842319298759 ], [ -75.99826335463284, 2.670091366171351 ], [ -75.998429735639419, 2.670118316885245 ], [ -76.000305769021566, 2.670873665791843 ], [ -76.000860738939394, 2.671097471867817 ], [ -76.002165191389679, 2.671321933560269 ], [ -76.003275446133685, 2.671406653777314 ], [ -76.003802424614179, 2.67190958496715 ], [ -76.004551243252038, 2.672663944631837 ], [ -76.0054112988431, 2.673195073960319 ], [ -76.007187546229062, 2.673531610420812 ], [ -76.008408312412087, 2.674230544284927 ], [ -76.009157165368848, 2.674956985261745 ], [ -76.010044081256311, 2.676520987611532 ], [ -76.01020998205054, 2.677274836342454 ], [ -76.010959059679124, 2.677750036205449 ], [ -76.011430396613093, 2.678392493061583 ], [ -76.012123492087397, 2.679398031124313 ], [ -76.01253929585738, 2.680068344601365 ], [ -76.013177216321623, 2.680683026047003 ], [ -76.013815182226693, 2.68124188555717 ], [ -76.014259030346636, 2.681577245257118 ], [ -76.014897122304404, 2.68199652527744 ], [ -76.015146637727071, 2.682359642001439 ], [ -76.015288383273344, 2.682511950844249 ], [ -76.015562629687366, 2.682806633927084 ], [ -76.015615495165633, 2.682806679080266 ], [ -76.016090047694576, 2.682807101979408 ], [ -76.016589557038444, 2.682975024055586 ], [ -76.016838956263541, 2.683477702729598 ], [ -76.017199099086369, 2.684315462678164 ], [ -76.017892204404816, 2.68532100087113 ], [ -76.018168974759192, 2.686270349718376 ], [ -76.018362605654232, 2.687052134931709 ], [ -76.018611960941342, 2.687610644728188 ], [ -76.018889190230524, 2.688029610015156 ], [ -76.019526894843906, 2.68889552255109 ], [ -76.019887137066505, 2.689621623078773 ], [ -76.020247020084696, 2.69076644441244 ], [ -76.02024649006826, 2.691380577937968 ], [ -76.019940658880714, 2.691938601571352 ], [ -76.019662513929191, 2.692580404166293 ], [ -76.019356807801714, 2.692998857370917 ], [ -76.018995523365504, 2.693473095301151 ], [ -76.018942011171831, 2.693533138920778 ], [ -76.0185315443251, 2.694407882419207 ], [ -76.018093929348666, 2.694877691813213 ], [ -76.017528512225297, 2.696295665078527 ], [ -76.017277791943755, 2.697716746284142 ], [ -76.017229911822639, 2.69850730787068 ], [ -76.017375017164156, 2.699695329710801 ], [ -76.017452092265088, 2.699977652883387 ], [ -76.017934522963955, 2.700590446898046 ], [ -76.018405968128647, 2.701121243710265 ], [ -76.01879394980169, 2.701875281021993 ], [ -76.019376023065078, 2.702880728823516 ], [ -76.019648553915744, 2.703650207643426 ], [ -76.019652938225079, 2.703662587056216 ], [ -76.01965225536847, 2.704444202430833 ], [ -76.0201236100676, 2.705086649747121 ], [ -76.020650580398723, 2.705617500589358 ], [ -76.020939019938552, 2.705788459065361 ], [ -76.021122239685283, 2.705897055856234 ], [ -76.021232796151025, 2.706455448829535 ], [ -76.021176919629781, 2.706874127267841 ], [ -76.021176588385742, 2.707253908306503 ], [ -76.021176435049441, 2.707432420698859 ], [ -76.021214919077423, 2.707656137106663 ], [ -76.021231843366323, 2.707754484600138 ], [ -76.021286909840342, 2.708074563646074 ], [ -76.021286335291137, 2.708744517837709 ], [ -76.021341419718581, 2.709247035807444 ], [ -76.021451994377543, 2.709777508573461 ], [ -76.021479319583577, 2.710279999366183 ], [ -76.021590091884732, 2.710587160255549 ], [ -76.021756063567764, 2.711257268157143 ], [ -76.021838888708061, 2.711787723394564 ], [ -76.02183842206675, 2.712318096755648 ], [ -76.021538807324873, 2.712603043172607 ], [ -76.021310563289362, 2.712820103082518 ], [ -76.021171351207997, 2.713294538575868 ], [ -76.021382617169024, 2.713535727832177 ], [ -76.021587334112013, 2.713769450755432 ], [ -76.022308258858516, 2.714719185873253 ], [ -76.023860879725675, 2.716925825708882 ], [ -76.024359462583746, 2.718182433791761 ], [ -76.024941544115919, 2.719187872874615 ], [ -76.026355349286192, 2.721422307299802 ], [ -76.026732426273654, 2.722258450337399 ], [ -76.026770944908876, 2.722343862306263 ], [ -76.027380865005767, 2.723265587021857 ], [ -76.027685906278094, 2.723628749398043 ], [ -76.027740874041797, 2.724270838438799 ], [ -76.027768029557038, 2.724968739117237 ], [ -76.028053164884795, 2.725956805023107 ], [ -76.028311206212379, 2.726850970159427 ], [ -76.028369164765564, 2.727051797448396 ], [ -76.028404594006915, 2.727174570288136 ], [ -76.028355475271596, 2.727444918243422 ], [ -76.028293024225505, 2.727788604091387 ], [ -76.028337974567549, 2.727947327915793 ], [ -76.028403722589587, 2.72817950562323 ], [ -76.028319811012864, 2.728905218795089 ], [ -76.027902787033412, 2.729630645286531 ], [ -76.027513590852763, 2.730272338080064 ], [ -76.027374280897519, 2.730858434816688 ], [ -76.027235311105244, 2.731053711037313 ], [ -76.027167173998507, 2.731169665917771 ], [ -76.02715148967556, 2.731216844632884 ], [ -76.026478860520882, 2.732482388553631 ], [ -76.026434804536308, 2.732565279074688 ], [ -76.02641877912346, 2.733611771920266 ], [ -76.02640285236788, 2.735153989577764 ], [ -76.026625400371287, 2.736461882640425 ], [ -76.026655673413913, 2.737097952588616 ], [ -76.026868726943675, 2.737613388950722 ], [ -76.02700684312245, 2.738395129743664 ], [ -76.02717306661161, 2.738786085760387 ], [ -76.027644719138479, 2.739093560687257 ], [ -76.028782255367616, 2.739820351942225 ], [ -76.029892275867624, 2.740267963814091 ], [ -76.030419182557338, 2.740882555650924 ], [ -76.031224010832545, 2.741134497062636 ], [ -76.032556042210217, 2.741666047739642 ], [ -76.033527578972041, 2.741750652039872 ], [ -76.034859995591532, 2.741835559732396 ], [ -76.035997855747055, 2.74219944992895 ], [ -76.036608242528942, 2.742590791888708 ], [ -76.037273544001039, 2.743680061639521 ], [ -76.0378556976477, 2.744629680291321 ], [ -76.037914626868471, 2.744758373348382 ], [ -76.037983608851732, 2.744909011121969 ], [ -76.038354441569226, 2.745718797857844 ], [ -76.038548136639079, 2.746444753366758 ], [ -76.039019456357892, 2.747143040669165 ], [ -76.03915724869195, 2.748315594282419 ], [ -76.039489553564252, 2.749264996332576 ], [ -76.039683921622881, 2.749209337099358 ], [ -76.04009949205151, 2.750186722425727 ], [ -76.040514711140418, 2.75155491900426 ], [ -76.040846899041242, 2.752643891885136 ], [ -76.040929292004705, 2.753676819962146 ], [ -76.040983990860255, 2.754625980192162 ], [ -76.041010958232349, 2.755547192974172 ], [ -76.041454501282473, 2.756273373752155 ], [ -76.041787237046705, 2.756720302995981 ], [ -76.042286206807532, 2.757558189019925 ], [ -76.042507497658463, 2.758479582180803 ], [ -76.042978340592313, 2.759736171602401 ], [ -76.043560494199923, 2.760685789808169 ], [ -76.044225984129582, 2.761579650291366 ], [ -76.044780135579117, 2.762808392806013 ], [ -76.044807319740926, 2.763478383341908 ], [ -76.045056593253904, 2.76414856193306 ], [ -76.045805311583763, 2.765098324239976 ], [ -76.046304550724912, 2.765629147770454 ], [ -76.046581437818759, 2.766466844963626 ], [ -76.046053596631225, 2.766913019923001 ], [ -76.045943382641269, 2.766998117272585 ], [ -76.045692456343687, 2.76719185680895 ], [ -76.046148548728084, 2.767421664076309 ], [ -76.046261826892604, 2.767478743138334 ], [ -76.046302933521275, 2.767499449420935 ], [ -76.046802611703626, 2.76752780887127 ], [ -76.047635125605353, 2.767891428925467 ], [ -76.048772797727665, 2.768506550239492 ], [ -76.04952178589815, 2.769149250143524 ], [ -76.050464531724259, 2.77046208421014 ], [ -76.051352166249131, 2.771300310745137 ], [ -76.052101065371744, 2.772054662132772 ], [ -76.052599979587143, 2.772976297755726 ], [ -76.052987503856144, 2.774288645733952 ], [ -76.053236508111993, 2.775265888242206 ], [ -76.053624688197402, 2.775824532390884 ], [ -76.054040625678823, 2.776383194247455 ], [ -76.054123235252192, 2.777164890198428 ], [ -76.054129208878194, 2.777735796893676 ], [ -76.054209904527212, 2.778314939752001 ], [ -76.054815755011489, 2.778924141780924 ], [ -76.054618075093117, 2.780036327158935 ] ] ] } },
{ "type": "Feature", "properties": { "TIPO_VIA": 5, "ESTADO_SUP": "3306", "NUMERO_CAR": "Sin Valor", "ACCESIBILI": "3601", "NOMBRE_GEO": null, "PROYECTO": null, "SYMBOL": "2", "FECHA": null, "RULEID": 5, "PK_CUE": 2056282.0, "GLOBALID": "{F6957045-DF82-463B-A5E5-E61662F93A68}", "EJE_VIAL": null, "SHAPE_Leng": 1455.12912972 }, "geometry": { "type": "MultiLineString", "coordinates": [ [ [ -76.054618075093117, 2.780036327158935 ], [ -76.05450934905943, 2.780124228345874 ], [ -76.053343057285787, 2.781067136020652 ], [ -76.053226895555923, 2.781172292728491 ], [ -76.052533020282624, 2.781800475838364 ], [ -76.046695910560004, 2.787084823783755 ], [ -76.04554065875044, 2.788058831316985 ], [ -76.04487441524914, 2.788796464713572 ] ] ] } },
{ "type": "Feature", "properties": { "TIPO_VIA": 5, "ESTADO_SUP": "3306", "NUMERO_CAR": "Sin Valor", "ACCESIBILI": "3601", "NOMBRE_GEO": null, "PROYECTO": null, "SYMBOL": "2", "FECHA": null, "RULEID": 5, "PK_CUE": 0.0, "GLOBALID": "{E43A6911-7B24-4B23-BD44-E265EF444414}", "EJE_VIAL": null, "SHAPE_Leng": 1690.00246915 }, "geometry": { "type": "MultiLineString", "coordinates": [ [ [ -75.970578467730917, 2.574236735186441 ], [ -75.970167984608324, 2.57490810096008 ], [ -75.970699245483956, 2.575439361062066 ], [ -75.972318324677573, 2.575161082210258 ], [ -75.973583230551554, 2.575565851936466 ], [ -75.973785614759265, 2.576147708583699 ], [ -75.97345673962387, 2.577792085828122 ], [ -75.973836211726521, 2.578247451978626 ], [ -75.974165086462392, 2.579765338780745 ], [ -75.973456739311771, 2.579259377004127 ], [ -75.972394219037227, 2.579006395512339 ], [ -75.971230505226885, 2.579891829972042 ], [ -75.970699245508655, 2.581030245140796 ], [ -75.972217131998534, 2.580524282811248 ] ] ] } },
{ "type": "Feature", "properties": { "TIPO_VIA": 7, "ESTADO_SUP": "Sin Valor", "NUMERO_CAR": "Sin Valor", "ACCESIBILI": "Sin Valor", "NOMBRE_GEO": null, "PROYECTO": null, "SYMBOL": "2", "FECHA": null, "RULEID": 7, "PK_CUE": 0.0, "GLOBALID": "{0477ED30-6CF1-4632-808F-4249AD1833D1}", "EJE_VIAL": null, "SHAPE_Leng": 1296.42023533 }, "geometry": { "type": "MultiLineString", "coordinates": [ [ [ -76.006886045156193, 2.584970128702555 ], [ -76.007703033852366, 2.583755773801653 ], [ -76.008845175539051, 2.582542248201944 ], [ -76.009202094596716, 2.581019393953677 ], [ -76.009820754277612, 2.580020020417062 ], [ -76.010820128016547, 2.579663100475976 ], [ -76.012319188847016, 2.579544127920232 ], [ -76.013889632708043, 2.580710063882824 ], [ -76.014532087035278, 2.581066983089969 ], [ -76.014940527771373, 2.580689045816118 ] ] ] } },
{ "type": "Feature", "properties": { "TIPO_VIA": 5, "ESTADO_SUP": "3306", "NUMERO_CAR": "Sin Valor", "ACCESIBILI": "3601", "NOMBRE_GEO": null, "PROYECTO": null, "SYMBOL": "2", "FECHA": null, "RULEID": 5, "PK_CUE": 0.0, "GLOBALID": "{73355445-2CF5-489B-A7BE-E7F04B629D91}", "EJE_VIAL": null, "SHAPE_Leng": 5826.77872028 }, "geometry": { "type": "MultiLineString", "coordinates": [ [ [ -75.971399967767312, 2.634664912410142 ], [ -75.970758184873873, 2.63238016364215 ], [ -75.97143132124404, 2.631660468297308 ], [ -75.971880728318524, 2.630395560738051 ], [ -75.971770703020425, 2.628539569890962 ], [ -75.972307930355953, 2.627774168181793 ], [ -75.972717015102518, 2.626809897856225 ], [ -75.971759931781961, 2.625441972319202 ], [ -75.972278710559209, 2.62496901925793 ], [ -75.971548202389641, 2.62298203855381 ], [ -75.972775455378269, 2.622222310303846 ], [ -75.972044948244744, 2.62041065128841 ], [ -75.973330641560167, 2.619592483166927 ], [ -75.974703995532963, 2.618920415526068 ], [ -75.97441179252381, 2.618189908596169 ], [ -75.975609825168078, 2.617108757387415 ], [ -75.975639045575903, 2.615560081427481 ], [ -75.97625267212247, 2.614771132939796 ], [ -75.97724616167892, 2.612667270967767 ], [ -75.976454922897119, 2.611646751337974 ], [ -75.976720196575954, 2.610271205564228 ], [ -75.976661755608419, 2.608517987909756 ], [ -75.976486434298025, 2.606501787066981 ], [ -75.976223451126998, 2.605858940249214 ], [ -75.974528673362528, 2.605858939610363 ], [ -75.972454032022213, 2.607758259933535 ], [ -75.970671593954322, 2.608868631017001 ], [ -75.969093696954218, 2.609832901470903 ], [ -75.966668411895924, 2.610563408726192 ], [ -75.966288547926098, 2.611615340182799 ], [ -75.965908683982661, 2.61035886728274 ], [ -75.965645701111313, 2.612228966434976 ], [ -75.96719437730701, 2.615180217217941 ] ] ] } },
{ "type": "Feature", "properties": { "TIPO_VIA": 7, "ESTADO_SUP": "Sin Valor", "NUMERO_CAR": "Sin Valor", "ACCESIBILI": "Sin Valor", "NOMBRE_GEO": null, "PROYECTO": null, "SYMBOL": "2", "FECHA": null, "RULEID": 7, "PK_CUE": 6905835.0, "GLOBALID": "{B59355BA-5B09-4018-8B97-A1AAD656E4D1}", "EJE_VIAL": null, "SHAPE_Leng": 4703.5620596099998 }, "geometry": { "type": "MultiLineString", "coordinates": [ [ [ -75.87040915398579, 2.579106439337949 ], [ -75.870122195841347, 2.579452506401947 ], [ -75.869932435655386, 2.58017990839732 ], [ -75.869521285774695, 2.58049617732608 ], [ -75.869078516201682, 2.580970577930372 ], [ -75.8682562249612, 2.58157147940646 ], [ -75.867813453825704, 2.581856119388255 ], [ -75.86699117240164, 2.582045869969941 ], [ -75.865947492317545, 2.58201424861822 ], [ -75.865188459549287, 2.581444968750544 ], [ -75.864808940403847, 2.580907317994501 ], [ -75.86452429963974, 2.580527797906532 ], [ -75.864176409180402, 2.579610636202812 ], [ -75.864366168748631, 2.578978104662073 ], [ -75.864018278799279, 2.578219065194339 ], [ -75.863575508045017, 2.577080512759133 ], [ -75.863543878011441, 2.576194972402565 ], [ -75.862848096719659, 2.575720571801558 ], [ -75.861709545797254, 2.575941962244708 ], [ -75.860982135231538, 2.576289852351378 ], [ -75.860286353592258, 2.576005211715787 ], [ -75.859558942567588, 2.575056420108802 ], [ -75.858926412372227, 2.574423889665661 ], [ -75.857945991370173, 2.573633227919072 ], [ -75.856965568917772, 2.572874187744061 ], [ -75.856269788388303, 2.572494667959575 ], [ -75.855431543164755, 2.572087291073023 ], [ -75.855458106691813, 2.571976617810644 ], [ -75.855291720979864, 2.571111441664204 ], [ -75.854902165618341, 2.569085740598875 ], [ -75.8548945582382, 2.56904618823972 ], [ -75.854503934420663, 2.567744106627905 ], [ -75.854391115251957, 2.567368036022308 ], [ -75.854389596713659, 2.567362979124721 ], [ -75.854218306033232, 2.566792018063168 ], [ -75.854357805399445, 2.566401403852395 ], [ -75.854410914169918, 2.566252715101662 ], [ -75.854752937984031, 2.565295075417415 ], [ -75.854781854574938, 2.56521410073749 ], [ -75.855161321418692, 2.565013202332164 ], [ -75.855869956927975, 2.564638046666551 ], [ -75.856020514769142, 2.564558331162801 ], [ -75.856697897711868, 2.564199722904447 ], [ -75.856893874712824, 2.563905757577828 ], [ -75.857702465791093, 2.562692880075719 ], [ -75.857949135424818, 2.562322873416655 ], [ -75.858066832325903, 2.562146317959908 ], [ -75.858109241567831, 2.562082725951948 ], [ -75.85827582533453, 2.561832842051702 ], [ -75.85917749062672, 2.560818463942416 ], [ -75.859528625133464, 2.559765045912062 ], [ -75.859853742857695, 2.558789699951179 ], [ -75.860304580381197, 2.557437206186503 ], [ -75.860405892416978, 2.557335902633166 ], [ -75.860645195103913, 2.557096590906335 ], [ -75.861047298561601, 2.556850148177347 ], [ -75.861417844658234, 2.556738989998002 ], [ -75.8617513352185, 2.556479602135107 ], [ -75.861980403579452, 2.556287681106479 ], [ -75.862469363766422, 2.555469778808538 ] ] ] } },
{ "type": "Feature", "properties": { "TIPO_VIA": 6, "ESTADO_SUP": "3350", "NUMERO_CAR": "Sin Valor", "ACCESIBILI": "3601", "NOMBRE_GEO": null, "PROYECTO": null, "SYMBOL": "2", "FECHA": null, "RULEID": 6, "PK_CUE": 0.0, "GLOBALID": "{92F1B38B-7A99-4351-AB25-AE2CAB1D6DCC}", "EJE_VIAL": null, "SHAPE_Leng": 2746.1734234300002 }, "geometry": { "type": "MultiLineString", "coordinates": [ [ [ -75.898770988583209, 2.575265036402932 ], [ -75.898990036460276, 2.573354391656371 ], [ -75.899306426949494, 2.572689972280242 ], [ -75.899084953576704, 2.571867359363838 ], [ -75.899559538109131, 2.570127214817922 ], [ -75.899812650002033, 2.569209684434524 ], [ -75.899591177686418, 2.567880846293447 ], [ -75.900508951757018, 2.56592345707277 ], [ -75.902438686588468, 2.565507922874747 ], [ -75.904558498810076, 2.564843503619208 ], [ -75.90525455640514, 2.56373613957635 ], [ -75.905507667972557, 2.56171124449706 ], [ -75.906615032706583, 2.561394854547314 ], [ -75.907532562797059, 2.560160933775229 ], [ -75.908924678931697, 2.559433237065959 ], [ -75.910190238150747, 2.558895374764504 ], [ -75.91196202175658, 2.559243403196212 ] ] ] } },
{ "type": "Feature", "properties": { "TIPO_VIA": 6, "ESTADO_SUP": "3350", "NUMERO_CAR": "Sin Valor", "ACCESIBILI": "3601", "NOMBRE_GEO": null, "PROYECTO": null, "SYMBOL": "2", "FECHA": null, "RULEID": 6, "PK_CUE": 0.0, "GLOBALID": "{C291719D-867F-476F-B314-396C3E577D00}", "EJE_VIAL": null, "SHAPE_Leng": 1863.5705170900001 }, "geometry": { "type": "MultiLineString", "coordinates": [ [ [ -75.900158211345584, 2.566671499439472 ], [ -75.899464621407901, 2.565413005525079 ], [ -75.898388895718412, 2.564052529250736 ], [ -75.897597921065937, 2.562407301740202 ], [ -75.896901863552415, 2.560540601424574 ], [ -75.89693350245058, 2.558832096379831 ], [ -75.896522195544492, 2.557819648864058 ], [ -75.895319914537197, 2.557218507891506 ], [ -75.89380124264305, 2.556775562667088 ], [ -75.893010268488197, 2.556775562009044 ], [ -75.891238484808071, 2.556079504377462 ], [ -75.890036203776518, 2.555383446526405 ] ] ] } },
{ "type": "Feature", "properties": { "TIPO_VIA": 4, "ESTADO_SUP": "3306", "NUMERO_CAR": "3502", "ACCESIBILI": "3600", "NOMBRE_GEO": null, "PROYECTO": null, "SYMBOL": "2", "FECHA": null, "RULEID": 4, "PK_CUE": 2056057.0, "GLOBALID": "{3E0C59E6-EE88-4578-A93E-334503CC7228}", "EJE_VIAL": null, "SHAPE_Leng": 6272.95992131 }, "geometry": { "type": "MultiLineString", "coordinates": [ [ [ -75.833871957551565, 2.547081748855511 ], [ -75.833926061971695, 2.547143067221657 ], [ -75.834021240661016, 2.547295352912153 ], [ -75.834087865705854, 2.547438120627851 ], [ -75.834144972628366, 2.547542817186249 ], [ -75.8341602590706, 2.547713435767071 ] ] ] } },
{ "type": "Feature", "properties": { "TIPO_VIA": 3, "ESTADO_SUP": "3301", "NUMERO_CAR": "3502", "ACCESIBILI": "3600", "NOMBRE_GEO": null, "PROYECTO": null, "SYMBOL": "2", "FECHA": null, "RULEID": 3, "PK_CUE": 6905836.0, "GLOBALID": "{373B84AB-2FC0-496D-828B-B44F836C7DF6}", "EJE_VIAL": null, "SHAPE_Leng": 238.52785330500001 }, "geometry": { "type": "MultiLineString", "coordinates": [ [ [ -75.872401697380099, 2.579113409924423 ], [ -75.872331706704117, 2.579092312820007 ], [ -75.871903404549357, 2.578935268330536 ], [ -75.871689252853514, 2.578863885271261 ], [ -75.871375163448235, 2.578763947658942 ], [ -75.871061075009152, 2.578778224040063 ], [ -75.87074698606817, 2.57884960833606 ], [ -75.87040915398579, 2.579106439337949 ] ] ] } },
{ "type": "Feature", "properties": { "TIPO_VIA": 3, "ESTADO_SUP": "3301", "NUMERO_CAR": "3502", "ACCESIBILI": "3600", "NOMBRE_GEO": null, "PROYECTO": null, "SYMBOL": "2", "FECHA": null, "RULEID": 3, "PK_CUE": 6905837.0, "GLOBALID": "{AA90D393-D390-4FC9-B7E7-A72FED0CBE6D}", "EJE_VIAL": null, "SHAPE_Leng": 444.755737576 }, "geometry": { "type": "MultiLineString", "coordinates": [ [ [ -75.829194894821356, 2.577526845824011 ], [ -75.828948480746064, 2.57731123673551 ], [ -75.82888368564312, 2.577635232149573 ], [ -75.828241924656638, 2.577760009381562 ], [ -75.827507495321342, 2.578221651005828 ], [ -75.828178973997368, 2.578641325378348 ], [ -75.828934386693589, 2.578410503874718 ], [ -75.829073095909607, 2.578610667892089 ] ] ] } },
{ "type": "Feature", "properties": { "TIPO_VIA": 5, "ESTADO_SUP": "3306", "NUMERO_CAR": "Sin Valor", "ACCESIBILI": "3601", "NOMBRE_GEO": null, "PROYECTO": null, "SYMBOL": "2", "FECHA": null, "RULEID": 5, "PK_CUE": 6905857.0, "GLOBALID": "{F734BD9E-DA35-4571-AA56-CC5757E11404}", "EJE_VIAL": null, "SHAPE_Leng": 2150.4593765999998 }, "geometry": { "type": "MultiLineString", "coordinates": [ [ [ -75.96175971228179, 2.522881220810953 ], [ -75.961695817661536, 2.522945115435825 ], [ -75.961465355824757, 2.523124365199638 ], [ -75.961439753713691, 2.523559670418891 ], [ -75.961465356237341, 2.524199836555041 ], [ -75.961490967266684, 2.525685021233793 ], [ -75.961516568924992, 2.526811715417701 ], [ -75.961516569162484, 2.527759158905804 ], [ -75.961132475843613, 2.528552964912442 ], [ -75.960620337166119, 2.529065093940204 ], [ -75.960108207765316, 2.529372372193014 ], [ -75.959647290813891, 2.529295556586801 ], [ -75.959903355986199, 2.528527354370119 ], [ -75.960185031874488, 2.527938408729622 ], [ -75.959519253934943, 2.527426270953856 ], [ -75.958955912011703, 2.527272631820003 ], [ -75.959007125251105, 2.526632465383447 ], [ -75.958904699399554, 2.525685021185749 ], [ -75.95869984709978, 2.524327873751055 ], [ -75.958674235571493, 2.523559669738801 ], [ -75.958648633700165, 2.522740262551394 ], [ -75.958494995296036, 2.521818421059312 ], [ -75.958008467646479, 2.521459930364266 ], [ -75.957470726616918, 2.52153675375793 ], [ -75.957328928101617, 2.521905315205703 ] ] ] } },
{ "type": "Feature", "properties": { "TIPO_VIA": 3, "ESTADO_SUP": "3301", "NUMERO_CAR": "3502", "ACCESIBILI": "3600", "NOMBRE_GEO": null, "PROYECTO": null, "SYMBOL": "2", "FECHA": null, "RULEID": 3, "PK_CUE": 2056614.0, "GLOBALID": "{1784489A-21E3-42FF-9FC4-070B864FA740}", "EJE_VIAL": null, "SHAPE_Leng": 1018.7342038 }, "geometry": { "type": "MultiLineString", "coordinates": [ [ [ -75.957328928101617, 2.521905315205703 ], [ -75.957014272442592, 2.522562682495385 ], [ -75.957537754281944, 2.525774954873798 ], [ -75.957894672869585, 2.528558924485885 ], [ -75.955520817421018, 2.528930607028022 ] ] ] } },
{ "type": "Feature", "properties": { "TIPO_VIA": 5, "ESTADO_SUP": "3306", "NUMERO_CAR": "Sin Valor", "ACCESIBILI": "3601", "NOMBRE_GEO": null, "PROYECTO": null, "SYMBOL": "2", "FECHA": null, "RULEID": 5, "PK_CUE": 2136198.0, "GLOBALID": "{DEE35BF2-7C58-40B9-BC42-6715F94635D7}", "EJE_VIAL": null, "SHAPE_Leng": 3355.7541733600001 }, "geometry": { "type": "MultiLineString", "coordinates": [ [ [ -75.800082018507823, 2.665264511161646 ], [ -75.800493302856438, 2.665577830013498 ], [ -75.800455231013089, 2.66592047253469 ], [ -75.800455231123749, 2.666110829414338 ], [ -75.800778838046014, 2.666263114535387 ], [ -75.801311836905086, 2.666396364873258 ], [ -75.802054228921349, 2.666282150174009 ], [ -75.802701442407596, 2.666148900893633 ], [ -75.803386727091791, 2.666244078859925 ], [ -75.803874516653465, 2.66617983318713 ], [ -75.804445587508155, 2.666072758166495 ], [ -75.805088042219779, 2.665965682098741 ], [ -75.805480653159876, 2.66589429838452 ], [ -75.805694803988004, 2.665537379233311 ], [ -75.806016031379087, 2.66525184391061 ], [ -75.806444334279291, 2.66500200028334 ], [ -75.806979713413455, 2.664609388895693 ], [ -75.807300940140493, 2.664252469712317 ], [ -75.807764935498739, 2.663824167462388 ], [ -75.808478773654087, 2.663538632002551 ], [ -75.809263995780384, 2.663181712443663 ], [ -75.809692298492891, 2.663110328990571 ], [ -75.809906450011326, 2.663288788571275 ], [ -75.810299061570319, 2.663538632084415 ], [ -75.81076305606372, 2.663788475125024 ], [ -75.811012899881561, 2.664216778097902 ], [ -75.811155667085345, 2.664680772700223 ], [ -75.811441203106654, 2.664930616865965 ], [ -75.811619661802467, 2.664859232754279 ], [ -75.811619662512641, 2.664573697449805 ], [ -75.811583970324151, 2.664359545653248 ], [ -75.811512586320333, 2.664002626751983 ], [ -75.811476894961515, 2.663717091076361 ], [ -75.811369818663749, 2.663253096878901 ], [ -75.811334127178029, 2.662789101526648 ], [ -75.810727363986658, 2.662325106992632 ], [ -75.810334753110922, 2.662039571341253 ], [ -75.809727990411957, 2.661646960364592 ], [ -75.809299687810068, 2.661075889361115 ], [ -75.80904984459427, 2.66043343546675 ], [ -75.808692924828733, 2.659576829393049 ], [ -75.808550157757765, 2.658970066636545 ], [ -75.808550157376033, 2.658149152223526 ], [ -75.808621541459928, 2.657435314166756 ], [ -75.808871384817039, 2.657114086853099 ], [ -75.808728617046171, 2.6565787079019 ], [ -75.80862154122066, 2.656293172616711 ], [ -75.808871384606974, 2.655829178443466 ], [ -75.808942769059598, 2.65550795086724 ], [ -75.808728617194262, 2.655079648195546 ], [ -75.808514465853264, 2.654865496495932 ], [ -75.808300314401791, 2.65443719346943 ], [ -75.808050470776593, 2.653937506356603 ], [ -75.807836319314916, 2.65347351177321 ], [ -75.807907703065979, 2.653223668171966 ], [ -75.808121854150158, 2.652795365751004 ], [ -75.808193238370592, 2.652402754139704 ], [ -75.808193238404286, 2.652117218856846 ], [ -75.808157546145196, 2.651953036377293 ], [ -75.808124233868199, 2.651824545000273 ], [ -75.808033814132486, 2.651767437821688 ], [ -75.807914841542114, 2.651791232817969 ], [ -75.807819663379888, 2.652048214263564 ], [ -75.807776833008916, 2.65223381242485 ], [ -75.807667377389635, 2.652409892736232 ], [ -75.807562681189665, 2.652524107029055 ], [ -75.807327557807682, 2.652661881265317 ] ] ] } },
{ "type": "Feature", "properties": { "TIPO_VIA": 5, "ESTADO_SUP": "3306", "NUMERO_CAR": "Sin Valor", "ACCESIBILI": "3601", "NOMBRE_GEO": null, "PROYECTO": null, "SYMBOL": "2", "FECHA": null, "RULEID": 5, "PK_CUE": 2136195.0, "GLOBALID": "{B5A57808-1306-4A64-B39B-7DCCAF4F5283}", "EJE_VIAL": null, "SHAPE_Leng": 1674.59452461 }, "geometry": { "type": "MultiLineString", "coordinates": [ [ [ -75.831543534456443, 2.479222798918818 ], [ -75.831073344174953, 2.479808024762727 ], [ -75.830121560032723, 2.479748537711318 ], [ -75.829467207684814, 2.480283916625817 ], [ -75.828604653456154, 2.480849038658941 ], [ -75.827325693304388, 2.480968011895996 ], [ -75.826701084029636, 2.481057241657968 ], [ -75.826195449000835, 2.481265444025019 ], [ -75.82577904302083, 2.481830566300312 ], [ -75.825779043001091, 2.482098256127067 ], [ -75.825838529986925, 2.482246971849154 ], [ -75.825600583902784, 2.482455174834544 ], [ -75.825332893923303, 2.48224697238444 ], [ -75.825273408104394, 2.481652106966671 ], [ -75.825243664437579, 2.481205957995383 ], [ -75.825035462035615, 2.481086985071298 ], [ -75.824827259110393, 2.481324930631405 ], [ -75.824797516024574, 2.481741336705778 ], [ -75.824797515719467, 2.482098256175556 ], [ -75.824589312936013, 2.482544404232077 ], [ -75.824321623666933, 2.482990553734677 ], [ -75.824172906751912, 2.483466445984778 ], [ -75.823667271503979, 2.483853107877884 ], [ -75.823369839246936, 2.484091054184898 ], [ -75.823310352360281, 2.484329000622775 ], [ -75.823340095714244, 2.484596689429908 ], [ -75.823369838825627, 2.484834635650877 ], [ -75.823786244727529, 2.484804892464643 ], [ -75.823875474397141, 2.484537202832321 ], [ -75.824143163811357, 2.484358744001198 ], [ -75.824351366811186, 2.484447973114494 ], [ -75.824256840905406, 2.484794346902522 ] ] ] } },
{ "type": "Feature", "properties": { "TIPO_VIA": 7, "ESTADO_SUP": "Sin Valor", "NUMERO_CAR": "Sin Valor", "ACCESIBILI": "Sin Valor", "NOMBRE_GEO": null, "PROYECTO": null, "SYMBOL": "2", "FECHA": null, "RULEID": 7, "PK_CUE": 2136258.0, "GLOBALID": "{EA944631-B966-4EC4-9092-E8A267B0B1A4}", "EJE_VIAL": null, "SHAPE_Leng": 1353.4374337700001 }, "geometry": { "type": "MultiLineString", "coordinates": [ [ [ -75.824256840905406, 2.484794346902522 ], [ -75.824410853199268, 2.485221298671564 ], [ -75.824738029165658, 2.485132068534362 ], [ -75.825124691538221, 2.485042838713441 ], [ -75.82557084037434, 2.485251041549715 ], [ -75.82604673224742, 2.485578217840676 ], [ -75.826284678633215, 2.485935137016209 ], [ -75.82687954409802, 2.485905393259161 ], [ -75.8268795442997, 2.485340271655937 ], [ -75.827087746469033, 2.484715662446997 ], [ -75.827147233320829, 2.484477716595009 ], [ -75.82750415245728, 2.484061311074389 ], [ -75.827563639396445, 2.483406959071659 ], [ -75.827712355192915, 2.48275260765306 ], [ -75.82800978839893, 2.48245517487586 ], [ -75.828396450583725, 2.482931067017235 ], [ -75.828902085851553, 2.483020296810547 ], [ -75.829169775142844, 2.483109526209067 ], [ -75.829348234355734, 2.483406959301591 ], [ -75.829318491334178, 2.483734134830148 ], [ -75.829050801941776, 2.484031568001802 ], [ -75.828753369618141, 2.484477716928204 ], [ -75.828574910331312, 2.484953608847999 ], [ -75.828426193840599, 2.485340270941257 ], [ -75.827980044939821, 2.486470515252345 ] ] ] } },
{ "type": "Feature", "properties": { "TIPO_VIA": 5, "ESTADO_SUP": "3306", "NUMERO_CAR": "Sin Valor", "ACCESIBILI": "3601", "NOMBRE_GEO": null, "PROYECTO": null, "SYMBOL": "2", "FECHA": null, "RULEID": 5, "PK_CUE": 5427895.0, "GLOBALID": "{73F068B4-3139-4087-B2BB-3C5670B357CF}", "EJE_VIAL": null, "SHAPE_Leng": 2062.2585633899998 }, "geometry": { "type": "MultiLineString", "coordinates": [ [ [ -75.875465976725636, 2.44729123897445 ], [ -75.875692793087538, 2.446132495042296 ], [ -75.876121096332483, 2.445168812674357 ], [ -75.877013394239668, 2.444847586194128 ], [ -75.877762924190648, 2.444811894256563 ], [ -75.87865522219451, 2.444704817808512 ], [ -75.87904783342546, 2.444419283057776 ], [ -75.878869373979811, 2.443883904391783 ], [ -75.878441070825033, 2.44320575762131 ], [ -75.877477389253258, 2.441278393934592 ], [ -75.877548772994501, 2.440279020749537 ], [ -75.877977075902166, 2.439351030544473 ], [ -75.87844107055993, 2.439065495883193 ], [ -75.879261985083289, 2.43895841994227 ], [ -75.879975822797746, 2.438851343712527 ], [ -75.881332115944289, 2.438101814041184 ], [ -75.882724100508028, 2.436923980926874 ], [ -75.884687155734454, 2.435817531694074 ] ] ] } },
{ "type": "Feature", "properties": { "TIPO_VIA": 7, "ESTADO_SUP": "Sin Valor", "NUMERO_CAR": "Sin Valor", "ACCESIBILI": "Sin Valor", "NOMBRE_GEO": null, "PROYECTO": null, "SYMBOL": "2", "FECHA": null, "RULEID": 7, "PK_CUE": 5427897.0, "GLOBALID": "{F6E89328-394B-4217-9D99-8F9E3D4A7474}", "EJE_VIAL": null, "SHAPE_Leng": 1191.7823965800001 }, "geometry": { "type": "MultiLineString", "coordinates": [ [ [ -75.877977075902166, 2.439351030544473 ], [ -75.877762924794851, 2.437923354491393 ], [ -75.878226919174068, 2.436495677248197 ], [ -75.878441070849306, 2.43542492015563 ], [ -75.878762298149198, 2.434568314285765 ], [ -75.879261985245904, 2.434140011146426 ], [ -75.880189974671595, 2.433604632135316 ], [ -75.88133211552686, 2.432855102406874 ], [ -75.881974570183814, 2.432284031306631 ], [ -75.883223787594048, 2.43092773860187 ] ] ] } },
{ "type": "Feature", "properties": { "TIPO_VIA": 7, "ESTADO_SUP": "Sin Valor", "NUMERO_CAR": "Sin Valor", "ACCESIBILI": "Sin Valor", "NOMBRE_GEO": null, "PROYECTO": null, "SYMBOL": "2", "FECHA": null, "RULEID": 7, "PK_CUE": 5427898.0, "GLOBALID": "{64EA10E2-B137-46D2-8A29-61BE6869D5C6}", "EJE_VIAL": null, "SHAPE_Leng": 1159.7430567 }, "geometry": { "type": "MultiLineString", "coordinates": [ [ [ -75.877477389253258, 2.441278393934592 ], [ -75.876478015076145, 2.440707323705126 ], [ -75.87612109605972, 2.439886409974983 ], [ -75.875906945152508, 2.438208889559435 ], [ -75.875871252607027, 2.436781212943775 ], [ -75.875728485068308, 2.435639072030699 ], [ -75.875014647217355, 2.434104319264456 ], [ -75.874229424401776, 2.433140638032722 ], [ -75.873752944245567, 2.432018378682014 ] ] ] } },
{ "type": "Feature", "properties": { "TIPO_VIA": 7, "ESTADO_SUP": "Sin Valor", "NUMERO_CAR": "Sin Valor", "ACCESIBILI": "Sin Valor", "NOMBRE_GEO": null, "PROYECTO": null, "SYMBOL": "2", "FECHA": null, "RULEID": 7, "PK_CUE": 5427896.0, "GLOBALID": "{F9256386-9FA1-4218-95D3-6779A2EDE512}", "EJE_VIAL": null, "SHAPE_Leng": 902.28477233800004 }, "geometry": { "type": "MultiLineString", "coordinates": [ [ [ -75.87904783342546, 2.444419283057776 ], [ -75.880047206544518, 2.444990353104918 ], [ -75.880582585913643, 2.445418656174205 ], [ -75.881260732245622, 2.445525731787619 ], [ -75.882045954153867, 2.444990353201281 ], [ -75.882153029644797, 2.444633434368485 ], [ -75.882831176380947, 2.44420513097058 ], [ -75.883580706752497, 2.444312207185875 ], [ -75.884258852666321, 2.444419282553494 ], [ -75.885008383286902, 2.444240823620508 ], [ -75.88554376210206, 2.443812520477799 ], [ -75.886114832891892, 2.443812520592533 ] ] ] } },
{ "type": "Feature", "properties": { "TIPO_VIA": 4, "ESTADO_SUP": "3306", "NUMERO_CAR": "3502", "ACCESIBILI": "3600", "NOMBRE_GEO": null, "PROYECTO": null, "SYMBOL": "2", "FECHA": null, "RULEID": 4, "PK_CUE": 2056123.0, "GLOBALID": "{F7F3EDBB-67CA-4BD8-871D-E8ED845C4B01}", "EJE_VIAL": null, "SHAPE_Leng": 4234.4786317099997 }, "geometry": { "type": "MultiLineString", "coordinates": [ [ [ -75.95936815815935, 2.572076304154477 ], [ -75.959492681838427, 2.572153792986568 ], [ -75.959640952699701, 2.572199724877706 ], [ -75.959649300550197, 2.57263382621985 ], [ -75.959649300875611, 2.573122325350812 ], [ -75.95949899316291, 2.573779919757745 ], [ -75.959762031447227, 2.57439993790349 ], [ -75.960523328296333, 2.574657567620683 ], [ -75.960687360481785, 2.574765725749787 ], [ -75.960194164889359, 2.575320570914336 ], [ -75.959517781688291, 2.576090896503549 ], [ -75.958897763542964, 2.576598183621576 ], [ -75.958352899363177, 2.577199413104359 ], [ -75.957620150498002, 2.57776306633159 ], [ -75.957723225568046, 2.578079187677575 ], [ -75.957765051035281, 2.578099813760595 ], [ -75.957851783627405, 2.578142572690165 ], [ -75.957982721548703, 2.57820712623349 ], [ -75.958242371386717, 2.578150838377932 ], [ -75.958440180051952, 2.578122190672708 ], [ -75.958738142013175, 2.577951222932754 ], [ -75.958982618854833, 2.57787187493255 ], [ -75.958989948837328, 2.577869495089979 ], [ -75.959416998855602, 2.577864212177766 ], [ -75.959821690299634, 2.577731199372703 ], [ -75.960019607191285, 2.577581610609322 ], [ -75.960228437887011, 2.577478502869968 ], [ -75.960371513076822, 2.577407859358128 ], [ -75.960744762780536, 2.577235256719458 ], [ -75.961095437630036, 2.577183011127969 ], [ -75.961106297559567, 2.577181296403148 ], [ -75.961603296294797, 2.576842433275416 ], [ -75.962285912885719, 2.576768680884159 ], [ -75.961941488684076, 2.577312143371385 ], [ -75.961734815965059, 2.57802610388634 ], [ -75.961678450210897, 2.578965524856547 ], [ -75.961933377689434, 2.579332202684661 ], [ -75.961927457672047, 2.579355470227322 ], [ -75.962239918624093, 2.579304876872457 ], [ -75.962469330676399, 2.57913497834179 ], [ -75.962606592850321, 2.57894803912285 ], [ -75.962661875723299, 2.57880246736868 ], [ -75.962683184201566, 2.578746358123204 ], [ -75.962782240782786, 2.578557694384108 ], [ -75.963132978930517, 2.578435936258971 ], [ -75.96338497464491, 2.578129295801755 ], [ -75.963490931380989, 2.577751887016719 ], [ -75.963620314785999, 2.577588115272999 ], [ -75.96368069054806, 2.577542237604906 ], [ -75.964025149928219, 2.577280478129516 ], [ -75.964147805740168, 2.577091265875695 ], [ -75.964285085771522, 2.576882290836763 ], [ -75.964437341595158, 2.576872975255554 ], [ -75.964658220118309, 2.57685944695552 ], [ -75.965093399614062, 2.576548440785983 ], [ -75.965243715175944, 2.576424338562159 ], [ -75.965299203617406, 2.576378515777386 ], [ -75.965420710357847, 2.576218705357546 ], [ -75.965559157682932, 2.575962820177502 ], [ -75.96558855958547, 2.575746963823881 ], [ -75.965634859007281, 2.575487055367517 ], [ -75.965665410579533, 2.575237861997199 ], [ -75.965711673771324, 2.575020900557913 ], [ -75.965879406692139, 2.574683672853398 ], [ -75.966077242549133, 2.574629577444404 ], [ -75.966435814836089, 2.574543993998716 ], [ -75.966848410889128, 2.574363514421297 ], [ -75.967395880242819, 2.574379781869894 ], [ -75.967436152261143, 2.574380977371335 ], [ -75.967640086948748, 2.57439772191446 ], [ -75.96776315677802, 2.574407819023253 ], [ -75.968015959615812, 2.574478102953647 ], [ -75.968078896111749, 2.574515958241864 ], [ -75.968305756763939, 2.574652411888215 ], [ -75.968572044639416, 2.574721007254109 ], [ -75.968701428787966, 2.574543680039394 ], [ -75.969014986119717, 2.574533213553266 ], [ -75.969335171791997, 2.574655555932003 ], [ -75.969564368534392, 2.574724689874984 ], [ -75.969900508757647, 2.574590481976905 ], [ -75.970106276622047, 2.574453335715442 ], [ -75.970364874899403, 2.574319622313371 ], [ -75.970578467730917, 2.574236735186441 ], [ -75.970709487196217, 2.574152921739943 ], [ -75.970730695895057, 2.574152410154551 ], [ -75.971094424069477, 2.574131208991052 ], [ -75.971586448731259, 2.574196194091348 ], [ -75.972335231173176, 2.574239879389905 ], [ -75.972955625530986, 2.574304971277759 ], [ -75.973243931313803, 2.574382557755628 ], [ -75.973576783971183, 2.574472137669392 ], [ -75.973918178856351, 2.574564009448587 ], [ -75.974944702362222, 2.575059797695939 ], [ -75.975167609542709, 2.575148093058522 ], [ -75.975543555065414, 2.575297007239597 ], [ -75.975823488254051, 2.575398633108274 ], [ -75.976077450760371, 2.575490827636782 ], [ -75.976078259398548, 2.575491124007764 ], [ -75.97665572330537, 2.57572831501204 ], [ -75.977211726533426, 2.576030032116046 ], [ -75.977703535661206, 2.57635321873658 ], [ -75.978045407708549, 2.576869921074084 ], [ -75.978151983658336, 2.577343386944924 ], [ -75.978279976067938, 2.577773842347801 ], [ -75.978557761693565, 2.578182907944377 ], [ -75.978707233233493, 2.57852731304257 ], [ -75.978942186653669, 2.578979372111788 ] ] ] } },
{ "type": "Feature", "properties": { "TIPO_VIA": 4, "ESTADO_SUP": "3306", "NUMERO_CAR": "3502", "ACCESIBILI": "3600", "NOMBRE_GEO": null, "PROYECTO": null, "SYMBOL": "2", "FECHA": null, "RULEID": 4, "PK_CUE": 2055658.0, "GLOBALID": "{6F69CFFC-123B-4A71-BA25-13A925B1D0DE}", "EJE_VIAL": "Inza - Principal La Plata - Paez Belalcazar", "SHAPE_Leng": 16851.272076699999 }, "geometry": { "type": "MultiLineString", "coordinates": [ [ [ -75.974014219777956, 2.562983595718886 ], [ -75.974001499245489, 2.563065358034751 ], [ -75.972796898710911, 2.563923636585641 ], [ -75.972704537422317, 2.564146030574905 ], [ -75.972685206126641, 2.564182241660312 ], [ -75.972059529411965, 2.565354426640071 ], [ -75.970985386707511, 2.56634655269534 ], [ -75.970211470249751, 2.567684369142636 ], [ -75.969695100349213, 2.56906557358916 ], [ -75.969073252353922, 2.569942036398161 ] ] ] } },
{ "type": "Feature", "properties": { "TIPO_VIA": 4, "ESTADO_SUP": "3306", "NUMERO_CAR": "3502", "ACCESIBILI": "3600", "NOMBRE_GEO": null, "PROYECTO": null, "SYMBOL": "2", "FECHA": null, "RULEID": 4, "PK_CUE": 2056051.0, "GLOBALID": "{992DC30A-587F-4C18-AD25-144B170627C3}", "EJE_VIAL": null, "SHAPE_Leng": 6328.4138831399996 }, "geometry": { "type": "MultiLineString", "coordinates": [ [ [ -75.969590914298962, 2.64294840329802 ], [ -75.96820299000359, 2.643877109276757 ], [ -75.968061909016001, 2.643971522068716 ], [ -75.967039977181514, 2.644997389168993 ], [ -75.966413374866562, 2.645626398186767 ], [ -75.964765416297482, 2.64666013413482 ], [ -75.962808336768958, 2.648004157845916 ], [ -75.962613195526785, 2.648146612892055 ], [ -75.961966210885421, 2.648618910730235 ], [ -75.961675265255792, 2.648831308410018 ], [ -75.960776838482161, 2.649927896478433 ], [ -75.959186354566938, 2.650988219242348 ], [ -75.956422510032283, 2.651932193956715 ], [ -75.954156787677036, 2.653068876692291 ], [ -75.953920243576107, 2.65319546769148 ], [ -75.952611920160393, 2.653895641560486 ], [ -75.951377849639627, 2.653894510330507 ], [ -75.951376646149157, 2.653894509604279 ], [ -75.950140798234088, 2.654514509342472 ], [ -75.949405274582901, 2.654760314677937 ], [ -75.948905120069256, 2.654927465019426 ], [ -75.947875066807995, 2.655651174080244 ], [ -75.946948320424298, 2.655960886407093 ], [ -75.94550667653111, 2.656477165901336 ], [ -75.945396561199487, 2.65647706662574 ], [ -75.944065509637483, 2.656475837158105 ], [ -75.942933164843438, 2.656474795371852 ], [ -75.941697505553861, 2.656887741341798 ], [ -75.941262991167065, 2.657062059354085 ], [ -75.940667721989144, 2.657300867298546 ], [ -75.940128686542948, 2.657769793966588 ], [ -75.93909913499742, 2.658027582135896 ], [ -75.938568973432183, 2.658763916440095 ], [ -75.938244986543737, 2.659853692926651 ], [ -75.937597011208624, 2.660324947084282 ], [ -75.936206337733807, 2.660470636199934 ], [ -75.935205765292224, 2.660348742002385 ], [ -75.934048805493561, 2.65980125168857 ], [ -75.932873894261419, 2.659682492410845 ], [ -75.932279028517129, 2.659825260595053 ], [ -75.932011231678416, 2.660855319691982 ], [ -75.931556899973202, 2.661278786827368 ], [ -75.931502310162628, 2.661329685967154 ], [ -75.931193011356228, 2.661846989698528 ], [ -75.930162166838429, 2.663398847380429 ], [ -75.929955618269474, 2.664123303242617 ], [ -75.929851808233494, 2.665054890703216 ], [ -75.929438898133128, 2.666296749385447 ], [ -75.928923525371772, 2.66702091690265 ], [ -75.928274605839533, 2.667672269134419 ], [ -75.927916212370306, 2.668558224852755 ], [ -75.927547041779675, 2.669132491387959 ], [ -75.927571648689678, 2.669801035234233 ], [ -75.927700922743753, 2.670366781951665 ], [ -75.92778771298579, 2.670746608051584 ], [ -75.928299717155895, 2.671992957688297 ], [ -75.928179342909942, 2.671940846084873 ] ] ] } },
{ "type": "Feature", "properties": { "TIPO_VIA": 7, "ESTADO_SUP": "Sin Valor", "NUMERO_CAR": "Sin Valor", "ACCESIBILI": "Sin Valor", "NOMBRE_GEO": null, "PROYECTO": null, "SYMBOL": "2", "FECHA": null, "RULEID": 7, "PK_CUE": 2056817.0, "GLOBALID": "{0DA6334E-3F5C-4F54-938D-D0276086DB37}", "EJE_VIAL": null, "SHAPE_Leng": 3000.2139445799999 }, "geometry": { "type": "MultiLineString", "coordinates": [ [ [ -76.066063910807074, 2.677082336198691 ], [ -76.066593863620113, 2.676086392429292 ], [ -76.067507575932666, 2.675343996882789 ], [ -76.06824997089501, 2.67425896685237 ], [ -76.069449222292647, 2.672659965954358 ], [ -76.070077396357348, 2.67140361843632 ], [ -76.070705577539599, 2.670033039873576 ], [ -76.070762683976085, 2.669176433974097 ], [ -76.071219540860881, 2.668719577736899 ], [ -76.072076147093554, 2.668205614942057 ], [ -76.072108084037339, 2.668194343010339 ] ], [ [ -76.07254581277212, 2.668039849567141 ], [ -76.073046964849368, 2.667862971277403 ], [ -76.073675138754936, 2.66717769054951 ], [ -76.074087842626042, 2.666796733570084 ], [ -76.074417533700611, 2.666492401646103 ], [ -76.075274139659399, 2.666263978906197 ], [ -76.076473390936542, 2.666206872872146 ], [ -76.077729747975653, 2.666378190724807 ], [ -76.078757671608898, 2.666149767419579 ], [ -76.079512474771306, 2.666049120730047 ] ], [ [ -76.07978057614487, 2.666099507084148 ], [ -76.080356674074551, 2.666321084935486 ], [ -76.080441630830151, 2.66632108494404 ] ], [ [ -76.081898688663799, 2.666092636263489 ], [ -76.08332623407172, 2.665921334365124 ], [ -76.085553409693091, 2.665464477645046 ], [ -76.086410015816057, 2.664836303700489 ], [ -76.086981093226584, 2.66466497820399 ], [ -76.086985171273582, 2.664666693194482 ] ] ] } },
{ "type": "Feature", "properties": { "TIPO_VIA": 7, "ESTADO_SUP": "Sin Valor", "NUMERO_CAR": "Sin Valor", "ACCESIBILI": "Sin Valor", "NOMBRE_GEO": null, "PROYECTO": null, "SYMBOL": "2", "FECHA": null, "RULEID": 7, "PK_CUE": 2086457.0, "GLOBALID": "{D0B6FD09-2664-411A-AE4E-A1E8B19286A5}", "EJE_VIAL": null, "SHAPE_Leng": 1728.7500974 }, "geometry": { "type": "MultiLineString", "coordinates": [ [ [ -76.084945528850128, 2.696531139877797 ], [ -76.083925860020074, 2.696582120364239 ], [ -76.083126358789301, 2.696810542777173 ], [ -76.082669502807448, 2.697153187601073 ], [ -76.081870001672129, 2.697210293759951 ], [ -76.081241829264727, 2.697210293547399 ], [ -76.080556539934577, 2.696867648557421 ], [ -76.079584539714205, 2.696247245081786 ], [ -76.078759428815403, 2.696061595015611 ], [ -76.07937826142954, 2.695422134117495 ], [ -76.078800684077422, 2.694432001586466 ], [ -76.077088579558605, 2.694143212921604 ], [ -76.078615034121611, 2.692658013828958 ], [ -76.078388129425363, 2.691379092119955 ], [ -76.077748668112832, 2.68974949951636 ] ] ] } }
]
}
